territory_id,name,region,mo_type,oktmo,type_main,macro_type,type_2023-12,type_2024-01,type_2024-02,type_2024-03,type_2024-04,type_2024-05,type_2024-06,type_2024-07,type_2024-08,type_2024-09,type_2024-10,type_2024-11,type_2024-12,confidence_2023,confidence_2024,significant_move
1,Майкоп,Республика Адыгея,городской округ,79-701-000-000,0,3,0,0,0,0,0,0,0,0,0,0,0,0,0,0.15805833698488178,0.25820790186439196,False
2,Адыгейск,Республика Адыгея,городской округ,79-703-000-000,1,0,0,1,1,1,1,4,1,1,1,1,1,1,1,0.011802755187498912,0.20718035552417005,False
3,Гиагинский,Республика Адыгея,муниципальный район,79-605-000-000,1,0,5,1,1,1,1,5,1,1,1,1,1,1,1,0.23246875787844043,0.2429800114872917,True
4,Кошехабльский,Республика Адыгея,муниципальный район,79-615-000-000,5,0,4,5,5,1,1,1,4,1,1,1,1,1,1,0.08391213930902276,0.11316140578394213,False
5,Красногвардейский,Республика Адыгея,муниципальный район,79-618-000-000,5,0,5,5,5,4,4,4,4,4,4,4,4,4,4,0.26176245876702076,0.09604941558586362,False
6,Майкопский,Республика Адыгея,муниципальный район,79-622-000-000,0,3,0,0,0,0,0,0,0,0,0,0,0,0,0,0.06296293376444972,0.11363207112861887,False
7,Тахтамукайский,Республика Адыгея,муниципальный район,79-630-000-000,0,3,4,0,0,0,0,3,3,3,3,3,3,3,3,0.006590068043689336,0.03809711509345196,False
8,Теучежский,Республика Адыгея,муниципальный район,79-633-000-000,4,3,4,4,0,0,0,0,0,0,0,0,0,0,4,0.1234642558313111,0.02275746826481186,False
9,Шовгеновский,Республика Адыгея,муниципальный район,79-640-000-000,4,0,4,4,4,4,1,1,4,4,4,4,4,4,4,0.04656226201685664,0.28413522254115564,False
10,Горно-Алтайск,Республика Алтай,городской округ,84-701-000-000,4,3,4,4,4,4,4,4,0,4,4,4,4,4,4,0.08755373033605472,0.07361895397174686,False
11,Кош-Агачский,Республика Алтай,муниципальный район,84-610-000-000,4,2,4,4,4,4,4,4,4,4,4,4,4,4,4,0.35466672785645537,0.2672785802102824,False
12,Майминский,Республика Алтай,муниципальный район,84-615-000-000,4,3,4,4,4,0,0,0,0,4,4,4,4,4,4,0.2346095238217508,0.11828289245933336,False
13,Онгудайский,Республика Алтай,муниципальный район,84-620-000-000,4,3,4,4,4,4,4,4,4,4,4,4,4,4,4,0.39362848783815196,0.3737515596728266,False
14,Турочакский,Республика Алтай,муниципальный район,84-625-000-000,4,3,4,4,4,4,4,4,4,4,4,4,4,4,4,0.19694614123857088,0.2617405168259841,False
15,Улаганский,Республика Алтай,муниципальный район,84-630-000-000,4,2,4,4,4,4,4,4,4,4,4,4,4,4,4,0.30199154305580117,0.14419639198179351,False
16,Усть-Канский,Республика Алтай,муниципальный район,84-635-000-000,4,3,4,4,4,4,4,4,4,4,4,4,4,4,4,0.3956233935420693,0.4891425124572787,False
17,Усть-Коксинский,Республика Алтай,муниципальный район,84-640-000-000,4,3,4,4,4,4,4,4,4,4,4,4,4,4,4,0.32343048057663865,0.42306943986103634,False
18,Чемальский,Республика Алтай,муниципальный район,84-643-000-000,4,2,4,4,4,4,4,4,2,4,4,4,4,4,4,0.3700822206080943,0.2601711772284971,False
19,Чойский,Республика Алтай,муниципальный район,84-645-000-000,5,0,5,5,5,4,4,1,4,4,4,4,4,4,4,0.3260108496391774,0.23640224921807418,True
20,Шебалинский,Республика Алтай,муниципальный район,84-650-000-000,4,3,4,4,4,4,4,4,4,4,4,4,4,4,4,0.2433693856740998,0.4204890742830098,False
21,Уфа,Республика Башкортостан,городской округ,80-701-000-000,0,3,0,0,0,0,0,0,0,0,3,3,3,3,3,0.04656654726287305,0.006484767430729946,False
22,Агидель,Республика Башкортостан,городской округ,80-703-000-000,1,0,1,1,1,1,1,4,1,1,1,1,1,1,1,0.16825047797391152,0.15495622310598547,False
23,Кумертау,Республика Башкортостан,городской округ,80-723-000-000,0,3,0,0,0,0,0,0,0,0,0,0,0,0,0,0.10672549998675829,0.15254607405203652,False
25,Нефтекамск,Республика Башкортостан,городской округ,80-727-000-000,0,3,0,0,0,0,0,0,0,0,0,0,0,0,0,0.14733817276731945,0.21488737770288135,False
26,Октябрьский,Республика Башкортостан,городской округ,80-735-000-000,0,3,0,0,0,0,0,0,0,0,0,0,0,0,0,0.16492039704166278,0.19071951372704385,False
27,Салават,Республика Башкортостан,городской округ,80-739-000-000,0,3,0,0,0,0,0,0,0,0,0,0,0,0,0,0.21119426082483095,0.16656451597358082,False
28,Сибай,Республика Башкортостан,городской округ,80-743-000-000,0,3,0,0,0,0,0,0,0,0,0,0,0,0,0,0.14750695950780718,0.24733204054046223,False
29,Стерлитамак,Республика Башкортостан,городской округ,80-745-000-000,0,3,0,0,0,0,0,0,0,0,0,0,0,0,0,0.11737006279064602,0.23939100511272915,False
30,Абзелиловский,Республика Башкортостан,муниципальный район,80-601-000-000,5,0,1,1,1,4,1,1,4,1,1,1,1,4,4,0.10376441473769667,0.07954969221166203,False
31,Альшеевский,Республика Башкортостан,муниципальный район,80-602-000-000,5,0,5,1,1,1,1,1,1,1,1,1,1,1,1,0.0978332474422882,0.20697385477985314,False
32,Архангельский,Республика Башкортостан,муниципальный район,80-603-000-000,5,0,1,5,5,5,5,5,5,1,1,1,1,1,1,0.039117046972890854,0.3160202730230058,False
33,Аскинский,Республика Башкортостан,муниципальный район,80-604-000-000,5,0,5,5,5,4,5,5,4,5,5,5,5,5,5,0.1416678051517819,0.06878779652888299,False
34,Аургазинский,Республика Башкортостан,муниципальный район,80-605-000-000,5,0,5,5,5,5,5,5,4,1,1,1,1,1,1,0.04697561070323597,0.10382722992221405,False
35,Баймакский,Республика Башкортостан,муниципальный район,80-606-000-000,0,3,4,4,4,4,4,4,4,0,1,1,1,1,1,0.02484780914761167,0.010669637726983466,False
36,Бакалинский,Республика Башкортостан,муниципальный район,80-607-000-000,5,0,1,5,5,4,5,5,4,1,1,1,1,1,1,0.018835577416253076,0.22010493790499577,False
37,Балтачевский,Республика Башкортостан,муниципальный район,80-608-000-000,5,0,1,1,5,4,5,1,4,5,5,5,5,5,5,0.13543128273454522,0.07529622197361936,False
38,Белебеевский,Республика Башкортостан,муниципальный район,80-609-000-000,0,3,0,0,0,0,0,0,0,0,0,0,0,0,0,0.16275150382805045,0.1640947359559921,False
39,Белокатайский,Республика Башкортостан,муниципальный район,80-610-000-000,5,0,5,5,5,5,5,5,4,1,1,1,1,1,1,0.2865686828698873,0.06164151323469907,False
40,Белорецкий,Республика Башкортостан,муниципальный район,80-611-000-000,0,3,0,0,0,0,0,0,0,0,0,0,0,0,0,0.053191696633146525,0.21788400377168315,False
41,Бижбулякский,Республика Башкортостан,муниципальный район,80-612-000-000,5,0,5,5,1,4,1,1,4,1,1,1,1,1,1,0.1367231413069766,0.16416106821396412,False
42,Бирский,Республика Башкортостан,муниципальный район,80-613-000-000,0,3,0,0,0,0,0,0,0,0,0,0,0,0,0,0.1489051333697289,0.21155588394657315,False
43,Благоварский,Республика Башкортостан,муниципальный район,80-614-000-000,5,0,1,1,1,1,1,1,1,1,1,1,1,1,1,0.16589317214828703,0.2974561739765295,False
44,Благовещенский,Республика Башкортостан,муниципальный район,80-615-000-000,0,3,0,0,0,0,0,0,0,0,0,0,0,0,0,0.11408975253495987,0.09118225969675131,False
45,Буздякский,Республика Башкортостан,муниципальный район,80-617-000-000,5,0,5,5,5,4,4,1,4,1,1,1,1,1,1,0.11732716542112287,0.0991936140990425,False
46,Бураевский,Республика Башкортостан,муниципальный район,80-618-000-000,5,0,5,5,5,4,5,5,4,1,1,1,4,4,4,0.2324547841211116,0.10031103405112392,False
47,Бурзянский,Республика Башкортостан,муниципальный район,80-619-000-000,5,0,4,4,4,4,1,1,4,1,1,1,1,1,1,0.10440693634786216,0.026234858314503406,False
48,Гафурийский,Республика Башкортостан,муниципальный район,80-621-000-000,5,0,5,5,5,4,4,5,4,1,1,1,1,1,1,0.07106175296810965,0.11019754011715753,False
49,Давлекановский,Республика Башкортостан,муниципальный район,80-622-000-000,1,0,5,1,1,1,1,1,1,1,1,1,1,1,1,0.05728070492119706,0.12158663647169882,False
50,Дуванский,Республика Башкортостан,муниципальный район,80-623-000-000,5,3,5,5,0,4,4,4,4,1,1,1,1,1,1,0.14948725469212254,0.014676379209110453,False
51,Дюртюлинский,Республика Башкортостан,муниципальный район,80-624-000-000,0,3,0,0,0,0,0,0,0,0,0,0,0,0,0,0.04606391638471683,0.036744336604802,False
52,Ермекеевский,Республика Башкортостан,муниципальный район,80-625-000-000,1,0,1,1,1,1,1,1,1,1,1,1,1,1,1,0.29738243711621143,0.20589858647720535,False
53,Зианчуринский,Республика Башкортостан,муниципальный район,80-626-000-000,5,0,5,4,4,4,4,4,4,4,4,4,4,4,4,0.11891987033541317,0.25600014737299936,False
54,Зилаирский,Республика Башкортостан,муниципальный район,80-627-000-000,5,0,5,1,1,1,0,0,0,1,1,1,1,1,1,0.16618537160329525,0.04891491486146799,False
55,Иглинский,Республика Башкортостан,муниципальный район,80-628-000-000,0,3,0,0,0,0,0,0,0,0,0,0,0,0,0,0.04327244073299383,0.16007654542844693,False
56,Илишевский,Республика Башкортостан,муниципальный район,80-630-000-000,5,0,5,5,5,4,1,1,4,1,1,1,1,1,1,0.27018939799503194,0.17995123019523265,True
57,Ишимбайский,Республика Башкортостан,муниципальный район,80-631-000-000,0,3,0,0,0,0,0,0,0,0,0,0,0,0,0,0.17464166286652202,0.223605657868915,False
58,Калтасинский,Республика Башкортостан,муниципальный район,80-633-000-000,1,0,1,1,1,1,1,1,1,1,1,1,1,1,1,0.3217470260046831,0.18232897775684426,False
59,Караидельский,Республика Башкортостан,муниципальный район,80-634-000-000,5,0,5,1,1,4,1,1,4,1,1,1,1,1,4,0.12641723857814657,0.016283978513667283,False
60,Кармаскалинский,Республика Башкортостан,муниципальный район,80-635-000-000,1,0,1,1,1,1,1,1,1,1,1,1,1,1,1,0.03640988131957105,0.16408130582173697,False
61,Кигинский,Республика Башкортостан,муниципальный район,80-636-000-000,5,0,5,5,5,4,1,1,4,1,1,1,1,1,1,0.15141259110717045,0.21051983410955577,True
62,Краснокамский,Республика Башкортостан,муниципальный район,80-637-000-000,5,0,1,1,1,4,1,1,1,1,1,1,1,1,1,0.060003438340359476,0.25627369568854075,False
63,Кугарчинский,Республика Башкортостан,муниципальный район,80-638-000-000,5,0,5,5,5,4,5,5,4,5,1,1,5,5,5,0.18081047758437152,0.04011143997832855,False
65,Кушнаренковский,Республика Башкортостан,муниципальный район,80-640-000-000,1,0,1,5,5,4,4,4,1,1,1,1,1,1,1,0.07211539821025278,0.24988990254332558,False
66,Мелеузовский,Республика Башкортостан,муниципальный район,80-641-000-000,0,3,0,0,0,0,0,0,0,0,0,0,0,0,0,0.10604467170120427,0.2540043882750371,False
67,Мечетлинский,Республика Башкортостан,муниципальный район,80-642-000-000,5,0,5,5,5,4,5,5,4,5,5,5,5,5,5,0.29795570757241646,0.07510791535416202,False
68,Мишкинский,Республика Башкортостан,муниципальный район,80-643-000-000,5,0,4,4,4,4,4,5,4,4,4,4,1,1,1,0.13539480944605653,0.2462555170565662,False
69,Миякинский,Республика Башкортостан,муниципальный район,80-644-000-000,5,0,5,5,5,5,5,5,5,5,1,5,5,1,1,0.04106691526485534,0.07055060579099799,False
70,Нуримановский,Республика Башкортостан,муниципальный район,80-645-000-000,1,0,5,5,1,4,4,4,1,1,1,1,1,1,1,0.1935646951791287,0.32626896000678135,True
71,Салаватский,Республика Башкортостан,муниципальный район,80-647-000-000,5,0,5,5,5,4,4,5,4,4,4,4,1,1,1,0.13658839127181355,0.0534222270158144,False
72,Стерлибашевский,Республика Башкортостан,муниципальный район,80-648-000-000,5,0,1,5,5,5,5,5,5,1,1,1,1,1,1,0.20599472419502016,0.06933553256244472,False
73,Стерлитамакский,Республика Башкортостан,муниципальный район,80-649-000-000,0,3,0,0,0,0,0,0,0,0,0,0,0,0,0,0.2074834844903476,0.18339262411055018,False
74,Татышлинский,Республика Башкортостан,муниципальный район,80-650-000-000,5,0,5,5,5,4,1,1,4,5,5,5,5,4,4,0.27305154192067643,0.041032706090579796,False
75,Туймазинский,Республика Башкортостан,муниципальный район,80-651-000-000,0,3,0,0,0,0,0,0,0,0,0,0,0,0,0,0.11881385477974328,0.2792676640836678,False
76,Уфимский,Республика Башкортостан,муниципальный район,80-652-000-000,0,3,0,0,0,0,0,0,0,0,0,0,0,0,0,0.062452401311325706,0.08829684707985408,False
77,Учалинский,Республика Башкортостан,муниципальный район,80-653-000-000,0,3,0,0,0,0,0,0,0,0,0,0,0,0,0,0.11528059627676629,0.2212905364095306,False
78,Федоровский,Республика Башкортостан,муниципальный район,80-654-000-000,5,0,4,4,4,4,5,5,5,5,5,5,5,5,5,0.06565890943264516,0.1902429333896856,False
79,Хайбуллинский,Республика Башкортостан,муниципальный район,80-655-000-000,5,3,5,5,5,4,0,0,4,0,4,0,0,0,0,0.12214534048483082,0.021215884212097125,False
80,Чекмагушевский,Республика Башкортостан,муниципальный район,80-656-000-000,5,0,1,5,5,5,5,5,5,5,1,1,1,1,5,0.08279206696978737,0.018340685658382285,False
81,Чишминский,Республика Башкортостан,муниципальный район,80-657-000-000,0,3,0,0,0,0,0,0,0,0,0,0,0,0,0,0.055099066787855686,0.15628478637218127,False
82,Шаранский,Республика Башкортостан,муниципальный район,80-658-000-000,5,0,1,1,1,4,5,5,1,1,1,1,1,1,1,0.19406125236963662,0.05711914295884484,False
83,Янаульский,Республика Башкортостан,муниципальный район,80-659-000-000,5,0,5,5,1,1,0,1,4,1,1,1,1,1,1,0.15133397325449688,0.10472672395883344,False
167,Нальчик,Кабардино-Балкарская Республика,городской округ,83-701-000-000,0,3,0,0,0,0,0,0,0,0,0,0,0,0,4,0.006934029211628554,0.0547992044456933,False
168,Баксан,Кабардино-Балкарская Республика,городской округ,83-703-000-000,5,0,1,1,1,5,1,1,5,5,5,5,5,5,5,0.08336972209933595,0.09220446234999866,False
169,Прохладный,Кабардино-Балкарская Республика,городской округ,83-710-000-000,5,0,5,5,5,5,5,5,5,5,5,5,5,5,5,0.08843546674342417,0.043681137397419745,False
173,Майский,Кабардино-Балкарская Республика,муниципальный район,83-620-000-000,5,0,5,5,5,5,5,5,5,5,5,5,5,5,5,0.17909062005515125,0.3242024113676174,False
181,Городовиковский,Республика Калмыкия,муниципальный район,85-605-000-000,5,0,5,5,5,5,5,5,5,5,5,5,5,5,5,0.3323817050335352,0.4359149346296396,False
184,Лаганский,Республика Калмыкия,муниципальный район,85-615-000-000,5,0,5,5,5,5,5,5,5,5,5,5,5,5,5,0.254794225436301,0.3243106624983912,False
185,Малодербетовский,Республика Калмыкия,муниципальный район,85-620-000-000,5,0,5,5,5,5,5,5,5,5,5,5,5,5,5,0.04646304048041924,0.19177096276677486,False
188,Сарпинский,Республика Калмыкия,муниципальный район,85-632-000-000,5,0,5,1,1,1,1,1,1,1,4,4,4,4,4,0.1283614331588865,0.146320632160732,False
191,Юстинский,Республика Калмыкия,муниципальный район,85-646-000-000,4,0,4,4,4,5,5,5,5,5,5,5,5,5,5,0.15479532395938853,0.06675265707292347,False
194,Черкесский,Карачаево-Черкесская Республика,городской округ,91-701-000-000,0,3,0,0,0,0,0,0,0,0,0,0,0,0,0,0.08473430105441175,0.10084596683726679,False
195,Карачаевский,Карачаево-Черкесская Республика,городской округ,91-705-000-000,1,0,5,5,1,1,1,1,1,5,5,5,5,5,1,0.0871981410528246,0.02956619215543742,False
196,Абазинский,Карачаево-Черкесская Республика,муниципальный район,91-601-000-000,4,3,4,4,0,4,0,0,4,4,4,4,4,4,4,0.07560028294370265,0.20390753465698022,False
198,Зеленчукский,Карачаево-Черкесская Республика,муниципальный район,91-610-000-000,5,0,5,5,1,1,1,1,1,5,5,5,5,1,1,0.16759362899604416,0.041421121815321614,False
201,Ногайский,Карачаево-Черкесская Республика,муниципальный район,91-623-000-000,4,3,4,4,0,0,0,0,0,1,1,1,1,1,1,0.19966604265851456,0.022740223000952103,False
203,Урупский,Карачаево-Черкесская Республика,муниципальный район,91-630-000-000,1,0,5,1,1,1,1,1,1,1,1,1,1,1,1,0.17546648253702157,0.2739895165830761,True
204,Усть-Джегутинский,Карачаево-Черкесская Республика,муниципальный район,91-635-000-000,1,0,5,5,1,1,1,1,1,1,1,1,1,1,1,0.05163375698808705,0.1646127483231608,False
205,Хабезский,Карачаево-Черкесская Республика,муниципальный район,91-640-000-000,4,0,4,4,4,4,1,1,4,1,1,1,1,1,1,0.20272769903194757,0.02015156913234347,False
206,Петрозаводский,Республика Карелия,городской округ,86-701-000-000,3,1,3,3,3,3,3,3,3,3,3,3,3,3,3,0.11039142783329658,0.08088019123378651,False
207,Костомукшский,Республика Карелия,городской округ,86-706-000-000,0,3,0,0,0,0,0,4,0,0,0,0,0,0,0,0.010055754960432327,0.09693392380523515,False
208,Беломорский,Республика Карелия,муниципальный округ,86-504-000-000,0,3,0,0,0,0,4,4,0,0,0,0,0,0,0,0.23029179792500543,0.17744703624816568,False
209,Калевальский,Республика Карелия,муниципальный район,86-609-000-000,4,3,4,4,4,4,4,4,0,4,0,4,4,4,4,0.1608534769992013,0.1220147797355058,False
210,Кемский,Республика Карелия,муниципальный район,86-612-000-000,1,3,0,0,0,0,4,4,1,0,0,1,1,1,1,0.23275565808727056,0.03945701899267959,False
211,Кондопожский,Республика Карелия,муниципальный район,86-615-000-000,0,3,0,0,0,0,4,4,0,0,0,0,0,0,0,0.29656425295871736,0.09940411147381686,False
212,Лахденпохский,Республика Карелия,муниципальный район,86-618-000-000,0,3,0,0,0,0,4,4,0,0,4,4,4,0,0,0.21386077481472754,0.047856187355769846,False
213,Лоухский,Республика Карелия,муниципальный район,86-621-000-000,0,3,0,0,0,0,4,4,0,0,0,0,0,0,0,0.1947955602876472,0.20715524499706645,False
214,Медвежьегорский,Республика Карелия,муниципальный район,86-624-000-000,0,3,0,0,0,0,4,4,0,0,0,0,0,0,0,0.21724967590881397,0.16208429153577186,False
215,Муезерский,Республика Карелия,муниципальный район,86-627-000-000,0,3,0,0,0,4,4,4,4,4,4,4,4,4,4,0.08602419615120405,0.07977581003697987,False
216,Олонецкий,Республика Карелия,муниципальный район,86-630-000-000,0,3,0,0,0,0,4,4,0,0,0,0,0,0,0,0.20446199068421625,0.0973366125812604,False
217,Питкярантский,Республика Карелия,муниципальный округ,86-533-000-000,0,3,0,0,0,0,4,4,0,0,0,0,0,0,0,0.2769880421832067,0.22251804606432463,False
218,Прионежский,Республика Карелия,муниципальный район,86-636-000-000,4,2,4,4,4,0,4,4,2,4,2,2,2,2,2,0.15889089856304042,0.16450082467602908,True
219,Пряжинский,Республика Карелия,муниципальный район,86-639-000-000,1,3,0,0,0,4,4,4,1,1,0,0,1,1,1,0.12537460704163994,0.04050571630700657,False
220,Пудожский,Республика Карелия,муниципальный район,86-642-000-000,0,3,0,0,0,4,4,4,4,4,4,5,5,5,5,0.04709884912598256,0.03538989716242933,False
221,Сегежский,Республика Карелия,муниципальный округ,86-545-000-000,0,3,0,0,0,0,0,4,0,0,0,0,0,0,0,0.2965372150538397,0.1620974152592666,False
222,Сортавальский,Республика Карелия,муниципальный район,86-610-000-000,0,3,0,0,0,0,4,4,0,0,0,0,0,0,0,0.2197726725698804,0.17712241958929167,False
223,Суоярвский,Республика Карелия,муниципальный округ,86-550-000-000,1,3,0,0,0,4,4,4,1,1,0,5,5,5,5,0.1288104137488695,0.015755293177991965,False
224,Сыктывкар,Республика Коми,городской округ,87-701-000-000,0,3,0,0,0,0,4,4,0,0,0,0,0,0,0,0.08876044205975998,0.17019339134844003,False
225,Воркута,Республика Коми,городской округ,87-710-000-000,2,2,2,2,2,2,2,2,2,2,2,2,2,2,2,0.20715364931592806,0.3405333061872523,False
226,Вуктыл,Республика Коми,муниципальный округ,87-512-000-000,0,3,0,0,2,2,4,4,2,0,0,0,0,0,0,0.16317665848294788,0.10869405332001457,False
227,Инта,Республика Коми,городской округ,87-715-000-000,0,2,2,2,2,2,2,4,2,2,2,2,2,2,0,0.021153117541812344,0.023213932326922284,False
228,Усинск,Республика Коми,муниципальный округ,87-523-000-000,2,2,2,2,2,2,2,2,2,2,2,2,2,2,2,0.1251477861573238,0.2795082328709117,False
229,Ухта,Республика Коми,городской округ,87-725-000-000,0,3,0,0,0,0,4,4,0,0,0,0,0,0,0,0.09652900003716532,0.20568547017610456,False
230,Ижемский,Республика Коми,муниципальный район,87-604-000-000,4,3,4,4,4,4,4,4,4,4,4,4,4,4,4,0.22336756520648074,0.30610362317268897,False
231,Княжпогостский,Республика Коми,муниципальный район,87-608-000-000,0,3,0,0,0,4,4,4,4,0,0,0,0,0,0,0.23107303428977535,0.12044732468816911,False
232,Койгородский,Республика Коми,муниципальный район,87-612-000-000,4,0,4,4,4,4,4,4,4,4,4,4,4,4,4,0.13794376373409697,0.18047687327846057,False
233,Корткеросский,Республика Коми,муниципальный район,87-616-000-000,4,0,1,4,4,4,4,4,4,4,4,4,4,5,5,0.07693632896525499,0.14134497446744157,False
234,Печора,Республика Коми,муниципальный район,87-620-000-000,0,3,0,0,0,0,4,4,0,0,0,0,0,0,0,0.1702850913240347,0.24458350457325864,False
235,Прилузский,Республика Коми,муниципальный район,87-624-000-000,4,0,4,4,4,4,4,4,4,4,4,4,4,4,4,0.0058098085934129295,0.0291192398782952,False
236,Сосногорск,Республика Коми,муниципальный район,87-626-000-000,0,3,0,0,0,0,4,4,0,0,0,0,0,0,0,0.21970499099720817,0.19130822760442412,False
237,Сыктывдинский,Республика Коми,муниципальный район,87-628-000-000,0,3,0,0,0,0,4,4,0,0,0,0,0,0,0,0.18086455312836597,0.2297439056615379,False
238,Сысольский,Республика Коми,муниципальный район,87-632-000-000,4,0,4,4,4,4,4,4,4,4,4,4,4,4,4,0.018168588289644162,0.027485531799298336,False
239,Троицко-Печорский,Республика Коми,муниципальный район,87-636-000-000,5,0,0,5,5,5,5,5,5,5,5,5,5,5,5,0.02512944300460316,0.2112887554364571,False
240,Удорский,Республика Коми,муниципальный район,87-640-000-000,0,3,0,0,4,4,4,4,4,4,4,4,4,4,4,0.09827075928519126,0.009637550071569698,False
241,Усть-Вымский,Республика Коми,муниципальный район,87-644-000-000,1,3,0,0,0,1,4,4,1,0,0,0,0,0,0,0.11306666560919788,0.008372233936727327,False
242,Усть-Куломский,Республика Коми,муниципальный район,87-648-000-000,5,0,1,4,4,4,4,4,4,4,4,4,4,4,4,0.06527474404831397,0.10414131830612712,False
243,Усть-Цилемский,Республика Коми,муниципальный район,87-652-000-000,4,2,4,4,4,4,4,2,2,4,4,4,4,4,4,0.38109689232546695,0.1483572220047931,False
269,Йошкар-Ола,Республика Марий Эл,городской округ,88-701-000-000,0,3,0,0,0,0,0,0,0,0,0,0,0,0,0,0.17182373156400252,0.15586015661659242,False
270,Волжск,Республика Марий Эл,городской округ,88-705-000-000,1,3,1,1,1,1,1,1,1,1,1,1,1,1,1,0.14077667161534038,0.0858367740445961,False
271,Козьмодемьянск,Республика Марий Эл,городской округ,88-715-000-000,1,0,5,1,1,1,1,1,1,1,1,1,1,1,1,0.252532975066777,0.30763826062212857,True
272,Волжский,Республика Марий Эл,муниципальный район,88-604-000-000,1,0,1,1,1,1,1,1,1,1,1,1,1,1,1,0.015598701050712807,0.21503052003105708,False
273,Горномарийский,Республика Марий Эл,муниципальный район,88-608-000-000,5,0,1,1,1,1,1,1,4,1,1,1,1,1,1,0.005139506781844226,0.17784659119698312,False
274,Звениговский,Республика Марий Эл,муниципальный район,88-612-000-000,5,0,5,1,1,1,1,1,1,1,5,5,5,5,1,0.27386812706071567,0.009658600817291892,False
275,Килемарский,Республика Марий Эл,муниципальный район,88-616-000-000,5,0,5,1,1,1,1,1,4,1,1,1,1,1,5,0.2861425055757612,0.10645638414511636,False
276,Куженерский,Республика Марий Эл,муниципальный район,88-620-000-000,1,0,1,1,1,1,1,1,1,1,1,1,1,1,1,0.35908003558629276,0.2738628511640613,False
277,Мари-Турекский,Республика Марий Эл,муниципальный район,88-624-000-000,5,0,5,1,1,1,1,1,1,1,1,1,1,1,1,0.1688035876029365,0.12365604975182261,False
278,Медведевский,Республика Марий Эл,муниципальный район,88-628-000-000,0,3,0,0,0,0,0,0,0,0,0,0,0,0,0,0.13549798129282242,0.17342536585562796,False
279,Моркинский,Республика Марий Эл,муниципальный район,88-632-000-000,1,0,5,1,1,1,1,1,1,1,1,1,1,1,1,0.08730292300340603,0.15293233311763188,False
280,Новоторъяльский,Республика Марий Эл,муниципальный район,88-636-000-000,1,0,1,1,1,1,1,1,1,5,5,5,5,5,1,0.24246123848213172,0.006180353034277542,False
281,Оршанский,Республика Марий Эл,муниципальный район,88-640-000-000,1,0,1,1,1,1,1,1,1,1,1,1,1,1,1,0.2791978194835877,0.008721501963970287,False
282,Параньгинский,Республика Марий Эл,муниципальный район,88-644-000-000,5,0,1,5,5,5,5,1,5,5,1,5,1,1,1,0.029936583896254962,0.06610506306761922,False
283,Сернурский,Республика Марий Эл,муниципальный район,88-648-000-000,1,0,1,1,1,1,1,1,1,1,1,1,1,1,1,0.15576180511871096,0.23086156154713727,False
284,Советский,Республика Марий Эл,муниципальный район,88-652-000-000,1,0,5,1,1,1,1,1,1,1,1,1,1,1,1,0.03848633395844512,0.23605587965050928,False
285,Юринский,Республика Марий Эл,муниципальный район,88-656-000-000,5,0,1,1,5,5,5,5,5,5,5,5,5,5,5,0.15384644692786117,0.1276768374914753,False
287,Ардатовский,Республика Мордовия,муниципальный район,89-603-000-000,1,0,1,1,1,1,1,5,1,1,1,1,1,1,1,0.28622660493001595,0.24093398673397512,False
288,Атюрьевский,Республика Мордовия,муниципальный район,89-605-000-000,5,0,1,1,1,1,1,1,1,1,1,1,1,1,1,0.11964681657200886,0.27161723118240627,False
289,Атяшевский,Республика Мордовия,муниципальный район,89-607-000-000,1,0,1,1,1,1,1,1,1,1,1,1,1,1,1,0.18682256991688836,0.13692837762910715,False
290,Большеберезниковский,Республика Мордовия,муниципальный район,89-610-000-000,5,0,1,5,5,5,5,5,5,5,5,5,5,5,5,0.1666653014486769,0.2891724142772822,True
292,Дубенский,Республика Мордовия,муниципальный район,89-616-000-000,5,0,1,5,5,1,1,1,5,5,5,5,5,5,5,0.1842591373678731,0.27461832372766104,True
293,Ельниковский,Республика Мордовия,муниципальный район,89-618-000-000,1,0,1,1,1,1,1,1,1,1,1,1,1,1,1,0.23822932055715895,0.13812583855726873,False
294,Зубово-Полянский,Республика Мордовия,муниципальный район,89-621-000-000,5,0,5,5,5,5,1,1,5,5,5,5,5,5,5,0.27619443175376135,0.19497149692105545,False
295,Инсарский,Республика Мордовия,муниципальный район,89-624-000-000,5,0,1,1,1,1,1,1,1,1,5,5,1,1,1,0.10038106306553767,0.2350683193273257,False
296,Ичалковский,Республика Мордовия,муниципальный район,89-626-000-000,5,0,5,5,5,5,5,5,5,5,5,5,5,5,5,0.041471860085798805,0.4253708519469487,False
297,Кадошкинский,Республика Мордовия,муниципальный район,89-628-000-000,1,0,1,1,1,1,1,1,1,1,1,1,1,1,1,0.2051740205040312,0.21259294265195708,False
298,Ковылкинский,Республика Мордовия,муниципальный район,89-629-000-000,1,0,5,1,1,1,1,1,1,1,1,1,1,1,1,0.17583588371030748,0.19537227891866862,True
300,Краснослободский,Республика Мордовия,муниципальный район,89-634-000-000,5,0,1,1,1,1,1,1,5,5,5,5,5,5,5,0.19526761201795625,0.2917938991421196,True
301,Лямбирский,Республика Мордовия,муниципальный район,89-637-000-000,4,3,1,1,1,0,0,0,0,4,4,4,4,4,0,0.07595831848828988,0.0701129048128812,False
302,Ромодановский,Республика Мордовия,муниципальный район,89-640-000-000,5,0,5,5,5,5,5,5,5,5,5,5,5,5,5,0.19505888860740178,0.2858991621332456,False
303,Рузаевский,Республика Мордовия,муниципальный район,89-643-000-000,1,0,5,1,1,1,1,1,1,1,1,1,1,1,1,0.05694468273836743,0.19303030391509832,False
304,Старошайговский,Республика Мордовия,муниципальный район,89-646-000-000,1,0,1,1,1,1,1,1,1,1,1,1,1,1,1,0.2823554236126097,0.07548239703944976,False
305,Темниковский,Республика Мордовия,муниципальный район,89-649-000-000,5,0,5,1,1,1,1,1,1,1,1,1,5,1,1,0.05392486770249339,0.06399297282684545,False
306,Теньгушевский,Республика Мордовия,муниципальный район,89-651-000-000,5,0,1,5,5,5,5,5,5,1,1,1,1,1,1,0.20620044459247927,0.03910520260482146,False
307,Торбеевский,Республика Мордовия,муниципальный район,89-654-000-000,5,0,5,5,1,1,1,1,1,1,5,5,5,5,1,0.4753827132041183,0.015575540591637429,False
308,Чамзинский,Республика Мордовия,муниципальный район,89-657-000-000,1,0,5,1,1,1,1,5,1,1,1,1,1,1,1,0.14816704882422785,0.3034741567461395,False
309,Якутск,Республика Саха (Якутия),городской округ,98-701-000-000,3,1,3,3,3,3,3,3,3,3,3,3,3,3,3,0.059157148517312325,0.11338648446906663,False
312,Алданский,Республика Саха (Якутия),муниципальный район,98-603-000-000,2,2,4,2,0,2,4,4,2,2,2,2,2,2,2,0.029987123223123444,0.01955963668807138,False
314,Амгинский,Республика Саха (Якутия),муниципальный район,98-608-000-000,4,2,4,4,4,2,2,2,2,4,4,4,4,4,4,0.16377349340397784,0.13040509191238903,False
316,Булунский,Республика Саха (Якутия),муниципальный район,98-612-000-000,2,2,2,2,2,2,2,2,2,2,2,2,2,2,2,0.4502471283264241,0.49682379145514566,False
317,Верхневилюйский,Республика Саха (Якутия),муниципальный район,98-614-000-000,4,2,4,4,4,2,2,2,2,4,4,4,4,4,4,0.30385672138449915,0.2602873116725388,False
318,Верхнеколымский,Республика Саха (Якутия),муниципальный район,98-615-000-000,2,2,2,2,2,2,2,2,2,2,2,2,2,2,2,0.36313504516469725,0.3365128766352648,False
319,Верхоянский,Республика Саха (Якутия),муниципальный район,98-616-000-000,2,2,2,2,2,2,2,2,2,2,2,2,2,2,2,0.34142303121581014,0.39749739891139335,False
320,Вилюйский,Республика Саха (Якутия),муниципальный район,98-618-000-000,4,2,4,4,4,2,2,2,2,4,4,4,4,4,4,0.17817581829022927,0.2851709200931029,False
321,Горный,Республика Саха (Якутия),муниципальный район,98-620-000-000,4,3,4,4,4,4,4,4,4,4,4,4,4,4,4,0.2712875756928115,0.3424148767629794,False
323,Кобяйский,Республика Саха (Якутия),муниципальный район,98-624-000-000,2,2,2,2,2,2,2,2,2,2,2,2,2,2,2,0.3021751786206173,0.33571444897923913,False
324,Нюрбинский,Республика Саха (Якутия),муниципальный район,98-626-000-000,4,2,4,4,4,2,2,2,2,4,2,4,2,2,2,0.22928555668898196,0.10832468406045696,False
325,Ленский,Республика Саха (Якутия),муниципальный район,98-627-000-000,2,2,2,2,2,2,2,4,2,2,2,2,2,2,2,0.24740491775405887,0.1310077979147304,False
326,Мегино-Кангаласский,Республика Саха (Якутия),муниципальный район,98-629-000-000,4,3,4,4,4,2,2,2,2,4,4,4,4,4,4,0.38063828882242295,0.2671566584615633,False
327,Мирнинский,Республика Саха (Якутия),муниципальный район,98-631-000-000,2,2,2,2,2,2,2,4,2,2,2,2,2,2,2,0.08973959041442095,0.22857470991895945,False
329,Намский,Республика Саха (Якутия),муниципальный район,98-635-000-000,4,2,4,4,4,2,2,2,2,4,4,4,4,4,4,0.3259832103558166,0.2975397561455604,False
330,Нерюнгринский,Республика Саха (Якутия),муниципальный район,98-660-000-000,0,2,3,2,0,0,4,4,0,0,2,2,0,0,0,0.006935125896288457,0.026401923277052104,False
331,Нижнеколымский,Республика Саха (Якутия),муниципальный район,98-637-000-000,2,2,2,2,2,2,2,2,2,2,2,2,2,2,2,0.4708833310397087,0.5545557339213449,False
332,Оймяконский,Республика Саха (Якутия),муниципальный район,98-639-000-000,2,2,2,2,2,2,2,2,2,2,2,2,2,2,2,0.5532259294569198,0.5867239619182504,False
333,Олекминский,Республика Саха (Якутия),муниципальный район,98-641-000-000,2,2,2,2,2,2,2,2,2,2,2,2,2,2,2,0.3349076940944341,0.27147822826916246,False
334,Оленекский,Республика Саха (Якутия),муниципальный район,98-642-000-000,2,2,2,2,2,2,2,2,2,2,2,2,2,2,2,0.3875039023386641,0.4308963108376205,False
335,Среднеколымский,Республика Саха (Якутия),муниципальный район,98-646-000-000,2,2,2,2,2,2,2,2,2,2,2,2,2,2,2,0.42510310681727353,0.43567761476883426,False
336,Сунтарский,Республика Саха (Якутия),муниципальный район,98-648-000-000,4,2,2,2,4,2,2,2,2,4,2,2,2,2,2,0.02910839657965792,0.10102306527587002,False
337,Таттинский,Республика Саха (Якутия),муниципальный район,98-604-000-000,4,2,4,4,4,2,2,2,2,4,4,4,4,4,4,0.2872616502596353,0.2006273350410373,False
338,Томпонский,Республика Саха (Якутия),муниципальный район,98-650-000-000,2,2,2,2,2,2,2,2,2,2,2,2,2,2,2,0.1970470310028198,0.36999203045354095,False
339,Усть-Алданский,Республика Саха (Якутия),муниципальный район,98-652-000-000,4,2,4,4,4,2,2,2,2,4,4,4,4,4,4,0.1615245535827038,0.14254370509085923,False
340,Усть-Майский,Республика Саха (Якутия),муниципальный район,98-654-000-000,4,2,2,2,4,2,2,2,2,4,4,4,2,4,4,0.10085889750800414,0.03964497072257085,False
341,Усть-Янский,Республика Саха (Якутия),муниципальный район,98-656-000-000,2,2,2,2,2,2,2,2,2,2,2,2,2,2,2,0.3988440687345502,0.5110636321392986,False
342,Хангаласский,Республика Саха (Якутия),муниципальный район,98-644-000-000,4,2,4,4,4,2,2,2,2,4,0,4,4,4,4,0.26461941049672383,0.2611197601765254,False
343,Чурапчинский,Республика Саха (Якутия),муниципальный район,98-658-000-000,4,2,4,4,4,2,2,2,2,4,4,4,4,4,4,0.24613099436099897,0.3425152260870513,False
345,Владикавказ,Республика Северная Осетия — Алания,городской округ,90-701-000-000,0,3,4,4,0,0,0,0,0,0,0,0,0,0,0,0.11523016821815067,0.07277711896025013,False
346,Алагирский,Республика Северная Осетия — Алания,муниципальный район,90-605-000-000,0,3,4,0,0,0,0,0,0,0,1,1,1,0,0,0.009726617050301454,0.022579232189979835,False
347,Ардонский,Республика Северная Осетия — Алания,муниципальный район,90-610-000-000,4,0,4,4,4,4,1,1,4,5,1,1,5,5,5,0.22191705372390322,0.06835609011643196,False
348,Дигорский,Республика Северная Осетия — Алания,муниципальный район,90-615-000-000,5,0,4,4,5,4,5,1,5,5,1,5,1,1,5,0.17423746622897895,0.006001361106921805,False
349,Ирафский,Республика Северная Осетия — Алания,муниципальный район,90-620-000-000,5,0,1,5,5,1,1,1,1,5,5,5,5,5,5,0.08216566070152592,0.16729977023465042,False
351,Моздокский,Республика Северная Осетия — Алания,муниципальный район,90-630-000-000,0,3,4,0,0,0,0,0,0,0,0,0,0,0,0,0.04872319059747511,0.11914765845714624,False
352,Правобережный,Республика Северная Осетия — Алания,муниципальный район,90-635-000-000,4,3,4,4,0,0,0,0,0,0,0,0,0,0,4,0.1246836715927253,0.04443423206512045,False
354,Казань,Республика Татарстан,городской округ,92-701-000-000,0,1,0,0,0,0,0,0,3,3,3,3,3,3,3,0.006405755593962956,0.0483358951513495,False
355,Набережные Челны,Республика Татарстан,городской округ,92-730-000-000,0,3,0,0,0,0,0,0,0,0,0,0,0,0,0,0.08174286123896679,0.06663198322125473,False
356,Агрызский,Республика Татарстан,муниципальный район,92-601-000-000,1,0,1,1,1,1,1,1,1,1,1,1,1,1,1,0.11542299495107991,0.27885053275306,False
357,Азнакаевский,Республика Татарстан,муниципальный район,92-602-000-000,1,3,1,1,1,1,1,1,1,1,1,1,1,1,1,0.012690210706196537,0.11187223202888578,False
358,Аксубаевский,Республика Татарстан,муниципальный район,92-604-000-000,5,0,5,5,5,5,5,5,5,5,4,5,5,5,5,0.20726302413844563,0.1214780910262365,False
359,Актанышский,Республика Татарстан,муниципальный район,92-605-000-000,5,0,1,1,1,4,1,1,4,1,1,1,1,1,4,0.12991840945618818,0.0825400064740653,False
360,Алексеевский,Республика Татарстан,муниципальный район,92-606-000-000,5,0,5,5,1,1,5,5,4,1,1,1,1,1,1,0.1228393185025057,0.09089454284873225,False
361,Алькеевский,Республика Татарстан,муниципальный район,92-607-000-000,5,0,5,5,5,4,5,5,4,1,1,1,1,1,1,0.1888461922857994,0.19171650172977886,True
362,Альметьевский,Республика Татарстан,муниципальный район,92-608-000-000,0,3,0,0,0,0,0,0,0,0,0,0,0,0,0,0.13195310566170038,0.12394500124988352,False
363,Апастовский,Республика Татарстан,муниципальный район,92-610-000-000,5,0,1,1,1,4,1,1,4,1,1,1,1,1,1,0.20225023061835146,0.19827420431743967,False
364,Арский,Республика Татарстан,муниципальный район,92-612-000-000,5,0,1,5,5,4,1,1,4,4,4,5,5,1,1,0.023065003927910468,0.047228035958412184,False
365,Атнинский,Республика Татарстан,муниципальный район,92-613-000-000,1,0,1,1,1,1,1,1,1,1,1,1,1,1,1,0.2679160750173219,0.2678787609241136,False
366,Бавлинский,Республика Татарстан,муниципальный район,92-614-000-000,1,0,1,1,1,4,5,5,4,1,1,1,1,1,1,0.14186835859910518,0.018139760775190382,False
367,Балтасинский,Республика Татарстан,муниципальный район,92-615-000-000,5,0,5,5,5,4,5,5,4,1,1,1,1,1,1,0.12212019719985101,0.03542500899099659,False
368,Бугульминский,Республика Татарстан,муниципальный район,92-617-000-000,0,3,0,0,0,0,0,0,0,0,0,0,0,0,0,0.1994182382289194,0.2741673134059826,False
369,Буинский,Республика Татарстан,муниципальный район,92-618-000-000,5,0,5,5,5,4,1,1,4,1,4,5,5,1,1,0.2816631993345971,0.09687248708821622,False
370,Верхнеуслонский,Республика Татарстан,муниципальный район,92-620-000-000,1,3,1,0,0,0,0,0,0,0,0,0,1,0,1,0.016813137034261353,0.004283991430504503,False
371,Высокогорский,Республика Татарстан,муниципальный район,92-622-000-000,0,3,0,0,0,0,0,0,0,0,0,0,0,0,0,0.07927177534831335,0.2913618546162109,False
372,Дрожжановский,Республика Татарстан,муниципальный район,92-624-000-000,5,0,1,1,1,4,1,1,1,1,1,1,1,1,1,0.21577163222795875,0.11457652633423905,False
373,Елабужский,Республика Татарстан,муниципальный район,92-626-000-000,0,3,0,0,0,0,0,0,0,0,0,0,0,0,0,0.1011056269219081,0.17066820818329614,False
374,Заинский,Республика Татарстан,муниципальный район,92-627-000-000,0,3,0,0,0,0,0,0,0,0,0,0,0,0,0,0.09413339201301678,0.15181327478498544,False
375,Зеленодольский,Республика Татарстан,муниципальный район,92-628-000-000,0,3,0,0,0,0,0,0,0,0,0,0,0,0,0,0.08271107436026137,0.23957117570235822,False
376,Кайбицкий,Республика Татарстан,муниципальный район,92-629-000-000,5,0,1,1,1,1,1,1,1,1,1,1,1,1,1,0.25264374198824047,0.16778451778045197,False
377,Камско-Устьинский,Республика Татарстан,муниципальный район,92-630-000-000,5,0,5,5,5,5,5,5,5,5,1,1,1,1,1,0.13150217025955913,0.030394303552682925,False
378,Кукморский,Республика Татарстан,муниципальный район,92-633-000-000,5,0,5,5,5,4,5,5,4,5,1,1,1,1,1,0.04071797798897672,0.07741219281083962,False
379,Лаишевский,Республика Татарстан,муниципальный район,92-634-000-000,0,3,4,0,0,0,0,0,0,0,0,0,0,0,0,0.0809654971804153,0.08742181457840179,False
380,Лениногорский,Республика Татарстан,муниципальный район,92-636-000-000,0,3,0,0,0,0,0,0,0,0,0,0,0,0,0,0.20258898476944345,0.16943032810676995,False
381,Мамадышский,Республика Татарстан,муниципальный район,92-638-000-000,5,0,5,5,1,4,1,1,4,1,1,1,1,1,1,0.09581430560945194,0.2926710132637469,False
382,Менделеевский,Республика Татарстан,муниципальный район,92-639-000-000,1,0,1,1,1,1,5,5,1,1,1,1,1,1,1,0.08546882927850512,0.14913684573076627,False
383,Мензелинский,Республика Татарстан,муниципальный район,92-640-000-000,1,0,1,1,1,1,1,1,1,1,1,1,1,1,1,0.18115218472086667,0.12119880427200383,False
384,Муслюмовский,Республика Татарстан,муниципальный район,92-642-000-000,5,0,1,1,1,1,1,1,4,1,1,1,1,1,5,0.2732340285280415,0.04030537571752621,False
385,Нижнекамский,Республика Татарстан,муниципальный район,92-644-000-000,0,3,0,0,0,0,0,0,0,0,0,0,0,0,0,0.1560709428107807,0.17126884055589742,False
386,Новошешминский,Республика Татарстан,муниципальный район,92-645-000-000,5,0,5,5,5,4,5,5,4,4,4,4,4,1,1,0.02075676074300457,0.06312381128964537,False
387,Нурлатский,Республика Татарстан,муниципальный район,92-646-000-000,5,0,5,1,1,1,1,1,1,1,1,1,1,1,1,0.20337230193461786,0.07714222502922968,False
388,Пестречинский,Республика Татарстан,муниципальный район,92-648-000-000,0,3,0,0,0,0,0,0,0,0,0,0,0,0,4,0.1965420171968212,0.02569778147740386,False
390,Сабинский,Республика Татарстан,муниципальный район,92-652-000-000,5,0,1,1,1,4,1,1,4,1,1,1,1,1,1,0.10152020062973019,0.12099000335583189,False
391,Сармановский,Республика Татарстан,муниципальный район,92-653-000-000,1,0,1,1,1,1,1,1,1,1,1,1,1,1,1,0.2919303543157702,0.14091044907086367,False
392,Спасский,Республика Татарстан,муниципальный район,92-632-000-000,1,0,5,5,5,5,5,5,1,1,1,5,5,5,1,0.15558486087175447,0.07807225468578599,False
393,Тетюшский,Республика Татарстан,муниципальный район,92-655-000-000,5,0,5,5,5,5,5,5,1,1,1,1,1,1,1,0.33423024614098024,0.32553790074698413,True
395,Тюлячинский,Республика Татарстан,муниципальный район,92-656-000-000,4,0,1,4,4,4,5,5,4,4,4,4,4,1,4,0.07349328417701348,0.04665368019862283,False
396,Черемшанский,Республика Татарстан,муниципальный район,92-658-000-000,1,0,1,1,1,4,1,1,4,1,1,1,1,1,1,0.11791206931883653,0.13854355248854924,False
397,Чистопольский,Республика Татарстан,муниципальный район,92-659-000-000,0,3,0,0,0,0,0,0,0,0,0,0,0,0,0,0.10314541525252593,0.20551032413637188,False
398,Ютазинский,Республика Татарстан,муниципальный район,92-654-000-000,1,0,1,1,1,5,5,5,5,5,5,5,5,5,5,0.21649595950569603,0.08199586417218899,False
401,Бай-Тайгинский,Республика Тыва,муниципальный район,93-605-000-000,4,2,4,4,4,4,4,4,4,4,4,4,4,4,4,0.27063740369977257,0.16219951960896717,False
402,Барун-Хемчикский,Республика Тыва,муниципальный район,93-610-000-000,4,3,4,4,4,4,4,0,4,4,4,4,4,4,4,0.2315324134573892,0.33351702723789084,False
403,Дзун-Хемчикский,Республика Тыва,муниципальный район,93-615-000-000,4,3,4,4,4,4,4,4,4,4,4,4,4,4,4,0.2927951367349534,0.3541723022248299,False
404,Каа-Хемский,Республика Тыва,муниципальный район,93-620-000-000,4,3,4,4,4,4,4,4,4,4,4,4,4,4,4,0.1875603488740305,0.20965858395163764,False
405,Кызылский,Республика Тыва,муниципальный район,93-622-000-000,4,3,4,4,4,4,0,0,4,4,4,4,4,4,4,0.30768458718351704,0.32377467996697873,False
408,Пий-Хемский,Республика Тыва,муниципальный район,93-635-000-000,4,3,4,4,4,4,4,4,4,4,4,4,4,4,4,0.19857256734609702,0.29063954477631126,False
410,Тандинский,Республика Тыва,муниципальный район,93-640-000-000,4,3,4,4,4,4,0,0,4,4,4,4,4,4,4,0.24135539903689532,0.2608676161519749,False
413,Тоджинский,Республика Тыва,муниципальный район,93-650-000-000,4,3,4,4,0,0,0,0,0,4,4,4,4,4,4,0.11735419599465279,0.22720514151110036,False
414,Улуг-Хемский,Республика Тыва,муниципальный район,93-654-000-000,4,3,4,4,4,4,4,0,4,4,4,4,4,4,4,0.1967520193636682,0.35526077151378205,False
416,Чеди-Хольский,Республика Тыва,муниципальный район,93-657-000-000,4,2,4,4,4,4,0,0,4,4,4,4,4,4,4,0.24703724966690624,0.40001727696409317,False
418,Ижевск,Удмуртская Республика,городской округ,94-701-000-000,0,3,0,0,0,0,0,0,0,0,0,0,0,0,0,0.10672853211408827,0.09213061474002279,False
419,Воткинск,Удмуртская Республика,городской округ,94-710-000-000,0,3,0,0,0,0,0,0,0,0,0,0,0,0,0,0.21067488732332185,0.24689718115756784,False
420,Глазов,Удмуртская Республика,городской округ,94-720-000-000,0,3,0,0,0,0,0,0,0,0,0,0,0,0,0,0.18645150547162437,0.1774014200365612,False
421,Можга,Удмуртская Республика,городской округ,94-730-000-000,0,3,0,0,0,0,0,0,4,0,4,0,0,0,0,0.007883470680029496,0.04218140435775718,False
422,Сарапул,Удмуртская Республика,городской округ,94-740-000-000,0,3,0,0,0,0,0,0,0,0,0,0,0,0,0,0.12363819234534339,0.32103504590564574,False
423,Алнашский,Удмуртская Республика,муниципальный округ,94-502-000-000,5,0,1,1,1,1,1,1,1,1,4,5,5,1,1,0.11632697306304267,0.08356312906251369,False
424,Балезинский,Удмуртская Республика,муниципальный округ,94-504-000-000,1,0,5,1,1,1,1,1,1,1,1,1,1,1,1,0.026333359799444993,0.20151326108906617,False
425,Вавожский,Удмуртская Республика,муниципальный округ,94-506-000-000,5,0,5,5,5,1,1,1,1,1,1,1,1,1,1,0.2148749499732243,0.27725189357449215,True
428,Граховский,Удмуртская Республика,муниципальный округ,94-512-000-000,5,0,1,1,1,1,1,1,1,1,5,5,5,5,5,0.2026188556102241,0.3722928694005414,True
429,Дебёсский,Удмуртская Республика,муниципальный округ,94-514-000-000,1,0,1,4,4,4,4,4,4,4,4,4,1,1,1,0.11300166675849693,0.3262904267396934,False
430,Завьяловский,Удмуртская Республика,муниципальный округ,94-516-000-000,0,3,4,0,0,0,0,0,0,0,0,0,0,0,0,0.06424613755568467,0.13758055563886168,False
431,Игринский,Удмуртская Республика,муниципальный округ,94-518-000-000,5,0,5,1,1,1,1,1,4,1,1,1,1,1,1,0.08583061044133912,0.24875386587325543,False
432,Камбарский,Удмуртская Республика,муниципальный округ,94-520-000-000,1,0,1,1,1,1,1,1,1,1,1,1,1,1,1,0.10769093637899899,0.27377389765828336,False
433,Каракулинский,Удмуртская Республика,муниципальный округ,94-522-000-000,5,0,1,5,5,5,5,5,5,5,5,5,5,5,5,0.027247153509733626,0.3146555873752,False
434,Кезский,Удмуртская Республика,муниципальный округ,94-524-000-000,5,0,5,5,1,1,1,1,4,1,1,1,1,1,1,0.16648903968581288,0.25873332401802557,True
435,Кизнерский,Удмуртская Республика,муниципальный округ,94-526-000-000,5,0,1,5,5,1,1,1,1,5,5,5,5,5,5,0.08158643072052166,0.1529624948282839,False
436,Киясовский,Удмуртская Республика,муниципальный округ,94-528-000-000,1,0,1,1,1,1,1,1,1,1,1,1,1,1,1,0.1514147804358231,0.38230198471486504,False
437,Красногорский,Удмуртская Республика,муниципальный округ,94-530-000-000,5,0,1,5,5,5,5,5,5,5,5,5,5,5,5,0.049722672393071425,0.21644819236166096,False
438,Малопургинский,Удмуртская Республика,муниципальный округ,94-533-000-000,5,0,1,1,1,1,1,1,1,1,4,1,1,1,1,0.13624943250459215,0.1994322904024165,False
440,Сарапульский,Удмуртская Республика,муниципальный округ,94-537-000-000,1,3,1,1,1,1,0,0,0,1,0,0,1,0,0,0.16289537900747253,0.012210984392933544,False
441,Селтинский,Удмуртская Республика,муниципальный округ,94-539-000-000,5,0,5,5,5,5,5,5,5,5,5,5,5,5,5,0.25385016261948856,0.1494729466011184,False
442,Сюмсинский,Удмуртская Республика,муниципальный округ,94-541-000-000,5,0,5,5,5,4,5,5,4,5,5,5,5,5,5,0.076578466895181,0.30430779253105117,False
443,Увинский,Удмуртская Республика,муниципальный округ,94-544-000-000,1,0,5,1,1,1,1,1,4,1,4,4,4,1,1,0.25459180349851634,0.09956805853310977,False
444,Шарканский,Удмуртская Республика,муниципальный округ,94-546-000-000,5,0,1,1,1,1,1,1,4,1,4,1,1,1,1,0.16259127811145632,0.17228968458418664,False
445,Юкаменский,Удмуртская Республика,муниципальный округ,94-548-000-000,1,0,1,1,1,1,1,1,1,5,5,5,5,5,5,0.2559605462719337,0.25104368127642424,True
446,Якшур-Бодьинский,Удмуртская Республика,муниципальный округ,94-550-000-000,5,0,1,1,1,4,1,1,4,5,4,5,5,1,1,0.14672941881566048,0.14484426595699737,False
447,Ярский,Удмуртская Республика,муниципальный округ,94-552-000-000,1,0,1,1,5,5,5,5,5,5,5,5,5,5,1,0.08314792567542258,0.02328138399862509,False
448,Абакан,Республика Хакасия,городской округ,95-701-000-000,0,3,0,0,0,0,0,0,0,0,0,0,0,0,0,0.17436359874932889,0.23706840378635308,False
449,Абаза,Республика Хакасия,городской округ,95-702-000-000,5,3,5,5,4,4,4,4,4,4,4,4,4,4,4,0.07460356658464183,0.03902860417064616,False
450,Саяногорск,Республика Хакасия,городской округ,95-708-000-000,0,3,0,0,0,0,0,0,0,0,0,0,0,0,0,0.25593004799741204,0.17121023136438118,False
451,Сорск,Республика Хакасия,городской округ,95-709-000-000,1,3,0,1,1,1,1,1,1,1,1,1,1,1,1,0.10970178725246191,0.0820423229320121,False
452,Черногорск,Республика Хакасия,городской округ,95-715-000-000,0,3,0,0,0,0,0,0,0,0,0,0,0,0,0,0.1847568132780081,0.3315365195958756,False
453,Алтайский,Республика Хакасия,муниципальный район,95-605-000-000,0,3,0,0,0,0,0,0,0,0,1,1,1,0,0,0.04148348740123447,0.040809264477796155,False
455,Бейский,Республика Хакасия,муниципальный район,95-612-000-000,0,3,0,0,0,4,4,0,4,4,4,4,4,4,4,0.004789978765737763,0.13882510391922973,False
456,Боградский,Республика Хакасия,муниципальный район,95-615-000-000,5,0,1,1,1,4,5,5,4,5,4,4,4,5,5,0.2404341904231843,0.08821328621407162,False
457,Орджоникидзевский,Республика Хакасия,муниципальный район,95-620-000-000,5,0,5,1,5,4,5,5,5,5,4,4,4,5,5,0.02781571525470039,0.12661182176834723,False
458,Таштыпский,Республика Хакасия,муниципальный район,95-625-000-000,4,3,4,4,4,4,4,4,4,4,4,4,4,4,4,0.01537319803263044,0.28141050925790245,False
459,Усть-Абаканский,Республика Хакасия,муниципальный район,95-630-000-000,0,3,0,0,0,0,0,0,0,0,0,0,0,0,0,0.08059406265793609,0.12243962838627301,False
460,Ширинский,Республика Хакасия,муниципальный район,95-635-000-000,5,0,5,5,5,4,4,1,4,4,4,4,4,4,4,0.08983839067293378,0.3649694348451312,False
478,Чебоксары,Чувашская Республика,городской округ,97-701-000-000,0,3,0,0,0,0,0,0,0,0,0,0,0,0,0,0.13071243600768975,0.14198103847365484,False
479,Алатырь,Чувашская Республика,городской округ,97-704-000-000,5,0,5,5,1,1,1,1,1,5,5,5,5,1,1,0.23146328384031972,0.05635633283572062,False
480,Канаш,Чувашская Республика,городской округ,97-707-000-000,0,3,5,0,1,1,1,1,1,1,1,1,1,1,1,0.032935507287904994,0.041493170022892635,False
481,Новочебоксарск,Чувашская Республика,городской округ,97-710-000-000,0,3,0,0,0,0,0,0,0,0,0,0,0,0,0,0.16128590493283068,0.22108722957739602,False
482,Шумерля,Чувашская Республика,городской округ,97-713-000-000,1,0,5,1,1,1,1,1,1,1,1,1,1,1,1,0.1068092845678236,0.2839170141688439,False
484,Аликовский,Чувашская Республика,муниципальный округ,97-505-000-000,5,0,1,5,5,4,5,5,4,5,1,1,1,1,5,0.10687828463446286,0.03535501457970562,False
485,Батыревский,Чувашская Республика,муниципальный округ,97-507-000-000,5,0,1,5,5,4,5,5,4,1,1,1,1,1,1,0.05937478472127929,0.06022586415665227,False
486,Вурнарский,Чувашская Республика,муниципальный округ,97-510-000-000,1,0,1,1,1,1,1,1,1,1,1,1,1,1,1,0.08981504959466483,0.3719275396504362,False
487,Ибресинский,Чувашская Республика,муниципальный округ,97-513-000-000,1,0,5,1,1,1,1,5,1,1,1,1,1,1,1,0.1493554970192748,0.15636605332626974,False
489,Козловский,Чувашская Республика,муниципальный округ,97-519-000-000,1,0,1,1,1,1,1,1,1,1,1,1,1,1,1,0.3563622985692044,0.2639761980966965,False
490,Комсомольский,Чувашская Республика,муниципальный округ,97-521-000-000,5,0,1,5,5,4,5,5,4,1,1,1,1,1,1,0.01210426539011563,0.14025044016418287,False
491,Красноармейский,Чувашская Республика,муниципальный округ,97-524-000-000,5,0,1,1,1,1,1,1,1,1,1,1,1,1,1,0.22931570576264115,0.2421402809975039,False
492,Красночетайский,Чувашская Республика,муниципальный округ,97-526-000-000,5,0,5,1,1,1,1,1,1,1,1,1,1,1,1,0.14768269133762799,0.2471152990288837,False
493,Мариинско-Посадский,Чувашская Республика,муниципальный округ,97-529-000-000,1,0,1,1,1,5,5,5,5,1,1,1,1,1,1,0.19005695248485038,0.2243961938814755,False
494,Моргаушский,Чувашская Республика,муниципальный округ,97-532-000-000,1,0,1,1,1,1,1,1,1,1,1,1,1,1,1,0.2734319628943788,0.26828169701867355,False
495,Порецкий,Чувашская Республика,муниципальный округ,97-535-000-000,1,0,5,5,1,1,1,1,1,1,1,1,1,1,1,0.2778387904362349,0.18515436534866653,True
496,Урмарский,Чувашская Республика,муниципальный округ,97-538-000-000,1,0,1,1,1,1,5,5,1,1,1,1,1,1,1,0.33105638801492193,0.24788225864545313,False
497,Цивильский,Чувашская Республика,муниципальный округ,97-541-000-000,1,0,1,1,1,1,1,1,1,1,1,1,1,1,1,0.08795439274035427,0.25000225289372524,False
498,Чебоксарский,Чувашская Республика,муниципальный округ,97-544-000-000,0,3,0,0,0,0,0,0,0,0,0,0,0,0,0,0.0529096945820273,0.15306484745899807,False
499,Шемуршинский,Чувашская Республика,муниципальный округ,97-547-000-000,5,0,5,5,5,4,5,5,4,1,1,1,1,1,1,0.013587975365385191,0.04273413009247154,False
501,Ядринский,Чувашская Республика,муниципальный округ,97-553-000-000,1,0,5,1,1,1,1,1,1,1,1,1,1,1,1,0.105016933977024,0.3185645654319372,False
502,Яльчикский,Чувашская Республика,муниципальный округ,97-555-000-000,5,0,5,5,5,4,5,5,4,1,1,1,1,5,5,0.005336376969583679,0.1300870669330693,False
503,Янтиковский,Чувашская Республика,муниципальный округ,97-558-000-000,5,0,1,5,5,5,5,5,5,5,1,1,5,1,1,0.12558180619181783,0.03322052630438241,False
504,Барнаул,Алтайский край,городской округ,01-701-000-000,0,3,0,0,0,0,0,0,0,0,0,0,0,0,0,0.07486636936513742,0.10436701110414186,False
505,Алейск,Алтайский край,городской округ,01-703-000-000,0,3,0,1,1,0,0,0,0,0,0,0,0,0,0,0.0053112720952913795,0.1334524650727959,False
506,Белокуриха,Алтайский край,городской округ,01-704-000-000,0,3,4,0,0,0,4,4,0,0,0,0,0,0,0,0.02092842359844836,0.32961716657200973,False
507,Бийск,Алтайский край,городской округ,01-705-000-000,0,3,4,0,0,0,0,0,0,0,0,0,0,0,0,0.035193785906186215,0.10454730236385133,False
508,Заринск,Алтайский край,городской округ,01-706-000-000,0,3,0,0,0,0,0,0,0,0,0,0,0,0,0,0.09553310478108167,0.16392192518232326,False
509,Новоалтайск,Алтайский край,городской округ,01-713-000-000,0,3,0,0,0,0,0,0,0,0,0,0,0,0,0,0.07999667691859402,0.3139023842138256,False
510,Рубцовск,Алтайский край,городской округ,01-716-000-000,0,3,0,0,0,0,0,0,0,0,0,0,0,0,0,0.04761457278330452,0.24073838631095898,False
511,Славгород,Алтайский край,муниципальный округ,01-539-000-000,0,3,0,0,0,0,0,0,0,0,4,4,4,4,4,0.05571463363957937,0.10164121702891557,False
512,Яровое,Алтайский край,городской округ,01-730-000-000,5,0,5,5,5,1,4,4,1,1,1,1,1,1,1,0.0715297997152441,0.09508191147936693,False
515,Алтайский,Алтайский край,муниципальный район,01-602-000-000,4,3,4,4,4,4,4,4,4,4,4,4,4,4,4,0.2772067882170019,0.39701712316530474,False
516,Баевский,Алтайский край,муниципальный район,01-603-000-000,5,0,5,5,5,5,5,5,5,5,5,5,5,5,5,0.1259412665153163,0.31016280024814036,False
517,Бийский,Алтайский край,муниципальный район,01-604-000-000,4,3,4,4,4,4,0,0,4,4,4,4,4,4,4,0.3132145177941234,0.23323071450574764,False
518,Благовещенский,Алтайский край,муниципальный район,01-605-000-000,5,0,5,5,5,4,4,4,4,1,4,4,1,1,1,0.15912240570932515,0.08626986822483333,False
519,Бурлинский,Алтайский край,муниципальный район,01-606-000-000,5,0,4,5,5,4,5,5,4,1,1,1,1,1,5,0.0988014353168859,0.08596985249439731,False
520,Быстроистокский,Алтайский край,муниципальный район,01-607-000-000,5,0,5,5,5,5,5,5,5,5,5,5,5,5,5,0.1690441360691205,0.3037098298266239,False
521,Волчихинский,Алтайский край,муниципальный район,01-608-000-000,5,0,5,5,5,4,5,5,5,5,5,5,5,5,5,0.42676203641869687,0.19775696857615793,False
522,Егорьевский,Алтайский край,муниципальный район,01-609-000-000,5,0,1,1,1,1,1,1,1,5,5,5,5,5,5,0.10015471012410065,0.24199639004044615,False
523,Ельцовский,Алтайский край,муниципальный район,01-610-000-000,1,0,5,1,1,1,1,1,1,1,4,1,1,1,1,0.06646478427401421,0.2769327874263439,False
524,Завьяловский,Алтайский край,муниципальный район,01-611-000-000,5,0,5,5,5,5,5,5,4,5,4,4,4,5,5,0.2775331569489675,0.07005114474730964,False
525,Залесовский,Алтайский край,муниципальный округ,01-512-000-000,5,0,5,5,5,5,5,5,5,5,5,5,5,5,5,0.31768534373937324,0.09497701119692699,False
527,Змеиногорский,Алтайский край,муниципальный район,01-614-000-000,1,0,5,5,1,1,4,4,1,1,0,0,1,1,1,0.04793480581983656,0.11954229702387896,False
528,Калманский,Алтайский край,муниципальный район,01-615-000-000,1,0,1,1,1,1,1,5,1,1,1,1,1,1,1,0.11550675550116261,0.3748848097129508,False
529,Каменский,Алтайский край,муниципальный район,01-616-000-000,5,0,5,5,5,4,4,4,4,4,4,4,4,4,4,0.036974423901176105,0.1400454741260705,False
530,Ключевский,Алтайский край,муниципальный район,01-617-000-000,5,0,5,5,5,4,4,5,4,1,4,1,1,1,1,0.17469396600198842,0.07947835320682113,False
531,Косихинский,Алтайский край,муниципальный район,01-618-000-000,5,0,5,5,5,5,5,5,5,5,5,5,5,5,5,0.276716727272895,0.23273518455077108,False
532,Красногорский,Алтайский край,муниципальный район,01-619-000-000,5,0,5,5,5,4,4,1,4,1,1,1,1,1,1,0.07443861160486467,0.03577253192471379,False
533,Краснощёковский,Алтайский край,муниципальный район,01-620-000-000,5,0,5,5,5,4,1,1,4,1,4,4,4,5,5,0.18601201555855681,0.09107520795261034,False
534,Крутихинский,Алтайский край,муниципальный район,01-621-000-000,5,0,5,5,5,4,5,5,5,5,5,5,5,5,5,0.32770181487357014,0.23157052532287362,False
535,Кулундинский,Алтайский край,муниципальный район,01-622-000-000,5,0,5,5,5,4,4,4,4,4,4,4,4,4,4,0.01523074097955019,0.23945039502607823,False
536,Курьинский,Алтайский край,муниципальный район,01-623-000-000,5,0,5,5,5,4,5,5,5,1,1,1,1,5,5,0.20370064741588054,0.19031363727135642,False
537,Кытмановский,Алтайский край,муниципальный район,01-624-000-000,5,0,5,5,4,4,4,4,4,5,1,1,1,1,1,0.1261692656155136,0.10815059704436733,False
538,Локтевский,Алтайский край,муниципальный район,01-625-000-000,5,0,5,5,5,5,5,5,5,5,5,5,5,5,5,0.30411363572360534,0.29182902386853943,False
539,Мамонтовский,Алтайский край,муниципальный район,01-626-000-000,5,0,5,5,5,5,5,5,5,5,1,5,5,5,5,0.369590379491883,0.21685404354854243,False
540,Михайловский,Алтайский край,муниципальный район,01-627-000-000,5,0,5,5,5,4,5,5,4,4,4,4,4,4,4,0.09465449512649704,0.049301946073239185,False
541,Новичихинский,Алтайский край,муниципальный район,01-628-000-000,5,0,1,1,1,1,1,1,1,1,5,5,5,5,5,0.0843299573266658,0.1803602945170239,False
542,Зональный,Алтайский край,муниципальный район,01-629-000-000,1,0,1,1,1,1,1,1,1,1,4,1,1,1,1,0.2373372492907604,0.06927231347202294,False
543,Павловский,Алтайский край,муниципальный район,01-630-000-000,1,0,5,1,1,1,1,1,1,1,1,1,1,1,1,0.024601795520857356,0.23517887191172526,False
544,Панкрушихинский,Алтайский край,муниципальный район,01-631-000-000,5,0,5,5,5,5,5,5,5,5,5,5,5,5,5,0.030762918223491593,0.13430117822590468,False
545,Первомайский,Алтайский край,муниципальный район,01-632-000-000,1,0,1,1,1,1,1,1,1,1,1,1,1,1,1,0.05722101303652403,0.29942027353119155,False
546,Петропавловский,Алтайский край,муниципальный район,01-633-000-000,5,0,5,5,5,5,5,5,5,5,5,5,5,5,5,0.3086749718297917,0.38963513964962443,False
547,Поспелихинский,Алтайский край,муниципальный район,01-634-000-000,5,0,5,5,5,5,5,5,4,1,1,1,1,1,1,0.28202921559382843,0.21065865496592537,True
548,Ребрихинский,Алтайский край,муниципальный район,01-635-000-000,5,0,5,5,5,5,1,1,5,5,5,5,5,5,5,0.3053580489193701,0.0877116582818795,False
549,Родинский,Алтайский край,муниципальный район,01-636-000-000,5,0,5,5,5,5,5,5,5,5,5,5,5,5,5,0.22908762974746696,0.3382746967578438,False
550,Романовский,Алтайский край,муниципальный район,01-637-000-000,5,0,5,5,5,4,5,5,4,5,4,5,5,5,5,0.28183101906543867,0.25187146444642855,False
552,Смоленский,Алтайский край,муниципальный район,01-640-000-000,5,0,5,5,5,5,5,5,5,5,5,5,5,5,5,0.3200081061037264,0.09524250844059007,False
553,Суетский,Алтайский край,муниципальный округ,01-541-000-000,5,0,1,5,1,1,1,1,1,5,5,5,5,5,5,0.07763133221641474,0.09155614668630453,False
554,Советский,Алтайский край,муниципальный район,01-642-000-000,4,0,1,1,1,1,1,1,1,1,4,4,4,4,4,0.1161002225165244,0.21565999252867124,False
555,Солонешенский,Алтайский край,муниципальный район,01-643-000-000,5,0,4,4,4,4,4,4,4,4,4,4,4,4,4,0.1001964806326593,0.08988224681543523,False
556,Солтонский,Алтайский край,муниципальный район,01-644-000-000,5,0,1,1,5,5,5,5,5,5,5,5,5,5,5,0.09953576962452121,0.1689954813945233,False
557,Шелаболихинский,Алтайский край,муниципальный район,01-645-000-000,5,0,5,5,5,4,5,5,4,5,1,1,5,5,5,0.11192490278421639,0.15878118301485245,False
558,Табунский,Алтайский край,муниципальный район,01-646-000-000,5,0,5,5,5,5,5,5,5,5,1,1,1,1,5,0.02471199653735176,0.11844992201329071,False
559,Тальменский,Алтайский край,муниципальный район,01-647-000-000,1,0,5,1,1,1,1,1,1,1,1,1,1,1,1,0.16805251771217578,0.21629448806025087,True
560,Тогульский,Алтайский край,муниципальный район,01-648-000-000,5,0,5,5,5,4,5,5,5,1,1,5,5,5,5,0.3799158446351244,0.22580946941780122,False
561,Топчихинский,Алтайский край,муниципальный район,01-649-000-000,1,0,5,1,1,1,1,1,1,1,5,5,5,1,1,0.10416117004830139,0.12225277948969862,False
562,Третьяковский,Алтайский край,муниципальный район,01-650-000-000,5,0,5,1,1,1,1,1,1,1,5,5,5,5,5,0.2981146147288985,0.15620621333866852,False
563,Троицкий,Алтайский край,муниципальный район,01-651-000-000,5,0,5,5,5,5,5,5,5,1,1,1,1,1,5,0.2170460614511736,0.03467463636427296,False
564,Тюменцевский,Алтайский край,муниципальный район,01-652-000-000,5,0,5,5,5,4,5,1,4,1,1,1,1,1,4,0.10484821324605476,0.0047633361444199655,False
565,Угловский,Алтайский край,муниципальный район,01-653-000-000,5,0,5,1,5,1,5,5,5,1,5,5,5,5,5,0.3137920625745213,0.12178607027967432,False
566,Усть-Калманский,Алтайский край,муниципальный район,01-654-000-000,5,0,5,5,5,5,5,5,5,5,5,5,5,5,5,0.3573734843832915,0.3752747358412344,False
567,Усть-Пристанский,Алтайский край,муниципальный район,01-655-000-000,5,0,5,5,5,5,5,5,4,5,5,5,5,5,5,0.20238531183133546,0.25196857998991107,False
568,Хабарский,Алтайский край,муниципальный район,01-656-000-000,5,0,5,5,1,1,1,1,1,1,1,1,1,1,1,0.25075119367894855,0.18474968260811644,True
569,Целинный,Алтайский край,муниципальный район,01-657-000-000,5,0,5,5,5,4,1,1,4,5,5,5,5,5,5,0.273698179296384,0.17597852064111516,False
570,Чарышский,Алтайский край,муниципальный округ,01-558-000-000,5,0,5,1,1,1,1,1,1,1,5,5,5,5,5,0.14807712370037673,0.06286381127092862,False
571,Шипуновский,Алтайский край,муниципальный район,01-659-000-000,5,0,5,5,1,4,1,1,4,1,4,5,1,1,1,0.24007647572959834,0.08435847269002293,False
572,Немецкий,Алтайский край,муниципальный район,01-660-000-000,5,0,5,5,5,5,5,5,4,5,5,5,5,5,5,0.30055971164603845,0.2287942797087432,False
574,Петровск-Забайкальский,Забайкальский край,городской округ,76-715-000-000,5,3,5,5,5,5,4,4,4,5,5,5,5,5,5,0.016228074607932654,0.062313296322526135,False
578,Балейский,Забайкальский край,муниципальный район,76-606-000-000,0,3,0,0,0,0,4,4,0,0,1,1,1,0,0,0.23950033938463056,0.031176717976279224,False
579,Борзинский,Забайкальский край,муниципальный район,76-609-000-000,0,3,0,0,0,0,4,0,0,0,0,0,0,0,0,0.12902574739664363,0.2851727200121159,False
580,Газимуро-Заводский,Забайкальский край,муниципальный округ,76-510-000-000,4,3,4,4,4,4,4,4,4,4,4,4,4,4,4,0.22782570160439267,0.18011054430095438,False
581,Забайкальский,Забайкальский край,муниципальный район,76-612-000-000,0,3,0,0,0,4,4,4,0,4,0,0,0,0,0,0.15394117271022525,0.12060095086535541,False
582,Каларский,Забайкальский край,муниципальный округ,76-515-000-000,0,3,0,0,0,0,4,4,0,0,0,0,0,0,0,0.05663055229222905,0.2502442900252764,False
583,Калганский,Забайкальский край,муниципальный округ,76-518-000-000,4,0,4,4,4,4,5,5,4,4,4,4,4,4,4,0.16337366753807672,0.2306182850464198,False
584,Карымский,Забайкальский край,муниципальный район,76-620-000-000,0,3,0,0,0,4,4,4,4,0,0,0,1,0,0,0.1509403845284857,0.0162648606208701,False
585,Краснокаменск и Краснокаменский,Забайкальский край,муниципальный район,76-621-000-000,0,3,0,0,0,0,4,4,0,0,0,0,0,0,0,0.15681942156562886,0.2517306179866555,False
586,Красночикойский,Забайкальский край,муниципальный район,76-622-000-000,4,3,4,4,4,4,4,4,4,4,4,4,4,4,4,0.3272656156284714,0.38835970335529424,False
587,Кыринский,Забайкальский край,муниципальный район,76-624-000-000,4,3,4,4,4,4,4,5,4,4,4,4,4,4,4,0.3566848942392554,0.09446528166771596,False
588,Могочинский,Забайкальский край,муниципальный округ,76-526-000-000,0,3,0,0,0,0,4,4,0,0,0,0,0,0,0,0.18961308967212992,0.2561936681812122,False
589,Нерчинский,Забайкальский край,муниципальный район,76-628-000-000,4,3,4,4,4,4,4,4,4,4,4,4,4,4,4,0.33123481500389335,0.3247668727164117,False
591,Оловяннинский,Забайкальский край,муниципальный район,76-632-000-000,5,3,5,5,5,4,4,4,4,0,0,0,4,0,0,0.02193090609284472,0.03981434820868945,False
592,Ононский,Забайкальский край,муниципальный округ,76-534-000-000,4,0,4,4,4,4,2,2,4,4,4,4,4,4,4,0.3281696722982197,0.16850597476027288,False
593,Петровск-Забайкальский,Забайкальский край,муниципальный район,76-636-000-000,4,3,4,4,4,4,5,5,4,4,4,4,4,4,4,0.20842013826579575,0.22773928111665434,False
594,Приаргунский,Забайкальский край,муниципальный округ,76-538-000-000,5,3,4,5,5,4,4,5,4,4,4,4,4,4,4,0.11367006201974168,0.18771540865864653,False
595,Сретенский,Забайкальский край,муниципальный район,76-640-000-000,4,0,4,4,4,4,4,4,4,4,4,4,4,4,4,0.22538601675591935,0.10548748062190774,False
598,Улётовский,Забайкальский край,муниципальный район,76-646-000-000,5,0,5,5,5,4,5,5,4,4,4,4,4,4,4,0.18043540362396354,0.05162568244631066,False
599,Хилокский,Забайкальский край,муниципальный район,76-647-000-000,0,3,0,0,4,4,4,4,4,0,4,0,4,4,4,0.1084172970029536,0.14455191120762667,False
600,Чернышевский,Забайкальский край,муниципальный район,76-648-000-000,0,3,4,4,4,4,4,4,4,4,4,4,4,4,4,0.0730641280093751,0.06307706055614885,False
601,Читинский,Забайкальский край,муниципальный район,76-650-000-000,0,3,4,4,0,4,4,4,4,0,0,0,0,0,0,0.03261636613978326,0.16190089649220085,False
602,Шелопугинский,Забайкальский край,муниципальный район,76-652-000-000,4,0,4,4,4,4,5,5,4,4,4,4,4,4,4,0.13442321841811838,0.11223006214104797,False
603,Шилкинский,Забайкальский край,муниципальный район,76-654-000-000,0,3,0,5,5,4,4,4,4,0,0,0,0,0,0,0.007776187001431154,0.03498436359522351,False
604,Агинское,Забайкальский край,городской округ,76-702-000-000,4,3,4,4,4,4,4,4,4,4,4,4,4,4,4,0.28375046026084555,0.420257840313714,False
605,Агинский,Забайкальский край,муниципальный район,76-602-000-000,4,3,4,4,4,4,4,4,4,4,4,4,4,4,4,0.34934496581691654,0.4098824404710914,False
606,Дульдургинский,Забайкальский край,муниципальный район,76-611-000-000,4,3,4,4,4,4,4,4,4,4,4,4,4,4,4,0.3440210940896008,0.36802617869760074,False
607,Могойтуйский,Забайкальский край,муниципальный район,76-625-000-000,4,3,4,4,4,4,4,4,4,4,4,4,4,4,4,0.3991608296631946,0.44270744974402226,False
608,Петропавловск-Камчатский,Камчатский край,городской округ,30-701-000-000,3,1,3,3,3,3,3,3,3,3,3,3,3,3,3,0.2764853453042038,0.3299381874946592,False
612,Елизовский,Камчатский край,муниципальный район,30-607-000-000,3,1,3,3,3,3,3,3,3,3,3,3,3,3,3,0.24147791175884503,0.28569347352319735,False
613,Мильковский,Камчатский край,муниципальный округ,30-510-000-000,0,3,4,2,2,2,2,4,2,0,0,0,0,0,0,0.025817254074860022,0.13348379780035927,False
614,Соболевский,Камчатский край,муниципальный район,30-613-000-000,3,1,3,3,3,3,3,3,3,3,3,3,3,3,3,0.03668277491033222,0.05772874041377222,False
615,Усть-Большерецкий,Камчатский край,муниципальный район,30-616-000-000,3,1,3,3,3,0,0,0,0,3,3,3,3,0,0,0.0740062464849302,0.015725262195017544,False
616,Усть-Камчатский,Камчатский край,муниципальный район,30-619-000-000,2,2,2,2,2,2,4,4,2,0,0,0,0,0,0,0.2354990346242878,0.07340457538916574,False
618,Карагинский,Камчатский край,муниципальный район,30-824-000-000,2,2,2,2,2,2,2,2,2,2,2,2,2,2,2,0.4122679651166521,0.46387893683064485,False
619,Олюторский,Камчатский край,муниципальный район,30-827-000-000,2,2,2,2,2,2,2,2,2,2,2,2,2,2,2,0.531451424803619,0.5244842761407018,False
621,Тигильский,Камчатский край,муниципальный район,30-832-000-000,2,2,2,2,2,2,2,4,2,2,2,2,2,2,2,0.4023355653251757,0.5349911009518296,False
666,Красноярск,Красноярский край,городской округ,04-701-000-000,3,1,3,3,3,3,3,3,3,3,3,3,3,3,3,0.030956388206590316,0.08635309934335483,False
667,Ачинск,Красноярский край,городской округ,04-703-000-000,0,3,0,0,0,0,0,0,0,0,0,0,0,0,0,0.21592198541149132,0.3258131559649345,False
668,Боготол,Красноярский край,городской округ,04-706-000-000,5,0,5,5,1,1,1,1,1,1,1,1,1,5,5,0.19033808111704284,0.02186464309693326,False
669,Бородино,Красноярский край,городской округ,04-707-000-000,1,3,0,1,1,1,1,1,1,1,0,1,1,1,1,0.05283220276928565,0.12674174554919523,False
670,Дивногорск,Красноярский край,городской округ,04-709-000-000,0,3,0,0,0,0,0,0,0,0,0,0,0,0,0,0.25473888150214236,0.11105423686916885,False
671,Енисейск,Красноярский край,городской округ,04-712-000-000,0,3,0,0,0,0,4,4,0,0,0,0,0,0,0,0.1972881991066832,0.3141497969991446,False
674,Канск,Красноярский край,городской округ,04-720-000-000,0,3,0,0,0,0,0,0,0,0,0,0,0,0,0,0.2109013048542943,0.39299066692360346,False
675,Лесосибирск,Красноярский край,городской округ,04-722-000-000,0,3,0,0,0,0,4,4,0,0,0,0,0,0,0,0.21613728780489885,0.28175919098663027,False
676,Минусинск,Красноярский край,городской округ,04-723-000-000,0,3,0,0,0,0,0,0,0,0,0,0,0,0,0,0.017972898246871517,0.23804405859337838,False
677,Назарово,Красноярский край,городской округ,04-726-000-000,0,3,0,0,0,0,0,0,0,0,0,0,0,0,0,0.10074680871447374,0.16168030709233888,False
678,Норильск,Красноярский край,городской округ,04-729-000-000,3,1,3,3,3,3,2,4,3,3,3,3,3,3,3,0.2505560338310195,0.06790881447143182,False
679,Сосновоборск,Красноярский край,городской округ,04-733-000-000,0,3,0,0,0,0,0,0,0,0,0,0,0,0,0,0.10799948854427055,0.25315621483652984,False
680,Шарыпово,Красноярский край,городской округ,04-740-000-000,0,3,0,0,0,0,0,0,0,0,0,0,0,0,0,0.21637119164484647,0.2761814439441961,False
683,Абанский,Красноярский край,муниципальный район,04-601-000-000,5,0,5,5,5,1,1,1,1,1,1,1,1,1,1,0.5180358275583503,0.18244451920859842,True
685,Балахтинский,Красноярский край,муниципальный район,04-604-000-000,0,3,5,1,1,0,0,0,0,0,4,0,0,0,0,0.09437964883654755,0.21940614643083578,False
686,Березовский,Красноярский край,муниципальный район,04-605-000-000,4,3,4,4,0,0,0,0,0,0,0,0,0,0,0,0.16915116400416993,0.26811107186603544,True
687,Бирилюсский,Красноярский край,муниципальный район,04-606-000-000,5,0,1,1,1,5,5,5,5,5,5,5,5,5,5,0.28590872821400415,0.3247177226704989,True
689,Богучанский,Красноярский край,муниципальный район,04-609-000-000,0,3,0,0,0,4,4,4,4,4,4,4,4,0,0,0.28186318689518725,0.06692860654008494,False
690,Большемуртинский,Красноярский край,муниципальный район,04-610-000-000,5,0,5,5,5,5,5,5,5,5,5,5,5,5,5,0.17769105340042785,0.3605981908020518,False
691,Большеулуйский,Красноярский край,муниципальный район,04-611-000-000,5,0,5,5,5,5,4,4,5,5,5,5,5,5,5,0.1191012051722488,0.18129633982169052,False
692,Дзержинский,Красноярский край,муниципальный район,04-613-000-000,5,0,5,5,5,4,5,5,5,5,5,5,5,5,5,0.07707366828694197,0.17432134846192676,False
693,Емельяновский,Красноярский край,муниципальный район,04-614-000-000,0,3,4,0,0,0,0,0,0,0,0,0,0,0,0,0.016537494622028543,0.1338742255986541,False
694,Енисейский,Красноярский край,муниципальный район,04-615-000-000,1,0,0,0,0,1,4,4,1,1,0,5,5,5,5,0.030159691964635974,0.13217197402863942,False
695,Ермаковский,Красноярский край,муниципальный район,04-616-000-000,5,0,5,5,5,4,4,4,4,1,4,5,1,1,1,0.15937076245005724,0.04566774345272272,False
696,Идринский,Красноярский край,муниципальный район,04-617-000-000,5,0,5,5,1,4,1,1,4,1,1,1,1,1,1,0.0644784919679964,0.16274320645482754,False
697,Иланский,Красноярский край,муниципальный район,04-618-000-000,1,0,5,1,1,1,1,4,1,1,1,1,1,1,1,0.01598306703447576,0.20066684147299874,False
698,Ирбейский,Красноярский край,муниципальный район,04-619-000-000,5,0,5,5,5,5,5,5,5,5,5,5,5,5,5,0.13255959514397472,0.14062615213985105,False
699,Казачинский,Красноярский край,муниципальный район,04-620-000-000,5,0,5,5,5,4,5,5,5,5,4,5,5,5,1,0.21135664797326795,0.05642226080249322,False
701,Каратузский,Красноярский край,муниципальный район,04-622-000-000,5,0,5,5,1,1,1,1,1,1,1,1,1,1,1,0.14408649587709535,0.1663032129636547,False
702,Кежемский,Красноярский край,муниципальный район,04-624-000-000,0,3,0,0,0,0,4,4,0,0,0,0,0,0,0,0.22870010590939954,0.14415329906247754,False
703,Козульский,Красноярский край,муниципальный район,04-626-000-000,5,0,5,5,5,5,5,5,5,5,5,5,5,5,5,0.21416538393506845,0.283279891006116,False
704,Краснотуранский,Красноярский край,муниципальный район,04-628-000-000,5,0,5,5,1,1,1,1,1,1,1,1,1,1,1,0.19362695050064516,0.18636370066041474,True
705,Курагинский,Красноярский край,муниципальный район,04-630-000-000,5,0,5,5,5,1,1,1,1,1,0,0,0,0,1,0.21742670725588328,0.017763561422393527,False
706,Манский,Красноярский край,муниципальный район,04-631-000-000,5,0,1,5,5,5,5,5,5,5,5,5,5,5,5,0.12198479193510632,0.24772177115128238,False
708,Мотыгинский,Красноярский край,муниципальный район,04-635-000-000,4,2,4,4,4,4,4,4,2,4,2,2,4,4,4,0.23887075438493466,0.10625465142464316,False
710,Нижнеингашский,Красноярский край,муниципальный район,04-639-000-000,5,0,5,5,5,5,5,5,5,5,5,5,5,5,5,0.25559525349285794,0.17406549439909716,False
711,Новоселовский,Красноярский край,муниципальный район,04-641-000-000,5,0,5,5,5,5,5,5,5,5,5,5,5,5,5,0.35595020019898393,0.04710023180627909,False
712,Партизанский,Красноярский край,муниципальный район,04-643-000-000,5,0,5,5,5,5,5,5,5,5,5,5,5,5,5,0.2961152139162149,0.12972582285959008,False
713,Пировский,Красноярский край,муниципальный округ,04-545-000-000,5,0,5,5,5,5,5,5,5,5,5,5,5,5,5,0.32726118093868584,0.3368799122378895,False
714,Рыбинский,Красноярский край,муниципальный район,04-647-000-000,5,0,5,1,1,1,1,1,1,1,0,0,1,1,1,0.19902810554411832,0.01588197093561049,False
715,Саянский,Красноярский край,муниципальный район,04-648-000-000,5,0,5,5,5,5,5,5,5,5,5,5,5,5,5,0.32394283297066667,0.3144942944808555,False
716,Северо-Енисейский,Красноярский край,муниципальный район,04-649-000-000,0,3,0,0,0,0,4,4,0,0,2,2,0,0,0,0.1622446540374316,0.22943792081354553,False
717,Сухобузимский,Красноярский край,муниципальный район,04-651-000-000,5,0,5,5,5,5,1,1,4,1,4,4,4,1,1,0.29536234885668505,0.12431877700101943,False
718,Таймырский Долгано-Ненецкий,Красноярский край,муниципальный район,04-653-000-000,2,2,2,2,2,2,2,2,2,2,2,2,2,2,2,0.46917921164105963,0.5525404800431054,False
719,Тасеевский,Красноярский край,муниципальный район,04-652-000-000,5,0,5,5,5,5,5,5,5,5,1,1,1,1,1,0.3762635237788627,0.00653330282224157,False
720,Туруханский,Красноярский край,муниципальный район,04-654-000-000,2,2,2,2,2,2,2,2,2,2,2,2,2,2,2,0.5513328819967391,0.5418322608492443,False
721,Тюхтетский,Красноярский край,муниципальный округ,04-555-000-000,5,0,5,5,5,5,5,5,5,5,4,4,4,4,4,0.1884305228924636,0.18278539074670097,True
722,Ужурский,Красноярский край,муниципальный район,04-656-000-000,0,3,0,0,0,4,4,4,4,0,0,0,0,0,0,0.024234529098953028,0.03520641509051259,False
723,Уярский,Красноярский край,муниципальный район,04-657-000-000,5,0,5,1,1,1,1,1,1,1,1,1,1,1,1,0.2750930493392792,0.21000738509932743,True
725,Шушенский,Красноярский край,муниципальный район,04-659-000-000,0,3,0,0,0,0,4,4,0,0,0,0,0,0,0,0.014459812496490657,0.19658458770958878,False
726,Эвенкийский,Красноярский край,муниципальный район,04-650-000-000,2,2,2,2,2,2,2,2,2,2,2,2,2,2,2,0.49048786763830776,0.557731420488894,False
727,Пермский,Пермский край,городской округ,57-701-000-000,0,3,0,0,0,0,0,0,0,0,3,3,0,3,3,0.028960316063379718,0.01679982363042147,False
731,Лысьвенский,Пермский край,городской округ,57-726-000-000,0,3,0,0,0,0,0,0,0,0,0,0,0,0,0,0.08964170051638122,0.15343384161552373,False
734,Александровский,Пермский край,муниципальный округ,57-502-000-000,1,0,5,1,1,1,1,5,1,1,5,5,5,1,1,0.02734522567778554,0.135352617293746,False
735,Бардымский,Пермский край,муниципальный округ,57-503-000-000,5,0,5,5,5,1,1,1,4,5,4,5,5,5,5,0.09822899025710803,0.0958973007034709,False
736,Березовский,Пермский край,муниципальный округ,57-506-000-000,5,0,1,1,1,1,1,1,4,1,4,4,4,1,1,0.23534297158843676,0.01826971214439863,False
737,Большесосновский,Пермский край,муниципальный округ,57-508-000-000,5,0,5,5,5,5,5,5,4,1,1,1,1,1,5,0.13527653947218296,0.04217720169044526,False
738,Верещагинский,Пермский край,городской округ,57-712-000-000,5,0,5,1,1,4,4,4,4,1,1,1,1,1,1,0.13589618471421935,0.07719599898686733,False
739,Горнозаводский,Пермский край,городской округ,57-714-000-000,1,3,0,1,1,1,1,1,1,1,0,0,1,1,1,0.013064328773526786,0.06051668773009502,False
741,Добрянский,Пермский край,городской округ,57-718-000-000,0,3,0,0,0,0,0,0,0,0,0,0,0,0,0,0.14413152997393472,0.09221550122492106,False
742,Еловский,Пермский край,муниципальный округ,57-518-000-000,5,0,5,5,5,4,4,5,4,5,5,5,5,5,5,0.25388284122361726,0.3604195372338423,False
743,Ильинский,Пермский край,городской округ,57-759-000-000,1,0,1,1,1,1,1,1,1,1,1,1,1,1,1,0.12781259050262053,0.31523746974876143,False
744,Карагайский,Пермский край,муниципальный округ,57-522-000-000,5,0,5,5,5,4,1,5,4,1,1,1,1,1,1,0.2889855048949929,0.21162570352445165,True
745,Кизел,Пермский край,городской округ,57-719-000-000,1,0,5,1,1,1,1,1,1,1,1,1,1,1,1,0.02702483207631542,0.1486155068794989,False
746,Кишертский,Пермский край,муниципальный округ,57-524-000-000,1,0,1,1,1,1,1,1,1,1,5,5,5,1,5,0.2683910427163807,0.17658947780703335,True
747,Красновишерский,Пермский край,городской округ,57-760-000-000,1,0,5,5,5,5,5,5,1,1,5,5,5,1,1,0.19794523615002124,0.10945953410387708,False
748,Краснокамский,Пермский край,городской округ,57-720-000-000,0,3,0,0,0,0,0,0,0,0,0,0,0,0,0,0.22129099404033406,0.2942988611112235,False
749,Куединский,Пермский край,муниципальный округ,57-529-000-000,5,0,5,5,5,5,5,5,4,5,4,5,5,5,5,0.4423406634582949,0.14761763138438028,False
751,Нытвенский,Пермский край,городской округ,57-727-000-000,1,0,5,1,1,1,1,1,1,1,1,1,1,1,1,0.1041700365655443,0.2078649523062914,False
752,Октябрьский,Пермский край,городской округ,57-761-000-000,5,0,1,1,1,1,1,1,4,5,5,5,5,5,1,0.11926180033734618,0.024629699041210457,False
753,Ординский,Пермский край,муниципальный округ,57-538-000-000,5,0,5,5,5,5,5,5,5,5,5,5,1,1,1,0.010845872787031785,0.056941401062361195,False
754,Осинский,Пермский край,городской округ,57-728-000-000,0,3,0,0,0,0,4,4,0,0,1,0,0,0,0,0.09884115835528787,0.01620166959317178,False
755,Оханский,Пермский край,городской округ,57-729-000-000,1,0,5,1,1,1,1,1,1,1,1,1,1,1,1,0.15496781382971284,0.35577535966764273,True
756,Очерский,Пермский край,городской округ,57-762-000-000,5,0,5,5,5,4,4,5,4,1,1,1,1,1,1,0.13556712802976423,0.12009335249196504,False
757,Пермский,Пермский край,муниципальный округ,57-546-000-000,0,3,0,0,0,0,0,0,0,0,0,0,0,0,0,0.054458964534277864,0.15958195147821785,False
758,Сивинский,Пермский край,муниципальный округ,57-548-000-000,5,0,5,5,5,4,5,5,4,1,1,1,1,1,1,0.3548004566629349,0.09286975470723251,False
760,Суксунский,Пермский край,городской округ,57-731-000-000,5,0,1,1,1,1,1,1,5,5,5,5,5,5,5,0.009142539785957604,0.32175893587486304,False
761,Уинский,Пермский край,муниципальный округ,57-552-000-000,5,0,1,1,1,4,1,1,4,4,4,4,4,5,5,0.163213403315606,0.07402186365695547,False
763,Чайковский,Пермский край,городской округ,57-735-000-000,0,3,0,0,0,0,0,0,0,0,0,0,0,0,0,0.1955716237707393,0.33337362314754176,False
764,Частинский,Пермский край,муниципальный округ,57-555-000-000,1,0,5,1,1,4,4,4,1,1,1,1,1,1,1,0.17727240481210893,0.26322007301051575,True
765,Чердынский,Пермский край,городской округ,57-756-000-000,5,0,1,1,1,1,1,1,4,1,1,1,1,1,1,0.03600299418356547,0.026106249967465744,False
766,Чернушинский,Пермский край,городской округ,57-757-000-000,0,3,0,0,0,0,0,0,0,0,0,0,0,0,0,0.10871295717949768,0.2807231960042983,False
767,Чусовской,Пермский край,городской округ,57-758-000-000,0,3,0,0,0,0,0,0,0,0,0,0,0,0,0,0.19161066999538295,0.33793835528226845,False
769,Гайнский,Пермский край,муниципальный округ,57-513-000-000,5,0,5,5,5,5,4,5,4,5,1,5,5,5,5,0.31679571318308186,0.28437015679527977,False
770,Косинский,Пермский край,муниципальный округ,57-525-000-000,5,0,5,4,4,4,4,4,4,4,5,5,5,5,5,0.06371253090480679,0.2571024121578682,False
771,Кочевский,Пермский край,муниципальный округ,57-526-000-000,5,0,5,1,4,4,4,4,4,1,1,1,1,1,1,0.019321484362850177,0.21614766721649878,False
773,Юрлинский,Пермский край,муниципальный округ,57-559-000-000,5,0,5,5,1,4,4,4,4,1,1,1,1,4,4,0.14426660118376713,0.043466051135670765,False
774,Юсьвинский,Пермский край,муниципальный округ,57-560-000-000,1,0,1,1,1,4,5,5,1,1,1,1,1,1,1,0.16181802337547316,0.3126237449274441,False
775,Владивостокский,Приморский край,городской округ,05-701-000-000,3,1,3,3,3,3,3,3,3,3,3,3,3,3,3,0.19423538261343778,0.2652665667676405,False
776,Арсеньевский,Приморский край,городской округ,05-703-000-000,0,3,0,0,0,0,0,0,0,0,0,0,0,0,0,0.06757200970622208,0.12972079921184898,False
777,Артемовский,Приморский край,городской округ,05-705-000-000,3,1,3,3,3,3,3,3,3,3,3,3,3,3,3,0.05907846037435285,0.10775013648971349,False
778,Большой Камень,Приморский край,городской округ,05-706-000-000,0,1,0,0,0,0,0,0,0,0,3,3,3,0,0,0.029543559278446593,0.040564122019905204,False
779,Дальнегорский,Приморский край,городской округ,05-707-000-000,0,3,0,0,0,0,0,0,0,0,0,0,0,0,0,0.016113584246544337,0.1344611237374015,False
780,Дальнереченский,Приморский край,городской округ,05-708-000-000,0,3,0,0,0,0,0,0,0,0,0,0,0,0,0,0.0630586565146611,0.28455556830418993,False
781,Лесозаводский,Приморский край,городской округ,05-711-000-000,0,3,0,0,0,0,0,0,0,0,0,0,0,0,0,0.10516106109710048,0.17918565747469528,False
782,Находкинский,Приморский край,городской округ,05-714-000-000,3,1,3,3,3,3,3,3,3,3,3,3,3,3,3,0.055636432618081204,0.11170849899892772,False
783,Партизанский,Приморский край,городской округ,05-717-000-000,1,0,5,1,1,1,0,0,0,0,0,0,0,1,1,0.10049931492480343,0.005913519626461138,False
784,Спасск-Дальний,Приморский край,городской округ,05-720-000-000,0,3,0,0,0,0,0,0,0,0,0,0,0,0,0,0.06431930533062612,0.21278392090831877,False
785,Уссурийский,Приморский край,городской округ,05-723-000-000,3,1,3,3,3,3,3,3,3,3,3,3,3,3,3,0.08850686564086911,0.13607477781856203,False
787,Анучинский,Приморский край,муниципальный округ,05-502-000-000,1,0,1,1,1,1,1,1,1,5,5,5,5,5,5,0.24191193239186456,0.053157079576408826,False
788,Дальнереченский,Приморский край,муниципальный район,05-607-000-000,4,3,4,4,4,4,0,0,0,0,0,0,0,0,4,0.15045270509378575,0.033604199546856235,False
789,Кавалеровский,Приморский край,муниципальный округ,05-510-000-000,0,3,0,0,0,0,0,0,0,0,0,0,0,0,0,0.08944091203313428,0.15958191040359593,False
790,Кировский,Приморский край,муниципальный район,05-612-000-000,0,3,5,5,0,4,0,4,0,1,1,1,1,1,1,0.0691978817181466,0.04781878660295276,False
791,Красноармейский,Приморский край,муниципальный округ,05-514-000-000,5,0,5,5,5,5,5,5,5,5,5,5,5,5,5,0.10638394035905578,0.2750523894501243,False
792,Лазовский,Приморский край,муниципальный округ,05-517-000-000,5,0,5,5,5,5,5,5,5,5,1,5,5,5,5,0.14915788645744354,0.13219715962418993,False
793,Михайловский,Приморский край,муниципальный район,05-620-000-000,1,0,1,1,1,1,5,5,1,1,1,1,5,5,5,0.1768830994136114,0.03948499761900544,False
794,Надеждинский,Приморский край,муниципальный район,05-623-000-000,0,3,0,0,0,0,0,0,0,0,0,0,0,0,0,0.040527967719539,0.13030318657869572,False
795,Октябрьский,Приморский край,муниципальный округ,05-526-000-000,1,0,1,1,1,1,1,1,1,1,1,1,1,1,1,0.2059795594870652,0.20573696477712963,False
796,Ольгинский,Приморский край,муниципальный округ,05-528-000-000,5,0,5,5,5,4,5,0,4,4,4,4,4,4,4,0.03271155282312869,0.15137340237521274,False
797,Партизанский,Приморский край,муниципальный округ,05-530-000-000,0,3,5,0,0,0,0,0,0,0,0,0,0,0,0,0.025200372468712363,0.11134755354727248,False
798,Пограничный,Приморский край,муниципальный округ,05-532-000-000,1,3,1,1,1,1,1,1,1,0,0,0,1,1,1,0.0449741419786173,0.039748444542911654,False
799,Пожарский,Приморский край,муниципальный округ,05-534-000-000,0,3,0,0,0,0,0,0,0,0,0,0,0,0,0,0.040988050381311154,0.09339299608886042,False
800,Спасский,Приморский край,муниципальный район,05-637-000-000,0,3,5,5,0,4,4,0,4,0,0,0,0,0,0,0.07892165229806951,0.05907018927823996,False
801,Тернейский,Приморский край,муниципальный округ,05-540-000-000,0,3,4,5,0,0,0,0,0,0,0,0,0,0,0,0.04478608824000211,0.1734112890148103,False
802,Ханкайский,Приморский край,муниципальный округ,05-546-000-000,5,0,5,5,5,1,1,1,1,5,5,5,5,5,5,0.20305438415251634,0.19630381643297884,False
803,Хасанский,Приморский край,муниципальный округ,05-548-000-000,0,3,0,0,0,0,0,0,0,0,0,0,0,0,0,0.019315274152820687,0.18412363947263388,False
804,Хорольский,Приморский край,муниципальный округ,05-550-000-000,5,0,1,1,1,1,1,1,1,1,1,1,1,1,5,0.19125699263955054,0.01061017313292779,False
805,Черниговский,Приморский край,муниципальный округ,05-553-000-000,0,3,1,1,0,0,0,0,0,0,0,0,1,0,0,0.04298297217693628,0.04709560877956522,False
806,Чугуевский,Приморский край,муниципальный округ,05-555-000-000,0,3,0,0,0,4,4,4,4,0,0,0,0,0,0,0.08916559303944303,0.16535112924409215,False
807,Шкотовский,Приморский край,муниципальный округ,05-557-000-000,1,3,0,1,0,0,0,0,0,0,0,0,0,0,0,0.034728698780363366,0.005712992969446978,False
808,Яковлевский,Приморский край,муниципальный округ,05-559-000-000,5,0,5,5,5,5,5,5,5,5,5,5,1,1,1,0.1423014809387526,0.295951362217665,False
809,Ставрополь,Ставропольский край,городской округ,07-701-000-000,0,3,0,0,0,0,0,0,0,0,0,0,0,0,0,0.04482931495963152,0.05146040813466148,False
810,Благодарненский,Ставропольский край,муниципальный округ,07-510-000-000,5,0,5,5,5,1,1,1,1,1,5,5,5,5,5,0.19759167526849353,0.10363079539542978,False
811,Георгиевский,Ставропольский край,муниципальный округ,07-515-000-000,0,3,0,0,0,0,0,0,0,0,0,0,0,0,0,0.0059419922152513845,0.13104433754997627,False
812,Ессентуки,Ставропольский край,городской округ,07-710-000-000,0,3,0,0,0,0,0,0,0,0,0,0,0,0,0,0.06966312058632992,0.10779074421718837,False
813,Железноводск,Ставропольский край,городской округ,07-712-000-000,0,3,0,0,0,0,0,0,0,0,0,0,0,0,0,0.10579160772695506,0.17488107594838814,False
814,Изобильненский,Ставропольский край,муниципальный округ,07-520-000-000,1,0,5,1,1,1,1,1,1,0,0,0,0,0,0,0.013904736262439456,0.03768620739714435,False
815,Ипатовский,Ставропольский край,муниципальный округ,07-522-000-000,5,0,5,1,1,1,1,1,1,1,1,5,5,1,1,0.19771610540746318,0.03090419029335353,False
817,Кировский,Ставропольский край,муниципальный округ,07-525-000-000,1,0,1,1,1,1,1,1,1,1,5,5,1,1,1,0.04268940694655277,0.09360132167745454,False
818,Лермонтов,Ставропольский край,городской округ,07-718-000-000,0,3,0,0,0,0,0,0,0,0,0,0,0,0,0,0.13399860163855576,0.23649047059169956,False
819,Минераловодский,Ставропольский край,муниципальный округ,07-539-000-000,0,3,0,0,0,0,0,0,0,0,0,0,0,0,0,0.08909516812761845,0.22119463486359564,False
820,Невинномысск,Ставропольский край,городской округ,07-724-000-000,0,3,0,0,0,0,0,0,0,0,0,0,0,0,0,0.09095447591365051,0.20063429607367983,False
821,Нефтекумский,Ставропольский край,муниципальный округ,07-541-000-000,5,0,5,1,1,1,1,1,1,5,5,5,5,5,5,0.09609009972445008,0.1090895168674751,False
822,Новоалександровский,Ставропольский край,муниципальный округ,07-543-000-000,5,0,5,1,1,1,1,1,1,5,5,5,5,5,5,0.007799725673921177,0.24867372580596364,False
823,Петровский,Ставропольский край,муниципальный округ,07-546-000-000,5,0,5,5,1,1,1,1,1,1,1,5,5,5,5,0.11539236783507152,0.013541364013799084,False
824,Пятигорск,Ставропольский край,городской округ,07-727-000-000,0,3,0,0,0,0,0,0,0,0,0,0,0,0,0,0.02735859083724022,0.031861599485957,False
825,Советский,Ставропольский край,муниципальный округ,07-550-000-000,5,0,5,1,1,1,1,1,1,1,1,1,1,1,1,0.12403421674603422,0.09253146503585308,False
826,Александровский,Ставропольский край,муниципальный округ,07-502-000-000,5,0,5,5,1,1,1,1,1,1,5,5,5,5,5,0.3023555459043561,0.061389363538564355,False
827,Андроповский,Ставропольский край,муниципальный округ,07-503-000-000,5,0,5,5,5,1,1,1,5,5,1,5,5,5,5,0.38347014456957507,0.1691245324557628,False
828,Апанасенковский,Ставропольский край,муниципальный округ,07-505-000-000,5,0,5,5,5,5,5,5,5,5,5,5,5,5,5,0.2729388422480527,0.2317050581628441,False
829,Арзгирский,Ставропольский край,муниципальный округ,07-507-000-000,5,0,5,5,5,5,5,5,5,5,5,5,5,5,5,0.24345348022811275,0.3583536888253807,False
830,Будённовский,Ставропольский край,муниципальный округ,07-512-000-000,0,3,0,0,0,0,0,0,0,0,0,0,0,0,0,0.03255948653765162,0.1493362701807396,False
831,Грачёвский,Ставропольский край,муниципальный округ,07-517-000-000,1,0,1,1,1,1,1,1,1,5,5,5,5,5,1,0.16062907649760433,0.021566635925990084,False
832,Кочубеевский,Ставропольский край,муниципальный округ,07-528-000-000,1,0,5,1,1,1,1,1,1,1,1,1,1,1,1,0.0606729003172632,0.15225555953034872,False
833,Красногвардейский,Ставропольский край,муниципальный округ,07-530-000-000,1,0,5,1,1,1,1,1,1,1,1,1,1,1,1,0.049507031615950346,0.2074442227637422,False
834,Курский,Ставропольский край,муниципальный округ,07-533-000-000,5,0,5,5,5,5,1,1,5,5,5,5,5,5,5,0.20031144565603395,0.1379048676035055,False
835,Левокумский,Ставропольский край,муниципальный округ,07-536-000-000,5,0,5,5,5,5,5,5,5,5,1,5,5,5,5,0.25638400907468994,0.10864773461662124,False
836,Новоселицкий,Ставропольский край,муниципальный округ,07-544-000-000,5,0,5,5,5,5,5,5,5,5,1,1,1,1,1,0.05410283454173447,0.01820107842586652,False
838,Степновский,Ставропольский край,муниципальный округ,07-552-000-000,5,0,5,5,5,5,1,1,5,5,5,5,5,5,5,0.018001261802326914,0.4139683487964033,False
839,Труновский,Ставропольский край,муниципальный округ,07-554-000-000,5,0,5,5,5,5,1,5,5,5,5,5,5,5,5,0.24066953805965313,0.13186261488656129,False
840,Туркменский,Ставропольский край,муниципальный округ,07-556-000-000,5,0,5,5,5,5,5,5,5,5,5,5,5,5,5,0.18508474516263504,0.42634243890287876,False
841,Шпаковский,Ставропольский край,муниципальный округ,07-558-000-000,0,3,0,0,0,0,0,0,0,0,0,0,0,0,0,0.036178712776659155,0.18005399629851726,False
842,Хабаровск,Хабаровский край,городской округ,08-701-000-000,3,1,3,3,3,3,3,3,3,3,3,3,3,3,3,0.16792574291165285,0.22219002125106205,False
843,Комсомольск-на-Амуре,Хабаровский край,городской округ,08-709-000-000,3,1,3,0,0,3,3,3,3,3,3,3,3,3,3,0.038620054158333826,0.058387251400120126,False
844,Амурский,Хабаровский край,муниципальный район,08-603-000-000,0,3,0,0,0,0,0,0,0,0,0,0,0,0,0,0.26447935472238937,0.2697419776418281,False
846,Бикинский,Хабаровский край,муниципальный район,08-609-000-000,0,3,0,0,0,0,4,4,0,0,0,0,0,0,0,0.3223311440788789,0.3946420622113156,False
847,Ванинский,Хабаровский край,муниципальный район,08-612-000-000,0,3,0,0,0,0,4,4,0,0,0,0,0,0,0,0.1589599746427149,0.26340711305707765,False
848,Верхнебуреинский,Хабаровский край,муниципальный район,08-614-000-000,0,2,4,2,2,2,2,4,2,2,2,0,0,0,0,0.013739656986306649,0.15237358491470826,False
849,Вяземский,Хабаровский край,муниципальный район,08-617-000-000,5,0,1,5,5,5,5,5,5,5,5,5,5,5,5,0.04097839427113101,0.25286292145759137,False
851,Лазо,Хабаровский край,муниципальный район,08-624-000-000,1,0,1,1,1,1,1,1,1,1,1,1,1,1,1,0.16187063333083906,0.12773814759887267,False
852,Нанайский,Хабаровский край,муниципальный район,08-628-000-000,5,0,5,5,5,4,4,4,4,5,5,5,5,1,1,0.09719687737446664,0.18100421365759264,False
853,Николаевский,Хабаровский край,муниципальный район,08-631-000-000,0,3,0,2,2,2,4,4,2,0,0,0,0,0,0,0.006637661435127242,0.2210068962318206,False
854,Охотский,Хабаровский край,муниципальный округ,08-534-000-000,0,2,2,2,2,2,2,2,2,0,0,0,0,0,0,0.04171204709468787,0.04258084230928966,False
855,Полины Осипенко,Хабаровский край,муниципальный район,08-637-000-000,4,2,4,4,4,2,2,2,2,4,4,4,4,4,4,0.31221090166777365,0.2683344556143491,False
856,Советско-Гаванский,Хабаровский край,муниципальный район,08-642-000-000,0,3,0,0,0,0,4,4,0,0,0,0,0,0,0,0.18096407146721324,0.3303401709992074,False
857,Солнечный,Хабаровский край,муниципальный район,08-644-000-000,1,3,1,0,0,1,4,4,1,1,0,0,0,0,1,0.01687712964796365,0.02266441020021159,False
859,Ульчский,Хабаровский край,муниципальный район,08-650-000-000,4,2,4,4,4,2,5,5,2,4,2,2,2,2,2,0.2824284709585264,0.09391265531879704,False
860,Хабаровский,Хабаровский край,муниципальный район,08-655-000-000,3,1,3,3,3,3,0,0,3,3,3,3,3,3,3,0.04145395468478555,0.03944130297631351,False
870,Архаринский,Амурская область,муниципальный округ,10-505-000-000,5,3,5,5,5,4,4,4,4,0,0,0,0,0,4,0.07404498077943587,0.06136913939784706,False
871,Белогорский,Амурская область,муниципальный округ,10-508-000-000,0,3,4,4,0,0,0,0,0,0,0,0,0,0,0,0.19430988964738674,0.19073072487511905,True
872,Благовещенский,Амурская область,муниципальный округ,10-511-000-000,3,1,3,3,3,3,0,3,3,3,3,3,3,3,3,0.06440715408889074,0.13420928675710037,False
873,Бурейский,Амурская область,муниципальный округ,10-515-000-000,0,3,0,0,0,4,4,4,4,0,1,0,0,0,0,0.19766974305282112,0.03414835655744048,False
874,Завитинский,Амурская область,муниципальный округ,10-521-000-000,5,0,5,5,5,1,4,4,1,1,1,1,1,1,5,0.18562478940003618,0.011214994130185703,False
875,Зейский,Амурская область,муниципальный округ,10-525-000-000,0,3,0,0,0,0,4,4,0,0,0,0,0,0,0,0.14424579400800427,0.36723048857145085,False
876,Ивановский,Амурская область,муниципальный округ,10-528-000-000,4,3,4,4,4,4,4,4,4,0,0,0,0,4,4,0.23073351930864888,0.07432926863783185,False
877,Константиновский,Амурская область,муниципальный район,10-630-000-000,1,0,5,5,5,4,4,4,4,1,1,1,1,1,1,0.08525877673052287,0.23459348566372867,False
878,Магдагачинский,Амурская область,муниципальный район,10-631-000-000,0,3,0,0,0,0,4,4,0,0,0,0,0,0,0,0.23313175937897226,0.15106071093701734,False
879,Мазановский,Амурская область,муниципальный район,10-632-000-000,4,3,4,4,4,4,4,4,4,4,4,4,4,4,4,0.21921609510113474,0.27018835884599984,False
880,Михайловский,Амурская область,муниципальный район,10-635-000-000,5,0,4,4,4,4,4,4,4,1,1,1,1,1,1,0.068924812259017,0.23801159675419786,False
881,Октябрьский,Амурская область,муниципальный район,10-638-000-000,0,3,0,0,0,0,4,4,0,0,0,0,0,0,0,0.22176789376047168,0.3106739994440027,False
882,Ромненский,Амурская область,муниципальный округ,10-540-000-000,5,0,4,4,4,4,5,5,4,1,1,1,1,1,1,0.17131852177356016,0.02360038777037572,False
883,Свободненский,Амурская область,муниципальный район,10-642-000-000,0,3,0,0,0,0,4,4,0,0,0,0,0,0,0,0.30295520640101103,0.21320036416797333,False
884,Селемджинский,Амурская область,муниципальный район,10-645-000-000,0,3,0,0,0,0,4,4,0,0,0,0,0,0,0,0.1478565664214102,0.09607665435260408,False
885,Серышевский,Амурская область,муниципальный округ,10-547-000-000,4,3,0,4,4,4,4,4,4,4,0,0,1,1,0,0.13710350778849445,0.045783638802363455,False
886,Сковородинский,Амурская область,муниципальный округ,10-549-000-000,0,3,0,0,0,0,4,4,0,0,0,0,0,0,0,0.13505165880588718,0.14956264783958878,False
888,Тындинский,Амурская область,муниципальный округ,10-554-000-000,0,3,0,0,0,0,4,4,0,0,0,0,0,0,0,0.06701811703512775,0.2910478230465551,False
889,Шимановский,Амурская область,муниципальный округ,10-555-000-000,4,3,4,4,4,4,4,4,4,4,0,0,4,4,4,0.09623711685729604,0.08341075770642521,False
890,Архангельск,Архангельская область,городской округ,11-701-000-000,3,1,3,3,3,3,3,3,0,3,3,3,3,3,0,0.04938640078544506,0.015364154429879791,False
891,Коряжма,Архангельская область,городской округ,11-708-000-000,1,3,0,0,0,0,0,4,0,0,1,1,1,1,1,0.2880976271441736,0.044220040897671106,False
892,Котлас,Архангельская область,городской округ,11-710-000-000,0,3,0,0,0,0,4,4,0,0,0,0,0,0,0,0.16955406547861623,0.4195705109270157,False
895,Новодвинск,Архангельская область,городской округ,11-715-000-000,1,3,1,1,1,1,1,4,1,0,0,0,1,1,1,0.03232697445316904,0.037314758459184555,False
896,Северодвинск,Архангельская область,городской округ,11-730-000-000,3,1,3,3,3,3,3,3,3,3,3,3,3,3,3,0.1283827130146451,0.053860515031657286,False
897,Вельский,Архангельская область,муниципальный район,11-605-000-000,0,3,0,0,0,0,4,0,0,0,0,0,0,0,0,0.23493270194056096,0.2951525440106915,False
898,Верхнетоемский,Архангельская область,муниципальный округ,11-508-000-000,5,0,5,5,5,5,5,5,5,5,5,5,5,5,5,0.2082648477698373,0.09838098736296964,False
899,Вилегодский,Архангельская область,муниципальный округ,11-511-000-000,1,0,0,0,0,4,4,4,4,1,1,1,1,1,1,0.015252414457683678,0.10726546551736584,False
900,Виноградовский,Архангельская область,муниципальный округ,11-514-000-000,5,0,5,5,5,4,4,4,5,5,5,5,5,5,5,0.08555851329224677,0.10766486385837545,False
901,Каргопольский,Архангельская область,муниципальный округ,11-518-000-000,0,3,0,0,5,4,4,4,4,5,5,5,5,5,5,0.025110066655424562,0.04861331976968028,False
902,Коношский,Архангельская область,муниципальный район,11-622-000-000,0,3,0,0,0,4,4,4,4,4,4,4,4,4,4,0.16747079137302412,0.06394027431481424,False
903,Котласский,Архангельская область,муниципальный округ,11-527-000-000,1,3,0,0,0,4,4,4,4,1,1,1,1,1,1,0.16871203982218208,0.14744963973838954,False
904,Красноборский,Архангельская область,муниципальный округ,11-530-000-000,1,0,1,1,1,4,4,4,4,1,1,5,5,5,5,0.0926965887699307,0.05269153259934147,False
905,Ленский,Архангельская область,муниципальный район,11-635-000-000,0,3,0,0,0,4,4,4,4,4,0,0,0,0,0,0.2108658288776584,0.16234239894911368,False
907,Мезенский,Архангельская область,муниципальный округ,11-542-000-000,5,2,4,5,5,5,5,5,5,5,5,5,5,5,5,0.059599032071147084,0.1467209497730857,False
908,Няндомский,Архангельская область,муниципальный округ,11-544-000-000,0,3,0,0,0,0,4,4,0,0,0,0,0,0,0,0.21454903969078032,0.1395298336104857,False
909,Онежский,Архангельская область,муниципальный район,11-646-000-000,0,3,0,0,0,0,4,4,1,0,0,0,0,0,0,0.17559492951780928,0.13306072721803214,False
911,Плесецкий,Архангельская область,муниципальный округ,11-550-000-000,0,3,0,0,0,0,4,4,0,0,0,0,0,0,0,0.20380803129058853,0.19028275070967118,False
912,Приморский,Архангельская область,муниципальный округ,11-552-000-000,0,3,4,0,0,0,0,0,0,0,0,0,0,0,0,0.0491244913875437,0.230051744091852,False
913,Устьянский,Архангельская область,муниципальный округ,11-554-000-000,0,3,0,0,0,0,4,4,0,0,0,0,0,0,0,0.22602294331929573,0.1114689217258034,False
914,Холмогорский,Архангельская область,муниципальный округ,11-556-000-000,1,0,1,1,1,1,4,4,1,1,1,1,1,1,1,0.16640523546814612,0.09393891432429798,False
915,Шенкурский,Архангельская область,муниципальный округ,11-558-000-000,5,0,5,5,5,4,4,4,4,5,5,5,5,5,1,0.10532635840163707,0.08265320658167473,False
916,Нарьян-Мар,Ненецкий автономный округ,городской округ,11-851-000-000,2,2,2,2,2,2,2,2,2,2,2,2,2,2,2,0.31976183321933643,0.1857446478529211,False
917,Заполярный,Ненецкий автономный округ,муниципальный район,11-811-000-000,2,2,2,2,2,2,2,2,2,2,2,2,2,2,2,0.39505935949597026,0.4159953830719554,False
918,Астрахань,Астраханская область,городской округ,12-701-000-000,0,3,0,0,0,0,0,0,0,0,0,0,0,0,0,0.10141988169304357,0.24099972809555498,False
920,Ахтубинский,Астраханская область,муниципальный район,12-605-000-000,1,0,5,1,1,1,1,1,1,1,1,1,1,1,1,0.0948737552888845,0.21501604331923024,False
922,Енотаевский,Астраханская область,муниципальный район,12-615-000-000,5,0,1,1,1,1,1,1,1,5,5,5,5,5,5,0.10570439695310692,0.3399527192975967,False
923,Икрянинский,Астраханская область,муниципальный район,12-620-000-000,1,0,5,5,5,5,5,5,5,5,5,5,5,5,5,0.19943062018450824,0.0872944801633774,False
924,Камызякский,Астраханская область,муниципальный район,12-625-000-000,5,0,1,1,5,5,5,5,5,5,5,5,5,5,5,0.12060881808699221,0.3358372266538986,False
925,Красноярский,Астраханская область,муниципальный район,12-630-000-000,1,0,1,1,1,1,1,5,1,1,1,1,1,1,5,0.14598305976481582,0.06981287110557675,False
926,Лиманский,Астраханская область,муниципальный район,12-635-000-000,5,0,5,5,5,5,5,5,5,5,5,5,5,5,5,0.3793123144362684,0.17035547224908873,False
927,Наримановский,Астраханская область,муниципальный район,12-640-000-000,4,3,4,0,0,0,0,0,0,0,0,0,0,0,0,0.05383211152850032,0.022735234277413127,False
928,Приволжский,Астраханская область,муниципальный район,12-642-000-000,4,3,4,4,0,0,0,0,0,0,0,0,0,0,0,0.12815481913238552,0.06173582977592423,False
929,Харабалинский,Астраханская область,муниципальный район,12-645-000-000,5,0,5,5,5,1,1,5,5,1,1,1,1,1,1,0.19170346487886153,0.12860954055167886,False
930,Черноярский,Астраханская область,муниципальный район,12-650-000-000,1,0,1,1,5,1,1,1,5,5,1,1,5,5,5,0.0260446691780968,0.030320145536307776,False
986,Владимир,Владимирская область,городской округ,17-701-000-000,0,3,0,0,0,0,0,0,0,0,0,0,0,0,0,0.06628216759543322,0.05650198469426781,False
987,Гусь-Хрустальный,Владимирская область,городской округ,17-720-000-000,0,3,0,0,0,0,0,0,0,0,0,0,0,0,0,0.14007420278575436,0.13809654132105637,False
988,Ковров,Владимирская область,городской округ,17-725-000-000,0,3,0,0,0,0,0,0,0,0,0,0,0,0,0,0.1484876479961528,0.16499917005655598,False
989,Муром,Владимирская область,городской округ,17-735-000-000,0,3,0,0,0,0,0,0,0,0,0,0,0,0,0,0.11086582306674939,0.20211763540694958,False
991,Александровский,Владимирская область,муниципальный район,17-605-000-000,0,3,0,0,0,0,0,0,0,0,0,0,0,0,0,0.210399922300814,0.1981860936132228,False
992,Вязниковский,Владимирская область,муниципальный район,17-610-000-000,0,3,0,0,0,0,0,0,0,0,0,0,0,0,0,0.00749826701789194,0.16651548534327115,False
993,Гороховецкий,Владимирская область,муниципальный район,17-615-000-000,1,0,5,1,1,1,1,1,1,1,1,1,1,1,1,0.05214409575972122,0.15829687402002984,False
994,Гусь-Хрустальный,Владимирская область,муниципальный район,17-620-000-000,1,0,1,1,1,1,1,1,1,1,1,1,1,1,1,0.09335870917721464,0.19437853570202357,False
995,Камешковский,Владимирская область,муниципальный район,17-625-000-000,1,0,1,1,1,1,1,1,1,1,1,1,1,1,1,0.09749366960238537,0.24028850758952866,False
996,Киржачский,Владимирская область,муниципальный район,17-630-000-000,0,3,0,0,0,0,0,0,0,0,0,0,0,0,0,0.20831568653606938,0.3142330170144572,False
998,Кольчугинский,Владимирская область,муниципальный район,17-640-000-000,0,3,0,0,0,0,0,0,0,0,0,0,0,0,0,0.15237706981108107,0.24038521779659622,False
999,Меленковский,Владимирская область,муниципальный район,17-642-000-000,1,0,1,1,1,1,1,1,1,1,1,1,1,1,1,0.1522002639896357,0.4296340030417399,False
1001,Петушинский,Владимирская область,муниципальный район,17-646-000-000,0,3,0,0,0,0,0,0,0,0,0,0,0,0,0,0.17779579354443314,0.215949699815639,False
1002,Селивановский,Владимирская область,муниципальный район,17-648-000-000,1,0,1,1,1,1,1,1,1,1,1,1,1,1,1,0.21861228912813,0.27577010553364534,False
1003,Собинский,Владимирская область,муниципальный район,17-650-000-000,1,0,1,1,1,1,1,1,1,1,1,1,1,1,1,0.05045590226820414,0.10328253437185768,False
1004,Судогодский,Владимирская область,муниципальный район,17-652-000-000,1,0,1,1,1,1,1,1,1,1,1,1,1,1,1,0.12114167547163321,0.3358523880626758,False
1005,Суздальский,Владимирская область,муниципальный район,17-654-000-000,0,3,0,0,0,0,0,0,0,0,0,0,0,0,0,0.17594294729180868,0.21127367491360582,False
1006,Юрьев-Польский,Владимирская область,муниципальный район,17-656-000-000,1,0,1,1,1,1,1,1,1,1,1,1,1,1,1,0.04964227936164442,0.20056909058680086,False
1007,Волгоград,Волгоградская область,городской округ,18-701-000-000,0,3,0,0,0,0,0,0,0,0,0,0,0,0,0,0.09736592859732049,0.11659859598138368,False
1008,Волжский,Волгоградская область,городской округ,18-710-000-000,0,3,0,0,0,0,0,0,0,0,0,0,0,0,0,0.10054567332440877,0.22347705273982013,False
1009,Камышин,Волгоградская область,городской округ,18-715-000-000,0,3,0,0,0,0,0,0,0,0,0,0,0,0,0,0.12156691363649333,0.245607896629729,False
1010,Михайловка,Волгоградская область,городской округ,18-720-000-000,0,3,0,0,0,0,1,1,0,0,0,0,0,0,0,0.034550427973057775,0.08577457806627277,False
1011,Урюпинск,Волгоградская область,городской округ,18-725-000-000,5,0,5,5,5,1,1,1,1,1,5,5,5,5,5,0.15999104521325383,0.07449149201470043,False
1012,Фролово,Волгоградская область,городской округ,18-728-000-000,5,0,5,5,1,1,1,1,1,1,5,5,5,1,1,0.3762640100503467,0.09277658406927725,False
1013,Алексеевский,Волгоградская область,муниципальный район,18-602-000-000,5,0,5,5,5,5,5,5,5,5,5,5,5,5,5,0.24880436523744381,0.3034201495211835,False
1014,Быковский,Волгоградская область,муниципальный район,18-604-000-000,5,0,5,5,5,4,5,5,4,1,1,1,1,1,1,0.22862021408101038,0.32556773100571285,True
1015,Городищенский,Волгоградская область,муниципальный район,18-605-000-000,1,0,1,1,1,1,1,1,1,1,1,1,1,1,1,0.24338003301493458,0.16143375111588207,False
1016,Даниловский,Волгоградская область,муниципальный район,18-606-000-000,5,0,5,5,5,5,5,5,5,5,5,5,5,5,5,0.2604321675116206,0.4643709291354561,False
1017,Дубовский,Волгоградская область,муниципальный район,18-608-000-000,1,0,1,1,1,1,1,1,1,1,1,1,1,1,1,0.22416469997933625,0.3303724820052076,False
1018,Еланский,Волгоградская область,муниципальный район,18-610-000-000,5,0,5,5,5,1,1,1,5,5,1,5,5,5,5,0.4004748907877029,0.0736477619271128,False
1019,Жирновский,Волгоградская область,муниципальный район,18-612-000-000,5,0,5,5,5,5,5,5,5,5,5,5,5,5,5,0.19082090822228379,0.2635974848798124,False
1020,Иловлинский,Волгоградская область,муниципальный район,18-614-000-000,1,0,5,1,1,1,1,1,1,1,1,1,1,1,1,0.09494140905159089,0.2067268004929384,False
1021,Калачевский,Волгоградская область,муниципальный район,18-616-000-000,1,0,1,1,1,1,1,1,1,1,1,1,1,1,1,0.10027876560719404,0.05865843084462048,False
1023,Киквидзенский,Волгоградская область,муниципальный район,18-620-000-000,5,0,5,5,5,5,5,5,5,5,5,5,5,5,5,0.3493571604104053,0.2931989192077669,False
1024,Клетский,Волгоградская область,муниципальный район,18-622-000-000,5,0,1,1,1,1,1,1,5,5,1,1,5,5,5,0.21352296715113964,0.20441504555904555,True
1025,Котельниковский,Волгоградская область,муниципальный район,18-624-000-000,1,0,5,1,1,1,1,1,1,5,5,5,5,1,1,0.17225044281910307,0.11388540025156778,False
1026,Котовский,Волгоградская область,муниципальный район,18-626-000-000,1,0,5,5,1,1,1,5,1,1,1,1,1,1,1,0.11282898981000258,0.30936080678084565,False
1027,Кумылженский,Волгоградская область,муниципальный район,18-646-000-000,5,0,1,1,1,1,1,1,1,5,5,5,5,5,5,0.08885623633407407,0.38930636171213573,False
1028,Ленинский,Волгоградская область,муниципальный район,18-630-000-000,5,0,1,1,5,5,5,5,5,5,5,5,5,5,5,0.10766462247243726,0.45835655881540244,False
1029,Нехаевский,Волгоградская область,муниципальный район,18-634-000-000,5,0,5,5,5,5,5,5,5,5,5,5,5,5,5,0.24968038644567636,0.24002060560467092,False
1030,Николаевский,Волгоградская область,муниципальный район,18-636-000-000,5,0,5,5,5,5,5,5,5,5,5,5,5,5,5,0.3779564302436123,0.35307873653380095,False
1031,Новоаннинский,Волгоградская область,муниципальный район,18-638-000-000,5,0,5,5,5,4,1,1,4,1,1,1,1,1,1,0.3219569310682173,0.15587748723461098,True
1032,Новониколаевский,Волгоградская область,муниципальный район,18-640-000-000,5,0,5,5,5,1,1,1,1,1,1,1,1,1,1,0.3338447100630008,0.25017597692808874,True
1033,Октябрьский,Волгоградская область,муниципальный район,18-642-000-000,5,0,5,5,5,4,5,5,4,5,4,5,5,5,5,0.35526086347502417,0.28053705470811763,False
1034,Ольховский,Волгоградская область,муниципальный район,18-643-000-000,1,0,1,1,1,1,1,1,1,1,1,1,1,1,1,0.1942609590589501,0.4317170891157682,False
1035,Палласовский,Волгоградская область,муниципальный район,18-645-000-000,5,0,5,5,5,5,5,5,5,5,5,5,5,5,5,0.47973897207436,0.1681207984949536,False
1036,Руднянский,Волгоградская область,муниципальный район,18-647-000-000,5,0,1,1,1,1,1,1,1,5,5,5,5,5,5,0.15985006449693417,0.3177857302163681,True
1037,Светлоярский,Волгоградская область,муниципальный район,18-649-000-000,1,0,1,1,1,1,1,1,1,1,1,1,1,1,1,0.2577400051006319,0.18141673319049356,False
1038,Серафимовичский,Волгоградская область,муниципальный район,18-650-000-000,5,0,5,5,5,1,1,1,5,5,5,5,5,5,5,0.3355098619067652,0.39144804457655297,False
1039,Среднеахтубинский,Волгоградская область,муниципальный район,18-651-000-000,0,3,0,0,0,0,0,0,0,0,0,0,0,0,0,0.08195884050646289,0.11537904290504913,False
1040,Старополтавский,Волгоградская область,муниципальный район,18-652-000-000,5,0,5,1,1,1,1,1,4,1,4,1,1,1,1,0.007192011754532838,0.029105999482721155,False
1041,Суровикинский,Волгоградская область,муниципальный район,18-653-000-000,5,0,5,5,5,5,5,5,5,5,1,5,5,5,5,0.4609852455324143,0.018382171659224664,False
1044,Чернышковский,Волгоградская область,муниципальный район,18-658-000-000,5,0,5,5,5,1,1,1,5,5,5,5,5,5,5,0.230547583902366,0.21057850009669302,False
1047,Бабаевский,Вологодская область,муниципальный округ,19-505-000-000,1,3,1,1,0,0,4,4,0,0,0,0,0,0,0,0.0558739575336654,0.08500002482822239,False
1048,Бабушкинский,Вологодская область,муниципальный округ,19-508-000-000,5,0,5,1,1,4,4,1,4,4,5,5,4,4,4,0.019354948345989685,0.04329416341771621,False
1049,Белозерский,Вологодская область,муниципальный округ,19-510-000-000,0,3,0,0,0,0,0,0,0,0,0,0,0,0,0,0.08077961653689397,0.18120773962362802,False
1051,Великоустюгский,Вологодская область,муниципальный округ,19-514-000-000,0,3,0,0,0,0,0,0,0,0,0,0,0,0,0,0.12107375547629697,0.23829603455055126,False
1052,Верховажский,Вологодская область,муниципальный округ,19-516-000-000,5,0,5,5,5,4,4,4,4,4,5,5,5,5,5,0.18666560301047275,0.13167949404848728,False
1053,Вожегодский,Вологодская область,муниципальный округ,19-518-000-000,1,0,1,1,1,1,1,1,1,1,1,1,1,1,1,0.24149816378644892,0.1988211871331861,False
1054,Вологодский,Вологодская область,муниципальный округ,19-520-000-000,0,3,0,0,0,0,0,0,0,0,0,0,0,0,0,0.2570529516947068,0.31053623570533256,False
1055,Вытегорский,Вологодская область,муниципальный район,19-622-000-000,0,3,0,5,5,4,4,4,4,4,4,4,4,4,4,0.02971474748183644,0.09586876828160767,False
1056,Грязовецкий,Вологодская область,муниципальный округ,19-524-000-000,1,0,1,1,1,1,1,1,1,1,1,1,1,1,1,0.12420689269726297,0.3021258679320672,False
1057,Кадуйский,Вологодская область,муниципальный округ,19-526-000-000,1,3,1,1,1,1,4,4,1,1,1,1,1,1,1,0.08262259531485806,0.13819469496385153,False
1058,Кирилловский,Вологодская область,муниципальный округ,19-528-000-000,1,0,1,4,4,4,4,4,4,5,5,5,5,5,5,0.10249350001187123,0.04676963736836947,False
1059,Кичменгско-Городецкий,Вологодская область,муниципальный округ,19-530-000-000,5,0,5,5,5,4,4,1,4,5,5,5,5,5,5,0.16044053827423757,0.047327913795997906,False
1060,Междуреченский,Вологодская область,муниципальный округ,19-532-000-000,5,0,5,5,5,5,5,5,5,5,5,5,5,5,5,0.029388248806545864,0.1783559313759749,False
1061,Никольский,Вологодская область,муниципальный округ,19-534-000-000,5,0,5,5,5,4,4,4,4,4,4,4,4,4,4,0.11187931635442395,0.29960526859881903,False
1062,Нюксенский,Вологодская область,муниципальный округ,19-536-000-000,4,0,5,4,4,4,4,4,4,4,4,4,4,4,4,0.09740111391665351,0.26889658697912217,False
1063,Сокольский,Вологодская область,муниципальный округ,19-538-000-000,1,3,0,1,0,1,1,4,1,0,0,0,0,0,1,0.07329935839464966,0.01254226770200362,False
1064,Сямженский,Вологодская область,муниципальный округ,19-540-000-000,4,0,1,4,4,4,5,5,4,4,4,4,4,4,4,0.07865772425754708,0.11208947679597657,False
1065,Тарногский,Вологодская область,муниципальный округ,19-542-000-000,5,0,5,5,5,4,5,5,4,5,5,5,5,5,5,0.2821710590051005,0.14110670430587924,False
1066,Тотемский,Вологодская область,муниципальный округ,19-546-000-000,0,3,0,0,0,1,4,4,4,5,5,5,5,5,5,0.029942238203210774,0.15429220361929777,False
1067,Усть-Кубинский,Вологодская область,муниципальный округ,19-548-000-000,1,0,1,1,1,1,1,1,1,5,1,1,1,1,5,0.26127216727971647,0.05597165589453981,False
1068,Устюженский,Вологодская область,муниципальный округ,19-550-000-000,1,3,1,1,1,1,1,1,4,5,5,5,5,5,5,0.004291819507225558,0.14871242041262017,False
1069,Харовский,Вологодская область,муниципальный округ,19-552-000-000,1,0,1,1,1,1,1,1,1,1,1,1,1,1,1,0.28211823389946716,0.25327370388389203,False
1070,Чагодощенский,Вологодская область,муниципальный округ,19-554-000-000,0,3,0,0,0,0,4,4,0,0,0,0,0,0,0,0.09162653125003506,0.14572667934745645,False
1071,Череповецкий,Вологодская область,муниципальный район,19-656-000-000,0,3,0,0,0,0,0,0,0,0,0,0,0,0,0,0.049468008438557136,0.22797466178123546,False
1072,Шекснинский,Вологодская область,муниципальный район,19-658-000-000,0,3,0,0,0,0,4,4,0,0,0,0,0,0,0,0.05531139061691585,0.1573939481062509,False
1107,Иваново,Ивановская область,городской округ,24-701-000-000,0,3,0,0,0,0,0,0,0,0,0,0,0,0,0,0.08384459734091816,0.14312847439223267,False
1108,Вичуга,Ивановская область,городской округ,24-703-000-000,1,0,5,1,1,1,1,1,1,1,1,1,1,1,1,0.2165596050626879,0.24412215649798477,True
1109,Кинешма,Ивановская область,городской округ,24-705-000-000,0,3,0,0,0,0,0,0,0,0,0,0,0,0,0,0.09468994398969295,0.12161241991852337,False
1110,Кохма,Ивановская область,городской округ,24-706-000-000,0,3,0,0,0,0,0,4,0,0,0,0,0,0,0,0.24257358399881998,0.2799997081887564,False
1111,Тейково,Ивановская область,городской округ,24-707-000-000,1,3,0,1,1,1,1,1,1,1,1,1,1,1,1,0.09732438698911582,0.04031296775306574,False
1112,Шуя,Ивановская область,городской округ,24-711-000-000,0,3,0,0,0,1,1,1,1,0,0,0,0,0,0,0.09628675370037272,0.0880208498554315,False
1113,Вичугский,Ивановская область,муниципальный район,24-601-000-000,1,0,5,5,1,1,1,1,1,5,5,5,5,1,1,0.25893735592551537,0.14811616532767694,False
1115,Гаврилово-Посадский,Ивановская область,муниципальный район,24-603-000-000,1,0,1,1,1,1,1,1,1,1,1,1,1,1,1,0.10374596013829396,0.2740177398608963,False
1116,Заволжский,Ивановская область,муниципальный район,24-605-000-000,1,0,5,1,1,1,1,1,1,1,5,5,5,1,1,0.21858100373550413,0.2740339782550695,True
1117,Ивановский,Ивановская область,муниципальный район,24-607-000-000,0,3,4,0,0,0,0,0,0,0,0,0,0,0,0,0.04737283163958374,0.25266210821827473,False
1118,Ильинский,Ивановская область,муниципальный район,24-609-000-000,1,0,1,1,1,1,1,1,5,5,5,5,5,1,1,0.209094040885125,0.08568819208405648,False
1119,Кинешемский,Ивановская область,муниципальный район,24-611-000-000,1,0,5,1,1,1,1,1,1,1,1,1,1,1,1,0.15449494064168257,0.3561898262343333,True
1120,Комсомольский,Ивановская область,муниципальный район,24-613-000-000,1,0,1,1,1,1,1,1,1,1,1,1,1,1,1,0.209001266834317,0.23968476520577378,False
1121,Лежневский,Ивановская область,муниципальный район,24-614-000-000,1,0,1,1,1,1,1,5,1,1,1,1,5,5,5,0.23777317389669247,0.18292000771584505,True
1122,Лухский,Ивановская область,муниципальный район,24-615-000-000,1,0,1,1,1,1,1,1,1,1,5,5,1,1,1,0.28050714774996,0.12047821114494388,False
1123,Палехский,Ивановская область,муниципальный район,24-617-000-000,1,0,5,1,1,1,1,5,1,1,1,1,1,1,1,0.2011896860396727,0.26933882426518346,True
1124,Пестяковский,Ивановская область,муниципальный район,24-619-000-000,1,0,1,1,1,1,1,1,1,1,1,1,1,1,1,0.1608090743579168,0.17584815322383418,False
1125,Приволжский,Ивановская область,муниципальный район,24-620-000-000,1,0,5,1,1,1,1,1,1,1,1,1,1,1,1,0.1943690440071572,0.3173438602994478,True
1126,Пучежский,Ивановская область,муниципальный район,24-621-000-000,5,0,5,5,5,5,5,5,5,5,5,5,5,5,5,0.1728602655134551,0.2815682237066266,False
1127,Родниковский,Ивановская область,муниципальный район,24-623-000-000,1,0,5,1,1,1,1,1,1,1,5,5,5,1,1,0.1478050594645457,0.14796587683742476,False
1128,Савинский,Ивановская область,муниципальный район,24-625-000-000,1,0,5,5,1,1,1,1,1,5,5,5,5,1,1,0.1346421702936212,0.20375674140440916,False
1129,Тейковский,Ивановская область,муниципальный район,24-629-000-000,1,0,1,1,1,1,1,1,1,1,1,1,1,1,1,0.19768227491654713,0.21429554693535938,False
1130,Фурмановский,Ивановская область,муниципальный район,24-631-000-000,1,0,1,1,1,1,1,1,1,1,1,1,1,1,1,0.014229003256073864,0.25189744112014745,False
1131,Шуйский,Ивановская область,муниципальный район,24-633-000-000,0,3,0,0,0,0,0,0,0,0,0,0,0,0,0,0.12581885633493353,0.10825080400386781,False
1132,Южский,Ивановская область,муниципальный район,24-635-000-000,1,0,5,1,1,1,1,1,1,1,1,1,1,1,1,0.20809728948242687,0.28096797215128927,True
1133,Юрьевецкий,Ивановская область,муниципальный район,24-637-000-000,5,0,5,5,5,5,5,5,5,5,5,5,5,5,5,0.2184551685384054,0.13003156302623362,False
1134,Иркутск,Иркутская область,городской округ,25-701-000-000,3,1,3,3,3,3,3,3,3,3,3,3,3,3,3,0.048397147469195274,0.0988395553130807,False
1135,Ангарский,Иркутская область,городской округ,25-703-000-000,0,3,0,0,0,0,0,0,0,0,0,0,0,0,0,0.10962363603248987,0.18604879220153098,False
1136,Братск,Иркутская область,городской округ,25-714-000-000,0,3,0,0,0,0,0,0,0,0,0,0,0,0,0,0.07852866246920584,0.1801600627859538,False
1137,Зима,Иркутская область,городской округ,25-720-000-000,5,3,5,5,5,4,4,4,4,4,4,4,4,4,4,0.03759409514689071,0.22442178141038344,False
1138,Саянск,Иркутская область,городской округ,25-726-000-000,0,3,0,0,0,0,0,0,0,0,0,0,0,0,0,0.13164456874402544,0.2524824551354703,False
1139,Тулун,Иркутская область,городской округ,25-732-000-000,4,3,4,4,0,4,4,0,4,4,4,4,4,4,4,0.1493273983422656,0.17322551763095148,False
1140,Усолье-Сибирское,Иркутская область,городской округ,25-736-000-000,0,3,0,0,0,0,0,0,0,0,0,0,0,0,0,0.17722514766555134,0.37107443151111424,False
1141,Усть-Илимск,Иркутская область,городской округ,25-738-000-000,0,3,0,0,0,0,4,4,0,0,0,0,0,0,0,0.10235496220724584,0.28605339589604556,False
1142,Черемхово,Иркутская область,городской округ,25-745-000-000,0,3,4,0,0,0,0,0,0,0,0,0,0,0,0,0.06994252396978218,0.11066457758016322,False
1143,Свирск,Иркутская область,городской округ,25-746-000-000,0,3,0,0,0,1,4,4,1,1,0,0,1,1,1,0.11034453427338853,0.08444553126161838,False
1144,Балаганский,Иркутская область,муниципальный район,25-601-000-000,5,0,5,5,5,5,5,5,5,5,5,5,5,5,5,0.03857172224225248,0.10727348423795123,False
1146,Братский,Иркутская область,муниципальный район,25-604-000-000,1,0,1,1,1,1,1,1,1,1,4,5,1,1,1,0.13229659486089884,0.08454311586944004,False
1147,Жигаловский,Иркутская область,муниципальный район,25-606-000-000,4,3,4,4,0,4,0,0,0,4,4,4,4,4,4,0.15716854663951893,0.15424937491421445,False
1148,Заларинский,Иркутская область,муниципальный район,25-608-000-000,4,3,5,5,5,4,4,4,4,4,4,4,4,4,4,0.007814409534732511,0.4192010064690759,False
1149,Зиминский,Иркутская область,муниципальный район,25-610-000-000,4,3,4,4,4,4,4,5,4,4,4,4,4,4,4,0.07716242083490017,0.41580123945562864,False
1150,Иркутский,Иркутская область,муниципальный район,25-612-000-000,3,1,3,3,3,0,0,0,3,3,3,3,3,3,3,0.03459607149448575,0.11842658348034858,False
1151,Казачинско-Ленский,Иркутская область,муниципальный район,25-614-000-000,0,3,0,0,0,5,5,5,5,5,5,5,0,5,0,0.14316976460752145,0.030221198775244252,False
1152,Катангский,Иркутская область,муниципальный район,25-616-000-000,2,2,2,2,2,2,2,2,2,2,2,2,2,2,2,0.46110248615191307,0.5235012224774828,False
1153,Качугский,Иркутская область,муниципальный район,25-618-000-000,0,3,0,0,0,4,4,4,4,0,1,1,1,1,4,0.14120738875699648,0.15050495882691098,False
1154,Киренский,Иркутская область,муниципальный район,25-620-000-000,0,2,0,0,0,0,4,4,0,0,4,0,0,0,0,0.02150081714738561,0.04811214335449366,False
1155,Куйтунский,Иркутская область,муниципальный район,25-622-000-000,4,0,4,4,4,4,4,4,4,4,4,4,4,4,4,0.1212385108141087,0.2912828845844463,False
1157,Нижнеилимский,Иркутская область,муниципальный район,25-626-000-000,0,3,0,0,0,0,4,4,0,0,0,0,0,0,0,0.15401240659449456,0.08357356129588007,False
1158,Нижнеудинский,Иркутская область,муниципальный район,25-628-000-000,0,3,0,0,0,1,1,1,0,0,0,0,0,0,0,0.03986598102071253,0.10451902014403418,False
1159,Ольхонский,Иркутская область,муниципальный район,25-630-000-000,4,3,4,4,4,4,4,4,4,4,4,4,4,4,4,0.3230928245254327,0.3703413683365887,False
1160,Слюдянский,Иркутская область,муниципальный район,25-634-000-000,0,3,0,0,0,0,0,0,0,0,0,0,0,0,0,0.08589236079433422,0.24385670453111644,False
1161,Тайшетский,Иркутская область,муниципальный район,25-636-000-000,0,3,0,0,0,4,4,4,4,0,4,4,4,4,4,0.12773564182765015,0.07827764588762896,False
1163,Усольский,Иркутская область,муниципальный район,25-640-000-000,1,3,1,1,1,1,0,0,0,1,0,0,0,0,0,0.18154876407797915,0.05275319977288479,False
1164,Усть-Илимский,Иркутская область,муниципальный район,25-642-000-000,1,0,1,1,1,1,1,1,1,1,5,1,1,1,1,0.21740495909241592,0.08629634093750307,False
1165,Усть-Кутский,Иркутская область,муниципальный район,25-644-000-000,0,3,0,0,0,0,4,4,0,0,0,0,0,0,0,0.07361086364738745,0.27232740352227114,False
1166,Усть-Удинский,Иркутская область,муниципальный район,25-646-000-000,5,0,5,5,5,4,5,5,4,5,4,5,4,4,4,0.14880281124854006,0.16937489262407188,False
1167,Черемховский,Иркутская область,муниципальный район,25-648-000-000,5,0,5,5,1,1,1,5,1,1,5,5,5,5,5,0.23669359003689644,0.027734682716882415,False
1168,Чунский,Иркутская область,муниципальный район,25-650-000-000,0,3,0,4,4,4,4,4,4,4,4,4,4,4,4,0.009052265107105571,0.12424405705699669,False
1169,Шелеховский,Иркутская область,муниципальный район,25-655-000-000,0,3,0,0,0,0,0,0,0,0,0,0,0,0,0,0.16205390783512588,0.24712717008995783,False
1170,Аларский,Иркутская область,муниципальный район,25-605-000-000,4,3,4,4,4,4,4,4,4,4,4,4,4,4,4,0.19199867916355629,0.34295329297739596,False
1171,Баяндаевский,Иркутская область,муниципальный район,25-607-000-000,4,3,4,4,4,4,4,4,4,4,4,4,4,4,4,0.319572829110422,0.4756405169045164,False
1172,Боханский,Иркутская область,муниципальный район,25-609-000-000,4,3,5,4,4,4,4,4,4,4,4,4,4,4,4,0.041696752031544757,0.4715339247223263,False
1173,Нукутский,Иркутская область,муниципальный район,25-629-000-000,4,0,4,5,5,4,5,5,4,4,4,4,4,4,4,0.1155930541120859,0.29993406259919697,False
1174,Осинский,Иркутская область,муниципальный район,25-631-000-000,4,3,5,4,4,4,4,4,4,4,4,4,4,4,4,0.07404298652559851,0.38789692474471765,False
1175,Эхирит-Булагатский,Иркутская область,муниципальный район,25-657-000-000,4,3,5,4,4,4,4,4,4,4,4,4,4,4,4,0.010077334156623624,0.28758950085705126,False
1176,Калининград,Калининградская область,городской округ,27-701-000-000,3,1,3,3,3,3,3,3,3,3,3,3,3,3,3,0.08093084907665746,0.14156718214118225,False
1178,Мамоновский,Калининградская область,городской округ,27-712-000-000,1,0,4,4,4,4,4,4,4,1,1,1,1,1,1,0.14808792898012846,0.2509441351236761,False
1179,Пионерский,Калининградская область,городской округ,27-717-000-000,1,3,1,1,0,0,0,0,0,1,1,1,1,1,1,0.05492113313743762,0.043095982641981154,False
1180,Светловский,Калининградская область,городской округ,27-725-000-000,1,0,1,1,1,1,1,1,1,1,1,1,1,1,1,0.17615977810567227,0.2191448012060839,False
1181,Советский,Калининградская область,городской округ,27-730-000-000,0,3,0,0,0,0,0,0,0,0,0,0,0,0,0,0.14214013884822718,0.11111376492840327,False
1184,Балтийский,Калининградская область,городской округ,27-705-000-000,0,3,0,0,0,0,0,0,0,0,0,0,0,0,0,0.11796072240339506,0.029324512254110563,False
1185,Гвардейский,Калининградская область,муниципальный округ,27-506-000-000,1,0,1,1,1,1,1,1,1,1,1,1,1,1,1,0.17523290254458807,0.18536486735179594,False
1186,Гурьевский,Калининградская область,муниципальный округ,27-507-000-000,3,1,3,3,3,3,3,3,3,3,3,3,3,3,3,0.019418065487443088,0.13571424726917197,False
1187,Гусевский,Калининградская область,городской округ,27-709-000-000,0,3,0,0,0,0,0,0,0,0,0,0,0,0,0,0.16028005038232634,0.13053425435982602,False
1188,Зеленоградский,Калининградская область,муниципальный округ,27-510-000-000,0,3,4,0,0,0,0,3,3,3,3,3,3,3,3,0.04895949622756378,0.023956978394142788,False
1189,Краснознаменский,Калининградская область,муниципальный округ,27-513-000-000,1,0,5,1,1,1,0,0,0,1,1,1,1,1,1,0.21294381046610975,0.15617626114538338,True
1190,Светлогорский,Калининградская область,городской округ,27-734-000-000,0,3,4,0,0,0,0,0,0,0,0,0,0,0,0,0.04717667074205002,0.058104100741802694,False
1191,Неманский,Калининградская область,муниципальный округ,27-514-000-000,0,3,5,1,0,0,0,0,0,0,0,0,0,0,0,0.04734972994234095,0.145483707503835,False
1192,Нестеровский,Калининградская область,муниципальный округ,27-515-000-000,5,0,1,1,1,1,0,1,4,1,1,1,1,1,1,0.012453790276302135,0.059183430422841236,False
1193,Озерский,Калининградская область,муниципальный округ,27-516-000-000,1,3,5,1,1,1,1,1,4,1,1,1,1,1,1,0.0487166433199682,0.2054457145655169,False
1194,Полесский,Калининградская область,муниципальный округ,27-518-000-000,1,0,1,1,1,1,1,1,1,1,1,1,1,1,1,0.10405471455859469,0.1780726718656125,False
1195,Правдинский,Калининградская область,муниципальный округ,27-519-000-000,1,0,1,1,1,1,1,1,1,1,1,1,1,1,1,0.3051977262261181,0.30201509159003903,False
1196,Славский,Калининградская область,муниципальный округ,27-527-000-000,5,0,5,5,1,4,1,1,4,1,4,1,1,1,1,0.10328476536362269,0.05406155592983196,False
1197,Черняховский,Калининградская область,муниципальный округ,27-539-000-000,0,3,0,0,0,0,0,0,0,0,0,0,0,0,0,0.06922128000533699,0.05277838148688702,False
1198,Калуга,Калужская область,городской округ,29-701-000-000,0,3,0,0,0,0,0,0,0,0,0,0,0,0,0,0.05221047175892719,0.049814558230011026,False
1200,Бабынинский,Калужская область,муниципальный район,29-602-000-000,1,0,1,1,1,1,1,1,1,1,5,5,5,5,5,0.18055623477785884,0.012898746658204771,False
1201,Барятинский,Калужская область,муниципальный район,29-604-000-000,1,0,5,5,5,5,5,5,5,5,1,1,5,5,1,0.11452735412786606,0.009405799788988867,False
1203,Дзержинский,Калужская область,муниципальный район,29-608-000-000,1,0,1,1,1,1,1,1,1,1,1,1,1,1,1,0.09432278045103673,0.15877665301331256,False
1204,Думиничский,Калужская область,муниципальный район,29-610-000-000,5,0,5,5,5,5,5,5,5,5,5,5,5,5,5,0.15420213179648234,0.3734016886021969,False
1205,Жиздринский,Калужская область,муниципальный район,29-612-000-000,5,0,5,5,5,5,5,5,5,5,5,5,5,5,5,0.2789443024438158,0.22798505541456077,False
1206,Жуковский,Калужская область,муниципальный район,29-613-000-000,1,3,1,1,1,1,1,1,1,0,0,0,0,0,0,0.07854036374914791,0.010650952016366615,False
1207,Кировский,Калужская область,муниципальный район,29-614-000-000,0,3,0,0,0,1,1,1,1,0,0,0,0,0,0,0.02643219252054814,0.10967041434267247,False
1208,Износковский,Калужская область,муниципальный район,29-615-000-000,1,0,1,1,1,1,1,1,5,5,5,5,5,5,5,0.25487165010153956,0.15880481562561738,True
1209,Козельский,Калужская область,муниципальный район,29-616-000-000,1,0,1,1,1,1,1,1,1,1,1,1,1,1,1,0.19055999160557224,0.09652576424254254,False
1210,Куйбышевский,Калужская область,муниципальный район,29-618-000-000,5,0,5,5,5,5,5,5,5,5,5,5,5,5,5,0.21890431588939857,0.3009081673983542,False
1211,Людиновский,Калужская область,муниципальный район,29-620-000-000,1,3,0,1,1,1,1,1,1,1,5,0,0,0,1,0.02296963363439117,0.00043701059223588934,False
1212,Малоярославецкий,Калужская область,муниципальный район,29-623-000-000,0,3,0,0,0,0,0,0,0,0,0,0,0,0,0,0.14945647004306825,0.12229248638930867,False
1213,Медынский,Калужская область,муниципальный район,29-625-000-000,1,0,1,1,1,1,1,1,1,1,1,1,1,1,1,0.17183648185398326,0.28244810873532045,False
1214,Мещовский,Калужская область,муниципальный район,29-627-000-000,1,0,1,1,1,1,1,1,1,1,1,1,5,5,5,0.12414983454318264,0.3503586516083383,False
1215,Мосальский,Калужская область,муниципальный район,29-629-000-000,1,0,5,1,1,1,1,5,1,1,5,5,5,5,1,0.03733806972159962,0.06945489908467367,False
1217,Спас-Деменский,Калужская область,муниципальный район,29-634-000-000,5,0,5,5,5,5,5,5,5,5,5,5,5,5,5,0.0918329330262186,0.24456171688458306,False
1218,Сухиничский,Калужская область,муниципальный район,29-636-000-000,1,0,5,5,5,5,5,5,5,5,5,5,5,5,5,0.1010959397770777,0.10602933248307202,False
1219,Тарусский,Калужская область,муниципальный район,29-638-000-000,1,0,0,1,1,1,4,4,1,1,5,5,5,1,1,0.009173508036796865,0.13014907940096895,False
1220,Ульяновский,Калужская область,муниципальный район,29-642-000-000,5,0,5,5,5,5,5,5,5,5,4,5,5,5,5,0.12598863693679793,0.24486934876985486,False
1221,Ферзиковский,Калужская область,муниципальный район,29-644-000-000,0,3,1,1,1,0,0,0,0,0,0,0,0,0,0,0.054984839828264,0.3018148630195186,False
1222,Хвастовичский,Калужская область,муниципальный район,29-646-000-000,5,0,5,5,5,5,5,5,5,5,5,5,5,5,5,0.06900066117829018,0.40158166439340287,False
1223,Юхновский,Калужская область,муниципальный район,29-650-000-000,1,0,1,5,5,5,5,5,5,5,5,5,5,1,1,0.017450543049081016,0.13698471843019103,False
1224,Кемеровский,Кемеровская область,городской округ,32-701-000-000,0,3,0,0,0,0,0,0,0,0,0,0,0,0,0,0.01766870276039942,0.03807878209767163,False
1225,Анжеро-Судженский,Кемеровская область,городской округ,32-704-000-000,0,3,0,0,0,0,0,0,0,0,0,0,0,0,0,0.07453370316435233,0.34177461336728865,False
1226,Беловский,Кемеровская область,городской округ,32-707-000-000,0,3,0,0,0,0,0,0,0,0,0,0,0,0,0,0.160659566909296,0.4348407476023912,False
1227,Березовский,Кемеровская область,городской округ,32-710-000-000,0,3,0,0,4,4,4,4,4,4,2,4,4,4,0,0.030006576794207523,0.03763366047739386,False
1228,Калтанский,Кемеровская область,городской округ,32-715-000-000,0,3,0,0,0,4,4,4,4,4,4,4,4,4,0,0.1477242001496181,0.06005755759973559,False
1229,Киселевский,Кемеровская область,городской округ,32-716-000-000,0,3,0,0,0,0,0,0,0,0,0,0,0,0,0,0.1478906826029104,0.38012976432669926,False
1230,Ленинск-Кузнецкий,Кемеровская область,городской округ,32-719-000-000,0,3,0,0,0,0,0,0,0,0,0,0,0,0,0,0.061051100518498456,0.24265263901307724,False
1231,Междуреченский,Кемеровская область,городской округ,32-725-000-000,0,3,0,0,0,0,0,0,0,0,0,0,0,0,0,0.12523015327070686,0.23769728881362637,False
1232,Мысковский,Кемеровская область,городской округ,32-728-000-000,0,3,0,0,0,0,4,4,0,0,0,0,0,0,0,0.11901667942981645,0.2790864616448946,False
1233,Новокузнецкий,Кемеровская область,городской округ,32-731-000-000,0,3,0,0,0,0,0,0,0,0,0,0,0,0,0,0.06343709660146102,0.09037214951582767,False
1234,Осинниковский,Кемеровская область,городской округ,32-734-000-000,0,3,0,0,0,0,4,4,0,0,0,0,0,0,0,0.27399861378769064,0.25375319997958334,False
1235,Полысаевский,Кемеровская область,городской округ,32-732-000-000,0,3,0,0,4,4,4,4,4,4,4,4,4,4,4,0.0015828985868159044,0.020795509499377765,False
1236,Прокопьевский,Кемеровская область,городской округ,32-737-000-000,0,3,0,0,0,0,0,0,0,0,0,0,0,0,0,0.1645467222852679,0.23341613518378376,False
1237,Тайгинский,Кемеровская область,городской округ,32-740-000-000,0,3,0,0,0,0,4,4,4,4,4,4,4,4,0,0.15753282723316173,0.057230059849724166,False
1238,Юргинский,Кемеровская область,городской округ,32-749-000-000,0,3,0,0,0,0,0,0,0,0,0,0,0,0,0,0.16416573614060598,0.31376908651636864,False
1240,Беловский,Кемеровская область,муниципальный округ,32-501-000-000,4,3,5,0,0,4,4,0,4,4,4,4,4,4,4,0.03624253778409862,0.3017203823911741,False
1241,Гурьевский,Кемеровская область,муниципальный округ,32-502-000-000,0,3,0,0,5,4,4,4,4,4,4,4,4,4,4,0.06755406969741777,0.031900767836551096,False
1242,Ижморский,Кемеровская область,муниципальный округ,32-504-000-000,5,0,5,5,5,4,1,1,4,5,5,5,5,5,5,0.37155932733540276,0.04436788981697827,False
1243,Кемеровский,Кемеровская область,муниципальный округ,32-507-000-000,0,3,0,0,0,0,0,0,0,0,0,0,0,0,0,0.14138148152893154,0.2528239055908294,False
1244,Крапивинский,Кемеровская область,муниципальный округ,32-510-000-000,5,0,5,5,5,5,5,5,5,5,4,5,4,5,5,0.07074519969857303,0.06101714125270298,False
1246,Мариинский,Кемеровская область,муниципальный округ,32-516-000-000,4,3,4,4,5,4,4,4,4,4,4,4,4,4,4,0.16803966075745885,0.1581990470696218,False
1249,Промышленновский,Кемеровская область,муниципальный округ,32-525-000-000,4,3,4,4,4,4,4,4,4,4,4,4,4,4,4,0.06961027486315587,0.1996081136870091,False
1250,Таштагольский,Кемеровская область,муниципальный район,32-627-000-000,0,3,0,0,0,0,4,4,0,0,4,4,4,0,0,0.2726795519246869,0.115240330141337,False
1251,Тисульский,Кемеровская область,муниципальный округ,32-528-000-000,5,0,5,5,5,5,5,5,5,5,4,5,5,5,5,0.21488859130031285,0.11948157071532525,False
1252,Топкинский,Кемеровская область,муниципальный округ,32-531-000-000,4,3,4,0,0,4,4,4,4,4,4,4,4,4,4,0.06746689310474759,0.038730739949189234,False
1253,Тяжинский,Кемеровская область,муниципальный округ,32-534-000-000,5,0,5,5,5,5,5,5,5,5,5,5,5,5,5,0.2312327625223914,0.4369525737698593,False
1254,Чебулинский,Кемеровская область,муниципальный округ,32-537-000-000,4,3,4,4,4,4,4,4,4,4,4,4,4,4,4,0.3152096628896633,0.1863412365404999,False
1256,Яйский,Кемеровская область,муниципальный округ,32-543-000-000,5,3,5,5,5,4,4,4,4,4,5,4,4,5,5,0.09885729283567088,0.01408617255915232,False
1257,Яшкинский,Кемеровская область,муниципальный округ,32-546-000-000,5,0,5,5,5,5,5,5,5,5,5,5,5,5,5,0.07696337267098921,0.09045937555294556,False
1258,Киров,Кировская область,городской округ,33-701-000-000,0,3,0,0,0,0,0,0,0,0,0,0,0,0,0,0.07097294296637492,0.07321005711352319,False
1259,Вятские Поляны,Кировская область,городской округ,33-704-000-000,1,0,5,1,1,1,1,1,1,1,1,1,1,1,1,0.058269476974768926,0.19735467069953713,False
1260,Кирово-Чепецк,Кировская область,городской округ,33-707-000-000,0,3,0,0,0,0,0,0,0,0,0,0,0,0,0,0.22709107127077083,0.2156810298355218,False
1261,Котельнич,Кировская область,городской округ,33-710-000-000,1,0,1,1,1,1,1,1,1,1,1,1,1,1,1,0.14816389638131477,0.36310494124700227,False
1262,Слободской,Кировская область,городской округ,33-713-000-000,1,0,1,1,1,1,1,1,1,1,1,1,1,1,1,0.06355059735761848,0.1739657856431234,False
1264,Арбажский,Кировская область,муниципальный округ,33-502-000-000,4,0,4,4,4,4,5,5,4,4,4,4,4,4,4,0.12717170581362575,0.159580050353287,False
1265,Афанасьевский,Кировская область,муниципальный округ,33-503-000-000,1,0,5,5,4,4,4,4,4,1,1,1,1,1,1,0.052524685549795454,0.05891458955302217,False
1266,Белохолуницкий,Кировская область,муниципальный район,33-605-000-000,1,0,1,1,1,1,5,5,1,1,1,1,1,1,1,0.20148899420659053,0.16462462655005336,False
1267,Богородский,Кировская область,муниципальный округ,33-506-000-000,5,0,1,5,5,5,5,5,5,1,1,1,1,1,1,0.10326230799698011,0.05434208962437785,False
1268,Верхнекамский,Кировская область,муниципальный округ,33-507-000-000,1,0,5,5,5,5,5,5,5,5,5,5,5,5,5,0.05484230155745605,0.17578778376768636,False
1269,Верхошижемский,Кировская область,муниципальный район,33-608-000-000,5,0,1,5,5,5,5,5,5,1,1,1,1,1,1,0.04811065454943023,0.22050616127468764,False
1270,Вятскополянский,Кировская область,муниципальный район,33-610-000-000,1,0,5,1,1,1,1,1,1,1,1,1,1,1,1,0.08276408743507152,0.07667029088194463,False
1271,Даровской,Кировская область,муниципальный район,33-612-000-000,5,0,5,5,5,5,5,1,5,5,1,1,5,5,5,0.05202680494514636,0.1066449564862642,False
1272,Зуевский,Кировская область,муниципальный район,33-614-000-000,1,0,5,5,5,5,5,5,5,5,5,5,5,5,5,0.005720765955704191,0.036714216294223216,False
1273,Кикнурский,Кировская область,муниципальный округ,33-516-000-000,5,0,5,5,5,5,5,5,5,5,5,5,5,5,5,0.10044443668792141,0.2898982148439432,False
1274,Кильмезский,Кировская область,муниципальный район,33-617-000-000,5,0,5,4,4,4,5,5,4,4,4,4,4,4,5,4.955443765429894e-05,0.0137275497006823,False
1275,Кирово-Чепецкий,Кировская область,муниципальный район,33-618-000-000,0,3,0,0,0,0,0,0,0,0,0,0,0,0,0,0.05881130129771738,0.07570280990694091,False
1276,Котельничский,Кировская область,муниципальный район,33-619-000-000,5,0,5,5,5,5,5,5,5,5,5,5,5,5,5,0.10523433881365117,0.24028074155589244,False
1277,Куменский,Кировская область,муниципальный район,33-620-000-000,1,0,1,1,1,5,5,5,1,5,5,5,5,5,1,0.15843322638916163,0.1527547104806971,False
1278,Лебяжский,Кировская область,муниципальный округ,33-521-000-000,5,0,5,5,5,4,5,5,4,1,1,5,5,5,5,0.20616905919084844,0.18379671432020703,False
1279,Лузский,Кировская область,муниципальный округ,33-522-000-000,5,0,5,5,5,4,4,4,4,5,5,5,5,5,5,0.19210754800118032,0.21557341695532783,False
1280,Малмыжский,Кировская область,муниципальный район,33-623-000-000,5,0,5,5,5,5,5,5,5,5,5,5,5,5,5,0.34294264628597654,0.3123829026754093,False
1281,Мурашинский,Кировская область,муниципальный округ,33-524-000-000,1,0,1,1,1,1,4,4,1,1,1,1,1,5,5,0.0807152221442443,0.05207606105278721,False
1282,Нагорский,Кировская область,муниципальный район,33-625-000-000,5,0,5,5,5,4,5,5,4,1,1,1,1,5,1,0.017818744155555694,0.03501171944430757,False
1284,Нолинский,Кировская область,муниципальный район,33-627-000-000,1,0,1,1,1,1,1,1,1,1,5,5,5,1,1,0.04644148034418709,0.12465903722404881,False
1285,Омутнинский,Кировская область,муниципальный район,33-628-000-000,1,0,0,0,1,4,4,4,4,1,1,1,1,1,1,0.08941073864408557,0.18122908439394128,False
1286,Опаринский,Кировская область,муниципальный округ,33-529-000-000,5,0,5,5,5,5,5,5,5,1,1,1,1,1,5,0.22387101216842575,0.13059242378509409,False
1287,Оричевский,Кировская область,муниципальный район,33-630-000-000,1,0,1,1,1,1,1,1,1,1,1,1,1,1,1,0.2667564820613535,0.33682887415602547,False
1288,Орловский,Кировская область,муниципальный район,33-645-000-000,1,0,1,1,1,1,5,5,1,1,1,5,5,1,1,0.23105537210829732,0.09687038854766251,False
1289,Пижанский,Кировская область,муниципальный округ,33-531-000-000,5,0,5,5,5,4,4,5,4,1,1,1,1,1,1,0.22715885985341566,0.10102308798308139,False
1290,Подосиновский,Кировская область,муниципальный район,33-632-000-000,5,0,5,5,5,4,4,5,4,1,1,1,1,1,1,0.21225508340209967,0.20496086356261642,True
1291,Санчурский,Кировская область,муниципальный округ,33-533-000-000,5,0,5,5,5,5,5,5,5,5,5,5,5,5,5,0.24392371037758895,0.13936114652094234,False
1292,Свечинский,Кировская область,муниципальный округ,33-534-000-000,5,0,5,1,1,1,1,1,1,5,5,5,5,5,5,0.06616380482337315,0.17516270264739325,False
1293,Слободской,Кировская область,муниципальный район,33-635-000-000,1,0,1,1,1,1,1,1,1,1,1,1,1,1,1,0.28954526701745764,0.21033327345023017,False
1294,Советский,Кировская область,муниципальный район,33-636-000-000,1,0,5,1,1,1,1,1,1,1,1,1,1,1,1,0.11120677613798237,0.26122959804640045,False
1295,Сунский,Кировская область,муниципальный район,33-637-000-000,1,0,1,1,1,1,1,1,1,5,1,1,1,1,1,0.3206755830586119,0.07877214778518232,False
1296,Тужинский,Кировская область,муниципальный район,33-638-000-000,5,0,5,5,5,1,1,1,4,1,1,1,1,1,5,0.17973966567177638,0.033894826405225946,False
1297,Унинский,Кировская область,муниципальный округ,33-540-000-000,5,0,1,5,5,5,5,5,5,5,5,5,5,5,5,0.09586527806071878,0.2587529467107488,False
1298,Уржумский,Кировская область,муниципальный район,33-641-000-000,5,0,5,5,5,5,5,5,5,1,1,1,1,1,1,0.16742173054600573,0.050088626708169055,False
1299,Фаленский,Кировская область,муниципальный округ,33-543-000-000,5,0,5,5,5,5,5,1,1,5,5,5,5,5,1,0.013133727146567716,0.11853496428732632,False
1300,Шабалинский,Кировская область,муниципальный район,33-647-000-000,5,0,5,5,5,1,1,1,1,1,5,5,5,1,5,0.3904277488606815,0.03339037054656722,False
1301,Юрьянский,Кировская область,муниципальный район,33-649-000-000,1,0,1,1,1,1,1,1,1,1,1,1,1,1,1,0.2085392178209445,0.32277025677010096,False
1302,Яранский,Кировская область,муниципальный район,33-650-000-000,1,0,5,1,1,1,1,1,1,1,1,1,1,1,1,0.16291195652415102,0.13058453096549938,False
1303,Кострома,Костромская область,городской округ,34-701-000-000,0,3,0,0,0,0,0,0,0,0,0,0,0,0,0,0.20009024006233217,0.2328745313930457,False
1304,Буй,Костромская область,городской округ,34-705-000-000,1,0,5,1,1,1,1,1,1,1,1,1,1,1,1,0.053181687848369096,0.02935096625547245,False
1305,Волгореченск,Костромская область,городской округ,34-706-000-000,1,0,0,1,1,1,1,1,1,1,1,1,1,1,1,0.027283724737900743,0.08217276337709051,False
1306,Галич,Костромская область,городской округ,34-708-000-000,1,0,5,1,1,1,1,1,1,1,1,1,5,1,1,0.12738683510049637,0.0977114043988743,False
1308,Шарья,Костромская область,городской округ,34-730-000-000,1,0,5,1,1,1,1,1,1,5,5,5,5,5,5,0.11547496667117163,0.015339953736648126,False
1309,Антроповский,Костромская область,муниципальный район,34-602-000-000,1,0,5,5,5,5,5,5,5,1,1,1,1,1,1,0.21489572006286214,0.19559048221330347,True
1310,Буйский,Костромская область,муниципальный район,34-604-000-000,5,0,5,5,1,1,1,1,1,1,5,5,5,5,5,0.28554017849163316,0.09796270962832601,False
1311,Вохомский,Костромская область,муниципальный район,34-606-000-000,5,0,5,5,5,5,5,5,5,5,5,5,5,5,5,0.33010260665243,0.29933418985150323,False
1312,Галичский,Костромская область,муниципальный район,34-608-000-000,1,0,1,1,1,1,1,1,1,1,1,1,1,1,1,0.06452419628251793,0.290143895803959,False
1313,Кадыйский,Костромская область,муниципальный район,34-610-000-000,5,0,5,5,5,5,5,5,5,5,5,5,5,5,5,0.3694807679100337,0.3436504440159592,False
1314,Кологривский,Костромская область,муниципальный округ,34-512-000-000,5,0,5,5,5,5,5,5,5,5,4,4,4,5,5,0.141593531464139,0.18231937539745843,False
1315,Костромской,Костромская область,муниципальный район,34-614-000-000,0,3,0,0,0,0,0,0,0,0,0,0,0,0,0,0.1692891327312863,0.3720021121309611,False
1316,Красносельский,Костромская область,муниципальный район,34-616-000-000,1,0,5,1,1,1,1,1,1,1,1,1,1,1,1,0.07192305464418135,0.1970798545637158,False
1317,Макарьевский,Костромская область,муниципальный район,34-618-000-000,5,0,5,5,5,5,5,5,5,5,5,5,5,5,5,0.19947159176806697,0.30651055100925406,False
1319,Межевской,Костромская область,муниципальный округ,34-522-000-000,5,0,5,5,5,5,5,5,5,5,5,5,5,5,5,0.06337315855881447,0.3394834810756277,False
1320,Нейский,Костромская область,муниципальный округ,34-524-000-000,5,0,5,5,5,5,5,5,5,5,5,5,5,5,5,0.3941772322127798,0.32964800420246304,False
1321,Нерехта и Нерехтский,Костромская область,муниципальный район,34-626-000-000,1,0,5,1,1,1,1,1,1,1,1,1,1,1,1,0.007603703646002206,0.19859267748405857,False
1322,Октябрьский,Костромская область,муниципальный район,34-628-000-000,5,0,5,5,1,1,1,1,4,4,4,4,4,1,1,0.16384590021981676,0.04128089557282961,False
1323,Островский,Костромская область,муниципальный округ,34-530-000-000,5,0,5,5,5,5,5,5,5,5,5,5,5,5,5,0.3191262654647651,0.2054566370447798,False
1324,Павинский,Костромская область,муниципальный округ,34-532-000-000,5,0,4,5,5,5,5,5,5,5,4,5,5,5,5,0.05660654034306542,0.06423368987934742,False
1325,Парфеньевский,Костромская область,муниципальный округ,34-534-000-000,5,0,5,5,5,5,5,5,5,5,5,5,5,5,5,0.3057826239436647,0.3655769600161283,False
1326,Поназыревский,Костромская область,муниципальный округ,34-536-000-000,5,0,5,5,5,4,5,1,4,5,4,5,1,1,1,0.29130156368148075,0.23133710921166314,True
1327,Пыщугский,Костромская область,муниципальный округ,34-538-000-000,5,0,5,5,1,1,1,1,1,5,5,5,5,5,1,0.1004455928447007,0.08077583365446321,False
1328,Солигаличский,Костромская область,муниципальный округ,34-540-000-000,1,0,5,5,5,5,5,5,1,1,1,1,1,1,1,0.3429029905140855,0.32569849195578626,True
1329,Судиславский,Костромская область,муниципальный район,34-642-000-000,1,0,5,5,1,1,1,1,1,1,1,1,1,1,1,0.3148731009000554,0.28360355349417676,True
1330,Сусанинский,Костромская область,муниципальный район,34-644-000-000,1,0,5,5,5,5,5,5,5,5,1,1,1,1,1,0.25027246635727796,0.15658023014993805,True
1331,Чухломский,Костромская область,муниципальный район,34-646-000-000,5,0,5,5,5,1,1,1,5,5,5,5,5,5,5,0.3278399319450039,0.36114564270300453,False
1333,Курган,Курганская область,городской округ,37-701-000-000,0,3,0,0,0,0,0,0,0,0,0,0,0,0,0,0.14675548896868804,0.2911683702055213,False
1334,Шадринск,Курганская область,городской округ,37-705-000-000,0,3,0,0,1,1,1,1,1,0,0,0,0,0,0,0.048203852261438966,0.04122672173129711,False
1335,Альменевский,Курганская область,муниципальный округ,37-502-000-000,5,0,5,5,5,5,5,5,5,5,1,1,1,1,1,0.24581599080995278,0.07000688852505964,False
1336,Белозерский,Курганская область,муниципальный округ,37-504-000-000,5,0,1,5,5,5,5,5,5,5,1,1,1,5,5,0.022835421114380434,0.09040044151621213,False
1337,Варгашинский,Курганская область,муниципальный округ,37-506-000-000,1,0,1,5,5,5,5,5,5,5,1,1,5,1,1,0.1000488091901633,0.11062570140691833,False
1338,Далматовский,Курганская область,муниципальный округ,37-508-000-000,1,0,5,5,5,5,5,5,5,5,5,5,5,5,1,0.22904999933028197,0.03013986430891354,False
1339,Звериноголовский,Курганская область,муниципальный округ,37-509-000-000,5,0,5,5,5,5,5,5,5,5,5,5,5,5,5,0.16290727971140884,0.2304533356990096,False
1340,Каргапольский,Курганская область,муниципальный округ,37-510-000-000,5,0,5,5,5,5,5,5,5,5,1,1,5,1,1,0.261112025818514,0.14055466114947265,False
1341,Катайский,Курганская область,муниципальный округ,37-512-000-000,1,0,5,5,5,1,5,5,1,1,1,1,1,1,1,0.07402264505658851,0.353491421074683,False
1343,Куртамышский,Курганская область,муниципальный округ,37-516-000-000,5,0,5,5,5,5,5,5,5,5,5,5,5,5,5,0.26671586006421155,0.11320430324777239,False
1344,Лебяжьевский,Курганская область,муниципальный округ,37-518-000-000,5,0,5,5,5,5,5,5,5,1,1,1,1,1,1,0.07348417851883163,0.21985194206449513,False
1345,Макушинский,Курганская область,муниципальный округ,37-520-000-000,5,0,5,5,5,5,5,5,5,1,1,1,5,5,5,0.37590926459351715,0.11199279869614094,False
1346,Мишкинский,Курганская область,муниципальный округ,37-522-000-000,5,0,5,5,5,5,5,5,5,5,5,5,5,5,5,0.4225216328262058,0.19623320579944942,False
1347,Мокроусовский,Курганская область,муниципальный округ,37-524-000-000,5,0,1,1,5,5,5,5,5,5,5,5,5,5,5,0.07525482405659001,0.20956947053849298,False
1348,Петуховский,Курганская область,муниципальный округ,37-526-000-000,5,0,5,5,5,5,5,5,5,5,5,5,5,5,5,0.3064834422855738,0.22573197038759257,False
1349,Половинский,Курганская область,муниципальный округ,37-528-000-000,5,0,1,1,5,5,5,5,5,5,1,5,5,5,5,0.2818228774814213,0.23341040247861478,True
1350,Притобольный,Курганская область,муниципальный округ,37-530-000-000,5,0,1,1,1,5,5,5,5,5,1,1,1,1,5,0.14136928503509522,0.020471887238189868,False
1351,Сафакулевский,Курганская область,муниципальный округ,37-532-000-000,5,0,5,5,5,1,5,1,1,1,1,1,1,1,1,0.13303509047092682,0.1015908231457823,False
1352,Целинный,Курганская область,муниципальный округ,37-534-000-000,5,0,1,5,5,5,5,5,5,5,5,5,5,5,5,0.12132604744318295,0.17178171396174935,False
1353,Частоозерский,Курганская область,муниципальный округ,37-536-000-000,5,0,5,5,5,5,5,5,5,1,1,1,5,5,5,0.4331013685974019,0.29279784951273474,False
1355,Шатровский,Курганская область,муниципальный округ,37-540-000-000,5,0,5,5,5,1,1,1,1,5,5,5,5,1,1,0.3370012432299563,0.045896429078399095,False
1356,Шумихинский,Курганская область,муниципальный округ,37-542-000-000,5,0,5,5,1,1,1,1,1,1,1,1,1,1,1,0.32782606803018044,0.3022301164373696,True
1357,Щучанский,Курганская область,муниципальный округ,37-544-000-000,5,0,5,5,5,5,5,1,5,5,5,5,5,1,1,0.3690597894841224,0.1277702014160384,False
1358,Юргамышский,Курганская область,муниципальный округ,37-546-000-000,5,0,5,5,5,4,5,5,4,5,1,5,5,5,5,0.16503464924832506,0.11626558539191863,False
1392,Бокситогорский,Ленинградская область,муниципальный район,41-603-000-000,0,3,0,0,0,0,4,4,0,0,0,0,0,0,0,0.22575341597870158,0.23502938925909617,False
1393,Волосовский,Ленинградская область,муниципальный район,41-606-000-000,0,3,0,0,0,0,4,4,0,0,4,4,4,0,0,0.2413855221870406,0.14711986333935909,False
1394,Волховский,Ленинградская область,муниципальный район,41-609-000-000,0,3,0,0,0,0,0,0,0,0,0,0,0,0,0,0.2010885644922446,0.2505663785033469,False
1395,Всеволожский,Ленинградская область,муниципальный район,41-612-000-000,3,1,3,3,3,3,3,3,3,3,3,3,3,3,3,0.146523932766304,0.16617076066679703,False
1396,Выборгский,Ленинградская область,муниципальный район,41-615-000-000,3,1,3,0,0,0,0,3,0,0,3,3,3,0,0,0.02665319409676846,0.007536465315788095,False
1397,Гатчинский,Ленинградская область,муниципальный район,41-618-000-000,3,1,3,3,3,3,3,3,3,3,3,3,3,3,3,0.05125246013966742,0.10311481123738019,False
1398,Кингисеппский,Ленинградская область,муниципальный район,41-621-000-000,0,1,0,0,0,0,0,0,0,0,3,3,3,0,0,0.012130700659200423,0.037051721907819274,False
1399,Киришский,Ленинградская область,муниципальный район,41-624-000-000,0,3,0,0,0,0,0,0,0,0,0,0,0,0,0,0.13947045060286997,0.16745597226130982,False
1400,Кировский,Ленинградская область,муниципальный район,41-625-000-000,0,1,0,0,0,0,0,0,0,0,0,3,0,0,0,0.01591184576444499,0.022014994450851248,False
1401,Лодейнопольский,Ленинградская область,муниципальный район,41-627-000-000,0,3,0,0,0,0,0,0,0,0,0,0,0,0,0,0.3405313598851222,0.2711845009102559,False
1402,Ломоносовский,Ленинградская область,муниципальный район,41-630-000-000,3,1,3,3,3,3,3,3,3,3,3,3,3,3,3,0.12533301915511622,0.17122362603214236,False
1403,Лужский,Ленинградская область,муниципальный район,41-633-000-000,0,3,0,0,0,0,0,0,0,0,0,0,0,0,0,0.09204348028887457,0.1222546229424633,False
1404,Подпорожский,Ленинградская область,муниципальный район,41-636-000-000,0,3,0,0,0,0,4,4,0,0,4,0,0,0,0,0.22979266007696902,0.1738610122285553,False
1405,Приозерский,Ленинградская область,муниципальный район,41-639-000-000,0,3,0,0,0,0,0,0,0,0,0,0,0,0,0,0.25917824062348416,0.18653342919924243,False
1406,Сланцевский,Ленинградская область,муниципальный район,41-642-000-000,0,3,0,0,0,0,0,0,0,0,0,0,0,0,0,0.3233571919812159,0.35655278143930985,False
1407,Тихвинский,Ленинградская область,муниципальный район,41-645-000-000,0,3,0,0,0,0,0,0,0,0,0,0,0,0,0,0.1670686983039505,0.23501673269574302,False
1408,Тосненский,Ленинградская область,муниципальный район,41-648-000-000,3,1,3,0,0,3,3,3,0,3,3,3,3,3,3,0.026636779460869328,0.017942188287244358,False
1409,Сосновоборский,Ленинградская область,городской округ,41-754-000-000,3,1,3,3,3,3,3,3,3,3,3,3,3,3,3,0.0717964410584052,0.09346719253610002,False
1410,Липецк,Липецкая область,городской округ,42-701-000-000,0,3,0,0,0,0,0,0,0,0,0,0,0,0,0,0.14846126939442836,0.04627752565351349,False
1411,Елец,Липецкая область,городской округ,42-715-000-000,0,3,0,0,0,0,0,0,0,0,0,0,0,0,0,0.12715412185977734,0.27757714427209523,False
1412,Воловский,Липецкая область,муниципальный район,42-603-000-000,5,0,1,1,1,1,1,1,5,5,5,5,5,5,5,0.16669428465414649,0.10189205757528483,False
1413,Грязинский,Липецкая область,муниципальный район,42-606-000-000,1,3,0,1,0,1,1,1,1,0,0,0,0,0,1,0.04993596118215699,0.01469032030566709,False
1414,Данковский,Липецкая область,муниципальный район,42-609-000-000,1,0,5,1,1,1,1,1,1,1,1,1,1,1,1,0.10820143200099616,0.1306172928965261,False
1415,Добринский,Липецкая область,муниципальный район,42-612-000-000,1,0,5,5,1,5,5,5,5,1,1,1,1,1,1,0.20928207926564418,0.21300998003995758,True
1416,Добровский,Липецкая область,муниципальный район,42-615-000-000,1,0,1,1,1,1,1,1,1,1,1,1,1,1,1,0.28341148900460433,0.350298623219765,False
1417,Долгоруковский,Липецкая область,муниципальный район,42-618-000-000,1,0,1,1,1,1,1,1,1,1,5,5,5,5,5,0.3465584925960726,0.308881492268112,True
1419,Задонский,Липецкая область,муниципальный район,42-624-000-000,1,0,5,1,1,1,1,5,5,5,5,5,5,5,1,0.0755893196960307,0.011671373334820939,False
1420,Измалковский,Липецкая область,муниципальный район,42-627-000-000,5,0,5,5,5,5,5,5,5,1,1,1,1,1,1,0.04009632377098635,0.14229172638179866,False
1421,Краснинский,Липецкая область,муниципальный район,42-630-000-000,5,0,1,1,1,5,1,1,5,5,5,5,5,5,5,0.17392215104349948,0.3978981783247548,True
1422,Лебедянский,Липецкая область,муниципальный район,42-633-000-000,1,0,5,1,1,1,1,1,1,1,1,1,1,1,1,0.030051645400583808,0.10540036708423348,False
1423,Лев-Толстовский,Липецкая область,муниципальный район,42-636-000-000,1,0,5,1,1,1,1,1,1,1,1,1,1,1,1,0.2512035867287872,0.25252645239772425,True
1425,Становлянский,Липецкая область,муниципальный район,42-642-000-000,1,0,1,1,1,1,1,5,1,1,1,1,1,1,5,0.2500391515390111,0.07088226017655921,False
1426,Тербунский,Липецкая область,муниципальный район,42-645-000-000,1,0,1,1,1,1,1,1,1,1,1,1,1,1,1,0.007282834365740212,0.05872979721201144,False
1427,Усманский,Липецкая область,муниципальный район,42-648-000-000,1,0,5,1,1,1,1,1,1,1,1,1,1,1,1,0.0400830091082524,0.2182694802139942,False
1428,Хлевенский,Липецкая область,муниципальный район,42-652-000-000,5,0,5,5,5,5,5,5,5,5,5,5,5,5,5,0.05678531561091852,0.317164175267011,False
1429,Чаплыгинский,Липецкая область,муниципальный район,42-656-000-000,1,0,5,1,1,1,1,5,1,1,1,1,1,1,1,0.16846732166743195,0.2848588766020658,True
1430,Магадан,Магаданская область,городской округ,44-701-000-000,3,1,3,2,2,2,2,2,3,3,3,3,3,3,3,0.15044485941712124,0.26168046695851216,False
1431,Ольский,Магаданская область,муниципальный округ,44-502-000-000,0,3,2,2,2,2,2,2,2,2,0,0,0,0,0,0.2110640141610018,0.1692755257848219,True
1438,Ягоднинский,Магаданская область,муниципальный округ,44-522-000-000,2,2,2,2,2,2,2,2,2,2,2,2,2,2,2,0.46508226621452736,0.30657948110396654,False
1439,Балашиха,Московская область,городской округ,46-704-000-000,3,1,3,3,3,3,3,3,3,3,3,3,3,3,3,0.19479774007328207,0.14980972557827588,False
1440,Бронницы,Московская область,городской округ,46-705-000-000,3,1,3,3,3,3,3,3,0,3,3,3,3,3,0,0.03754910460984089,0.020414289404643276,False
1443,Дзержинский,Московская область,городской округ,46-711-000-000,3,1,3,3,3,3,3,3,3,3,3,3,3,3,3,0.18705625379130547,0.19614833184399127,False
1444,Долгопрудный,Московская область,городской округ,46-716-000-000,3,1,3,3,3,3,3,3,3,3,3,3,3,3,3,0.3216350690106072,0.21831983692259407,False
1445,Домодедово,Московская область,городской округ,46-709-000-000,3,1,3,3,3,3,3,3,3,3,3,3,3,3,3,0.14296695224662315,0.14521704854252956,False
1446,Дубна,Московская область,городской округ,46-718-000-000,3,1,3,3,3,3,3,3,3,3,3,3,3,3,3,0.13896122800905233,0.12936679943142965,False
1447,Егорьевск,Московская область,городской округ,46-722-000-000,0,3,0,0,0,0,0,0,0,0,0,0,0,0,0,0.05502922686002893,0.06487289324012471,False
1448,Жуковский,Московская область,городской округ,46-725-000-000,3,1,3,3,3,3,3,3,3,3,3,3,3,3,3,0.2451471528934285,0.18373124003124972,False
1449,Зарайск,Московская область,городской округ,46-729-000-000,0,3,0,0,0,0,4,4,0,0,0,0,0,0,0,0.1550762967327601,0.2664709755482389,False
1453,Истра,Московская область,городской округ,46-733-000-000,3,1,3,3,3,3,3,3,3,3,3,3,3,3,3,0.16685606609437337,0.18078430390593722,False
1454,Кашира,Московская область,городской округ,46-735-000-000,0,3,0,0,0,0,0,0,0,0,0,0,0,0,0,0.06913573928874758,0.19883609822637394,False
1456,Королёв,Московская область,городской округ,46-734-000-000,3,1,3,3,3,3,3,3,3,3,3,3,3,3,3,0.20678224190954486,0.2375493424896414,False
1457,Котельники,Московская область,городской округ,46-739-000-000,3,1,3,3,3,3,3,3,3,3,3,3,3,3,3,0.26697835887852617,0.1713987992439613,False
1459,Красногорск,Московская область,городской округ,46-744-000-000,3,1,3,3,3,3,3,3,3,3,3,3,3,3,3,0.2419166282520657,0.2035387936915036,False
1461,Лобня,Московская область,городской округ,46-740-000-000,3,1,3,3,3,3,3,3,3,3,3,3,3,3,3,0.19899844935619784,0.1594870654388165,False
1463,Луховицы,Московская область,городской округ,46-747-000-000,0,3,0,0,0,0,0,0,0,0,0,0,0,0,0,0.09256789655709395,0.20604494202584495,False
1464,Лыткарино,Московская область,городской округ,46-741-000-000,3,1,3,3,3,3,3,3,3,3,3,3,3,3,3,0.11936440810166851,0.17712375650529694,False
1465,Люберцы,Московская область,городской округ,46-748-000-000,3,1,3,3,3,3,3,3,3,3,3,3,3,3,3,0.19559165453687072,0.16131554106839002,False
1467,Мытищи,Московская область,городской округ,46-746-000-000,3,1,3,3,3,3,3,3,3,3,3,3,3,3,3,0.22978532885405406,0.21074767855961882,False
1468,Наро-Фоминский,Московская область,городской округ,46-750-000-000,3,1,3,3,3,3,3,3,3,3,3,3,3,3,3,0.1392204461769035,0.13902562203280336,False
1472,Подольск,Московская область,городской округ,46-760-000-000,3,1,3,3,3,3,3,3,3,3,3,3,3,3,3,0.13864561571636555,0.12074491744467336,False
1473,Протвино,Московская область,городской округ,46-767-000-000,0,3,0,0,0,0,0,0,0,0,0,0,0,0,0,0.2110618818999796,0.2234911880924242,False
1474,Пущино,Московская область,городской округ,46-762-000-000,0,3,0,0,0,0,4,4,0,0,0,0,0,0,0,0.20822929011469193,0.08435323888442818,False
1475,Реутов,Московская область,городской округ,46-764-000-000,3,1,3,3,3,3,3,3,3,3,3,3,3,3,3,0.2772785524720902,0.2941620063351102,False
1477,Рузский,Московская область,городской округ,46-766-000-000,0,3,0,0,0,0,0,0,0,0,0,0,0,0,0,0.08423201910941674,0.09632682679185699,False
1478,Серебряные Пруды,Московская область,городской округ,46-772-000-000,0,3,0,0,0,0,4,4,0,0,0,0,0,0,0,0.24411620630100303,0.30912799621768283,False
1480,Ступино,Московская область,городской округ,46-776-000-000,3,1,3,3,3,3,3,3,3,3,3,3,3,3,3,0.02731715530627914,0.0952224305971179,False
1481,Фрязино,Московская область,городской округ,46-780-000-000,3,1,3,3,3,3,3,3,3,3,3,3,3,3,3,0.13205259737649452,0.12373558556530592,False
1483,Черноголовка,Московская область,городской округ,46-781-000-000,0,3,0,0,0,0,0,4,0,0,0,0,0,0,0,0.12542509906766225,0.15378028436150165,False
1484,Чехов,Московская область,городской округ,46-784-000-000,3,1,3,3,3,3,3,3,3,3,3,3,3,3,3,0.10542385780049916,0.12010636348371026,False
1486,Шаховская,Московская область,городской округ,46-787-000-000,0,3,0,0,0,0,0,0,0,0,0,0,0,0,0,0.3624001108701542,0.2910175926860412,False
1488,Электросталь,Московская область,городской округ,46-790-000-000,3,1,3,3,3,3,3,3,3,3,3,3,3,3,3,0.10897107000499591,0.13371058217503384,False
1489,Волоколамский,Московская область,городской округ,46-708-000-000,0,3,0,0,0,0,0,0,0,0,0,0,0,0,0,0.1293823032381369,0.21497715001966072,False
1490,Воскресенск,Московская область,городской округ,46-710-000-000,0,3,3,0,0,0,0,0,0,0,0,0,0,0,0,0.004733107709497773,0.013147359670432204,False
1491,Дмитровский,Московская область,городской округ,46-715-000-000,3,1,3,3,3,3,3,3,3,3,3,3,3,3,3,0.07051311927928801,0.07625954566404233,False
1492,Клин,Московская область,городской округ,46-737-000-000,0,1,0,0,3,3,3,3,3,3,3,3,3,3,3,0.018109785443693124,0.054966796473099266,False
1493,Ленинский,Московская область,городской округ,46-707-000-000,3,1,3,3,3,3,3,3,3,3,3,3,3,3,3,0.23375482775554593,0.21905330586047328,False
1494,Лотошино,Московская область,городской округ,46-752-000-000,1,3,0,0,0,1,4,4,1,0,0,0,0,0,0,0.08701501311300516,0.07128838294210003,False
1495,Можайский,Московская область,городской округ,46-745-000-000,0,3,0,0,0,0,0,0,0,0,0,0,0,0,0,0.06583431226545952,0.1027382347259022,False
1496,Богородский,Московская область,городской округ,46-751-000-000,3,1,3,3,3,3,3,3,3,3,3,3,3,3,3,0.045431610720235646,0.06411994947214843,False
1500,Раменский,Московская область,городской округ,46-768-000-000,3,1,3,3,3,3,3,3,3,3,3,3,3,3,3,0.11323674515978702,0.10612183772293093,False
1501,Сергиево-Посадский,Московская область,городской округ,46-728-000-000,3,1,3,3,3,3,3,3,3,3,3,3,3,3,3,0.08785626108338633,0.05870841000464372,False
1504,Талдомский,Московская область,городской округ,46-778-000-000,0,3,0,0,0,0,4,4,0,0,0,0,0,0,0,0.3139656907040477,0.17432188030355367,False
1506,Мурманск,Мурманская область,городской округ,47-701-000-000,3,1,3,3,3,3,3,3,3,3,3,3,3,3,3,0.17790247864456066,0.09108541104415335,False
1507,Апатиты,Мурманская область,муниципальный округ,47-519-000-000,3,1,3,3,3,3,3,3,3,3,3,3,3,3,3,0.09201034733732243,0.030331161337376622,False
1508,Кировск,Мурманская область,муниципальный округ,47-522-000-000,3,1,3,3,3,3,3,3,3,3,3,3,3,3,3,0.09867819943777104,0.004558022748643242,False
1509,Мончегорск,Мурманская область,муниципальный округ,47-524-000-000,0,3,3,0,0,2,2,4,0,0,0,0,0,0,0,0.0447507371779817,0.14509625695460934,False
1510,Оленегорск,Мурманская область,муниципальный округ,47-526-000-000,0,3,0,0,0,0,4,4,0,0,0,0,0,0,0,0.0747550799197167,0.17641825115937104,False
1511,Полярные Зори,Мурманская область,муниципальный округ,47-528-000-000,3,1,3,3,3,0,4,4,0,3,3,3,0,0,0,0.07591727617816633,0.05579950158342601,False
1512,Ковдорский,Мурманская область,муниципальный округ,47-517-000-000,0,3,0,0,0,0,4,4,0,0,0,0,0,0,0,0.004168392421517459,0.11560690606147679,False
1518,Кандалакшский,Мурманская область,муниципальный район,47-608-000-000,0,3,0,0,0,0,0,0,0,0,0,0,0,0,0,0.05967282592943514,0.1895542176926369,False
1519,Кольский,Мурманская область,муниципальный район,47-605-000-000,0,3,0,0,0,0,4,4,0,0,0,0,0,0,0,0.19299062343772838,0.24175344844232813,False
1520,Ловозерский,Мурманская область,муниципальный район,47-610-000-000,0,2,0,2,2,2,4,4,2,0,0,0,0,0,0,0.11043311418600302,0.06951369267026977,False
1521,Печенгский,Мурманская область,муниципальный округ,47-515-000-000,3,1,3,3,3,0,4,4,0,3,3,3,3,0,0,0.0762584309847986,0.02754759083335275,False
1522,Терский,Мурманская область,муниципальный район,47-620-000-000,0,3,0,0,0,0,4,4,4,4,0,0,0,0,0,0.22075255551414885,0.07269354179005655,False
1523,Нижний Новгород,Нижегородская область,городской округ,22-701-000-000,0,1,3,0,3,0,0,0,0,3,3,3,3,3,3,0.00861403916902947,0.031921003823536444,False
1525,Бор,Нижегородская область,городской округ,22-712-000-000,0,3,0,0,0,0,0,0,0,0,0,0,0,0,0,0.1519565227276137,0.15233081489581618,False
1526,Выкса,Нижегородская область,городской округ,22-715-000-000,0,3,0,0,0,0,0,0,0,0,0,0,0,0,0,0.2302274011396662,0.32225257406796615,False
1527,Дзержинск,Нижегородская область,городской округ,22-721-000-000,0,3,0,0,0,0,0,0,0,0,0,0,0,0,0,0.0781137439156739,0.0863244822119337,False
1528,Кулебаки,Нижегородская область,городской округ,22-727-000-000,5,0,5,5,1,1,1,1,1,1,5,5,5,5,5,0.14702599643973585,0.030735302267255397,False
1529,Навашинский,Нижегородская область,городской округ,22-730-000-000,1,0,1,1,1,1,1,1,5,5,5,5,5,5,5,0.12253793793423358,0.18247108240651239,False
1530,Перевозский,Нижегородская область,городской округ,22-739-000-000,1,0,5,1,1,1,1,1,1,1,1,1,1,1,1,0.019266710347541707,0.3119652305626694,False
1532,Семеновский,Нижегородская область,городской округ,22-737-000-000,1,0,5,5,1,1,1,1,1,1,1,1,1,1,1,0.2587088312728301,0.16663852938343934,True
1533,Шахунья,Нижегородская область,городской округ,22-758-000-000,5,0,5,5,1,1,1,1,1,1,1,5,5,1,1,0.3475961389555324,0.02419424528453757,False
1534,Первомайск,Нижегородская область,городской округ,22-734-000-000,1,0,5,1,1,1,1,5,1,1,1,1,5,1,5,0.285261096038409,0.013208069178136187,False
1535,Сокольский,Нижегородская область,городской округ,22-749-000-000,1,0,5,1,1,1,1,1,1,1,1,1,1,1,1,0.09012292366877077,0.2715735066926696,False
1536,Чкаловск,Нижегородская область,городской округ,22-755-000-000,1,0,5,1,1,1,1,1,1,5,5,5,5,5,5,0.14249154397094768,0.045927823866281636,False
1537,Ардатовский,Нижегородская область,муниципальный округ,22-502-000-000,5,0,5,1,1,1,1,1,5,5,5,5,5,5,5,0.09170875598193123,0.30794412697987705,False
1539,Балахнинский,Нижегородская область,муниципальный округ,22-505-000-000,0,3,0,0,0,0,0,0,0,0,0,0,0,0,0,0.14939870367592936,0.2464303168334184,False
1540,Богородский,Нижегородская область,муниципальный округ,22-507-000-000,0,3,0,0,0,0,0,0,0,0,0,0,0,0,0,0.1281836041615231,0.24491789594364666,False
1541,Большеболдинский,Нижегородская область,муниципальный округ,22-509-000-000,5,0,5,5,5,5,5,5,5,5,5,5,5,5,5,0.2686106954999996,0.3636887669538096,False
1542,Большемурашкинский,Нижегородская область,муниципальный округ,22-510-000-000,1,0,5,1,1,5,5,5,5,1,1,1,5,1,1,0.07179103336915925,0.017472295437851525,False
1543,Бутурлинский,Нижегородская область,муниципальный округ,22-512-000-000,1,0,1,1,1,1,1,1,1,1,1,1,1,1,1,0.09378884767286665,0.26944135590080004,False
1544,Вадский,Нижегородская область,муниципальный округ,22-514-000-000,5,0,5,5,5,1,5,5,1,1,1,1,1,1,1,0.2652997450568805,0.15711561913108582,True
1545,Варнавинский,Нижегородская область,муниципальный округ,22-515-000-000,5,0,5,5,5,5,5,5,4,5,4,5,5,5,5,0.2826221148626879,0.14271713856134918,False
1546,Вачский,Нижегородская область,муниципальный округ,22-517-000-000,1,0,5,5,5,5,5,5,5,5,5,5,5,5,5,0.11332597544710094,0.13800447111086275,False
1547,Ветлужский,Нижегородская область,муниципальный округ,22-518-000-000,5,0,5,5,5,5,5,5,5,5,5,5,5,5,5,0.37717212969384406,0.3740685538106003,False
1548,Вознесенский,Нижегородская область,муниципальный округ,22-519-000-000,5,0,5,5,5,1,1,1,5,5,5,5,5,5,5,0.33142090484165904,0.1676552193395386,False
1549,Володарский,Нижегородская область,муниципальный округ,22-520-000-000,1,3,1,1,1,1,1,1,1,0,0,0,0,0,0,0.04896271247241707,0.054744598509141686,False
1550,Воротынский,Нижегородская область,городской округ,22-719-000-000,1,0,5,1,1,1,1,4,1,1,1,1,1,1,1,0.038168454090925646,0.24217828318361556,False
1551,Воскресенский,Нижегородская область,муниципальный округ,22-522-000-000,5,0,5,5,5,5,5,5,5,5,5,5,5,5,5,0.15709713349405455,0.17121056030828777,False
1552,Гагинский,Нижегородская область,муниципальный округ,22-526-000-000,5,0,5,5,5,5,5,5,5,5,5,5,5,5,5,0.21714061451413294,0.317118155051956,False
1553,Городецкий,Нижегородская область,муниципальный округ,22-528-000-000,0,3,0,0,0,0,0,0,0,0,0,0,0,0,0,0.09401940926983303,0.23621439084295592,False
1554,Дальнеконстантиновский,Нижегородская область,муниципальный округ,22-530-000-000,1,0,5,1,1,1,1,1,1,1,1,1,1,1,1,0.12060307794068816,0.26626903964311904,False
1555,Дивеевский,Нижегородская область,муниципальный округ,22-532-000-000,5,0,5,1,1,1,1,1,5,5,5,5,5,5,5,0.1506714632429346,0.16819767551625697,False
1556,Княгининский,Нижегородская область,муниципальный округ,22-533-000-000,1,0,5,1,1,1,1,1,1,1,1,1,1,1,1,0.0876430526860623,0.2076049678891027,False
1557,Ковернинский,Нижегородская область,муниципальный округ,22-534-000-000,1,0,5,1,1,1,1,1,1,1,4,4,1,1,1,0.04675977116631472,0.1859862422057526,False
1558,Краснобаковский,Нижегородская область,муниципальный округ,22-535-000-000,5,0,5,1,1,4,4,4,4,1,1,1,1,1,1,0.09250926117422689,0.12414523906205659,False
1559,Краснооктябрьский,Нижегородская область,муниципальный округ,22-536-000-000,1,0,1,1,1,1,1,1,1,1,5,5,5,1,1,0.2537999145904061,0.044981500676393366,False
1560,Кстовский,Нижегородская область,муниципальный округ,22-537-000-000,0,3,0,0,0,0,0,0,0,0,0,0,0,0,0,0.07655361490898248,0.03359678887567461,False
1561,Лукояновский,Нижегородская область,муниципальный округ,22-539-000-000,5,0,5,5,5,5,5,5,5,5,5,5,5,5,5,0.27205631867930097,0.32617391015113395,False
1562,Лысковский,Нижегородская область,муниципальный округ,22-540-000-000,0,0,5,1,1,1,1,1,1,1,0,0,0,0,0,0.03209272257332238,0.018105456409663122,False
1563,Павловский,Нижегородская область,муниципальный округ,22-542-000-000,0,3,0,0,0,0,0,0,0,0,0,0,0,0,0,0.13650988305618472,0.24397120811612089,False
1564,Пильнинский,Нижегородская область,муниципальный округ,22-545-000-000,5,0,5,5,5,5,5,5,5,5,5,5,5,5,5,0.3945574824402926,0.30498595128349054,False
1565,Починковский,Нижегородская область,муниципальный округ,22-546-000-000,5,0,5,5,5,4,4,4,4,4,4,4,4,5,5,0.15489319169109256,0.037714141855719745,False
1566,Сергачский,Нижегородская область,муниципальный округ,22-548-000-000,5,0,5,5,5,1,1,1,1,1,1,1,1,1,1,0.28509022170776593,0.0464571977990565,False
1567,Сеченовский,Нижегородская область,муниципальный округ,22-549-000-000,5,0,5,5,5,5,5,5,5,5,5,5,5,5,5,0.3373197562451519,0.3733798860984624,False
1568,Сосновский,Нижегородская область,муниципальный округ,22-550-000-000,1,0,5,1,1,1,1,1,1,1,1,1,1,1,1,0.2654723783856378,0.3597291341517531,True
1569,Спасский,Нижегородская область,муниципальный округ,22-551-000-000,1,0,1,1,1,1,1,1,1,5,5,1,5,1,1,0.1326735308441104,0.09255068122897925,False
1570,Тонкинский,Нижегородская область,муниципальный округ,22-552-000-000,5,0,5,5,5,1,1,5,4,1,1,1,1,1,4,0.2733907022547851,0.046803577463904726,False
1571,Тоншаевский,Нижегородская область,муниципальный округ,22-553-000-000,5,0,5,5,1,4,4,1,4,4,4,4,4,4,4,0.16374974947958157,0.21548288965414084,True
1572,Уренский,Нижегородская область,муниципальный округ,22-554-000-000,5,3,5,5,0,4,4,4,4,4,4,4,4,4,4,0.13073759776490165,0.12675426582341293,False
1573,Шарангский,Нижегородская область,муниципальный округ,22-556-000-000,5,0,5,5,5,4,4,5,4,4,4,4,4,5,5,0.16577039180931183,0.023084536520166694,False
1574,Шатковский,Нижегородская область,муниципальный округ,22-557-000-000,1,0,5,1,1,5,5,5,5,5,5,5,5,5,5,0.05783642727750427,0.0822450183788353,False
1575,Великий Новгород,Новгородская область,городской округ,49-701-000-000,0,3,0,0,0,0,0,0,0,0,0,0,0,0,0,0.061601929156827176,0.06356166360661882,False
1577,Боровичский,Новгородская область,муниципальный район,49-606-000-000,0,3,0,0,0,0,0,0,0,0,0,0,0,0,0,0.13421171857864853,0.20502913522608623,False
1578,Валдайский,Новгородская область,муниципальный район,49-608-000-000,0,3,0,0,0,1,4,4,1,0,0,0,0,0,0,0.17132110889183555,0.09986340607388426,False
1579,Волотовский,Новгородская область,муниципальный округ,49-510-000-000,5,0,5,5,5,5,5,5,5,1,1,1,1,1,1,0.3041270548924206,0.19588615021932948,True
1580,Демянский,Новгородская область,муниципальный округ,49-512-000-000,1,0,5,5,1,1,1,1,1,1,1,1,1,1,1,0.36874607850346885,0.37872832587223265,True
1581,Крестецкий,Новгородская область,муниципальный округ,49-514-000-000,1,0,5,1,1,1,4,4,1,1,4,1,1,1,1,0.018238859007526094,0.10266504949748288,False
1582,Любытинский,Новгородская область,муниципальный район,49-616-000-000,5,0,5,5,1,1,1,1,1,1,0,5,5,5,5,0.2488204234947952,0.02616692499152788,False
1583,Маловишерский,Новгородская область,муниципальный район,49-620-000-000,1,0,5,5,5,1,5,5,5,5,5,5,5,5,1,0.05539272854072498,0.0398661231999546,False
1584,Марёвский,Новгородская область,муниципальный округ,49-523-000-000,5,0,1,1,1,4,4,4,4,1,1,1,4,4,4,0.07410641083207754,0.0907129169638008,False
1585,Мошенской,Новгородская область,муниципальный округ,49-524-000-000,1,0,1,1,1,1,1,1,1,1,1,1,1,1,1,0.08568738952025377,0.21889136828261102,False
1586,Новгородский,Новгородская область,муниципальный район,49-625-000-000,0,3,0,0,0,0,0,0,0,0,0,0,0,0,0,0.13632875331532449,0.16180062928457373,False
1587,Окуловский,Новгородская область,муниципальный район,49-628-000-000,5,0,5,5,5,1,1,1,5,5,5,5,5,5,5,0.2274738239246518,0.15409543264308592,False
1588,Парфинский,Новгородская область,муниципальный район,49-630-000-000,1,0,1,1,1,1,4,4,1,1,4,4,4,1,1,0.051936987676052954,0.19928069558120756,False
1589,Пестовский,Новгородская область,муниципальный округ,49-532-000-000,0,3,0,0,0,0,1,4,0,0,0,0,0,0,0,0.17877682200317138,0.12974427341984013,False
1590,Поддорский,Новгородская область,муниципальный район,49-634-000-000,5,0,5,5,5,5,5,5,5,4,4,4,4,5,5,0.01714824313746273,0.19277907731767943,False
1591,Солецкий,Новгородская область,муниципальный округ,49-538-000-000,1,0,1,1,1,1,1,1,1,5,5,5,5,1,1,0.1465287554056947,0.04676855871036163,False
1592,Старорусский,Новгородская область,муниципальный район,49-639-000-000,1,3,0,1,1,1,1,1,1,1,0,0,0,1,1,0.04551511108861806,0.03258499548847056,False
1593,Хвойнинский,Новгородская область,муниципальный округ,49-545-000-000,1,0,5,5,1,1,1,4,1,1,1,1,1,1,1,0.09296311012457158,0.199816587905429,False
1594,Холмский,Новгородская область,муниципальный район,49-647-000-000,1,0,5,5,5,5,5,5,5,1,1,1,1,1,1,0.30398754893842583,0.28817427734357626,True
1595,Чудовский,Новгородская область,муниципальный район,49-650-000-000,1,3,0,0,1,1,1,4,1,0,0,0,0,0,0,0.10481067954223061,0.03655865669395486,False
1596,Шимский,Новгородская область,муниципальный район,49-655-000-000,1,0,5,1,1,1,1,1,1,5,5,5,5,1,1,0.075104618676486,0.16108890332679876,False
1597,Новосибирск,Новосибирская область,городской округ,50-701-000-000,3,1,3,3,3,3,3,0,3,3,3,3,3,3,3,0.03613907017950016,0.046943955170390655,False
1598,Бердск,Новосибирская область,городской округ,50-708-000-000,0,3,0,0,0,0,0,0,0,0,0,0,0,0,0,0.029925318778987766,0.0742049526768051,False
1599,Искитим,Новосибирская область,городской округ,50-712-000-000,0,3,4,0,0,0,0,0,0,0,0,0,0,0,0,0.09154775449105126,0.2419349513128192,False
1600,Обь,Новосибирская область,городской округ,50-717-000-000,0,3,0,0,0,0,0,0,0,0,0,0,0,0,0,0.07739478528541632,0.07285179047472184,False
1601,Кольцово,Новосибирская область,городской округ,50-740-000-000,3,1,3,3,3,3,3,3,3,3,3,3,3,3,3,0.09572124128718014,0.17538472644575978,False
1602,Баганский,Новосибирская область,муниципальный район,50-603-000-000,5,0,5,5,5,5,5,5,4,5,4,4,4,4,4,0.11690743563989096,0.1837022746726525,False
1603,Барабинский,Новосибирская область,муниципальный район,50-604-000-000,0,3,0,0,0,0,4,0,4,0,4,0,0,0,0,0.08356008823507503,0.08084971640908996,False
1604,Болотнинский,Новосибирская область,муниципальный район,50-606-000-000,0,3,0,1,1,1,0,0,0,0,4,0,0,0,0,0.01812193114563946,0.09263462258722335,False
1605,Венгеровский,Новосибирская область,муниципальный район,50-608-000-000,5,0,5,5,5,1,1,1,1,1,5,5,5,1,1,0.305841523195368,0.1612406341334833,True
1606,Доволенский,Новосибирская область,муниципальный район,50-610-000-000,5,0,5,5,5,5,5,5,5,1,1,1,1,1,1,0.3305807606828763,0.10597457127924742,False
1607,Здвинский,Новосибирская область,муниципальный район,50-613-000-000,5,0,5,5,5,4,1,1,4,1,1,1,1,1,1,0.2575506473333504,0.16045273337548455,True
1608,Искитимский,Новосибирская область,муниципальный район,50-615-000-000,1,3,5,1,1,1,1,1,1,1,0,0,1,1,1,0.13030303567318385,0.061962197148401135,False
1609,Карасукский,Новосибирская область,муниципальный район,50-617-000-000,5,3,5,5,5,4,4,4,4,0,0,0,0,0,4,0.04773693250200597,0.02976685997974239,False
1610,Каргатский,Новосибирская область,муниципальный район,50-619-000-000,1,0,5,1,1,1,1,1,1,1,1,1,1,1,1,0.16489051441383706,0.293722684289465,True
1611,Колыванский,Новосибирская область,муниципальный район,50-621-000-000,1,0,5,1,1,1,1,1,1,1,4,5,5,1,1,0.0375000227999981,0.03574817492583846,False
1612,Коченевский,Новосибирская область,муниципальный район,50-623-000-000,0,3,5,0,0,1,4,4,1,0,0,0,0,0,0,0.027259906848327756,0.020522929125692372,False
1613,Кочковский,Новосибирская область,муниципальный район,50-625-000-000,5,0,5,5,5,5,5,5,4,5,5,5,5,5,5,0.015716660297529203,0.21219581166162477,False
1614,Краснозерский,Новосибирская область,муниципальный район,50-627-000-000,5,0,5,5,5,5,1,1,1,1,4,5,5,5,5,0.447438928463459,0.03599383521652993,False
1615,Куйбышевский,Новосибирская область,муниципальный район,50-630-000-000,0,3,0,0,0,0,0,0,0,0,0,0,0,0,0,0.0917957921357278,0.1963574396965496,False
1616,Купинский,Новосибирская область,муниципальный район,50-632-000-000,5,0,5,5,5,4,4,1,4,1,4,4,4,4,4,0.19224300820656678,0.13683359400925083,False
1617,Кыштовский,Новосибирская область,муниципальный район,50-634-000-000,5,0,5,5,5,5,5,5,5,5,5,5,5,5,5,0.31574248239324065,0.3126075689722014,False
1618,Маслянинский,Новосибирская область,муниципальный район,50-636-000-000,5,0,5,5,5,4,1,4,1,1,5,5,1,1,1,0.25605701219233495,0.2109853982685218,True
1619,Мошковский,Новосибирская область,муниципальный район,50-638-000-000,0,3,0,1,0,0,0,0,0,0,5,0,0,0,0,0.05848016484667566,0.13509100210954,False
1620,Новосибирский,Новосибирская область,муниципальный район,50-640-000-000,0,1,4,3,0,0,0,0,3,3,3,3,3,3,3,0.024201527425131267,0.09024508473023031,False
1621,Ордынский,Новосибирская область,муниципальный район,50-642-000-000,5,0,5,5,5,4,1,1,4,1,1,1,1,1,1,0.27399010947240765,0.09159746746231161,False
1622,Северный,Новосибирская область,муниципальный район,50-644-000-000,5,0,5,5,5,4,4,4,4,5,5,5,5,5,5,0.0813730785697721,0.16401515948107206,False
1623,Сузунский,Новосибирская область,муниципальный район,50-648-000-000,0,3,0,0,0,4,4,4,4,4,5,5,4,4,4,0.039697230244861624,0.04611052141202847,False
1624,Татарский,Новосибирская область,муниципальный район,50-650-000-000,5,0,5,5,1,1,4,4,1,1,0,0,0,0,1,0.13526237801673605,0.01567834493995823,False
1625,Тогучинский,Новосибирская область,муниципальный район,50-652-000-000,5,0,5,1,1,1,1,1,1,1,1,1,1,1,1,0.2714690540456866,0.1141461388395236,False
1626,Убинский,Новосибирская область,муниципальный район,50-654-000-000,5,0,5,1,1,1,1,1,1,1,5,5,1,1,1,0.23630819660444596,0.19705603962794893,True
1627,Усть-Таркский,Новосибирская область,муниципальный район,50-655-000-000,5,0,5,5,1,1,1,1,1,1,1,1,1,1,1,0.244643750044723,0.13105831115227565,False
1628,Чановский,Новосибирская область,муниципальный район,50-656-000-000,5,0,5,5,5,4,4,4,4,4,4,4,4,4,4,0.17334751550330066,0.031160548184442968,False
1629,Черепановский,Новосибирская область,муниципальный район,50-657-000-000,5,0,5,1,1,1,1,1,1,5,5,5,5,5,5,0.32221850511063516,0.10822820104426842,False
1630,Чистоозерный,Новосибирская область,муниципальный район,50-658-000-000,5,0,5,5,5,4,1,1,4,1,1,1,1,1,1,0.31680792670863067,0.0423178362086307,False
1631,Чулымский,Новосибирская область,муниципальный район,50-659-000-000,1,0,1,1,1,1,1,1,1,1,1,1,1,1,1,0.02803565132476415,0.16128422406971393,False
1632,Омск,Омская область,городской округ,52-701-000-000,0,3,0,0,0,0,0,0,0,0,0,0,0,0,0,0.07093363766270788,0.07996056407692867,False
1633,Азовский немецкий,Омская область,муниципальный район,52-601-000-000,1,0,1,1,1,4,4,5,4,1,1,1,1,1,1,0.03305852053465566,0.2822149934611433,False
1634,Большереченский,Омская область,муниципальный район,52-603-000-000,1,0,5,1,1,5,5,5,5,5,4,5,5,5,5,0.14471081090597648,0.02491512751423295,False
1635,Большеуковский,Омская область,муниципальный район,52-606-000-000,5,0,4,5,5,5,5,5,5,5,5,5,5,5,5,0.018112538492807383,0.15031547824876454,False
1636,Горьковский,Омская область,муниципальный район,52-609-000-000,1,0,1,1,1,1,1,1,1,1,1,1,1,1,1,0.18693618245180152,0.29061727533155635,False
1637,Знаменский,Омская область,муниципальный район,52-612-000-000,5,0,5,5,5,5,5,5,5,5,5,5,5,5,5,0.4703081551174305,0.2629977918042524,False
1638,Исилькульский,Омская область,муниципальный район,52-615-000-000,5,0,5,1,1,1,1,1,4,1,1,1,1,1,1,0.04796933665269401,0.05140598732549162,False
1639,Калачинский,Омская область,муниципальный район,52-618-000-000,1,0,1,1,1,1,1,1,1,1,1,1,1,1,1,0.005671390029974978,0.3661151122738143,False
1640,Колосовский,Омская область,муниципальный район,52-621-000-000,5,0,5,5,5,5,5,5,5,1,1,1,1,1,1,0.2111177571619842,0.033018419872699566,False
1641,Кормиловский,Омская область,муниципальный район,52-623-000-000,1,0,1,1,1,1,5,5,1,1,1,1,1,1,1,0.07786599274124428,0.19064744628143818,False
1642,Крутинский,Омская область,муниципальный район,52-626-000-000,5,0,1,5,5,5,5,5,5,5,5,5,5,5,5,0.07205405276163035,0.10522137538504076,False
1643,Любинский,Омская область,муниципальный район,52-629-000-000,1,0,5,1,1,1,1,4,1,1,1,1,1,1,1,0.02788831767512544,0.4081962654144787,False
1644,Марьяновский,Омская область,муниципальный район,52-630-000-000,1,0,5,5,5,5,5,5,5,1,1,1,1,1,1,0.09816192639161594,0.4500321025866605,False
1645,Москаленский,Омская область,муниципальный район,52-632-000-000,5,0,5,5,5,5,1,1,1,1,1,1,1,1,1,0.25385197735217324,0.26041515380156777,True
1646,Муромцевский,Омская область,муниципальный район,52-634-000-000,5,0,1,1,1,1,1,1,1,1,1,1,1,1,1,0.13047244404984643,0.1252859594006214,False
1647,Называевский,Омская область,муниципальный район,52-636-000-000,5,0,5,5,5,4,5,5,4,5,5,5,5,5,5,0.10507812808236995,0.17143356190674428,False
1648,Нижнеомский,Омская область,муниципальный район,52-639-000-000,5,0,5,5,5,5,5,5,5,5,5,5,5,5,5,0.19077355719026104,0.3657007258216508,False
1649,Нововаршавский,Омская область,муниципальный район,52-641-000-000,5,0,1,1,5,1,1,1,1,5,5,5,5,5,1,0.10119328483966383,0.05953093692660058,False
1650,Одесский,Омская область,муниципальный район,52-642-000-000,5,0,1,1,5,4,4,4,4,1,1,1,4,5,5,0.009399868389449503,0.062086542600416725,False
1651,Оконешниковский,Омская область,муниципальный район,52-643-000-000,1,0,1,1,1,1,1,1,4,1,1,1,1,1,1,0.2486818503727165,0.19345639060000036,False
1652,Омский,Омская область,муниципальный район,52-644-000-000,0,3,0,0,0,0,0,0,0,0,0,0,0,0,0,0.1084811307099551,0.0675456119219673,False
1653,Павлоградский,Омская область,муниципальный район,52-646-000-000,5,0,5,1,1,5,5,5,5,1,1,1,5,5,5,0.16213434782070577,0.11828797393652056,False
1654,Полтавский,Омская область,муниципальный район,52-648-000-000,5,0,1,1,1,1,1,1,1,1,1,1,1,1,1,0.14563128391819277,0.15462267736717822,False
1655,Русско-Полянский,Омская область,муниципальный район,52-650-000-000,5,0,5,1,1,1,1,1,1,1,1,1,5,5,5,0.05899117068868008,0.1805093442654356,False
1656,Саргатский,Омская область,муниципальный район,52-651-000-000,5,0,5,5,1,4,4,4,4,1,1,1,1,1,1,0.1712860247088007,0.35366929085059984,True
1657,Седельниковский,Омская область,муниципальный район,52-652-000-000,5,0,5,5,5,4,5,5,4,5,4,4,4,5,5,0.32380021443724505,0.0940441384461621,False
1658,Таврический,Омская область,муниципальный район,52-653-000-000,1,0,1,1,1,1,1,1,1,1,1,1,1,1,1,0.04833652838185653,0.4124879498944362,False
1659,Тарский,Омская область,муниципальный район,52-654-000-000,0,3,0,0,0,4,4,4,4,0,0,0,0,0,0,0.022168833748311044,0.06453902955203664,False
1660,Тевризский,Омская область,муниципальный район,52-655-000-000,5,0,5,1,1,1,1,1,1,1,5,5,5,5,5,0.2571224513765866,0.14560182622044504,False
1661,Тюкалинский,Омская область,муниципальный район,52-656-000-000,5,0,1,1,5,4,5,5,4,5,4,5,5,5,5,0.17405488934876553,0.0024528422715549116,False
1662,Усть-Ишимский,Омская область,муниципальный район,52-657-000-000,5,0,1,1,1,4,5,5,5,4,4,4,4,4,4,0.10673860739115819,0.044806791332888694,False
1663,Черлакский,Омская область,муниципальный район,52-658-000-000,5,0,5,5,1,1,1,1,1,5,5,5,5,5,5,0.3292508096851904,0.12998361366452874,False
1664,Шербакульский,Омская область,муниципальный район,52-659-000-000,1,0,1,1,1,1,1,1,1,1,1,5,5,1,1,0.14830763367354038,0.23922772403018136,False
1665,Оренбург,Оренбургская область,городской округ,53-701-000-000,0,3,0,0,0,0,0,0,0,0,0,0,0,0,0,0.10185875876236852,0.19559812085883166,False
1666,Абдулинский,Оренбургская область,городской округ,53-704-000-000,5,0,5,5,5,1,1,1,1,1,1,1,1,1,1,0.418406625803325,0.251958887793482,True
1667,Бугуруслан,Оренбургская область,городской округ,53-708-000-000,0,3,0,0,0,0,0,0,0,0,0,0,0,0,0,0.14827909321378718,0.27922279551413753,False
1668,Бузулук,Оренбургская область,городской округ,53-712-000-000,0,3,0,0,0,0,0,0,0,0,0,0,0,0,0,0.15035536357349152,0.3325114587268346,False
1669,Гайский,Оренбургская область,городской округ,53-713-000-000,1,0,0,1,1,1,1,1,1,1,1,1,1,1,1,0.04955167173694213,0.155401977511477,False
1670,Кувандыкский,Оренбургская область,городской округ,53-714-000-000,1,0,5,1,1,1,1,1,1,1,1,1,1,1,1,0.16058638299978176,0.26165709367922496,True
1671,Медногорск,Оренбургская область,городской округ,53-715-000-000,1,0,5,1,1,1,1,1,1,1,1,1,1,1,1,0.09618755349401235,0.16901121330430555,False
1672,Новотроицк,Оренбургская область,городской округ,53-720-000-000,0,3,0,0,0,0,0,0,0,0,0,0,0,0,0,0.21301455088651147,0.1917623325422321,False
1673,Орск,Оренбургская область,городской округ,53-723-000-000,0,3,0,0,0,0,0,0,0,0,0,0,0,0,0,0.1620970996147725,0.31700120059677334,False
1674,Соль-Илецкий,Оренбургская область,городской округ,53-725-000-000,1,0,0,0,1,1,1,1,1,1,1,1,1,1,1,0.06711105098227939,0.16072754981632914,False
1675,Сорочинский,Оренбургская область,городской округ,53-727-000-000,5,3,5,5,0,1,1,1,1,1,0,0,1,1,1,0.08293053304289552,0.040825343209669664,False
1676,Ясненский,Оренбургская область,городской округ,53-732-000-000,1,3,0,0,0,1,4,4,1,1,1,1,1,1,1,0.12170830214195545,0.08058425829424262,False
1678,Адамовский,Оренбургская область,муниципальный район,53-604-000-000,5,0,1,1,1,5,1,1,5,5,5,5,5,5,5,0.08045474601169196,0.44279170199228113,False
1679,Акбулакский,Оренбургская область,муниципальный район,53-605-000-000,1,0,5,1,1,1,1,1,1,1,1,1,1,1,5,0.20843315553487396,0.03210075694864452,False
1680,Александровский,Оренбургская область,муниципальный район,53-606-000-000,1,0,1,1,1,1,1,1,1,1,1,1,1,1,1,0.27346511702988385,0.28330684292115027,False
1681,Асекеевский,Оренбургская область,муниципальный район,53-607-000-000,5,0,1,1,1,1,1,1,5,5,1,1,5,5,5,0.22385191453533226,0.1540456302273614,True
1682,Беляевский,Оренбургская область,муниципальный район,53-610-000-000,1,0,1,1,1,1,1,1,1,1,1,1,1,1,1,0.10924109293652728,0.12165482436252166,False
1683,Бугурусланский,Оренбургская область,муниципальный район,53-611-000-000,0,3,0,0,0,0,0,0,0,1,1,1,1,1,1,0.029517200012975215,0.059819305586367506,False
1685,Грачёвский,Оренбургская область,муниципальный район,53-615-000-000,1,0,1,1,1,1,1,1,1,1,1,1,1,1,1,0.09864934345551885,0.3045863289789795,False
1686,Домбаровский,Оренбургская область,муниципальный район,53-617-000-000,1,0,5,5,5,1,1,1,5,5,5,5,5,5,5,0.2433059620897107,0.08321354554599854,False
1687,Илекский,Оренбургская область,муниципальный район,53-619-000-000,5,0,5,1,5,1,5,5,1,1,1,1,1,5,5,0.19923427828677046,0.18968588255119953,False
1688,Кваркенский,Оренбургская область,муниципальный район,53-622-000-000,5,0,5,5,5,5,5,5,5,1,5,5,5,5,5,0.27417546515254254,0.019040610814812783,False
1689,Красногвардейский,Оренбургская область,муниципальный район,53-623-000-000,5,0,5,5,5,5,5,5,5,5,1,1,1,1,1,0.4272033426767343,0.0050494245880481755,False
1690,Курманаевский,Оренбургская область,муниципальный район,53-625-000-000,1,0,1,1,1,1,1,1,1,1,1,1,1,1,5,0.2989015583453027,0.11851625894579998,False
1691,Матвеевский,Оренбургская область,муниципальный район,53-627-000-000,5,0,5,5,5,1,1,1,1,1,1,1,1,1,1,0.26088011594382504,0.15313913987209074,True
1692,Новоорский,Оренбургская область,муниципальный район,53-630-000-000,1,0,5,1,1,1,1,1,1,1,1,1,1,1,1,0.15890300102712665,0.10677645364252088,False
1693,Новосергиевский,Оренбургская область,муниципальный район,53-631-000-000,5,0,5,5,5,5,5,5,5,5,5,5,5,5,5,0.19597378174092905,0.3103699774594705,False
1694,Октябрьский,Оренбургская область,муниципальный район,53-633-000-000,1,0,1,1,1,1,1,1,1,1,1,1,1,1,1,0.30698784489487535,0.22881750249301602,False
1696,Первомайский,Оренбургская область,муниципальный район,53-636-000-000,5,0,5,5,5,5,5,5,5,5,5,5,5,5,5,0.2798719907775891,0.3635290082956354,False
1697,Переволоцкий,Оренбургская область,муниципальный район,53-637-000-000,1,0,5,5,5,5,5,5,5,5,1,1,1,1,1,0.3120979219710558,0.278865539732694,True
1698,Пономарёвский,Оренбургская область,муниципальный район,53-638-000-000,5,0,5,1,1,1,1,1,5,5,5,5,5,5,1,0.19792958017141146,0.14716260132982525,False
1699,Сакмарский,Оренбургская область,муниципальный район,53-640-000-000,1,0,1,1,1,1,1,1,1,1,5,5,5,1,1,0.2226974967022127,0.2596080978341814,False
1700,Саракташский,Оренбургская область,муниципальный район,53-641-000-000,1,0,5,1,1,1,1,1,1,1,1,1,1,1,1,0.10552790431771486,0.24169133808553994,False
1701,Светлинский,Оренбургская область,муниципальный район,53-642-000-000,1,0,5,1,1,1,1,1,1,5,5,5,5,5,5,0.06466110363300423,0.02228334184646802,False
1702,Северный,Оренбургская область,муниципальный район,53-643-000-000,1,0,1,1,1,5,5,5,5,1,1,1,1,5,5,0.05744641436624426,0.06593600163973233,False
1703,Ташлинский,Оренбургская область,муниципальный район,53-651-000-000,5,0,5,1,1,1,1,1,1,1,1,1,1,1,1,0.26282684272719825,0.02211141918541076,False
1704,Тоцкий,Оренбургская область,муниципальный район,53-652-000-000,0,3,0,0,0,0,0,0,0,0,0,0,0,0,0,0.23852326186045295,0.20521874324596692,False
1705,Тюльганский,Оренбургская область,муниципальный район,53-653-000-000,1,0,5,1,1,1,1,1,1,1,1,1,1,1,1,0.0888339507095072,0.3293861391430869,False
1706,Шарлыкский,Оренбургская область,муниципальный район,53-656-000-000,1,0,1,1,1,1,1,1,1,1,1,1,1,1,1,0.26779291889682927,0.3151500227049467,False
1707,Орёл,Орловская область,городской округ,54-701-000-000,0,3,0,0,0,0,0,0,0,0,0,0,0,0,0,0.1474093775741508,0.24167964125128344,False
1708,Ливны,Орловская область,городской округ,54-705-000-000,1,0,0,1,1,1,1,1,1,1,0,5,5,1,1,0.006857428964921655,0.06471387391482623,False
1709,Мценск,Орловская область,городской округ,54-710-000-000,0,3,0,0,0,0,0,0,0,0,0,0,0,0,0,0.12684755826562832,0.08139679146463526,False
1710,Болховский,Орловская область,муниципальный район,54-604-000-000,1,0,5,1,1,1,5,5,1,1,1,1,1,1,1,0.13682752524648176,0.09855636025134552,False
1711,Верховский,Орловская область,муниципальный район,54-608-000-000,1,0,1,1,1,1,1,1,1,1,1,1,1,1,1,0.04243670401575967,0.3153862940414742,False
1712,Глазуновский,Орловская область,муниципальный район,54-610-000-000,1,0,5,5,5,5,5,5,5,1,1,1,1,1,1,0.1877331935412636,0.3626893240642025,True
1714,Должанский,Орловская область,муниципальный район,54-615-000-000,5,0,5,5,5,1,1,1,5,5,1,1,1,5,5,0.2709107900579676,0.14754141360172526,False
1715,Залегощенский,Орловская область,муниципальный район,54-618-000-000,1,0,1,1,1,1,1,1,1,1,1,1,1,1,1,0.08417959074754869,0.34545411183670943,False
1717,Колпнянский,Орловская область,муниципальный район,54-623-000-000,1,0,1,1,1,1,1,1,1,1,1,1,1,1,1,0.3126216949266057,0.1068504061887906,False
1718,Краснозоренский,Орловская область,муниципальный район,54-624-000-000,5,0,1,1,1,1,1,1,5,5,5,5,5,1,5,0.006268575313489248,0.11501861105934692,False
1719,Кромской,Орловская область,муниципальный район,54-625-000-000,1,0,0,0,0,0,1,4,1,1,1,1,1,1,1,0.09823292799371208,0.11462738192131415,False
1722,Малоархангельский,Орловская область,муниципальный район,54-632-000-000,1,0,1,1,1,1,1,1,1,1,1,1,1,1,1,0.14832228976084014,0.24062252429783382,False
1724,Новодеревеньковский,Орловская область,муниципальный район,54-639-000-000,5,0,1,1,1,1,1,1,1,1,5,5,5,5,5,0.03933212678430368,0.34751484665142396,False
1725,Новосильский,Орловская область,муниципальный район,54-643-000-000,1,0,1,1,1,1,1,1,1,1,1,1,1,1,1,0.26041049025231566,0.30513858839773794,False
1726,Орловский,Орловская область,муниципальный округ,54-501-000-000,0,3,0,0,0,0,0,0,0,0,0,0,0,0,0,0.16578343464819226,0.16976048404896435,False
1727,Покровский,Орловская область,муниципальный район,54-650-000-000,1,0,1,1,1,1,1,1,1,1,1,1,1,1,5,0.0008095922636512097,0.07474935420647529,False
1728,Свердловский,Орловская область,муниципальный район,54-652-000-000,1,0,1,1,1,1,1,1,1,1,1,1,1,1,1,0.2949054401223386,0.2819873508548698,False
1730,Троснянский,Орловская область,муниципальный район,54-654-000-000,1,0,5,5,5,5,5,5,5,1,1,1,1,1,1,0.008400141321043794,0.2339600478854884,False
1731,Урицкий,Орловская область,муниципальный район,54-655-000-000,1,0,1,1,1,1,1,5,1,1,1,1,1,1,1,0.21711769658208777,0.3145882419952684,False
1732,Хотынецкий,Орловская область,муниципальный район,54-657-000-000,5,0,5,5,5,5,1,1,1,1,1,1,1,1,1,0.1339697077629271,0.2272975921444036,False
1733,Шаблыкинский,Орловская область,муниципальный район,54-659-000-000,1,0,1,5,5,5,5,5,1,1,5,5,5,5,5,0.14362943466502226,0.10644997798837129,False
1737,Башмаковский,Пензенская область,муниципальный район,56-603-000-000,5,0,5,5,5,5,1,1,5,5,5,5,5,5,5,0.2176620947209287,0.010933951089138036,False
1738,Бековский,Пензенская область,муниципальный район,56-609-000-000,1,0,1,1,1,1,1,1,1,1,5,1,1,1,1,0.14779387096222324,0.3960763302625873,False
1739,Белинский,Пензенская область,муниципальный район,56-612-000-000,5,0,1,5,5,5,5,5,5,5,5,5,5,5,5,0.011707661972122902,0.0020636731620340344,False
1740,Бессоновский,Пензенская область,муниципальный район,56-613-000-000,1,0,5,1,1,1,0,0,0,1,1,1,1,1,1,0.0748753872167391,0.037443639601451056,False
1741,Вадинский,Пензенская область,муниципальный район,56-615-000-000,5,0,1,1,1,5,5,5,5,5,5,5,5,5,5,0.18088506866841741,0.32753294211346445,True
1742,Городищенский,Пензенская область,муниципальный район,56-618-000-000,1,0,1,1,1,1,1,1,1,1,1,1,1,1,1,0.24796026395113074,0.33142172803459546,False
1743,Земетчинский,Пензенская область,муниципальный район,56-623-000-000,5,0,5,5,5,5,5,5,5,5,5,5,5,5,5,0.14630826307323752,0.33500264452598805,False
1744,Иссинский,Пензенская область,муниципальный район,56-626-000-000,1,0,1,1,1,1,1,1,1,5,5,5,5,5,5,0.2535724821723832,0.13890321347497966,False
1745,Каменский,Пензенская область,муниципальный район,56-629-000-000,5,0,5,5,5,5,5,5,5,5,5,5,5,5,5,0.3042020991980589,0.02969800809027475,False
1746,Камешкирский,Пензенская область,муниципальный район,56-631-000-000,5,0,5,5,5,5,5,5,5,5,1,1,1,1,1,0.058821639701646375,0.07303048251478336,False
1747,Колышлейский,Пензенская область,муниципальный район,56-633-000-000,5,0,1,1,1,1,1,1,1,1,1,1,1,1,1,0.09983855951934661,0.10191276041720491,False
1749,Лопатинский,Пензенская область,муниципальный район,56-642-000-000,5,0,1,5,5,5,5,5,5,5,1,1,5,5,1,0.08247923056085495,0.03889075240666846,False
1750,Лунинский,Пензенская область,муниципальный район,56-643-000-000,5,0,1,5,5,5,5,5,5,5,5,5,5,5,5,0.05285215089433608,0.35271150786546723,False
1751,Малосердобинский,Пензенская область,муниципальный район,56-644-000-000,5,0,1,5,1,5,1,1,5,5,5,5,5,5,5,0.04859314286326286,0.19707708921761485,False
1752,Мокшанский,Пензенская область,муниципальный район,56-645-000-000,1,0,1,1,1,1,1,1,1,1,1,1,1,1,1,0.12182345078548831,0.212205595664598,False
1753,Наровчатский,Пензенская область,муниципальный район,56-647-000-000,5,0,5,5,5,5,1,5,5,5,5,5,5,5,5,0.2142168504171624,0.19881147269514582,False
1754,Неверкинский,Пензенская область,муниципальный район,56-649-000-000,5,0,1,5,5,5,5,5,5,5,1,1,1,1,5,0.09872893600984332,0.027642345997657972,False
1755,Нижнеломовский,Пензенская область,муниципальный район,56-651-000-000,1,0,5,1,1,1,1,1,1,5,5,5,5,5,1,0.036762371322162854,0.02344112604462915,False
1756,Никольский,Пензенская область,муниципальный район,56-653-000-000,5,0,5,1,1,1,1,1,1,1,1,1,1,1,1,0.24132859273969903,0.06037539854539812,False
1757,Пачелмский,Пензенская область,муниципальный район,56-654-000-000,1,0,1,1,1,1,1,1,1,1,1,1,5,5,5,0.04662948081896872,0.11225482895369117,False
1758,Пензенский,Пензенская область,муниципальный район,56-655-000-000,0,3,0,0,0,0,0,0,0,0,0,0,0,0,0,0.09185905827843681,0.23154880353676927,False
1759,Сердобский,Пензенская область,муниципальный район,56-656-000-000,1,0,5,1,1,1,1,1,1,1,1,1,1,1,1,0.1859148176390492,0.19631322857850816,True
1760,Сосновоборский,Пензенская область,муниципальный район,56-657-000-000,5,0,5,5,5,1,5,5,5,5,5,5,5,1,1,0.3082525036678192,0.04281281753004765,False
1761,Спасский,Пензенская область,муниципальный район,56-606-000-000,5,0,5,5,5,1,1,1,5,5,5,5,5,5,5,0.3106524538785613,0.40782704754462534,False
1762,Тамалинский,Пензенская область,муниципальный район,56-658-000-000,5,0,1,1,1,1,1,1,5,5,5,5,5,5,5,0.14328012871408646,0.1940910339654348,False
1764,Псков,Псковская область,городской округ,58-701-000-000,0,3,0,0,0,0,0,0,0,0,0,0,0,0,0,0.12387234457077895,0.11676272234582724,False
1765,Великие Луки,Псковская область,городской округ,58-710-000-000,0,3,0,0,0,0,0,0,0,0,0,0,0,0,0,0.14869163695243376,0.17504978312104688,False
1766,Бежаницкий,Псковская область,муниципальный район,58-604-000-000,1,0,5,1,1,1,4,1,1,1,5,5,5,5,1,0.1937082856547861,0.060028837917613445,False
1768,Гдовский,Псковская область,муниципальный район,58-608-000-000,1,0,0,1,1,1,4,4,1,1,1,1,1,1,1,0.019691450351330776,0.19537051723901683,False
1769,Дедовичский,Псковская область,муниципальный район,58-610-000-000,1,0,5,5,1,1,1,1,1,1,1,1,1,1,1,0.23496026036295942,0.2803389625283011,True
1770,Дновский,Псковская область,муниципальный район,58-612-000-000,1,3,5,1,1,1,1,1,1,1,5,5,1,1,1,0.005693208865294973,0.08974916149123777,False
1771,Красногородский,Псковская область,муниципальный округ,58-514-000-000,1,0,5,5,1,1,1,1,1,1,1,1,1,1,1,0.247472999911092,0.34498608434510375,True
1773,Локнянский,Псковская область,муниципальный округ,58-518-000-000,5,0,5,1,1,1,1,1,1,1,1,1,5,1,5,0.2615624282661488,0.01348978564085255,False
1774,Невельский,Псковская область,муниципальный округ,58-520-000-000,1,0,5,5,5,5,5,5,5,5,1,1,1,1,1,0.24398766509740136,0.038444509337722754,False
1775,Новоржевский,Псковская область,муниципальный округ,58-523-000-000,1,0,5,1,1,1,1,1,1,1,1,1,1,1,1,0.167822130185695,0.49393826424562587,True
1776,Новосокольнический,Псковская область,муниципальный район,58-626-000-000,1,0,1,1,1,5,1,1,5,5,5,5,5,5,5,0.15870098710592817,0.13741569677399035,False
1777,Опочецкий,Псковская область,муниципальный округ,58-529-000-000,5,0,5,5,5,4,4,4,4,1,1,1,1,1,1,0.21288223280895013,0.20684916981754992,True
1778,Островский,Псковская область,муниципальный район,58-633-000-000,1,3,0,1,1,1,1,1,1,0,0,0,0,0,1,0.031781285202713054,0.011488259629919045,False
1780,Печорский,Псковская область,муниципальный округ,58-540-000-000,1,0,1,1,1,1,5,5,1,1,5,5,5,5,1,0.005119336714874269,0.15621923104410576,False
1781,Плюсский,Псковская область,муниципальный район,58-643-000-000,1,0,1,1,1,4,4,4,4,5,5,5,5,5,5,0.05936991994093167,0.0907787968683044,False
1782,Порховский,Псковская область,муниципальный район,58-647-000-000,1,0,5,1,1,1,4,4,1,1,1,1,1,1,1,0.1451065557120775,0.22479512514683833,False
1783,Псковский,Псковская область,муниципальный район,58-649-000-000,0,1,0,0,0,0,0,3,3,3,0,3,0,0,0,0.008908866428664964,0.017329978435922325,False
1784,Пустошкинский,Псковская область,муниципальный район,58-650-000-000,5,0,5,5,5,5,5,5,5,5,5,5,5,5,5,0.293331746960444,0.291320862092191,False
1785,Пушкиногорский,Псковская область,муниципальный район,58-651-000-000,1,0,5,5,5,5,4,4,1,1,5,5,5,1,1,0.06693671324858226,0.03014777088712761,False
1786,Пыталовский,Псковская область,муниципальный округ,58-553-000-000,1,3,1,1,1,1,1,1,1,1,0,0,1,1,1,0.013848892834179326,0.06671097778233805,False
1787,Себежский,Псковская область,муниципальный район,58-654-000-000,5,3,5,5,5,4,4,4,4,4,4,4,4,4,4,0.0772123176980913,0.1874512720255703,False
1788,Струго-Красненский,Псковская область,муниципальный округ,58-556-000-000,0,3,0,0,0,1,4,4,1,1,0,0,0,0,1,0.06701129168626235,0.01820109664475283,False
1845,Рязань,Рязанская область,городской округ,61-701-000-000,0,3,0,0,0,0,0,0,0,0,0,0,0,0,0,0.09144222031305937,0.043202266183115116,False
1846,Касимов,Рязанская область,городской округ,61-705-000-000,1,3,5,1,1,1,1,1,1,0,0,0,0,0,0,0.08896818160719466,0.075883157337333,False
1848,Скопин,Рязанская область,городской округ,61-715-000-000,5,0,5,5,5,5,5,5,5,5,5,5,5,5,5,0.3238526040068519,0.1888773222369487,False
1849,Ермишинский,Рязанская область,муниципальный район,61-602-000-000,1,0,1,1,1,1,1,1,1,1,1,1,1,1,1,0.18426671995613453,0.3105615630554725,False
1850,Захаровский,Рязанская область,муниципальный район,61-604-000-000,1,0,1,1,1,5,1,5,5,5,5,5,5,5,5,0.23384941243431825,0.09903686501603094,False
1851,Кадомский,Рязанская область,муниципальный район,61-606-000-000,5,0,1,5,5,5,5,1,5,5,5,5,5,5,5,0.04618132476834526,0.4372307425486339,False
1852,Касимовский,Рязанская область,муниципальный район,61-608-000-000,1,0,5,1,1,1,5,5,1,1,1,1,1,1,1,0.025650797729919024,0.43772749843463304,False
1853,Клепиковский,Рязанская область,муниципальный район,61-610-000-000,1,0,1,1,1,1,1,1,1,1,1,1,1,1,1,0.055215840822787084,0.26705298644794057,False
1854,Кораблинский,Рязанская область,муниципальный район,61-612-000-000,1,0,1,1,5,5,5,5,5,5,5,5,5,5,5,0.11474226013837838,0.10269446570174012,False
1855,Милославский,Рязанская область,муниципальный район,61-615-000-000,5,0,5,5,5,5,5,5,5,5,5,5,5,5,5,0.2538801895448729,0.31710989262378725,False
1856,Михайловский,Рязанская область,муниципальный район,61-617-000-000,5,0,5,5,5,5,5,5,5,5,5,5,5,5,5,0.1165125677478844,0.2614419557380199,False
1857,Александро-Невский,Рязанская область,муниципальный район,61-620-000-000,1,0,5,1,1,1,1,1,5,5,5,1,1,1,1,0.039132846465411514,0.11041168866769531,False
1858,Пителинский,Рязанская область,муниципальный район,61-623-000-000,1,0,5,5,5,5,5,5,5,5,5,5,5,5,5,0.03951842084019491,0.07554051254225412,False
1859,Пронский,Рязанская область,муниципальный район,61-625-000-000,1,0,1,1,1,1,1,1,1,1,1,1,1,1,1,0.04244202109188266,0.2405700666496012,False
1860,Путятинский,Рязанская область,муниципальный округ,61-526-000-000,1,0,1,1,1,5,1,1,1,5,4,5,5,1,1,0.23390905937052903,0.26748735379073696,False
1861,Рыбновский,Рязанская область,муниципальный район,61-627-000-000,1,3,0,1,1,1,1,1,1,1,0,0,1,1,1,0.022055575908690245,0.030015497243436204,False
1862,Ряжский,Рязанская область,муниципальный округ,61-530-000-000,1,0,5,1,1,1,1,1,1,5,5,5,5,5,5,0.1823312773618104,0.0789535082519172,False
1863,Рязанский,Рязанская область,муниципальный район,61-634-000-000,0,3,0,0,0,0,0,0,0,0,0,0,0,0,0,0.20802936649879927,0.3027875915884874,False
1864,Сапожковский,Рязанская область,муниципальный район,61-637-000-000,5,0,1,5,5,5,5,5,5,5,5,5,5,5,5,0.14855940886811603,0.29285957136064894,False
1865,Сараевский,Рязанская область,муниципальный район,61-640-000-000,5,0,5,5,5,5,5,5,5,5,5,5,5,5,5,0.03477782577026683,0.3044772831118237,False
1868,Спасский,Рязанская область,муниципальный район,61-646-000-000,1,0,5,5,5,5,5,5,5,1,1,1,1,1,1,0.09836655671022118,0.3381066066646142,False
1869,Старожиловский,Рязанская область,муниципальный район,61-648-000-000,1,0,1,5,5,5,1,1,1,1,1,1,1,1,1,0.02657000777619851,0.3458609529750857,False
1870,Ухоловский,Рязанская область,муниципальный район,61-650-000-000,5,0,5,5,5,5,5,5,5,5,5,5,5,5,5,0.1490359795044828,0.29450588841070435,False
1871,Чучковский,Рязанская область,муниципальный район,61-653-000-000,5,0,5,5,5,5,5,5,5,5,5,5,5,5,5,0.1190328467859121,0.22627004244037455,False
1872,Шацкий,Рязанская область,муниципальный район,61-656-000-000,5,0,5,5,5,5,5,5,5,1,1,1,1,1,1,0.2899128274765255,0.334327786808781,True
1873,Шиловский,Рязанская область,муниципальный район,61-658-000-000,1,0,5,1,1,1,1,1,1,1,1,5,5,1,1,0.04046681369221667,0.07401989575526205,False
1874,Самара,Самарская область,городской округ,36-701-000-000,0,3,0,0,0,0,0,0,3,3,3,3,3,3,3,0.05209372913270183,0.015146068827328846,False
1875,Жигулевск,Самарская область,городской округ,36-704-000-000,0,3,0,0,0,0,0,0,0,0,0,0,0,0,0,0.22186843278264567,0.34428150809218516,False
1876,Кинель,Самарская область,городской округ,36-708-000-000,0,3,0,0,0,0,0,0,0,0,0,0,0,0,0,0.22079188340934872,0.268813146841108,False
1877,Новокуйбышевск,Самарская область,городской округ,36-713-000-000,0,3,0,0,0,0,0,0,0,0,0,0,0,0,0,0.13707924782572517,0.18190497109310894,False
1878,Октябрьск,Самарская область,городской округ,36-718-000-000,1,0,1,1,1,1,1,1,1,1,1,1,1,1,1,0.11099276524300389,0.29033966569623876,False
1879,Отрадный,Самарская область,городской округ,36-724-000-000,0,3,0,0,0,0,0,0,0,0,0,0,0,0,0,0.186533968892824,0.2505045354426141,False
1880,Похвистнево,Самарская область,городской округ,36-727-000-000,5,0,5,5,1,1,1,1,1,1,0,0,0,1,1,0.1386920002491265,0.02896803388075779,False
1881,Сызрань,Самарская область,городской округ,36-735-000-000,0,3,0,0,0,0,0,0,0,0,0,0,0,0,0,0.14200143504668788,0.2818414720980053,False
1883,Чапаевск,Самарская область,городской округ,36-750-000-000,0,3,0,0,0,0,0,0,0,0,0,0,0,0,0,0.11621346055354578,0.27993582625102786,False
1884,Алексеевский,Самарская область,муниципальный район,36-602-000-000,5,0,5,5,5,5,5,5,5,5,5,5,5,5,5,0.28535012976860835,0.2632580056491284,False
1885,Безенчукский,Самарская область,муниципальный район,36-604-000-000,1,3,0,1,1,1,1,1,1,1,1,1,1,1,1,0.05844141650882053,0.058090606715309634,False
1886,Богатовский,Самарская область,муниципальный район,36-606-000-000,1,0,5,1,1,1,1,5,1,1,1,1,1,1,1,0.25724055414205477,0.30549787617012586,True
1887,Большеглушицкий,Самарская область,муниципальный район,36-608-000-000,5,0,5,5,5,5,5,5,5,1,1,1,1,1,5,0.3388261343779223,0.08131722617603401,False
1888,Большечерниговский,Самарская область,муниципальный район,36-610-000-000,1,0,5,1,1,1,1,1,1,1,5,1,1,1,1,0.31933545909912525,0.12827404733594788,False
1889,Борский,Самарская область,муниципальный район,36-612-000-000,1,0,5,1,1,1,1,1,1,1,1,1,1,1,1,0.34570552626162904,0.3008484616142638,True
1890,Волжский,Самарская область,муниципальный район,36-614-000-000,0,3,0,0,0,0,0,0,0,0,0,0,0,0,0,0.10919458000190639,0.06759805876683835,False
1891,Елховский,Самарская область,муниципальный район,36-615-000-000,5,0,5,5,5,5,5,5,5,1,1,1,1,1,5,0.3904061726085802,0.08640837486389669,False
1892,Исаклинский,Самарская область,муниципальный район,36-616-000-000,5,0,5,5,5,5,5,5,5,5,1,5,5,5,5,0.1890904237486541,0.18649014468006445,False
1893,Камышлинский,Самарская область,муниципальный район,36-617-000-000,1,0,1,1,1,1,1,1,1,5,5,5,5,5,5,0.2735288999017688,0.06193308929903264,False
1894,Кинельский,Самарская область,муниципальный район,36-618-000-000,1,0,1,1,1,1,1,1,1,1,1,1,1,1,1,0.1503008548299079,0.3411963793257708,False
1895,Кинель-Черкасский,Самарская область,муниципальный район,36-620-000-000,1,0,5,5,1,1,1,4,1,1,1,1,1,1,1,0.17105298399792063,0.3091324112426225,True
1896,Клявлинский,Самарская область,муниципальный район,36-622-000-000,5,0,5,5,5,5,5,5,5,5,5,5,5,5,5,0.3530637248924925,0.026611459052508942,False
1897,Кошкинский,Самарская область,муниципальный район,36-624-000-000,1,0,5,5,1,1,1,5,1,1,1,1,1,1,1,0.32858783740911124,0.2509042940717643,True
1898,Красноармейский,Самарская область,муниципальный район,36-626-000-000,1,0,5,1,1,5,5,5,1,1,1,1,1,1,1,0.16550341856880732,0.2818549889260695,True
1899,Красноярский,Самарская область,муниципальный район,36-628-000-000,1,0,5,1,1,1,1,1,1,1,0,0,1,1,1,0.00963115048634228,0.07865139126330366,False
1900,Нефтегорский,Самарская область,муниципальный район,36-630-000-000,1,0,5,1,1,1,1,1,1,1,1,1,1,1,1,0.0761960685519448,0.2027628227758348,False
1901,Пестравский,Самарская область,муниципальный район,36-632-000-000,5,0,5,1,1,1,1,1,1,1,1,1,1,1,1,0.2028743214978178,0.05732619914123996,False
1902,Похвистневский,Самарская область,муниципальный район,36-634-000-000,5,0,5,5,5,5,5,5,5,5,5,5,5,5,5,0.3810813393822443,0.31547986566288644,False
1903,Приволжский,Самарская область,муниципальный район,36-636-000-000,1,0,5,1,1,1,1,1,1,1,1,1,5,5,5,0.09538224385347366,0.012704115074445773,False
1904,Сергиевский,Самарская область,муниципальный район,36-638-000-000,1,0,5,5,1,1,4,4,1,1,1,1,1,1,1,0.06768138266070949,0.25332410992932836,False
1905,Ставропольский,Самарская область,муниципальный район,36-640-000-000,0,3,0,0,0,0,0,0,0,0,0,0,0,0,0,0.09933294727199506,0.17453005653083647,False
1906,Сызранский,Самарская область,муниципальный район,36-642-000-000,0,3,0,0,0,0,0,0,0,0,0,0,0,0,0,0.009142412534871776,0.18451474397509185,False
1907,Хворостянский,Самарская область,муниципальный район,36-644-000-000,1,0,5,1,1,1,1,1,1,1,1,1,1,1,1,0.04294941041507131,0.3054352147738708,False
1908,Челно-Вершинский,Самарская область,муниципальный район,36-646-000-000,5,0,5,5,5,5,5,5,5,5,1,1,5,5,5,0.2347799335604452,0.20180614313569042,False
1909,Шенталинский,Самарская область,муниципальный район,36-648-000-000,5,0,5,5,5,5,5,5,5,1,1,1,5,5,5,0.48155164082351526,0.2030102106315499,False
1910,Шигонский,Самарская область,муниципальный район,36-650-000-000,1,0,1,1,1,1,1,1,1,1,1,1,1,1,1,0.30891734440293006,0.29578075692011224,False
1912,Шиханы,Саратовская область,городской округ,63-746-000-000,1,3,0,1,1,1,0,0,1,1,0,0,1,1,1,0.07065730905474293,0.05045328378890024,False
1915,Александрово-Гайский,Саратовская область,муниципальный район,63-602-000-000,5,0,5,5,5,5,5,5,5,5,5,5,5,5,5,0.3538018832056924,0.43115420404000526,False
1916,Аркадакский,Саратовская область,муниципальный район,63-603-000-000,5,0,5,5,1,1,1,1,1,1,1,5,5,1,1,0.39379446907006443,0.012331413005871459,False
1917,Аткарский,Саратовская область,муниципальный район,63-604-000-000,1,0,5,1,1,1,1,5,1,1,1,1,1,1,1,0.2270245201103052,0.12307664634210462,False
1918,Базарно-Карабулакский,Саратовская область,муниципальный район,63-606-000-000,5,0,1,5,5,5,5,5,5,5,1,5,5,5,5,0.15210837045060704,0.045716110722495526,False
1919,Балаковский,Саратовская область,муниципальный район,63-607-000-000,0,3,0,0,0,0,0,0,0,0,0,0,0,0,0,0.19583936350067208,0.2386379510783533,False
1920,Балашовский,Саратовская область,муниципальный район,63-608-000-000,0,3,5,1,1,1,1,1,1,0,0,0,0,0,0,0.03567916236767968,0.053473635526194004,False
1921,Балтайский,Саратовская область,муниципальный район,63-609-000-000,5,0,5,5,5,5,5,5,5,5,5,5,5,1,5,0.32942047387777257,0.035643848330429134,False
1922,Вольский,Саратовская область,муниципальный район,63-611-000-000,0,3,0,0,0,0,0,0,0,0,0,0,0,0,0,0.0680119313821189,0.1641299071925883,False
1923,Воскресенский,Саратовская область,муниципальный район,63-612-000-000,1,0,5,5,5,5,5,5,5,5,5,1,1,1,1,0.10618855354222977,0.14527537237578758,False
1924,Дергачевский,Саратовская область,муниципальный район,63-613-000-000,5,0,5,5,5,5,5,5,5,1,1,1,1,1,5,0.21029987615038442,0.007046104933450975,False
1925,Духовницкий,Саратовская область,муниципальный район,63-614-000-000,5,0,5,5,1,1,1,1,1,5,5,5,5,5,5,0.07291450401101587,0.18570705260627757,False
1926,Екатериновский,Саратовская область,муниципальный район,63-616-000-000,5,0,1,1,5,5,5,5,5,5,1,5,5,5,5,0.2134255554516735,0.1590489317204559,True
1927,Ершовский,Саратовская область,муниципальный район,63-617-000-000,5,0,5,1,1,1,1,1,1,1,1,1,1,1,1,0.22149865631879617,0.14205903023181896,False
1928,Ивантеевский,Саратовская область,муниципальный район,63-619-000-000,5,0,5,5,5,5,5,5,5,5,5,5,5,5,5,0.39211048802358056,0.4403442156239616,False
1929,Калининский,Саратовская область,муниципальный район,63-621-000-000,5,0,5,5,5,5,5,1,5,5,5,5,5,5,1,0.3737894274206544,0.06631323617083407,False
1930,Красноармейский,Саратовская область,муниципальный район,63-622-000-000,1,0,1,1,1,1,1,1,1,1,1,1,1,1,1,0.14986537192184995,0.2773504333660242,False
1931,Краснокутский,Саратовская область,муниципальный район,63-623-000-000,1,0,5,1,1,1,1,1,1,5,5,5,5,5,5,0.03244652094420564,0.044272561871257145,False
1932,Краснопартизанский,Саратовская область,муниципальный район,63-624-000-000,1,0,5,1,1,1,1,1,1,1,1,1,1,1,1,0.04103097291077236,0.1058715093199525,False
1933,Лысогорский,Саратовская область,муниципальный район,63-625-000-000,5,0,1,1,1,5,1,1,5,5,1,5,5,5,5,0.26926736916046007,0.24036275183272277,True
1934,Марксовский,Саратовская область,муниципальный район,63-626-000-000,1,0,5,1,1,1,1,1,1,1,1,1,1,1,1,0.0541422187115403,0.19226569832851886,False
1935,Новобурасский,Саратовская область,муниципальный район,63-629-000-000,1,0,1,1,1,1,1,1,1,1,1,1,1,1,1,0.28004843299597976,0.03500066418417172,False
1936,Новоузенский,Саратовская область,муниципальный район,63-630-000-000,1,0,5,1,1,1,1,1,1,1,1,1,1,1,1,0.18824654711036032,0.2185236067157436,True
1937,Озинский,Саратовская область,муниципальный район,63-632-000-000,5,0,5,5,1,1,1,5,5,5,1,5,5,5,5,0.3252220034581875,0.13314288782825026,False
1938,Перелюбский,Саратовская область,муниципальный район,63-634-000-000,5,0,1,5,5,5,5,5,5,5,5,5,5,5,5,0.07854785152721777,0.36317534930402195,False
1939,Петровский,Саратовская область,муниципальный район,63-635-000-000,1,0,5,1,1,1,1,1,1,1,1,1,1,1,1,0.06601274372147041,0.35498730983167653,False
1940,Питерский,Саратовская область,муниципальный район,63-636-000-000,1,0,5,5,1,1,1,1,1,1,1,1,1,1,1,0.21324764666413581,0.2719560909050814,True
1941,Пугачевский,Саратовская область,муниципальный район,63-637-000-000,5,0,5,5,1,1,1,1,1,1,5,5,5,5,5,0.20026564033573882,0.03447724778968184,False
1942,Ровенский,Саратовская область,муниципальный район,63-639-000-000,1,0,1,1,1,1,1,1,1,1,1,1,1,1,1,0.16672868245258982,0.258419666333798,False
1943,Романовский,Саратовская область,муниципальный район,63-640-000-000,1,0,1,1,1,1,1,5,5,1,1,5,5,5,5,0.2951850022256638,0.11173132459181831,False
1944,Ртищевский,Саратовская область,муниципальный район,63-641-000-000,1,0,5,1,1,1,1,1,1,1,1,1,1,1,1,0.19604521870541972,0.28491732827808486,True
1945,Самойловский,Саратовская область,муниципальный район,63-642-000-000,5,0,1,5,5,5,5,5,5,5,5,5,5,5,5,0.011378266289537753,0.22734130644217437,False
1947,Советский,Саратовская область,муниципальный район,63-644-000-000,1,0,1,1,1,1,1,1,1,1,1,1,1,1,1,0.2906041481439703,0.27512342286882197,False
1948,Татищевский,Саратовская область,муниципальный район,63-646-000-000,1,0,1,1,1,1,1,1,1,1,1,1,1,1,1,0.011463950985692278,0.2528485724530517,False
1949,Турковский,Саратовская область,муниципальный район,63-647-000-000,5,0,1,1,1,1,1,1,1,1,5,5,5,1,1,0.10921974081457182,0.19784275815794589,False
1950,Федоровский,Саратовская область,муниципальный район,63-648-000-000,1,0,5,1,1,1,1,1,1,1,1,1,1,1,1,0.08388748420200884,0.36941247144129963,False
1951,Хвалынский,Саратовская область,муниципальный район,63-649-000-000,1,0,5,1,1,1,1,1,1,1,1,1,1,1,1,0.13548865818331218,0.28109770482120544,False
1952,Энгельсский,Саратовская область,муниципальный район,63-650-000-000,0,3,0,0,0,0,0,0,0,0,0,0,0,0,0,0.1520658341573599,0.19075152785507202,False
1954,Александровск-Сахалинский,Сахалинская область,городской округ,64-704-000-000,4,2,4,2,4,2,2,2,2,4,0,0,5,5,5,0.17304810258544248,0.04412573473867503,False
1955,Анивский,Сахалинская область,городской округ,64-708-000-000,3,1,3,3,3,3,3,3,3,3,3,3,3,3,3,0.11559974783411481,0.03186432349742095,False
1956,Долинский,Сахалинская область,городской округ,64-712-000-000,4,2,4,2,2,2,2,2,2,4,0,0,0,0,0,0.15068960000969786,0.24396843615524796,True
1957,Корсаковский,Сахалинская область,городской округ,64-716-000-000,3,1,3,0,0,0,4,4,0,0,3,3,3,0,0,0.06912062725155946,0.03877177834364911,False
1958,Курильский,Сахалинская область,городской округ,64-720-000-000,3,2,3,3,3,2,2,2,2,2,3,3,3,3,3,0.13156421286376047,0.061573244915416575,False
1959,Макаровский,Сахалинская область,городской округ,64-724-000-000,4,2,4,4,4,2,2,2,2,4,1,1,1,1,1,0.21589895903444267,0.018866995451434356,False
1960,Невельский,Сахалинская область,городской округ,64-728-000-000,4,2,4,2,2,2,2,2,2,4,0,0,0,0,0,0.16718480827714174,0.05555439655663689,False
1961,Ногликский,Сахалинская область,городской округ,64-732-000-000,3,1,3,2,2,2,2,2,2,0,3,3,3,0,0,0.11602840150464659,0.035018717060531585,False
1962,Охинский,Сахалинская область,городской округ,64-736-000-000,0,2,2,2,2,2,2,2,2,0,0,0,0,0,0,0.08797948868989502,0.1626695881922799,False
1963,Поронайский,Сахалинская область,городской округ,64-740-000-000,4,2,4,2,2,2,2,2,2,4,0,0,0,0,0,0.13005520985181337,0.010472722481497491,False
1965,Смирныховский,Сахалинская область,городской округ,64-746-000-000,4,3,4,4,4,4,4,4,4,4,0,4,4,4,4,0.2200760553773088,0.12298234468411388,False
1966,Томаринский,Сахалинская область,городской округ,64-748-000-000,4,3,4,4,4,2,2,2,4,4,4,4,0,0,0,0.2639139134439892,0.048533693110259526,False
1967,Тымовский,Сахалинская область,городской округ,64-750-000-000,4,2,4,4,4,2,2,2,2,4,0,0,4,4,4,0.20249570927826155,0.1001082018258874,False
1968,Углегорский,Сахалинская область,городской округ,64-752-000-000,0,3,0,0,0,2,4,4,0,0,0,0,0,0,0,0.056332453579732024,0.23664947267032022,False
1969,Холмский,Сахалинская область,городской округ,64-754-000-000,4,2,4,2,2,2,2,2,2,4,0,0,0,0,0,0.150748075525736,0.164133061520572,True
1970,Южно-Курильский,Сахалинская область,городской округ,64-756-000-000,2,2,2,2,2,2,2,2,2,2,2,2,2,2,2,0.554801738501821,0.5427245910004306,False
1971,Екатеринбург,Свердловская область,городской округ,65-701-000-000,3,1,3,3,3,3,3,3,3,3,3,3,3,3,3,0.07921266224188078,0.07895773147378442,False
1972,Алапаевск,Свердловская область,городской округ,65-728-000-000,0,3,0,0,0,0,0,0,0,0,0,0,0,0,0,0.04993567502209113,0.14984683957350575,False
1973,Артемовский,Свердловская область,городской округ,65-703-000-000,1,0,5,1,1,1,1,1,1,1,1,1,1,1,1,0.016207695597526516,0.0871072154871709,False
1974,Асбестовский,Свердловская область,городской округ,65-730-000-000,0,3,0,0,0,0,0,0,0,0,0,0,0,0,0,0.2066206479908587,0.31906162671655713,False
1975,Малышевский,Свердловская область,городской округ,65-762-000-000,1,3,0,0,0,5,4,4,5,5,5,5,5,5,5,0.09627401282653378,0.0925189247300508,False
1976,Рефтинский,Свердловская область,городской округ,65-763-000-000,1,3,0,0,0,1,1,4,1,1,0,1,1,1,1,0.08847967356665246,0.046848175387375325,False
1977,Березовский,Свердловская область,городской округ,65-731-000-000,0,3,0,0,0,0,0,0,0,0,0,0,0,0,0,0.047378553828572124,0.01278388028612486,False
1978,Богданович,Свердловская область,городской округ,65-707-000-000,0,3,0,0,0,0,0,0,0,0,0,0,0,0,0,0.1923100949409899,0.25058893729061943,False
1979,Верхняя Пышма,Свердловская область,городской округ,65-732-000-000,3,1,3,0,3,0,0,0,0,3,3,3,3,3,3,0.011667065699064363,0.05292945518800501,False
1980,Среднеуральск,Свердловская область,городской округ,65-757-000-000,0,3,0,0,0,0,0,0,0,0,0,0,0,0,0,0.128273850276907,0.1072372029791365,False
1981,Верхнесалдинский,Свердловская область,городской округ,65-708-000-000,0,3,0,0,0,0,0,0,0,0,0,0,0,0,0,0.39573778268961435,0.15147801813247688,False
1982,Заречный,Свердловская область,городской округ,65-737-000-000,0,3,0,0,0,0,0,0,0,0,0,0,0,0,0,0.22737716969368926,0.11624803138704395,False
1983,Ивдельский,Свердловская область,городской округ,65-738-000-000,0,3,0,0,0,0,0,0,0,0,0,0,0,0,0,0.31725461084582823,0.39891013006991793,False
1984,Пелым,Свердловская область,городской округ,65-764-000-000,1,3,0,5,5,5,5,5,5,5,5,5,5,5,5,0.05819224509444178,0.13892447643613406,False
1985,Ирбит,Свердловская область,городской округ,65-739-000-000,0,3,0,0,0,0,0,0,0,0,0,0,0,0,0,0.19595697600241094,0.24852893165637654,False
1986,Каменск-Уральский,Свердловская область,городской округ,65-740-000-000,0,3,0,0,0,0,0,0,0,0,0,0,0,0,0,0.1754865178812348,0.21643573607836053,False
1987,Камышловский,Свердловская область,городской округ,65-741-000-000,0,3,0,0,0,0,4,4,0,0,0,0,0,0,0,0.09721017469773259,0.2746199488389498,False
1988,Карпинск,Свердловская область,городской округ,65-742-000-000,1,3,0,0,0,4,4,4,1,0,0,0,0,0,0,0.08831354905414396,0.014465716720865126,False
1989,Волчанский,Свердловская область,городской округ,65-735-000-000,1,0,0,1,1,1,1,5,1,1,1,1,1,1,1,0.05063122459826462,0.1376517903283504,False
1990,Качканарский,Свердловская область,городской округ,65-743-000-000,0,3,0,0,0,0,0,0,0,0,0,0,0,0,0,0.34333536383348073,0.2607112228308089,False
1991,Кировградский,Свердловская область,городской округ,65-744-000-000,1,3,0,0,0,0,1,1,1,0,0,0,0,0,0,0.1594896267767578,0.0449459839620985,False
1992,Верхний Тагил,Свердловская область,городской округ,65-733-000-000,1,3,0,1,1,1,1,1,1,1,1,1,1,1,1,0.011780660165775406,0.09624501185687163,False
1993,Краснотурьинск,Свердловская область,городской округ,65-745-000-000,0,3,0,0,0,0,0,0,0,0,0,0,0,0,0,0.1815412099023818,0.22507050847199583,False
1994,Красноуральск,Свердловская область,городской округ,65-746-000-000,1,0,1,1,1,1,1,1,1,1,1,1,1,1,1,0.06216315454952592,0.10930546408767343,False
1995,Красноуфимск,Свердловская область,городской округ,65-747-000-000,0,3,0,0,0,0,0,0,0,0,0,0,0,0,0,0.15660995942847108,0.356947255009832,False
1996,Кушвинский,Свердловская область,городской округ,65-748-000-000,1,3,0,1,1,1,1,1,1,1,1,1,1,1,1,0.07698436866953103,0.07553723469756655,False
1997,Верхняя Тура,Свердловская область,городской округ,65-734-000-000,1,3,0,0,0,1,1,4,1,0,0,0,0,0,1,0.21527795744353004,0.006942622379113275,False
1999,Невьянский,Свердловская область,городской округ,65-714-000-000,0,3,0,0,0,0,0,0,0,0,0,0,0,0,0,0.278640295185314,0.2202316214411281,False
2000,Нижний Тагил,Свердловская область,городской округ,65-751-000-000,0,3,0,0,0,0,0,0,0,0,0,0,0,0,0,0.09963877207843339,0.05820748708813264,False
2001,Нижняя Салда,Свердловская область,городской округ,65-750-000-000,1,3,0,0,0,0,1,1,1,0,0,0,0,0,0,0.15948293695891164,0.06230758136319646,False
2002,Нижнетуринский,Свердловская область,городской округ,65-715-000-000,0,3,0,0,0,0,0,0,0,0,0,0,0,0,0,0.17840506740800746,0.16291028713529992,False
2004,Первоуральск,Свердловская область,городской округ,65-753-000-000,0,3,0,0,0,0,0,0,0,0,0,0,0,0,0,0.1632985902335913,0.12356853683003921,False
2005,Полевской,Свердловская область,городской округ,65-754-000-000,0,3,0,0,0,0,0,0,0,0,0,0,0,0,0,0.2640669524744148,0.2413521765895924,False
2006,Ревда,Свердловская область,городской округ,65-719-000-000,0,3,0,0,0,0,0,0,0,0,0,0,0,0,0,0.23230915683444822,0.2046813444355716,False
2007,Дегтярск,Свердловская область,городской округ,65-736-000-000,1,0,0,0,1,1,4,4,1,1,1,1,1,1,1,0.015975132844397832,0.24741687898081538,False
2008,Режевской,Свердловская область,городской округ,65-720-000-000,0,3,0,0,0,0,0,0,0,0,0,0,0,0,0,0.1428334045225898,0.11191566395068281,False
2009,Североуральский,Свердловская область,городской округ,65-755-000-000,1,3,0,0,0,0,4,4,1,0,0,0,0,0,0,0.17062487213487815,0.024061637078062754,False
2010,Серовский,Свердловская область,городской округ,65-756-000-000,0,3,0,0,0,0,0,0,0,0,0,0,0,0,0,0.20832700436123508,0.31385637822744467,False
2011,Сухой Лог,Свердловская область,городской округ,65-758-000-000,0,3,0,0,0,0,0,0,0,0,0,0,0,0,0,0.3211376687272394,0.247839259826621,False
2012,Тавдинский,Свердловская область,городской округ,65-723-000-000,1,0,0,1,1,1,1,4,1,1,1,1,1,1,1,0.004579299632264395,0.12996837728665903,False
2015,Алапаевское,Свердловская область,городской округ,65-771-000-000,1,0,5,5,5,5,4,4,1,1,1,1,1,1,1,0.026643624910419467,0.20784819596613585,False
2017,Артинский,Свердловская область,городской округ,65-704-000-000,5,0,5,5,1,4,1,1,4,1,1,1,1,1,1,0.12527474015779327,0.29051100300781757,False
2018,Ачитский,Свердловская область,городской округ,65-705-000-000,4,0,4,4,4,4,4,2,4,1,1,1,1,5,5,0.0529144321680558,0.09725893677657328,False
2019,Белоярский,Свердловская область,городской округ,65-706-000-000,0,3,0,0,0,0,0,0,0,0,0,0,0,0,0,0.13162738346757202,0.14358475105102053,False
2021,Верхотурский,Свердловская область,городской округ,65-709-000-000,0,3,0,0,0,4,4,4,4,0,0,0,0,0,0,0.09114123727870713,0.10757639475402733,False
2022,Гаринский,Свердловская область,городской округ,65-710-000-000,1,0,1,5,5,5,5,5,5,5,1,1,1,1,1,0.08554830493321645,0.029008505675855265,False
2023,Ирбитское,Свердловская область,городской округ,65-711-000-000,1,0,1,1,1,1,4,4,4,1,1,1,1,1,1,0.1464788125504861,0.17397032944810698,False
2024,Каменский,Свердловская область,городской округ,65-712-000-000,0,3,0,0,0,0,0,0,0,0,0,0,0,0,0,0.2811520057916793,0.4736605217148075,False
2025,Красноуфимский,Свердловская область,городской округ,65-713-000-000,4,3,4,4,4,4,0,0,4,4,4,4,4,4,4,0.03074173284832964,0.46800442253300106,False
2027,Бисертский,Свердловская область,городской округ,65-759-000-000,1,3,0,0,0,1,1,0,1,0,0,0,0,0,1,0.036167771987895315,0.014204407650763456,False
2028,Новолялинский,Свердловская область,городской округ,65-716-000-000,1,0,5,5,5,5,5,5,1,1,1,1,1,1,1,0.1262671136506191,0.1009711826203104,False
2030,Пышминский,Свердловская область,городской округ,65-718-000-000,5,0,5,5,1,1,1,5,1,1,1,1,1,1,1,0.19728015151211864,0.1377619063605265,False
2031,Сосьвинский,Свердловская область,городской округ,65-721-000-000,1,0,5,1,1,1,1,1,1,1,0,5,5,5,5,0.04219301809341529,0.04800471879114041,False
2032,Сысертский,Свердловская область,городской округ,65-722-000-000,0,3,0,0,0,0,0,0,0,0,0,0,0,0,0,0.20737854384217927,0.1914463867300854,False
2033,Арамильский,Свердловская область,городской округ,65-729-000-000,0,3,0,0,0,0,0,0,0,0,0,0,0,0,0,0.1368949391856606,0.11229635980068271,False
2034,Талицкий,Свердловская область,городской округ,65-724-000-000,0,3,5,0,0,1,4,4,1,0,0,0,0,0,0,0.06677276038133687,0.05795973017361281,False
2035,Тугулымский,Свердловская область,городской округ,65-725-000-000,1,0,5,1,1,5,5,5,1,1,1,1,1,1,1,0.010783224529980049,0.10911942463712324,False
2036,Туринский,Свердловская область,городской округ,65-726-000-000,1,0,5,5,1,1,1,4,1,1,0,0,1,1,1,0.1171139061346235,0.1181350023997473,False
2037,Шалинский,Свердловская область,городской округ,65-727-000-000,5,0,5,5,5,5,5,5,5,5,5,5,5,5,5,0.2690875514067399,0.2220107649402604,False
2039,Байкаловский,Свердловская область,муниципальный район,65-608-000-000,1,0,5,1,1,1,4,4,1,1,1,1,1,1,1,0.04358833046701676,0.10670517631419921,False
2040,Камышловский,Свердловская область,муниципальный район,65-623-000-000,0,3,0,0,0,0,0,0,0,0,0,0,0,0,0,0.33378139610750085,0.35050241589647074,False
2041,Слободо-Туринский,Свердловская область,муниципальный район,65-639-000-000,1,0,5,5,5,1,4,4,4,1,1,1,1,1,1,0.04076438799376924,0.12872123767235089,False
2042,Нижнесергинский,Свердловская область,муниципальный район,65-628-000-000,1,0,5,1,1,1,1,4,1,1,1,1,1,1,1,0.04546141413707164,0.20050735638037612,False
2043,Таборинский,Свердловская область,муниципальный район,65-645-000-000,5,0,5,5,5,5,5,5,5,4,4,4,4,1,1,0.17108024625899645,0.2861738687970272,True
2044,Смоленск,Смоленская область,городской округ,66-701-000-000,0,3,0,0,0,0,0,0,0,0,0,0,0,0,0,0.09534973200063222,0.11265857269803681,False
2045,Десногорск,Смоленская область,городской округ,66-710-000-000,0,3,0,0,0,0,4,4,0,0,4,0,0,0,0,0.20818661153851023,0.15716540812773325,False
2046,Велижский,Смоленская область,муниципальный район,66-603-000-000,5,0,5,5,5,5,5,5,5,5,5,5,5,5,5,0.44439992284117313,0.273359221793479,False
2047,Вяземский,Смоленская область,муниципальный район,66-605-000-000,0,3,0,0,0,0,0,0,0,0,0,0,0,0,0,0.19157735938153633,0.24545168158904157,False
2048,Гагаринский,Смоленская область,муниципальный район,66-608-000-000,0,3,0,0,0,0,0,0,0,0,0,0,0,0,0,0.1536796013024747,0.2602937437817776,False
2049,Глинковский,Смоленская область,муниципальный район,66-609-000-000,5,0,1,1,1,1,1,1,1,5,5,1,5,5,5,0.11194137461993364,0.0020335139204836488,False
2050,Демидовский,Смоленская область,муниципальный район,66-611-000-000,1,0,1,1,1,1,1,1,1,1,1,1,1,1,1,0.06684128068055188,0.4308977342409824,False
2051,Дорогобужский,Смоленская область,муниципальный район,66-614-000-000,1,0,1,1,1,1,1,1,1,1,0,0,1,1,1,0.04197001205229723,0.03605097960216678,False
2052,Духовщинский,Смоленская область,муниципальный район,66-616-000-000,1,0,1,1,1,1,1,5,5,5,1,1,1,1,1,0.2752782395082576,0.11814800068712666,False
2053,Ельнинский,Смоленская область,муниципальный район,66-619-000-000,5,0,5,5,5,5,5,5,5,5,5,5,5,1,1,0.45119841038475295,0.2143837980590919,True
2054,Ершичский,Смоленская область,муниципальный район,66-621-000-000,5,0,5,5,5,5,5,5,5,5,1,1,5,5,5,0.3341493411857085,0.21742904541270233,False
2055,Кардымовский,Смоленская область,муниципальный район,66-623-000-000,1,0,1,1,1,1,1,1,1,1,1,1,1,1,1,0.17262295388388502,0.33019910165721617,False
2056,Краснинский,Смоленская область,муниципальный район,66-624-000-000,5,0,5,5,5,5,5,5,5,5,5,5,5,5,5,0.01795614630456194,0.3976657940582506,False
2057,Монастырщинский,Смоленская область,муниципальный район,66-627-000-000,1,0,1,1,1,1,1,1,1,1,1,1,1,1,1,0.1863573140529188,0.37050334286948383,False
2058,Новодугинский,Смоленская область,муниципальный район,66-630-000-000,5,0,5,1,1,1,1,1,1,1,1,1,5,5,5,0.20515344376252076,0.006656207354255537,False
2059,Починковский,Смоленская область,муниципальный район,66-633-000-000,1,0,1,1,1,1,1,1,1,1,5,5,5,1,1,0.014568860729399478,0.12012159803361834,False
2060,Рославльский,Смоленская область,муниципальный район,66-636-000-000,0,3,0,0,0,0,4,4,0,0,0,0,0,0,0,0.052637606513412795,0.06833894336118822,False
2061,Руднянский,Смоленская область,муниципальный район,66-638-000-000,5,0,5,1,5,5,5,5,5,5,5,5,5,5,5,0.05330876400971066,0.26763839917372906,False
2062,Сафоновский,Смоленская область,муниципальный район,66-641-000-000,0,3,0,0,0,1,1,1,1,0,0,0,0,0,0,0.11046548094699445,0.07297869758112688,False
2063,Смоленский,Смоленская область,муниципальный район,66-644-000-000,0,3,0,0,0,0,0,0,0,0,0,0,0,0,0,0.03408623089131791,0.1166855425345165,False
2064,Сычевский,Смоленская область,муниципальный район,66-646-000-000,1,0,5,1,1,1,1,1,1,1,0,1,1,1,1,0.15043986863409808,0.13132483713846732,False
2065,Темкинский,Смоленская область,муниципальный район,66-648-000-000,5,0,5,5,5,5,5,5,5,5,5,5,5,5,5,0.07112785685617151,0.26220779927024046,False
2066,Угранский,Смоленская область,муниципальный район,66-650-000-000,5,0,5,1,1,1,1,1,5,5,5,5,5,5,5,0.13772978687457266,0.27683846745709345,False
2067,Хиславичский,Смоленская область,муниципальный район,66-652-000-000,5,0,5,5,5,5,5,5,5,5,5,5,5,5,1,0.19980409159386925,0.028537692460784154,False
2068,Холм-Жирковский,Смоленская область,муниципальный район,66-654-000-000,1,0,5,1,1,1,1,1,1,5,5,5,5,5,5,0.2264035392675442,0.12156606564792659,False
2069,Шумячский,Смоленская область,муниципальный район,66-656-000-000,1,0,5,1,1,1,1,1,1,1,1,1,1,1,1,0.14407827179536703,0.3537377468139481,False
2070,Ярцевский,Смоленская область,муниципальный район,66-658-000-000,0,3,0,0,1,1,1,1,1,0,0,0,0,0,0,0.09485780603665664,0.08468709616586881,False
2072,Кирсанов,Тамбовская область,городской округ,68-705-000-000,5,0,5,1,1,1,1,1,1,1,1,1,1,1,1,0.29998012205301927,0.2052769542805485,True
2073,Котовск,Тамбовская область,городской округ,68-710-000-000,1,0,1,1,1,1,1,1,1,1,1,1,1,1,1,0.07279923722896378,0.15379170374839868,False
2074,Мичуринск,Тамбовская область,городской округ,68-715-000-000,0,3,0,0,0,0,0,0,0,0,0,0,0,0,0,0.01274252872202309,0.05552897190755422,False
2075,Моршанск,Тамбовская область,городской округ,68-720-000-000,5,0,5,5,1,1,1,1,1,5,5,5,5,5,1,0.2605012012658602,0.02226630749304016,False
2076,Рассказово,Тамбовская область,городской округ,68-725-000-000,5,0,5,5,1,1,1,1,1,5,5,5,5,5,5,0.25357251533147424,0.08160023551165292,False
2077,Уварово,Тамбовская область,городской округ,68-730-000-000,5,0,5,1,1,1,1,1,1,5,5,5,5,5,5,0.10255883613526347,0.13530459738268122,False
2078,Бондарский,Тамбовская область,муниципальный округ,68-502-000-000,5,0,1,5,5,5,5,5,5,5,1,5,5,5,5,0.12352920915851555,0.1857096345297566,False
2079,Гавриловский,Тамбовская область,муниципальный округ,68-503-000-000,5,0,5,5,5,5,5,5,5,5,5,5,5,5,5,0.1781988830111395,0.2260509492478049,False
2080,Жердевский,Тамбовская область,муниципальный округ,68-504-000-000,5,0,5,5,5,1,1,5,1,5,5,5,5,1,1,0.21785435699387048,0.04638932823547896,False
2081,Знаменский,Тамбовская область,муниципальный округ,68-506-000-000,1,0,1,1,1,1,1,1,1,1,1,1,1,1,1,0.2740881577902922,0.14785780768712176,False
2082,Инжавинский,Тамбовская область,муниципальный округ,68-508-000-000,5,0,5,5,5,5,5,5,5,5,5,5,5,5,5,0.1914813625196192,0.19132332769721241,False
2085,Мордовский,Тамбовская область,муниципальный округ,68-514-000-000,5,0,1,1,1,5,1,1,5,5,5,5,5,5,5,0.17401430672299242,0.1713049104773869,True
2087,Мучкапский,Тамбовская область,муниципальный округ,68-518-000-000,1,0,1,1,1,1,1,1,1,1,5,5,5,5,5,0.3138917365276065,0.15817732283328909,True
2088,Никифоровский,Тамбовская область,муниципальный округ,68-520-000-000,1,0,1,1,1,1,1,1,1,1,1,1,5,1,1,0.30352093941155056,0.15643862651520854,False
2089,Первомайский,Тамбовская область,муниципальный округ,68-522-000-000,5,0,1,5,5,4,5,5,5,5,5,5,5,5,5,0.12813905865013256,0.2971363386364705,False
2090,Петровский,Тамбовская область,муниципальный округ,68-524-000-000,1,0,1,1,1,1,1,1,5,5,1,5,5,5,5,0.3400303546891091,0.08075471867683734,False
2091,Пичаевский,Тамбовская область,муниципальный округ,68-526-000-000,5,0,1,5,5,5,5,5,5,5,5,5,5,5,5,0.08154931381175187,0.35886534223476607,False
2093,Ржаксинский,Тамбовская область,муниципальный округ,68-530-000-000,5,0,5,5,1,1,1,1,1,5,5,5,5,5,5,0.36718957892702886,0.18189375859000617,False
2094,Сампурский,Тамбовская область,муниципальный округ,68-532-000-000,1,0,1,1,1,1,1,1,1,1,1,1,1,1,1,0.21645820033709617,0.30509415345364665,False
2095,Сосновский,Тамбовская область,муниципальный округ,68-534-000-000,1,0,1,1,1,1,1,1,1,1,1,1,1,1,1,0.23898760640619088,0.12120443404320363,False
2096,Староюрьевский,Тамбовская область,муниципальный округ,68-536-000-000,5,0,1,1,1,1,1,1,1,1,1,1,1,1,1,0.15631282607061772,0.09810007797163146,False
2098,Токарёвский,Тамбовская область,муниципальный округ,68-542-000-000,1,0,1,1,1,1,1,1,1,1,1,1,1,1,1,0.20534389427710065,0.3079527399035978,False
2100,Умётский,Тамбовская область,муниципальный округ,68-546-000-000,1,0,5,1,1,1,1,1,1,1,1,1,1,1,1,0.17466135761160187,0.17037779867727262,True
2101,Тверь,Тверская область,городской округ,28-701-000-000,0,3,0,0,0,0,0,0,0,0,0,0,0,0,0,0.011928966250865525,0.037427675840438934,False
2105,Осташковский,Тверская область,городской округ,28-752-000-000,0,3,0,0,0,0,1,4,1,0,0,0,0,0,0,0.19032730198024353,0.07675036510614136,False
2108,Торжок,Тверская область,городской округ,28-750-000-000,0,3,0,0,0,0,0,0,0,0,0,0,0,0,0,0.23253706524456694,0.26173468519355975,False
2109,Удомельский,Тверская область,городской округ,28-751-000-000,0,3,0,0,0,0,4,4,0,0,0,0,0,0,0,0.2576426541555167,0.11939440602329379,False
2110,Андреапольский,Тверская область,муниципальный округ,28-502-000-000,5,3,5,5,5,5,4,4,1,1,5,5,5,5,5,0.0484502005749777,0.1292866184811415,False
2111,Бежецкий,Тверская область,муниципальный округ,28-504-000-000,1,0,5,1,1,1,1,1,1,1,1,1,1,1,1,0.05175952993213368,0.15342234496120696,False
2112,Бельский,Тверская область,муниципальный округ,28-506-000-000,1,0,5,1,1,1,1,1,1,1,1,1,1,1,1,0.23237280703038654,0.1384848646605369,False
2113,Бологовский,Тверская область,муниципальный округ,28-508-000-000,0,3,5,1,1,1,1,1,1,0,0,0,0,0,0,0.05099328970806168,0.1713015016856487,False
2114,Весьегонский,Тверская область,муниципальный округ,28-510-000-000,1,0,5,1,1,1,1,1,1,1,1,1,1,1,1,0.0317706190283716,0.27105760684578367,False
2116,Жарковский,Тверская область,муниципальный округ,28-514-000-000,5,0,5,1,5,5,5,5,5,5,5,5,5,5,5,0.19676807962861195,0.20835881132025494,False
2117,Западнодвинский,Тверская область,муниципальный округ,28-516-000-000,5,0,5,5,5,5,5,5,4,5,4,4,4,5,5,0.11609082774005734,0.032959091742836434,False
2118,Зубцовский,Тверская область,муниципальный округ,28-518-000-000,1,0,5,1,1,1,1,1,1,1,5,5,5,1,1,0.1741137566012438,0.046534426855255405,False
2119,Калининский,Тверская область,муниципальный округ,28-520-000-000,0,3,0,0,0,0,0,0,0,0,0,0,0,0,0,0.08042436953982143,0.048889112752622706,False
2120,Калязинский,Тверская область,муниципальный округ,28-522-000-000,0,3,0,0,0,0,4,4,1,0,0,0,0,0,0,0.17123792822096184,0.10745947057376104,False
2121,Кашинский,Тверская область,городской округ,28-758-000-000,1,0,5,1,1,1,1,1,1,1,5,5,5,1,1,0.20837050138660837,0.0801029069206521,False
2122,Кесовогорский,Тверская область,муниципальный округ,28-526-000-000,5,0,5,1,1,1,1,1,5,5,5,5,5,5,5,0.15193928256795647,0.3023676806321535,False
2124,Конаковский,Тверская область,муниципальный округ,28-530-000-000,0,3,0,0,0,0,0,0,0,0,0,0,0,0,0,0.21140775992954552,0.21190738141097223,False
2125,Краснохолмский,Тверская область,муниципальный округ,28-532-000-000,5,0,5,1,1,1,1,1,1,1,1,1,1,1,1,0.34762463759956214,0.06634616064103317,False
2126,Кувшиновский,Тверская область,муниципальный округ,28-534-000-000,1,3,0,0,0,1,4,4,1,1,0,0,0,0,1,0.04592391380503511,0.023283123344668,False
2127,Лесной,Тверская область,муниципальный округ,28-536-000-000,5,0,5,5,5,5,5,5,5,5,4,5,5,5,5,0.054821076402756075,0.3310444880968207,False
2128,Лихославльский,Тверская область,муниципальный округ,28-538-000-000,1,0,5,1,1,1,1,1,1,1,1,1,1,1,1,0.03175632150705501,0.252990417166636,False
2129,Максатихинский,Тверская область,муниципальный округ,28-540-000-000,1,0,5,1,1,1,1,1,1,1,5,5,1,1,1,0.25705711601662495,0.11367499327914554,False
2130,Молоковский,Тверская область,муниципальный округ,28-542-000-000,4,0,1,1,5,4,5,5,4,4,4,4,4,4,4,0.1011834967290071,0.21016731877375855,False
2131,Нелидовский,Тверская область,городской округ,28-759-000-000,1,3,0,0,1,1,1,1,1,1,0,0,0,0,0,0.06912824409358029,0.012609041566478543,False
2132,Оленинский,Тверская область,муниципальный округ,28-544-000-000,5,0,5,5,5,1,1,1,5,5,5,5,5,5,5,0.25193296539857585,0.12201208989871322,False
2133,Пеновский,Тверская область,муниципальный округ,28-546-000-000,5,0,5,1,1,1,1,1,1,1,5,5,5,5,5,0.1621826128415869,0.022090625181215632,False
2134,Рамешковский,Тверская область,муниципальный округ,28-547-000-000,1,0,1,1,1,5,5,5,5,5,5,5,5,5,5,0.008701888356399833,0.32183729288622387,False
2136,Сандовский,Тверская область,муниципальный округ,28-549-000-000,4,3,4,4,4,4,4,4,4,4,4,4,4,4,4,0.11068462403330295,0.09956398020783351,False
2137,Селижаровский,Тверская область,муниципальный округ,28-550-000-000,5,0,5,5,1,1,1,1,1,1,5,5,5,5,5,0.26539643345235236,0.20953692480907293,False
2138,Сонковский,Тверская область,муниципальный округ,28-551-000-000,5,0,5,5,5,1,5,5,5,5,5,5,5,5,5,0.2566827897511209,0.28984098668294783,False
2139,Спировский,Тверская область,муниципальный округ,28-552-000-000,5,0,5,5,5,5,5,5,5,5,5,5,5,5,5,0.40579518232307554,0.3077906440459702,False
2140,Старицкий,Тверская область,муниципальный округ,28-553-000-000,5,0,5,5,5,5,5,5,5,5,5,5,5,5,5,0.22358725862950946,0.050750004213393006,False
2142,Торопецкий,Тверская область,муниципальный округ,28-555-000-000,5,0,5,5,5,5,5,5,5,5,5,5,5,5,5,0.14044234614872575,0.3318558314575703,False
2143,Фировский,Тверская область,муниципальный округ,28-557-000-000,5,0,5,5,5,4,4,5,5,5,5,5,4,5,5,0.10054858039755744,0.08940487109951403,False
2144,Томск,Томская область,городской округ,69-701-000-000,0,3,0,0,0,0,0,0,0,0,0,0,0,0,0,0.03907448421965332,0.021706649731316554,False
2145,Кедровый,Томская область,городской округ,69-707-000-000,1,0,0,2,2,5,5,5,5,5,5,5,5,5,5,0.019569834339564166,0.06065249965482008,False
2146,Стрежевой,Томская область,городской округ,69-710-000-000,0,3,0,0,0,0,4,4,0,0,0,0,0,0,0,0.145548088237022,0.26230694660282855,False
2148,Александровский,Томская область,муниципальный район,69-604-000-000,0,3,0,0,0,0,4,4,0,0,0,0,0,0,0,0.19638058631965033,0.13693145878893917,False
2149,Асиновский,Томская область,муниципальный район,69-608-000-000,5,0,5,5,5,4,4,4,4,1,1,1,1,1,1,0.12297002314868383,0.12320467298521386,False
2150,Бакчарский,Томская область,муниципальный район,69-612-000-000,5,0,5,5,5,5,5,5,5,4,4,5,5,5,5,0.1462604778357006,0.3303972129511941,False
2151,Верхнекетский,Томская область,муниципальный район,69-616-000-000,0,3,0,0,0,4,4,4,4,0,0,0,4,4,5,0.11866113777257899,0.020712440044100715,False
2152,Зырянский,Томская область,муниципальный район,69-620-000-000,5,0,5,5,5,5,5,5,5,5,1,5,5,5,5,0.20278335626176497,0.2648432171904757,False
2153,Каргасокский,Томская область,муниципальный район,69-624-000-000,1,0,5,5,5,5,1,5,1,1,1,1,1,1,1,0.05193839371412925,0.0851959050549742,False
2154,Кожевниковский,Томская область,муниципальный район,69-628-000-000,5,0,5,5,5,1,5,5,5,1,1,1,1,1,1,0.3097580504550225,0.05690096753726393,False
2155,Колпашевский,Томская область,муниципальный район,69-632-000-000,0,3,5,5,5,1,4,4,1,0,0,0,0,0,0,0.09101364536621818,0.10524626986131498,False
2156,Кривошеинский,Томская область,муниципальный район,69-636-000-000,5,0,5,5,5,5,5,5,5,5,5,5,5,5,5,0.2656714830064699,0.2159522156957292,False
2157,Молчановский,Томская область,муниципальный район,69-640-000-000,5,0,5,5,5,5,5,5,4,4,4,4,4,5,5,0.038117367653869305,0.14833629666536838,False
2158,Парабельский,Томская область,муниципальный район,69-644-000-000,0,3,0,0,0,4,4,4,1,0,0,0,0,0,0,0.10013334598201218,0.09519574436557857,False
2159,Первомайский,Томская область,муниципальный район,69-648-000-000,5,0,5,5,5,5,5,5,5,5,5,5,5,5,5,0.21039111654005208,0.14730772342027196,False
2160,Тегульдетский,Томская область,муниципальный район,69-652-000-000,1,0,1,1,1,1,1,1,5,5,5,5,5,5,1,0.12873154726715458,0.05778865399068495,False
2161,Томский,Томская область,муниципальный район,69-654-000-000,0,1,0,0,0,0,0,0,3,3,3,3,3,3,3,0.009410052793923096,0.06258181804297287,False
2162,Чаинский,Томская область,муниципальный район,69-656-000-000,5,0,5,5,5,5,5,5,4,5,4,4,4,5,5,0.2681594397769093,0.11287383932859563,False
2163,Шегарский,Томская область,муниципальный район,69-658-000-000,1,0,5,5,5,4,4,4,4,1,1,1,1,1,1,0.15979052704177243,0.1930308843939777,True
2164,Тула,Тульская область,городской округ,70-701-000-000,0,3,0,0,0,0,0,3,0,0,0,0,0,0,0,0.046855249314962204,0.036932175077512654,False
2165,Алексин,Тульская область,городской округ,70-706-000-000,0,3,0,0,0,0,0,0,0,0,0,0,0,0,0,0.15332598261563585,0.276848429976507,False
2167,Донской,Тульская область,городской округ,70-712-000-000,0,3,0,0,0,0,0,0,0,0,0,0,0,0,0,0.11917050021741045,0.1740884540855714,False
2168,Ефремов,Тульская область,городской округ,70-714-000-000,0,3,0,0,0,0,0,0,0,0,0,0,0,0,0,0.10004850288312139,0.18676403502878697,False
2169,Новомосковск,Тульская область,городской округ,70-724-000-000,0,3,0,0,0,0,0,0,0,0,0,0,0,0,0,0.17616017411676135,0.2122586473784822,False
2171,Арсеньевский,Тульская область,муниципальный район,70-604-000-000,1,0,5,5,1,1,1,1,1,5,5,5,5,5,5,0.12472208872737334,0.07982689657762548,False
2172,Белевский,Тульская область,муниципальный район,70-606-000-000,1,0,5,5,1,5,1,1,5,5,5,5,5,5,5,0.21461943209995923,0.1532859183732298,False
2173,Богородицкий,Тульская область,муниципальный район,70-608-000-000,0,3,0,1,1,1,1,1,1,0,0,0,0,0,0,0.014714095389414768,0.036436086107797055,False
2174,Веневский,Тульская область,муниципальный район,70-612-000-000,1,0,5,1,1,1,1,5,1,5,5,5,5,5,1,0.09722164148045742,0.0709431714361471,False
2175,Воловский,Тульская область,муниципальный район,70-616-000-000,1,0,5,5,5,1,1,1,5,5,5,5,5,5,1,0.22293867570936285,0.08384577486552154,False
2176,Дубенский,Тульская область,муниципальный район,70-618-000-000,1,0,1,1,1,1,1,1,1,1,5,5,5,5,5,0.27280408302983467,0.038981822035430234,False
2177,Заокский,Тульская область,муниципальный район,70-622-000-000,0,3,0,0,0,0,0,0,0,0,0,0,0,0,0,0.21606849272670553,0.23804213383179565,False
2178,Каменский,Тульская область,муниципальный район,70-624-000-000,1,0,1,1,1,5,1,1,1,5,5,5,5,5,5,0.32824474600885895,0.20482234421271622,True
2179,Кимовский,Тульская область,муниципальный район,70-626-000-000,1,0,5,1,1,1,1,1,1,5,5,5,5,5,1,0.19630375069346506,0.016614409633615233,False
2180,Киреевский,Тульская область,муниципальный район,70-628-000-000,1,0,5,1,1,1,1,1,1,1,5,5,5,5,1,0.08670768501931084,0.049077542237794924,False
2181,Куркинский,Тульская область,муниципальный район,70-630-000-000,5,0,5,1,5,5,5,5,5,5,5,5,5,5,5,0.19830030244822397,0.2872110812322889,False
2182,Одоевский,Тульская область,муниципальный район,70-636-000-000,1,0,5,1,1,1,1,1,1,1,1,1,1,1,1,0.035549312017376176,0.13966841723904386,False
2183,Плавский,Тульская область,муниципальный район,70-638-000-000,1,3,0,0,0,1,1,1,1,0,0,0,0,0,1,0.05988701513448805,0.0016164327572447913,False
2184,Суворовский,Тульская область,муниципальный район,70-640-000-000,1,0,5,1,1,1,1,1,1,5,5,5,5,5,5,0.21931227144097412,0.05839086218731201,False
2185,Тепло-Огаревский,Тульская область,муниципальный район,70-642-000-000,1,0,5,1,1,5,5,5,1,1,1,1,1,5,5,0.1384173482442657,0.052044885315658,False
2186,Узловский,Тульская область,муниципальный район,70-644-000-000,0,3,0,0,0,0,0,0,0,0,0,0,0,0,0,0.14173299200083295,0.22447130479586314,False
2187,Чернский,Тульская область,муниципальный район,70-646-000-000,0,3,0,0,0,1,1,1,1,1,0,0,1,1,1,0.0017643340124909146,0.04071956163802793,False
2188,Щекинский,Тульская область,муниципальный район,70-648-000-000,0,3,0,0,0,0,0,0,0,0,0,0,0,0,0,0.1525940156816276,0.2174309074779135,False
2189,Ясногорский,Тульская область,муниципальный район,70-650-000-000,1,3,0,1,1,0,0,0,0,0,0,0,0,0,0,0.04314565217831074,0.12385926606922526,False
2190,Тюмень,Тюменская область,городской округ,71-701-000-000,3,1,3,3,3,3,3,3,3,3,3,3,3,3,3,0.06384590622739292,0.11856757299737684,False
2191,Заводоуковский,Тюменская область,городской округ,71-703-000-000,0,3,0,0,0,0,0,0,0,0,0,0,0,0,0,0.09074108453180518,0.21043683206754685,False
2192,Ишим,Тюменская область,городской округ,71-705-000-000,0,3,0,0,0,0,0,0,0,0,0,0,0,0,0,0.1265489902506674,0.25689009714156874,False
2193,Тобольск,Тюменская область,городской округ,71-710-000-000,0,3,0,0,0,0,0,0,0,0,0,0,0,0,0,0.03840105302205044,0.08463004634543678,False
2194,Ялуторовск,Тюменская область,городской округ,71-715-000-000,0,3,0,0,0,0,0,0,0,0,0,0,0,0,0,0.08579280147472146,0.23089642819573375,False
2195,Абатский,Тюменская область,муниципальный район,71-603-000-000,5,0,5,5,5,4,4,4,4,4,4,4,4,4,4,0.24750311720223292,0.1280208097238498,False
2196,Армизонский,Тюменская область,муниципальный район,71-605-000-000,5,0,5,5,5,5,5,5,5,1,1,1,1,1,1,0.3083380164181978,0.09681289362106571,False
2197,Аромашевский,Тюменская область,муниципальный район,71-607-000-000,5,0,5,5,5,5,5,1,5,5,5,5,5,5,5,0.31195657156795104,0.39798930657926856,False
2198,Бердюжский,Тюменская область,муниципальный район,71-610-000-000,5,0,5,5,5,4,5,5,4,1,1,1,1,1,5,0.3641691671766116,0.014593207934156284,False
2199,Вагайский,Тюменская область,муниципальный район,71-613-000-000,5,0,5,0,4,4,4,4,4,1,1,1,1,1,1,0.06908574599634648,0.13549914486267362,False
2200,Викуловский,Тюменская область,муниципальный район,71-615-000-000,0,3,5,1,1,1,1,1,4,1,4,0,1,1,1,0.02977443718372782,0.0079071397866475,False
2201,Голышмановский,Тюменская область,городской округ,71-702-000-000,5,0,5,5,5,4,5,1,4,1,4,5,5,5,5,0.30586813792420475,0.23425733732037168,False
2202,Исетский,Тюменская область,муниципальный район,71-624-000-000,5,0,5,5,5,4,4,4,4,1,1,1,1,1,1,0.11036346292455852,0.13775282351750748,False
2203,Ишимский,Тюменская область,муниципальный район,71-626-000-000,0,3,0,0,0,0,0,0,0,0,0,0,0,0,0,0.03963652839565217,0.1307537087108495,False
2204,Казанский,Тюменская область,муниципальный район,71-630-000-000,5,0,5,5,4,4,4,4,4,4,4,4,4,4,4,0.18093328803630981,0.08485943096324733,False
2205,Нижнетавдинский,Тюменская область,муниципальный район,71-632-000-000,1,0,1,1,1,4,4,4,4,1,1,1,1,1,1,0.1639597292228494,0.16738360764965582,False
2206,Омутинский,Тюменская область,муниципальный район,71-634-000-000,5,0,5,5,5,4,4,5,4,5,5,5,5,5,5,0.3061842179310056,0.07682824897083892,False
2207,Сладковский,Тюменская область,муниципальный район,71-636-000-000,5,0,5,5,5,4,4,5,4,1,1,1,1,1,1,0.21523154880936074,0.21200667119437713,True
2208,Сорокинский,Тюменская область,муниципальный район,71-638-000-000,4,3,5,1,0,4,0,0,0,1,1,1,1,4,4,0.04488528167665356,0.15856811147914496,False
2210,Тюменский,Тюменская область,муниципальный район,71-644-000-000,0,3,4,0,0,0,0,0,0,3,0,3,0,0,3,0.021950747437112426,0.018115661270032852,False
2211,Уватский,Тюменская область,муниципальный район,71-648-000-000,0,3,0,0,0,4,4,4,0,0,0,0,0,0,0,0.14981422314148354,0.10944937482069685,False
2212,Упоровский,Тюменская область,муниципальный район,71-650-000-000,5,0,5,1,1,4,1,1,4,1,4,1,1,1,1,0.1745383083443396,0.11650413507521278,False
2213,Юргинский,Тюменская область,муниципальный район,71-653-000-000,5,0,5,5,5,4,4,4,4,1,1,1,1,1,1,0.1391272634247269,0.23239059866209438,False
2215,Ярковский,Тюменская область,муниципальный район,71-658-000-000,1,0,1,1,1,4,4,4,4,1,4,1,1,1,1,0.054156277291186695,0.053454437778328194,False
2216,Ханты-Мансийск,Ханты-Мансийский автономный округ — Югра,городской округ,71-871-000-000,3,1,3,3,3,3,3,3,3,3,3,3,3,3,3,0.19114143657976376,0.13050930177082917,False
2217,Когалым,Ханты-Мансийский автономный округ — Югра,городской округ,71-883-000-000,0,1,3,3,0,0,3,3,0,0,3,0,0,0,0,0.05067228156662985,0.053422651644841494,False
2218,Лангепас,Ханты-Мансийский автономный округ — Югра,городской округ,71-872-000-000,0,3,0,0,0,0,0,4,0,0,0,0,0,0,0,0.23432028064856708,0.21708472563285647,False
2219,Мегион,Ханты-Мансийский автономный округ — Югра,городской округ,71-873-000-000,0,3,0,0,0,0,0,3,0,0,0,0,0,0,0,0.04433250655660543,0.13051340070575085,False
2220,Нефтеюганск,Ханты-Мансийский автономный округ — Югра,городской округ,71-874-000-000,3,1,3,3,3,0,3,3,3,3,3,3,3,3,3,0.06692928076801985,0.015341859755119354,False
2221,Нижневартовск,Ханты-Мансийский автономный округ — Югра,городской округ,71-875-000-000,3,1,3,3,3,3,3,3,3,3,3,3,3,3,3,0.06183839725205694,0.05899589930440665,False
2222,Нягань,Ханты-Мансийский автономный округ — Югра,городской округ,71-879-000-000,0,1,3,0,0,0,3,3,0,0,0,0,0,0,0,0.01917484149494049,0.07828003943705872,False
2223,Покачи,Ханты-Мансийский автономный округ — Югра,городской округ,71-884-000-000,0,3,0,0,0,0,4,4,0,0,0,0,0,0,0,0.1665408042332879,0.11525761359158937,False
2224,Пыть-Ях,Ханты-Мансийский автономный округ — Югра,городской округ,71-885-000-000,0,3,0,0,0,0,0,4,0,0,0,0,0,0,0,0.06420215329128608,0.23444980166506801,False
2225,Радужный,Ханты-Мансийский автономный округ — Югра,городской округ,71-877-000-000,0,2,0,0,2,2,4,4,2,0,0,0,0,0,0,0.11998373261032955,0.04374516214883623,False
2226,Сургут,Ханты-Мансийский автономный округ — Югра,городской округ,71-876-000-000,3,1,3,3,3,3,3,3,3,3,3,3,3,3,3,0.14112291246950165,0.1274310153295239,False
2227,Урай,Ханты-Мансийский автономный округ — Югра,городской округ,71-878-000-000,0,3,0,0,0,0,0,4,0,0,0,0,0,0,0,0.00729942144826977,0.13004060961568129,False
2228,Югорск,Ханты-Мансийский автономный округ — Югра,городской округ,71-887-000-000,0,3,0,0,0,0,4,4,0,0,0,0,0,0,0,0.05424690748023257,0.056772072135065674,False
2229,Белоярский,Ханты-Мансийский автономный округ — Югра,муниципальный район,71-811-000-000,0,2,0,2,2,2,2,2,2,0,0,0,0,0,0,0.004493729922971521,0.09333290579556508,False
2230,Березовский,Ханты-Мансийский автономный округ — Югра,муниципальный район,71-812-000-000,2,2,2,2,2,2,2,2,2,2,2,2,2,2,2,0.32231555044596505,0.27560258759670575,False
2231,Кондинский,Ханты-Мансийский автономный округ — Югра,муниципальный район,71-816-000-000,0,3,0,0,0,0,4,4,0,0,0,0,0,0,0,0.30901739453534,0.20915766634160646,False
2232,Нефтеюганский,Ханты-Мансийский автономный округ — Югра,муниципальный район,71-818-000-000,0,3,0,0,0,0,4,4,0,0,0,0,0,0,0,0.10068430112012233,0.2871818726478686,False
2233,Нижневартовский,Ханты-Мансийский автономный округ — Югра,муниципальный район,71-819-000-000,0,3,0,0,0,0,4,4,0,0,0,0,0,0,0,0.3086066352435877,0.0932518572444772,False
2234,Октябрьский,Ханты-Мансийский автономный округ — Югра,муниципальный район,71-821-000-000,0,3,0,0,0,2,4,4,0,0,0,0,0,0,0,0.15599142064946714,0.08710704343070197,False
2235,Советский,Ханты-Мансийский автономный округ — Югра,муниципальный район,71-824-000-000,0,3,0,0,0,0,4,4,0,0,0,0,0,0,0,0.1111005554983513,0.2818874830755102,False
2236,Сургутский,Ханты-Мансийский автономный округ — Югра,муниципальный район,71-826-000-000,0,3,0,0,0,0,0,0,0,0,0,0,0,0,0,0.19900882638558035,0.10856959362081575,False
2237,Ханты-Мансийский,Ханты-Мансийский автономный округ — Югра,муниципальный район,71-829-000-000,0,3,0,0,0,0,0,0,0,4,0,0,0,4,4,0.19073508687531346,0.06907813242334007,False
2238,Салехард,Ямало-Ненецкий автономный округ,городской округ,71-951-000-000,2,2,2,2,2,2,2,2,2,2,2,2,2,2,2,0.18250996589538096,0.4099555424010595,False
2241,Муравленко,Ямало-Ненецкий автономный округ,городской округ,71-955-000-000,2,2,2,2,2,2,2,2,2,2,2,2,2,2,2,0.13301802737983348,0.1040670247148918,False
2242,Новый Уренгой,Ямало-Ненецкий автономный округ,городской округ,71-956-000-000,2,2,2,2,2,2,2,2,2,2,2,2,2,2,2,0.14700905416735666,0.3089499181957609,False
2243,Ноябрьск,Ямало-Ненецкий автономный округ,городской округ,71-958-000-000,2,2,3,2,2,2,2,2,2,2,2,2,2,2,2,0.03578821853834929,0.28529315141233613,False
2244,Красноселькупский,Ямало-Ненецкий автономный округ,муниципальный округ,71-933-000-000,2,2,2,2,2,2,2,2,2,2,2,2,2,2,2,0.6158459453810587,0.5658969752517862,False
2245,Надымский,Ямало-Ненецкий автономный округ,муниципальный округ,71-936-000-000,2,2,2,2,2,2,2,2,2,2,2,2,2,2,2,0.26142158008636135,0.4531949845691966,False
2248,Тазовский,Ямало-Ненецкий автономный округ,муниципальный округ,71-943-000-000,2,2,2,2,2,2,2,2,2,2,2,2,2,2,2,0.5223177163193808,0.5520915172523629,False
2249,Шурышкарский,Ямало-Ненецкий автономный округ,муниципальный округ,71-946-000-000,2,2,2,2,2,2,2,2,2,2,2,2,2,2,2,0.36762111837015443,0.4248061063555239,False
2250,Ямальский,Ямало-Ненецкий автономный округ,муниципальный округ,71-948-000-000,2,2,2,2,2,2,2,2,2,2,2,2,2,2,2,0.49842510028528797,0.5990134726990383,False
2251,Ульяновск,Ульяновская область,городской округ,73-701-000-000,0,3,0,0,0,0,0,0,0,0,0,0,0,0,0,0.1311624388333809,0.14124090999359296,False
2252,Димитровград,Ульяновская область,городской округ,73-705-000-000,0,3,0,0,0,0,0,0,0,0,0,0,0,0,0,0.1493302653914387,0.2343843137543082,False
2253,Новоульяновск,Ульяновская область,городской округ,73-715-000-000,1,0,1,1,1,1,1,1,1,1,1,1,1,1,1,0.2249802347184532,0.17135682575122577,False
2254,Базарносызганский,Ульяновская область,муниципальный район,73-602-000-000,5,0,5,5,5,1,1,1,1,5,5,5,5,5,5,0.27642695444280707,0.470153866579645,False
2255,Барышский,Ульяновская область,муниципальный район,73-604-000-000,5,0,5,5,5,5,1,5,5,5,5,5,5,5,5,0.2901928373084858,0.14051227644344555,False
2256,Вешкаймский,Ульяновская область,муниципальный район,73-607-000-000,5,0,5,5,5,5,5,5,5,5,5,5,5,5,5,0.2792975735290166,0.2527430889609817,False
2257,Инзенский,Ульяновская область,муниципальный район,73-610-000-000,5,0,5,5,1,1,1,1,1,1,5,5,5,1,1,0.3910578998542634,0.1263511495049005,False
2258,Карсунский,Ульяновская область,муниципальный район,73-614-000-000,5,0,5,5,1,1,1,1,1,1,1,1,1,1,1,0.06634575357683219,0.14123949780106865,False
2259,Кузоватовский,Ульяновская область,муниципальный район,73-616-000-000,5,0,5,5,5,1,1,1,1,1,1,1,1,1,1,0.38905034675458866,0.22876121708783656,True
2260,Майнский,Ульяновская область,муниципальный район,73-620-000-000,5,0,1,1,1,1,1,1,1,1,1,1,1,1,1,0.08734411890953815,0.07538323325913575,False
2262,Николаевский,Ульяновская область,муниципальный район,73-625-000-000,5,0,5,5,5,5,5,5,5,1,1,1,1,1,5,0.26806112758186995,0.0014579691486336951,False
2264,Новоспасский,Ульяновская область,муниципальный район,73-629-000-000,1,0,5,1,1,1,1,5,5,5,5,5,5,5,1,0.1535333528461225,0.02986247660055192,False
2265,Павловский,Ульяновская область,муниципальный район,73-632-000-000,5,0,5,5,5,5,5,5,5,5,5,5,5,5,5,0.322408244368295,0.3047716352819722,False
2266,Радищевский,Ульяновская область,муниципальный район,73-634-000-000,5,0,5,5,5,5,5,5,5,5,1,5,5,5,5,0.29318588914018284,0.2930727228497323,False
2267,Сенгилеевский,Ульяновская область,муниципальный район,73-636-000-000,1,0,1,1,5,5,5,5,5,5,5,5,5,5,5,0.09806070822885893,0.2139355979554623,False
2268,Старокулаткинский,Ульяновская область,муниципальный район,73-639-000-000,5,0,1,5,5,5,1,1,5,5,5,5,5,5,5,0.012132062074468297,0.19168605048872184,False
2269,Старомайнский,Ульяновская область,муниципальный район,73-642-000-000,1,0,1,1,5,5,5,5,5,5,1,1,1,1,1,0.20404970686134438,0.23713343883065324,False
2270,Сурский,Ульяновская область,муниципальный район,73-644-000-000,1,0,1,1,1,1,1,1,1,1,1,1,1,1,1,0.26187217446543914,0.3720505303393135,False
2271,Тереньгульский,Ульяновская область,муниципальный район,73-648-000-000,5,0,1,5,5,5,5,5,5,5,5,5,5,5,5,0.11452567613444463,0.3364477752672149,False
2272,Ульяновский,Ульяновская область,муниципальный район,73-652-000-000,1,0,1,1,1,1,1,5,1,1,1,1,1,1,1,0.12503926871718124,0.2623617285170139,False
2274,Чердаклинский,Ульяновская область,муниципальный район,73-656-000-000,1,0,1,1,1,1,1,1,1,1,1,1,1,1,1,0.07893931167097275,0.3967636282430165,False
2275,Челябинский,Челябинская область,городской округ,75-701-000-000,0,3,0,0,0,0,0,0,0,0,0,0,0,0,0,0.05479033138484235,0.013398732731945397,False
2276,Верхнеуфалейский,Челябинская область,городской округ,75-706-000-000,1,0,5,1,1,1,1,1,1,1,1,1,1,1,1,0.1863079705517259,0.14803806729216182,False
2278,Карабашский,Челябинская область,городской округ,75-715-000-000,1,0,1,1,1,1,1,1,1,1,1,1,1,1,1,0.15921600958487758,0.13467347497374732,False
2279,Копейский,Челябинская область,городской округ,75-728-000-000,0,3,0,0,0,0,0,0,0,0,0,0,0,0,0,0.07721183741743541,0.1962078775164746,False
2280,Кыштымский,Челябинская область,городской округ,75-734-000-000,0,3,0,0,0,0,0,0,0,0,0,0,0,0,0,0.17871367335623375,0.2975265611462041,False
2281,Магнитогорский,Челябинская область,городской округ,75-738-000-000,0,3,0,0,0,0,0,0,0,0,0,0,0,0,0,0.12676184913102956,0.20941266460582864,False
2282,Миасский,Челябинская область,городской округ,75-742-000-000,0,3,0,0,0,0,0,0,0,0,0,0,0,0,0,0.1350364259609384,0.20591777368410993,False
2286,Троицкий,Челябинская область,городской округ,75-752-000-000,0,3,0,0,0,0,0,0,0,0,0,0,0,0,0,0.03570573936434499,0.13529129983801932,False
2287,Усть-Катавский,Челябинская область,городской округ,75-755-000-000,1,3,0,0,1,1,1,1,1,1,0,0,0,0,1,0.03560411112232912,0.03921309086139233,False
2288,Чебаркульский,Челябинская область,городской округ,75-758-000-000,0,3,0,0,0,0,0,0,0,0,0,0,0,0,0,0.13243354433779975,0.2917302416997543,False
2289,Южноуральский,Челябинская область,городской округ,75-764-000-000,0,3,0,0,0,0,0,0,0,0,0,0,0,0,0,0.11125083410769501,0.2433040903153019,False
2292,Аргаяшский,Челябинская область,муниципальный район,75-606-000-000,1,0,1,1,1,1,1,1,1,1,1,1,1,1,1,0.06078306983906847,0.41114544796291036,False
2293,Ашинский,Челябинская область,муниципальный район,75-609-000-000,1,0,0,1,1,1,1,1,1,1,0,0,1,1,1,0.00543835274958942,0.0894104480588633,False
2294,Брединский,Челябинская область,муниципальный район,75-612-000-000,1,0,1,1,1,1,1,1,5,5,5,5,5,5,1,0.0921413964996446,0.09788883832369137,False
2295,Варненский,Челябинская область,муниципальный район,75-614-000-000,5,0,5,5,1,1,1,1,1,1,1,1,1,1,1,0.3923643229621665,0.3183362404662176,True
2296,Верхнеуральский,Челябинская область,муниципальный район,75-617-000-000,1,0,1,1,1,1,1,1,1,1,1,1,1,1,1,0.16640686194530688,0.391081322020783,False
2297,Еманжелинский,Челябинская область,муниципальный район,75-619-000-000,1,0,5,1,1,1,1,1,1,1,1,1,1,1,1,0.0354624406640834,0.20068871421150125,False
2298,Еткульский,Челябинская область,муниципальный район,75-620-000-000,1,0,1,1,1,1,1,1,1,1,1,1,1,1,1,0.161049426570705,0.36367914854731964,False
2299,Карталинский,Челябинская область,муниципальный район,75-623-000-000,1,0,5,1,1,1,1,1,1,1,1,1,1,1,1,0.33022393296406366,0.3380073655837601,True
2300,Каслинский,Челябинская область,муниципальный район,75-626-000-000,1,0,5,5,1,1,1,1,1,1,1,1,1,1,1,0.3100413251455326,0.31435707814328523,True
2301,Катав-Ивановский,Челябинская область,муниципальный район,75-629-000-000,1,0,5,1,1,1,1,1,1,1,1,1,1,1,1,0.1868753439087933,0.1397360336084997,False
2302,Кизильский,Челябинская область,муниципальный район,75-632-000-000,1,0,1,1,5,5,5,5,5,5,5,5,5,5,5,0.17942736346514163,0.18252458316856177,True
2303,Коркинский,Челябинская область,муниципальный округ,75-533-000-000,1,0,1,1,1,1,0,0,1,1,0,0,1,1,1,0.10309199364621506,0.054657376681179766,False
2304,Красноармейский,Челябинская область,муниципальный район,75-634-000-000,1,0,1,1,1,1,1,1,1,1,1,1,1,1,1,0.17112474150998927,0.3433941727380058,False
2305,Кунашакский,Челябинская область,муниципальный район,75-636-000-000,1,0,1,1,1,1,1,1,1,1,1,1,1,1,1,0.2035967477738609,0.33029776916141285,False
2307,Нагайбакский,Челябинская область,муниципальный район,75-642-000-000,1,0,1,1,1,5,1,1,1,1,1,1,1,1,1,0.1780979670481046,0.2563731433054656,False
2308,Нязепетровский,Челябинская область,муниципальный район,75-644-000-000,5,0,5,5,5,5,5,5,1,1,1,1,1,1,1,0.35834709627758216,0.23489565301507045,True
2309,Октябрьский,Челябинская область,муниципальный район,75-647-000-000,1,0,1,1,1,1,1,1,1,1,1,1,1,1,1,0.24473099358919578,0.306346935941559,False
2310,Пластовский,Челябинская область,муниципальный район,75-648-000-000,1,0,5,1,1,1,1,1,1,1,1,1,1,1,1,0.0879494223735035,0.17925519272811408,False
2311,Саткинский,Челябинская область,муниципальный район,75-649-000-000,0,3,0,0,0,0,0,0,0,0,0,0,0,0,0,0.1442768886312863,0.27979477052208684,False
2312,Сосновский,Челябинская область,муниципальный район,75-652-000-000,0,3,0,0,0,0,0,0,0,0,0,0,0,0,0,0.05157804867806127,0.018389983247506254,False
2314,Увельский,Челябинская область,муниципальный район,75-655-000-000,1,0,1,1,1,1,1,1,1,1,1,1,1,1,1,0.3624807243921213,0.1454623292404344,False
2315,Уйский,Челябинская область,муниципальный район,75-656-000-000,1,0,1,1,5,5,5,5,5,5,5,5,5,5,5,0.1081137423718971,0.36937180485259763,False
2316,Чебаркульский,Челябинская область,муниципальный район,75-657-000-000,1,0,1,1,1,1,1,1,1,1,5,5,1,1,1,0.25683186017937265,0.20271770441454917,False
2317,Чесменский,Челябинская область,муниципальный район,75-659-000-000,5,0,5,5,1,1,1,1,5,5,5,5,5,5,1,0.17113299590563522,0.0354765833244337,False
2318,Ярославль,Ярославская область,городской округ,78-701-000-000,0,3,0,0,0,0,0,0,0,0,0,0,0,0,0,0.040201426289382,0.032508120497602856,False
2320,Рыбинск,Ярославская область,городской округ,78-715-000-000,0,3,0,0,0,0,0,0,0,0,0,0,0,0,0,0.22532491348600842,0.2412890734723056,False
2321,Большесельский,Ярославская область,муниципальный район,78-603-000-000,1,0,1,1,1,1,1,1,5,5,5,1,5,1,1,0.2370689197096859,0.07011227236899742,False
2322,Борисоглебский,Ярославская область,муниципальный район,78-606-000-000,5,0,5,5,5,1,5,5,5,5,5,5,5,5,5,0.10503286316698637,0.04303052869047307,False
2323,Брейтовский,Ярославская область,муниципальный район,78-609-000-000,5,0,1,1,1,5,5,5,5,5,5,5,5,5,5,0.2006325052269634,0.2617127305571429,True
2324,Гаврилов-Ямский,Ярославская область,муниципальный район,78-612-000-000,1,0,1,1,1,1,1,1,1,1,1,1,1,1,1,0.08039350705578464,0.23467169059586007,False
2325,Даниловский,Ярославская область,муниципальный район,78-615-000-000,1,0,5,1,1,1,1,1,1,1,1,1,1,1,1,0.03791628621853991,0.22246825020484587,False
2326,Любимский,Ярославская область,муниципальный район,78-618-000-000,1,0,1,1,1,1,1,1,1,1,1,1,1,1,1,0.029001837707994138,0.314994773614121,False
2327,Мышкинский,Ярославская область,муниципальный район,78-621-000-000,1,0,1,1,1,1,1,1,1,1,5,5,1,1,1,0.055192749926846245,0.18038812238302127,False
2328,Некоузский,Ярославская область,муниципальный район,78-623-000-000,1,0,1,1,1,1,1,5,1,1,5,5,5,1,1,0.09193832217286277,0.15857802311445818,False
2329,Некрасовский,Ярославская область,муниципальный район,78-626-000-000,1,0,1,1,1,1,1,1,1,1,1,1,1,1,1,0.2408584516174762,0.08571173483617951,False
2330,Первомайский,Ярославская область,муниципальный район,78-629-000-000,1,0,1,1,1,1,1,5,1,1,1,1,1,1,1,0.17251002260715045,0.34558691889495324,False
2332,Пошехонский,Ярославская область,муниципальный район,78-634-000-000,1,0,1,1,1,1,1,1,1,1,5,5,5,1,1,0.22581739756514713,0.40243144177000356,False
2333,Ростовский,Ярославская область,муниципальный район,78-637-000-000,0,3,0,0,0,0,0,0,0,0,0,0,0,0,0,0.1314553522446143,0.21720591311951234,False
2334,Рыбинский,Ярославская область,муниципальный район,78-640-000-000,1,3,1,1,1,0,0,0,0,0,0,0,1,1,1,0.19980512057233357,0.046063382714875346,False
2335,Тутаевский,Ярославская область,муниципальный район,78-643-000-000,1,3,0,0,0,0,0,0,0,0,0,0,0,0,0,0.11522556912704086,0.05581469544600192,False
2336,Угличский,Ярославская область,муниципальный район,78-646-000-000,0,3,0,0,0,0,0,0,0,0,0,0,0,0,0,0.2025665342524629,0.1250545588244844,False
2337,Ярославский,Ярославская область,муниципальный район,78-650-000-000,0,3,0,0,0,0,0,0,0,0,3,3,0,0,0,0.054619180247617034,0.11551890924563253,False
2338,Биробиджан,Еврейская автономная область,городской округ,99-701-000-000,0,3,0,0,0,0,0,0,0,0,0,0,0,0,0,0.06103503089673891,0.044225787825896326,False
2339,Биробиджанский,Еврейская автономная область,муниципальный район,99-605-000-000,0,3,0,0,0,0,0,0,0,0,0,0,0,0,0,0.046420915741230584,0.045137846504093165,False
2340,Ленинский,Еврейская автономная область,муниципальный район,99-610-000-000,0,3,0,0,0,0,0,0,0,0,0,0,0,0,0,0.18011962940205206,0.2754998984367907,False
2341,Облученский,Еврейская автономная область,муниципальный район,99-620-000-000,0,3,0,0,0,0,0,0,0,0,0,0,0,0,0,0.10137282865192468,0.31265932743565406,False
2342,Октябрьский,Еврейская автономная область,муниципальный район,99-625-000-000,5,0,5,5,5,5,5,5,5,5,5,5,5,5,5,0.03059884834058195,0.26764551479347165,False
2343,Смидовичский,Еврейская автономная область,муниципальный район,99-630-000-000,0,3,0,0,0,0,0,0,0,0,0,0,0,0,0,0.03530602333197378,0.3854687333642451,False
2344,Анадырь,Чукотский автономный округ,городской округ,77-701-000-000,2,2,2,2,2,2,2,2,2,2,2,2,2,2,2,0.4888478849603341,0.5099949507658363,False
2345,Эгвекинот,Чукотский автономный округ,городской округ,77-715-000-000,2,2,2,2,2,2,2,2,2,2,2,2,2,2,2,0.49953182932285406,0.4571662149857676,False
2348,Анадырский,Чукотский автономный округ,муниципальный район,77-603-000-000,2,2,2,2,2,2,2,2,2,2,2,2,2,2,2,0.5656944234579568,0.5655084022088144,False
2349,Билибинский,Чукотский автономный округ,муниципальный район,77-609-000-000,2,2,2,2,2,2,2,2,2,2,2,2,2,2,2,0.5429197292837769,0.5236117242665413,False
2351,Коломна,Санкт-Петербург,внутригородская территория города федерального значения,40-301-000-000,3,1,3,3,3,3,3,3,3,3,3,3,3,3,3,0.28050092131561666,0.326975819300761,False
2352,Сенной,Санкт-Петербург,внутригородская территория города федерального значения,40-302-000-000,3,1,3,3,3,3,3,3,3,3,3,3,3,3,3,0.2906243281408175,0.2327013007293707,False
2353,Адмиралтейский,Санкт-Петербург,внутригородская территория города федерального значения,40-303-000-000,3,1,3,3,3,3,3,3,3,3,3,3,3,3,3,0.315928099544465,0.35032990169850114,False
2354,Семеновский,Санкт-Петербург,внутригородская территория города федерального значения,40-304-000-000,3,1,3,3,3,3,3,3,3,3,3,3,3,3,3,0.2620976026584049,0.25080267201377904,False
2355,Измайловское,Санкт-Петербург,внутригородская территория города федерального значения,40-305-000-000,3,1,3,3,3,3,3,3,3,3,3,3,3,3,3,0.25773401085223274,0.2657098470094739,False
2356,Екатерингофский,Санкт-Петербург,внутригородская территория города федерального значения,40-306-000-000,3,1,3,3,3,3,3,3,3,3,3,3,3,3,3,0.19978211452512346,0.21524804171732628,False
2357,№ 7,Санкт-Петербург,внутригородская территория города федерального значения,40-307-000-000,3,1,3,3,3,3,3,3,3,3,3,3,3,3,3,0.27928638506402803,0.25094414379952534,False
2358,Васильевский,Санкт-Петербург,внутригородская территория города федерального значения,40-308-000-000,3,1,3,3,3,3,3,3,3,3,3,3,3,3,3,0.2711859862523455,0.2552666824763511,False
2359,Гавань,Санкт-Петербург,внутригородская территория города федерального значения,40-309-000-000,3,1,3,3,3,3,3,3,3,3,3,3,3,3,3,0.3157826236804006,0.3029482908343188,False
2360,Морской,Санкт-Петербург,внутригородская территория города федерального значения,40-310-000-000,3,1,3,3,3,3,3,3,3,3,3,3,3,3,3,0.33681387675009294,0.33811838012837614,False
2361,Остров Декабристов,Санкт-Петербург,внутригородская территория города федерального значения,40-311-000-000,3,1,3,3,3,3,3,3,3,3,3,3,3,3,3,0.2771527647227299,0.248393292724822,False
2362,Левашово,Санкт-Петербург,внутригородская территория города федерального значения,40-312-000-000,3,1,3,3,3,3,3,3,3,3,3,3,3,3,3,0.1686329828870973,0.2970627742980446,False
2363,Парголово,Санкт-Петербург,внутригородская территория города федерального значения,40-313-000-000,3,1,3,3,3,3,3,3,3,3,3,3,3,3,3,0.17510885978871954,0.24791266681348348,False
2364,Сампсониевское,Санкт-Петербург,внутригородская территория города федерального значения,40-314-000-000,3,1,3,3,3,3,3,3,3,3,3,3,3,3,3,0.32770762246263735,0.2912446593264891,False
2365,Светлановское,Санкт-Петербург,внутригородская территория города федерального значения,40-315-000-000,3,1,3,3,3,3,3,3,3,3,3,3,3,3,3,0.22030625987941646,0.21750908813476577,False
2366,Сосновское,Санкт-Петербург,внутригородская территория города федерального значения,40-316-000-000,3,1,3,3,3,3,3,3,3,3,3,3,3,3,3,0.19340741277255247,0.16765631616416796,False
2367,№ 15,Санкт-Петербург,внутригородская территория города федерального значения,40-317-000-000,3,1,3,3,3,3,3,3,3,3,3,3,3,3,3,0.21092609105929036,0.18748974271081972,False
2368,Сергиевское,Санкт-Петербург,внутригородская территория города федерального значения,40-318-000-000,3,1,3,3,3,3,3,3,3,3,3,3,3,3,3,0.18160535994762192,0.22592487863456898,False
2369,Шувалово-Озерки,Санкт-Петербург,внутригородская территория города федерального значения,40-319-000-000,3,1,3,3,3,3,3,3,3,3,3,3,3,3,3,0.16956763668921038,0.21995308954519782,False
2370,Лисий Нос,Санкт-Петербург,внутригородская территория города федерального значения,40-320-000-000,3,1,3,3,3,3,3,3,3,3,3,3,3,3,3,0.3226472556678423,0.38769050362152047,False
2371,Лахта-Ольгино,Санкт-Петербург,внутригородская территория города федерального значения,40-321-000-000,3,1,3,3,3,3,3,3,3,3,3,3,3,3,3,0.315363028303806,0.29674491161887595,False
2372,№ 65,Санкт-Петербург,внутригородская территория города федерального значения,40-322-000-000,3,1,3,3,3,3,3,3,3,3,3,3,3,3,3,0.21079280865444117,0.1867085177855964,False
2373,Ланское,Санкт-Петербург,внутригородская территория города федерального значения,40-323-000-000,3,1,3,3,3,3,3,3,3,3,3,3,3,3,3,0.2748322709239244,0.27299603493394137,False
2374,Комендантский аэродром,Санкт-Петербург,внутригородская территория города федерального значения,40-324-000-000,3,1,3,3,3,3,3,3,3,3,3,3,3,3,3,0.16756649136944093,0.21112934515462806,False
2375,Озеро Долгое,Санкт-Петербург,внутригородская территория города федерального значения,40-325-000-000,3,1,3,3,3,3,3,3,3,3,3,3,3,3,3,0.22927267902822643,0.22125389721270664,False
2376,Юнтолово,Санкт-Петербург,внутригородская территория города федерального значения,40-326-000-000,3,1,3,3,3,3,3,3,3,3,3,3,3,3,3,0.18569044324522826,0.24586015778237946,False
2377,Коломяги,Санкт-Петербург,внутригородская территория города федерального значения,40-327-000-000,3,1,3,3,3,3,3,3,3,3,3,3,3,3,3,0.2309323377158351,0.2724531245104741,False
2378,Гражданка,Санкт-Петербург,внутригородская территория города федерального значения,40-328-000-000,3,1,3,3,3,3,3,3,3,3,3,3,3,3,3,0.19929063161879512,0.21568290711050542,False
2379,Академическое,Санкт-Петербург,внутригородская территория города федерального значения,40-329-000-000,3,1,3,3,3,3,3,3,3,3,3,3,3,3,3,0.27679637006197694,0.21350451232197745,False
2380,Финляндский,Санкт-Петербург,внутригородская территория города федерального значения,40-330-000-000,3,1,3,3,3,3,3,3,3,3,3,3,3,3,3,0.21182330465374385,0.196219931965049,False
2381,№ 21,Санкт-Петербург,внутригородская территория города федерального значения,40-331-000-000,3,1,3,3,3,3,3,3,3,3,3,3,3,3,3,0.19651210368781694,0.19367149856864502,False
2382,Пискаревка,Санкт-Петербург,внутригородская территория города федерального значения,40-332-000-000,3,1,3,3,3,3,3,3,3,3,3,3,3,3,3,0.28468728233698815,0.25056587496457877,False
2383,Северный,Санкт-Петербург,внутригородская территория города федерального значения,40-333-000-000,3,1,3,3,3,3,3,3,3,3,3,3,3,3,3,0.22711136080615416,0.2294626511772246,False
2384,Прометей,Санкт-Петербург,внутригородская территория города федерального значения,40-334-000-000,3,1,3,3,3,3,3,3,3,3,3,3,3,3,3,0.20815538336018177,0.21406607960993382,False
2385,Княжево,Санкт-Петербург,внутригородская территория города федерального значения,40-335-000-000,3,1,3,3,3,3,3,3,3,3,3,3,3,3,3,0.2073527882271098,0.179822074244294,False
2386,Ульянка,Санкт-Петербург,внутригородская территория города федерального значения,40-336-000-000,3,1,3,3,3,3,3,3,3,3,3,3,3,3,3,0.20990065434432342,0.16168665738378143,False
2387,Дачное,Санкт-Петербург,внутригородская территория города федерального значения,40-337-000-000,3,1,3,3,3,3,3,3,3,3,3,3,3,3,3,0.18337598060046129,0.1565257404682457,False
2388,Автово,Санкт-Петербург,внутригородская территория города федерального значения,40-338-000-000,3,1,3,3,3,3,3,3,3,3,3,3,3,3,3,0.23000456085639967,0.1824128324227991,False
2389,Нарвский,Санкт-Петербург,внутригородская территория города федерального значения,40-339-000-000,3,1,3,3,3,3,3,3,3,3,3,3,3,3,3,0.18470625324644305,0.14295714921681127,False
2390,Красненькая речка,Санкт-Петербург,внутригородская территория города федерального значения,40-340-000-000,3,1,3,3,3,3,3,3,3,3,3,3,3,3,3,0.20625068362787202,0.2287155305756976,False
2391,Морские ворота,Санкт-Петербург,внутригородская территория города федерального значения,40-341-000-000,3,1,3,3,3,3,3,3,3,3,3,3,3,3,3,0.17222539167022452,0.19217716359797282,False
2392,Колпино,Санкт-Петербург,внутригородская территория города федерального значения,40-342-000-000,3,1,3,3,3,3,3,3,3,3,3,3,3,3,3,0.11807998150585029,0.10765530727608087,False
2393,Металлострой,Санкт-Петербург,внутригородская территория города федерального значения,40-343-000-000,3,1,3,3,3,3,3,3,3,3,3,3,3,3,3,0.07672599493066437,0.10223720164634488,False
2395,Понтонный,Санкт-Петербург,внутригородская территория города федерального значения,40-345-000-000,0,1,0,0,0,0,0,0,0,0,3,3,3,3,0,0.014184303187257868,0.008836987154892435,False
2398,Полюстрово,Санкт-Петербург,внутригородская территория города федерального значения,40-348-000-000,3,1,3,3,3,3,3,3,3,3,3,3,3,3,3,0.17052087404098693,0.1494403146619437,False
2399,Большая Охта,Санкт-Петербург,внутригородская территория города федерального значения,40-349-000-000,3,1,3,3,3,3,3,3,3,3,3,3,3,3,3,0.26479906201127257,0.25994297019443763,False
2400,Малая Охта,Санкт-Петербург,внутригородская территория города федерального значения,40-350-000-000,3,1,3,3,3,3,3,3,3,3,3,3,3,3,3,0.20490286853566217,0.23538366823118145,False
2401,Пороховые,Санкт-Петербург,внутригородская территория города федерального значения,40-351-000-000,3,1,3,3,3,3,3,3,3,3,3,3,3,3,3,0.17094154455334373,0.1863772620846881,False
2402,Ржевка,Санкт-Петербург,внутригородская территория города федерального значения,40-352-000-000,3,1,3,3,3,3,3,3,3,3,3,3,3,3,3,0.2355007021715464,0.22516312855993953,False
2403,Красное Село,Санкт-Петербург,внутригородская территория города федерального значения,40-353-000-000,3,1,3,3,3,3,3,3,3,3,3,3,3,3,3,0.11482727958095514,0.15878234832832308,False
2404,Юго-Запад,Санкт-Петербург,внутригородская территория города федерального значения,40-354-000-000,3,1,3,3,3,3,3,3,3,3,3,3,3,3,3,0.25377199342728457,0.22304989563656816,False
2405,Южно-Приморский,Санкт-Петербург,внутригородская территория города федерального значения,40-355-000-000,3,1,3,3,3,3,3,3,3,3,3,3,3,3,3,0.17739748300901612,0.20682676164074376,False
2406,Сосновая поляна,Санкт-Петербург,внутригородская территория города федерального значения,40-356-000-000,3,1,3,3,3,3,3,3,3,3,3,3,3,3,3,0.2210932826511232,0.18306856953788722,False
2407,Урицк,Санкт-Петербург,внутригородская территория города федерального значения,40-357-000-000,3,1,3,3,3,3,3,3,3,3,3,3,3,3,3,0.22693416937597363,0.2464981609828465,False
2408,Константиновское,Санкт-Петербург,внутригородская территория города федерального значения,40-358-000-000,3,1,3,3,3,3,3,3,3,3,3,3,3,3,3,0.20393735833808097,0.20356621222056015,False
2409,Горелово,Санкт-Петербург,внутригородская территория города федерального значения,40-359-000-000,3,1,3,3,3,3,3,3,3,3,3,3,3,3,3,0.22147489327838304,0.25895874556227527,False
2410,Кронштадт,Санкт-Петербург,внутригородская территория города федерального значения,40-360-000-000,3,1,3,3,3,3,3,3,3,3,3,3,3,3,3,0.1475956732127471,0.1586478685597464,False
2411,Зеленогорск,Санкт-Петербург,внутригородская территория города федерального значения,40-361-000-000,3,1,3,3,3,3,3,3,3,3,3,3,3,3,3,0.1784804125894638,0.3372079655535812,False
2412,Сестрорецк,Санкт-Петербург,внутригородская территория города федерального значения,40-362-000-000,3,1,3,3,3,3,3,3,3,3,3,3,3,3,3,0.2393449691099611,0.33048530843990687,False
2416,Песочный,Санкт-Петербург,внутригородская территория города федерального значения,40-366-000-000,3,1,3,3,3,3,3,3,3,3,3,3,3,3,3,0.29906634600154425,0.3831298277905388,False
2422,Ломоносов,Санкт-Петербург,внутригородская территория города федерального значения,40-372-000-000,3,1,3,3,3,3,3,3,3,3,3,3,3,3,3,0.10950328506859928,0.18154824515424872,False
2423,Московская застава,Санкт-Петербург,внутригородская территория города федерального значения,40-373-000-000,3,1,3,3,3,3,3,3,3,3,3,3,3,3,3,0.21851930656439966,0.2527040757805851,False
2424,Гагаринское,Санкт-Петербург,внутригородская территория города федерального значения,40-374-000-000,3,1,3,3,3,3,3,3,3,3,3,3,3,3,3,0.23017751011064286,0.20117449131991064,False
2425,Новоизмайловское,Санкт-Петербург,внутригородская территория города федерального значения,40-375-000-000,3,1,3,3,3,3,3,3,3,3,3,3,3,3,3,0.22163748974115322,0.20716039656370877,False
2426,Пулковский меридиан,Санкт-Петербург,внутригородская территория города федерального значения,40-376-000-000,3,1,3,3,3,3,3,3,3,3,3,3,3,3,3,0.19444136311094726,0.2668327352867267,False
2427,Звездное,Санкт-Петербург,внутригородская территория города федерального значения,40-377-000-000,3,1,3,3,3,3,3,3,3,3,3,3,3,3,3,0.18584777791554127,0.22394698938268107,False
2428,Невская застава,Санкт-Петербург,внутригородская территория города федерального значения,40-378-000-000,3,1,3,3,3,3,3,3,3,3,3,3,3,3,3,0.20108082888213155,0.2266519046272819,False
2429,Ивановский,Санкт-Петербург,внутригородская территория города федерального значения,40-379-000-000,3,1,3,3,3,3,3,3,3,3,3,3,3,3,3,0.20216016942394316,0.2818977436174728,False
2430,Обуховский,Санкт-Петербург,внутригородская территория города федерального значения,40-380-000-000,3,1,3,3,3,3,3,3,3,3,3,3,3,3,3,0.2570844329904059,0.2310167683038377,False
2431,Рыбацкое,Санкт-Петербург,внутригородская территория города федерального значения,40-381-000-000,3,1,3,3,3,3,3,3,3,3,3,3,3,3,3,0.15001642286715366,0.19518695356834712,False
2432,Народный,Санкт-Петербург,внутригородская территория города федерального значения,40-382-000-000,3,1,3,3,3,3,3,3,3,3,3,3,3,3,3,0.16840882805706925,0.1765440532748355,False
2433,№ 54,Санкт-Петербург,внутригородская территория города федерального значения,40-383-000-000,3,1,3,3,3,3,3,3,3,3,3,3,3,3,3,0.24300367832227937,0.17186941030145475,False
2434,Невский,Санкт-Петербург,внутригородская территория города федерального значения,40-384-000-000,3,1,3,3,3,3,3,3,3,3,3,3,3,3,3,0.1844602365332279,0.21672779680745954,False
2435,Оккервиль,Санкт-Петербург,внутригородская территория города федерального значения,40-385-000-000,3,1,3,3,3,3,3,3,3,3,3,3,3,3,3,0.2201124922680662,0.1585277385818194,False
2436,Правобережный,Санкт-Петербург,внутригородская территория города федерального значения,40-386-000-000,3,1,3,3,3,3,3,3,3,3,3,3,3,3,3,0.21855900414173854,0.1869228194421513,False
2437,Павловск,Санкт-Петербург,внутригородская территория города федерального значения,40-387-000-000,3,1,3,3,3,3,3,3,3,3,3,3,3,3,3,0.2317524745628321,0.264435900260797,False
2439,Введенский,Санкт-Петербург,внутригородская территория города федерального значения,40-389-000-000,3,1,3,3,3,3,3,3,3,3,3,3,3,3,3,0.33782856656777227,0.38061312785975904,False
2440,Кронверкское,Санкт-Петербург,внутригородская территория города федерального значения,40-390-000-000,3,1,3,3,3,3,3,3,3,3,3,3,3,3,3,0.34521628702358625,0.35226056561778224,False
2441,Посадский,Санкт-Петербург,внутригородская территория города федерального значения,40-391-000-000,3,1,3,3,3,3,3,3,3,3,3,3,3,3,3,0.3567365461430956,0.3318700132048549,False
2442,Аптекарский остров,Санкт-Петербург,внутригородская территория города федерального значения,40-392-000-000,3,1,3,3,3,3,3,3,3,3,3,3,3,3,3,0.3826642904501165,0.3816738140231538,False
2443,Петровский,Санкт-Петербург,внутригородская территория города федерального значения,40-393-000-000,3,1,3,3,3,3,3,3,3,3,3,3,3,3,3,0.346042136609959,0.313404351102043,False
2444,Чкаловское,Санкт-Петербург,внутригородская территория города федерального значения,40-394-000-000,3,1,3,3,3,3,3,3,3,3,3,3,3,3,3,0.3834700506912349,0.3640768173397759,False
2445,Петергоф,Санкт-Петербург,внутригородская территория города федерального значения,40-395-000-000,3,1,3,3,3,3,3,3,3,3,3,3,3,3,3,0.19968087102763316,0.1948021883414158,False
2446,Стрельна,Санкт-Петербург,внутригородская территория города федерального значения,40-396-000-000,3,1,3,3,3,3,3,3,3,3,3,3,3,3,3,0.22564632627165895,0.26206214378707665,False
2447,Пушкин,Санкт-Петербург,внутригородская территория города федерального значения,40-397-000-000,3,1,3,3,3,3,3,3,3,3,3,3,3,3,3,0.2799950422098349,0.2520038772099471,False
2449,Шушары,Санкт-Петербург,внутригородская территория города федерального значения,40-901-000-000,3,1,3,3,3,3,3,3,3,3,3,3,3,3,3,0.18846837655227971,0.16023310055676543,False
2450,Волковское,Санкт-Петербург,внутригородская территория города федерального значения,40-902-000-000,3,1,3,3,3,3,3,3,3,3,3,3,3,3,3,0.1901493424895806,0.18442369754082805,False
2451,№ 72,Санкт-Петербург,внутригородская территория города федерального значения,40-903-000-000,3,1,3,3,3,3,3,3,3,3,3,3,3,3,3,0.19343095119296574,0.24342749143700942,False
2452,Купчино,Санкт-Петербург,внутригородская территория города федерального значения,40-904-000-000,3,1,3,3,3,3,3,3,3,3,3,3,3,3,3,0.18910315038410971,0.16213516132222777,False
2453,Георгиевский,Санкт-Петербург,внутригородская территория города федерального значения,40-905-000-000,3,1,3,3,3,3,3,3,3,3,3,3,3,3,3,0.16098560013015764,0.18969918827596116,False
2454,№ 75,Санкт-Петербург,внутригородская территория города федерального значения,40-906-000-000,3,1,3,3,3,3,3,3,3,3,3,3,3,3,3,0.25536203647071254,0.23224629620096804,False
2455,Балканский,Санкт-Петербург,внутригородская территория города федерального значения,40-907-000-000,3,1,3,3,3,3,3,3,3,3,3,3,3,3,3,0.187851752006354,0.19031020305983645,False
2456,Дворцовый,Санкт-Петербург,внутригородская территория города федерального значения,40-908-000-000,3,1,3,3,3,3,3,3,3,3,3,3,3,3,3,0.31825547283650907,0.3259329076233862,False
2457,№ 78,Санкт-Петербург,внутригородская территория города федерального значения,40-909-000-000,3,1,3,3,3,3,3,3,3,3,3,3,3,3,3,0.3267718264350838,0.3095354056972569,False
2458,Литейный,Санкт-Петербург,внутригородская территория города федерального значения,40-910-000-000,3,1,3,3,3,3,3,3,3,3,3,3,3,3,3,0.3211944907208212,0.30142745730500703,False
2459,Смольнинское,Санкт-Петербург,внутригородская территория города федерального значения,40-911-000-000,3,1,3,3,3,3,3,3,3,3,3,3,3,3,3,0.2878531588912182,0.27218350740357006,False
2460,Лиговка-Ямская,Санкт-Петербург,внутригородская территория города федерального значения,40-912-000-000,3,1,3,3,3,3,3,3,3,3,3,3,3,3,3,0.2399068764136074,0.2968255925985947,False
2461,Владимирский,Санкт-Петербург,внутригородская территория города федерального значения,40-913-000-000,3,1,3,3,3,3,3,3,3,3,3,3,3,3,3,0.2653034260249121,0.28503909276216866,False
2462,Богородское,Москва,внутригородская территория города федерального значения,45-301-000-000,3,1,3,3,3,3,3,3,3,3,3,3,3,3,3,0.2613067859724118,0.24792245748865913,False
2463,Вешняки,Москва,внутригородская территория города федерального значения,45-302-000-000,3,1,3,3,3,3,3,3,3,3,3,3,3,3,3,0.22285287408974294,0.1846901687879305,False
2464,Восточное Измайлово,Москва,внутригородская территория города федерального значения,45-303-000-000,3,1,3,3,3,3,3,3,3,3,3,3,3,3,3,0.29286035181052383,0.2664461255102253,False
2465,Восточный,Москва,внутригородская территория города федерального значения,45-304-000-000,3,1,3,3,3,3,3,3,3,3,3,3,3,3,3,0.15723049949384416,0.15195167866920548,False
2466,Гольяново,Москва,внутригородская территория города федерального значения,45-305-000-000,3,1,3,3,3,3,3,3,3,3,3,3,3,3,3,0.19870875905996496,0.20433562740812275,False
2467,Ивановское,Москва,внутригородская территория города федерального значения,45-306-000-000,3,1,3,3,3,3,3,3,3,3,3,3,3,3,3,0.24847041656844623,0.27408251153412905,False
2468,Измайлово,Москва,внутригородская территория города федерального значения,45-307-000-000,3,1,3,3,3,3,3,3,3,3,3,3,3,3,3,0.22667603636079914,0.2547776460317123,False
2469,Косино-Ухтомский,Москва,внутригородская территория города федерального значения,45-308-000-000,3,1,3,3,3,3,3,3,3,3,3,3,3,3,3,0.2733255408282006,0.27939894729822295,False
2470,Новогиреево,Москва,внутригородская территория города федерального значения,45-309-000-000,3,1,3,3,3,3,3,3,3,3,3,3,3,3,3,0.30926539179050905,0.3244963478827535,False
2471,Новокосино,Москва,внутригородская территория города федерального значения,45-310-000-000,3,1,3,3,3,3,3,3,3,3,3,3,3,3,3,0.24037240978935864,0.22402241548176438,False
2472,Метро,Москва,внутригородская территория города федерального значения,45-311-000-000,3,1,3,3,3,3,3,3,3,3,3,3,3,3,3,0.21627665059789547,0.1972894986017608,False
2473,Перово,Москва,внутригородская территория города федерального значения,45-312-000-000,3,1,3,3,3,3,3,3,3,3,3,3,3,3,3,0.20496282807825586,0.22982444015584172,False
2474,Северное Измайлово,Москва,внутригородская территория города федерального значения,45-313-000-000,3,1,3,3,3,3,3,3,3,3,3,3,3,3,3,0.26255428416906573,0.28003406596944447,False
2475,Соколиная гора,Москва,внутригородская территория города федерального значения,45-314-000-000,3,1,3,3,3,3,3,3,3,3,3,3,3,3,3,0.2266109697459147,0.2716364213102029,False
2476,Сокольники,Москва,внутригородская территория города федерального значения,45-315-000-000,3,1,3,3,3,3,3,3,3,3,3,3,3,3,3,0.31633958394757333,0.33488811394307677,False
2477,Преображенское,Москва,внутригородская территория города федерального значения,45-316-000-000,3,1,3,3,3,3,3,3,3,3,3,3,3,3,3,0.19624030455396635,0.3474290437095997,False
2478,Внуково,Москва,внутригородская территория города федерального значения,45-317-000-000,3,1,3,3,3,3,3,3,3,3,3,3,3,3,3,0.20646407227487545,0.24243894354878628,False
2479,Дорогомилово,Москва,внутригородская территория города федерального значения,45-318-000-000,3,1,3,3,3,3,3,3,3,3,3,3,3,3,3,0.34175574821445703,0.35407618702563814,False
2480,Крылатское,Москва,внутригородская территория города федерального значения,45-319-000-000,3,1,3,3,3,3,3,3,3,3,3,3,3,3,3,0.35013360875165217,0.3484361437309495,False
2481,Кунцево,Москва,внутригородская территория города федерального значения,45-320-000-000,3,1,3,3,3,3,3,3,3,3,3,3,3,3,3,0.27144780551863035,0.2747288562419032,False
2482,Можайский,Москва,внутригородская территория города федерального значения,45-321-000-000,3,1,3,3,3,3,3,3,3,3,3,3,3,3,3,0.26642229216673047,0.2833277458095457,False
2483,Ново-Переделкино,Москва,внутригородская территория города федерального значения,45-322-000-000,3,1,3,3,3,3,3,3,3,3,3,3,3,3,3,0.2802255096093166,0.20350396915858862,False
2484,Очаково-Матвеевское,Москва,внутригородская территория города федерального значения,45-323-000-000,3,1,3,3,3,3,3,3,3,3,3,3,3,3,3,0.29871632489195044,0.26731491016535663,False
2485,Проспект Вернадского,Москва,внутригородская территория города федерального значения,45-324-000-000,3,1,3,3,3,3,3,3,3,3,3,3,3,3,3,0.3175650454621116,0.32149169621724427,False
2486,Раменки,Москва,внутригородская территория города федерального значения,45-325-000-000,3,1,3,3,3,3,3,3,3,3,3,3,3,3,3,0.3144670862205735,0.31573028935596736,False
2487,Солнцево,Москва,внутригородская территория города федерального значения,45-326-000-000,3,1,3,3,3,3,3,3,3,3,3,3,3,3,3,0.28770076545932877,0.22858321404267193,False
2488,Тропарево-Никулино,Москва,внутригородская территория города федерального значения,45-327-000-000,3,1,3,3,3,3,3,3,3,3,3,3,3,3,3,0.2809812033636917,0.30059284983775936,False
2489,Филевский парк,Москва,внутригородская территория города федерального значения,45-328-000-000,3,1,3,3,3,3,3,3,3,3,3,3,3,3,3,0.31720536918759307,0.3036478739313687,False
2490,Фили-Давыдково,Москва,внутригородская территория города федерального значения,45-329-000-000,3,1,3,3,3,3,3,3,3,3,3,3,3,3,3,0.3077038740815832,0.3130818867716966,False
2491,Крюково,Москва,внутригородская территория города федерального значения,45-330-000-000,3,1,3,3,3,3,3,3,3,3,3,3,3,3,3,0.29220800112651746,0.27189776938342497,False
2492,Матушкино,Москва,внутригородская территория города федерального значения,45-331-000-000,3,1,3,3,3,3,3,3,3,3,3,3,3,3,3,0.25476678466747127,0.2388601505360692,False
2493,Силино,Москва,внутригородская территория города федерального значения,45-332-000-000,3,1,3,3,3,3,3,3,3,3,3,3,3,3,3,0.284429148673984,0.2776117846455293,False
2494,Аэропорт,Москва,внутригородская территория города федерального значения,45-333-000-000,3,1,3,3,3,3,3,3,3,3,3,3,3,3,3,0.34748371419411433,0.2720075348224166,False
2495,Беговой,Москва,внутригородская территория города федерального значения,45-334-000-000,3,1,3,3,3,3,3,3,3,3,3,3,3,3,3,0.29267749146912864,0.3415594387538959,False
2496,Бескудниковский,Москва,внутригородская территория города федерального значения,45-335-000-000,3,1,3,3,3,3,3,3,3,3,3,3,3,3,3,0.2835161823998449,0.2845190519772767,False
2497,Войковский,Москва,внутригородская территория города федерального значения,45-336-000-000,3,1,3,3,3,3,3,3,3,3,3,3,3,3,3,0.3164780914965348,0.28669700218569166,False
2498,Восточное Дегунино,Москва,внутригородская территория города федерального значения,45-337-000-000,3,1,3,3,3,3,3,3,3,3,3,3,3,3,3,0.2928722598370583,0.2607667568890678,False
2499,Головинский,Москва,внутригородская территория города федерального значения,45-338-000-000,3,1,3,3,3,3,3,3,3,3,3,3,3,3,3,0.25403816801695084,0.24886148168605546,False
2500,Дмитровский,Москва,внутригородская территория города федерального значения,45-339-000-000,3,1,3,3,3,3,3,3,3,3,3,3,3,3,3,0.2357276159113582,0.25016646439429036,False
2501,Западное Дегунино,Москва,внутригородская территория города федерального значения,45-340-000-000,3,1,3,3,3,3,3,3,3,3,3,3,3,3,3,0.28524940858357956,0.18001868860825426,False
2502,Коптево,Москва,внутригородская территория города федерального значения,45-341-000-000,3,1,3,3,3,3,3,3,3,3,3,3,3,3,3,0.2451159222147812,0.2566777284158724,False
2503,Левобережный,Москва,внутригородская территория города федерального значения,45-342-000-000,3,1,3,3,3,3,3,3,3,3,3,3,3,3,3,0.34641165682481695,0.34270807225568567,False
2504,Молжаниновский,Москва,внутригородская территория города федерального значения,45-343-000-000,3,1,3,3,3,3,3,3,3,3,3,3,3,3,3,0.2546694542052215,0.2675746819985546,False
2505,Савеловский,Москва,внутригородская территория города федерального значения,45-344-000-000,3,1,3,3,3,3,3,3,3,3,3,3,3,3,3,0.3571690506456312,0.3530843998556666,False
2506,Сокол,Москва,внутригородская территория города федерального значения,45-345-000-000,3,1,3,3,3,3,3,3,3,3,3,3,3,3,3,0.33698311473034953,0.36469222976110666,False
2507,Тимирязевский,Москва,внутригородская территория города федерального значения,45-346-000-000,3,1,3,3,3,3,3,3,3,3,3,3,3,3,3,0.3335482996898297,0.31084956992755086,False
2508,Ховрино,Москва,внутригородская территория города федерального значения,45-347-000-000,3,1,3,3,3,3,3,3,3,3,3,3,3,3,3,0.24487674906810733,0.28460612171732474,False
2509,Хорошевский,Москва,внутригородская территория города федерального значения,45-348-000-000,3,1,3,3,3,3,3,3,3,3,3,3,3,3,3,0.27783736719406416,0.2902275921335696,False
2510,Алексеевский,Москва,внутригородская территория города федерального значения,45-349-000-000,3,1,3,3,3,3,3,3,3,3,3,3,3,3,3,0.3065948909447783,0.26911996060467963,False
2511,Алтуфьевский,Москва,внутригородская территория города федерального значения,45-350-000-000,3,1,3,3,3,3,3,3,3,3,3,3,3,3,3,0.261730525918551,0.2070085880898292,False
2512,Бабушкинский,Москва,внутригородская территория города федерального значения,45-351-000-000,3,1,3,3,3,3,3,3,3,3,3,3,3,3,3,0.28054326081976266,0.22664469857394767,False
2513,Бибирево,Москва,внутригородская территория города федерального значения,45-352-000-000,3,1,3,3,3,3,3,3,3,3,3,3,3,3,3,0.24879986598417045,0.22115084148980804,False
2514,Бутырский,Москва,внутригородская территория города федерального значения,45-353-000-000,3,1,3,3,3,3,3,3,3,3,3,3,3,3,3,0.25374506776648215,0.29907155100157196,False
2515,Лианозово,Москва,внутригородская территория города федерального значения,45-354-000-000,3,1,3,3,3,3,3,3,3,3,3,3,3,3,3,0.29845058752720593,0.2715232174840483,False
2516,Лосиноостровский,Москва,внутригородская территория города федерального значения,45-355-000-000,3,1,3,3,3,3,3,3,3,3,3,3,3,3,3,0.32828836675241296,0.27050131604865657,False
2517,Марфино,Москва,внутригородская территория города федерального значения,45-356-000-000,3,1,3,3,3,3,3,3,3,3,3,3,3,3,3,0.3204598959014887,0.26926104954524466,False
2518,Марьина роща,Москва,внутригородская территория города федерального значения,45-357-000-000,3,1,3,3,3,3,3,3,3,3,3,3,3,3,3,0.31192009428515866,0.33698182394193804,False
2519,Останкинский,Москва,внутригородская территория города федерального значения,45-358-000-000,3,1,3,3,3,3,3,3,3,3,3,3,3,3,3,0.3333936986810516,0.2754172127924418,False
2520,Отрадное,Москва,внутригородская территория города федерального значения,45-359-000-000,3,1,3,3,3,3,3,3,3,3,3,3,3,3,3,0.1775154115727695,0.16429450524095068,False
2521,Ростокино,Москва,внутригородская территория города федерального значения,45-360-000-000,3,1,3,3,3,3,3,3,3,3,3,3,3,3,3,0.34403453614201385,0.3225258804053059,False
2522,Свиблово,Москва,внутригородская территория города федерального значения,45-361-000-000,3,1,3,3,3,3,3,3,3,3,3,3,3,3,3,0.328945034514363,0.2694587910737089,False
2523,Северное Медведково,Москва,внутригородская территория города федерального значения,45-362-000-000,3,1,3,3,3,3,3,3,3,3,3,3,3,3,3,0.2100056991340454,0.2470268434477017,False
2524,Северный,Москва,внутригородская территория города федерального значения,45-363-000-000,3,1,3,3,3,3,3,3,3,3,3,3,3,3,3,0.3245792132078543,0.33129999307378066,False
2525,Южное Медведково,Москва,внутригородская территория города федерального значения,45-364-000-000,3,1,3,3,3,3,3,3,3,3,3,3,3,3,3,0.2703888787090063,0.2517811228693014,False
2526,Ярославский,Москва,внутригородская территория города федерального значения,45-365-000-000,3,1,3,3,3,3,3,3,3,3,3,3,3,3,3,0.24291012972260098,0.28825398076398717,False
2527,Куркино,Москва,внутригородская территория города федерального значения,45-366-000-000,3,1,3,3,3,3,3,3,3,3,3,3,3,3,3,0.3633558482975294,0.3679007969978608,False
2528,Митино,Москва,внутригородская территория города федерального значения,45-367-000-000,3,1,3,3,3,3,3,3,3,3,3,3,3,3,3,0.24363177999539132,0.2591269698039129,False
2529,Покровское-Стрешнево,Москва,внутригородская территория города федерального значения,45-368-000-000,3,1,3,3,3,3,3,3,3,3,3,3,3,3,3,0.3093859828149853,0.3600494442224077,False
2530,Северное Тушино,Москва,внутригородская территория города федерального значения,45-369-000-000,3,1,3,3,3,3,3,3,3,3,3,3,3,3,3,0.26656047164638147,0.25577668212999427,False
2531,Строгино,Москва,внутригородская территория города федерального значения,45-370-000-000,3,1,3,3,3,3,3,3,3,3,3,3,3,3,3,0.3282271026526984,0.27523710915377597,False
2532,Хорошево-Мневники,Москва,внутригородская территория города федерального значения,45-371-000-000,3,1,3,3,3,3,3,3,3,3,3,3,3,3,3,0.22808840540497904,0.25762320086495816,False
2533,Щукино,Москва,внутригородская территория города федерального значения,45-372-000-000,3,1,3,3,3,3,3,3,3,3,3,3,3,3,3,0.2553084932798629,0.2479170572541939,False
2534,Южное Тушино,Москва,внутригородская территория города федерального значения,45-373-000-000,3,1,3,3,3,3,3,3,3,3,3,3,3,3,3,0.2202014056704177,0.23537318706143226,False
2535,Арбат,Москва,внутригородская территория города федерального значения,45-374-000-000,3,1,3,3,3,3,3,3,3,3,3,3,3,3,3,0.32134805202214045,0.35769927380917843,False
2536,Басманный,Москва,внутригородская территория города федерального значения,45-375-000-000,3,1,3,3,3,3,3,3,3,3,3,3,3,3,3,0.30106230226866365,0.29974518166065683,False
2537,Замоскворечье,Москва,внутригородская территория города федерального значения,45-376-000-000,3,1,3,3,3,3,3,3,3,3,3,3,3,3,3,0.30552573561482793,0.3331200555838609,False
2538,Савелки,Москва,внутригородская территория города федерального значения,45-377-000-000,3,1,3,3,3,3,3,3,3,3,3,3,3,3,3,0.3330971351596128,0.3434571155363307,False
2539,Красносельский,Москва,внутригородская территория города федерального значения,45-378-000-000,3,1,3,3,3,3,3,3,3,3,3,3,3,3,3,0.29678101675424456,0.3583924445973075,False
2540,Мещанский,Москва,внутригородская территория города федерального значения,45-379-000-000,3,1,3,3,3,3,3,3,3,3,3,3,3,3,3,0.3501643706338691,0.3326637773736949,False
2541,Пресненский,Москва,внутригородская территория города федерального значения,45-380-000-000,3,1,3,3,3,3,3,3,3,3,3,3,3,3,3,0.3079805570577365,0.2999319906869314,False
2542,Таганский,Москва,внутригородская территория города федерального значения,45-381-000-000,3,1,3,3,3,3,3,3,3,3,3,3,3,3,3,0.24570654989409224,0.31442393944965713,False
2543,Тверской,Москва,внутригородская территория города федерального значения,45-382-000-000,3,1,3,3,3,3,3,3,3,3,3,3,3,3,3,0.3601537824051367,0.3324300263052126,False
2544,Хамовники,Москва,внутригородская территория города федерального значения,45-383-000-000,3,1,3,3,3,3,3,3,3,3,3,3,3,3,3,0.3249288495086842,0.30224681681277493,False
2545,Якиманка,Москва,внутригородская территория города федерального значения,45-384-000-000,3,1,3,3,3,3,3,3,3,3,3,3,3,3,3,0.37014226935613387,0.34524951511854235,False
2546,Выхино-Жулебино,Москва,внутригородская территория города федерального значения,45-385-000-000,3,1,3,3,3,3,3,3,3,3,3,3,3,3,3,0.21144524450814023,0.24072782094799303,False
2547,Капотня,Москва,внутригородская территория города федерального значения,45-386-000-000,3,1,3,3,3,3,3,3,3,3,3,3,3,3,3,0.1322342925392549,0.14313928288175537,False
2548,Кузьминки,Москва,внутригородская территория города федерального значения,45-387-000-000,3,1,3,3,3,3,3,3,3,3,3,3,3,3,3,0.1789610412618677,0.25713865365076954,False
2549,Лефортово,Москва,внутригородская территория города федерального значения,45-388-000-000,3,1,3,3,3,3,3,3,3,3,3,3,3,3,3,0.30161494665492716,0.28636510167088985,False
2550,Люблино,Москва,внутригородская территория города федерального значения,45-389-000-000,3,1,3,3,3,3,3,3,3,3,3,3,3,3,3,0.22665740209203086,0.19055718545692213,False
2551,Марьино,Москва,внутригородская территория города федерального значения,45-390-000-000,3,1,3,3,3,3,3,3,3,3,3,3,3,3,3,0.16380750140802738,0.20337036055745486,False
2552,Некрасовка,Москва,внутригородская территория города федерального значения,45-391-000-000,3,1,3,3,3,3,3,3,3,3,3,3,3,3,3,0.2294219649387029,0.24886724953783204,False
2553,Нижегородский,Москва,внутригородская территория города федерального значения,45-392-000-000,3,1,3,3,3,3,3,3,3,3,3,3,3,3,3,0.24810286478871407,0.24132074667756764,False
2554,Печатники,Москва,внутригородская территория города федерального значения,45-393-000-000,3,1,3,3,3,3,3,3,3,3,3,3,3,3,3,0.21368390107011923,0.2008179997161077,False
2555,Рязанский,Москва,внутригородская территория города федерального значения,45-394-000-000,3,1,3,3,3,3,3,3,3,3,3,3,3,3,3,0.29736937257483403,0.22629715264665498,False
2556,Текстильщики,Москва,внутригородская территория города федерального значения,45-395-000-000,3,1,3,3,3,3,3,3,3,3,3,3,3,3,3,0.29230970651047306,0.17289059422177366,False
2557,Южнопортовый,Москва,внутригородская территория города федерального значения,45-396-000-000,3,1,3,3,3,3,3,3,3,3,3,3,3,3,3,0.31420854153514766,0.28014113441838995,False
2558,Академический,Москва,внутригородская территория города федерального значения,45-397-000-000,3,1,3,3,3,3,3,3,3,3,3,3,3,3,3,0.29357718689336265,0.30136285060941387,False
2559,Гагаринский,Москва,внутригородская территория города федерального значения,45-398-000-000,3,1,3,3,3,3,3,3,3,3,3,3,3,3,3,0.323201166452672,0.31440636480407136,False
2560,Зюзино,Москва,внутригородская территория города федерального значения,45-901-000-000,3,1,3,3,3,3,3,3,3,3,3,3,3,3,3,0.25207975477107697,0.28103642631129566,False
2561,Коньково,Москва,внутригородская территория города федерального значения,45-902-000-000,3,1,3,3,3,3,3,3,3,3,3,3,3,3,3,0.2686804381985689,0.27651606978783316,False
2562,Котловка,Москва,внутригородская территория города федерального значения,45-903-000-000,3,1,3,3,3,3,3,3,3,3,3,3,3,3,3,0.2866072095281398,0.2908670275323298,False
2563,Ломоносовский,Москва,внутригородская территория города федерального значения,45-904-000-000,3,1,3,3,3,3,3,3,3,3,3,3,3,3,3,0.3067280349903746,0.30309955357530205,False
2564,Обручевский,Москва,внутригородская территория города федерального значения,45-905-000-000,3,1,3,3,3,3,3,3,3,3,3,3,3,3,3,0.2857685520472144,0.3317165262316029,False
2565,Северное Бутово,Москва,внутригородская территория города федерального значения,45-906-000-000,3,1,3,3,3,3,3,3,3,3,3,3,3,3,3,0.3400214536331089,0.3094870529217822,False
2566,Теплый Стан,Москва,внутригородская территория города федерального значения,45-907-000-000,3,1,3,3,3,3,3,3,3,3,3,3,3,3,3,0.2935503145888166,0.21305186346011742,False
2567,Черемушки,Москва,внутригородская территория города федерального значения,45-908-000-000,3,1,3,3,3,3,3,3,3,3,3,3,3,3,3,0.21781723330609373,0.2562763698274594,False
2568,Южное Бутово,Москва,внутригородская территория города федерального значения,45-909-000-000,3,1,3,3,3,3,3,3,3,3,3,3,3,3,3,0.24278432755683577,0.23585747707565974,False
2569,Ясенево,Москва,внутригородская территория города федерального значения,45-910-000-000,3,1,3,3,3,3,3,3,3,3,3,3,3,3,3,0.21776101149320834,0.26528042984362504,False
2570,Бирюлево Восточное,Москва,внутригородская территория города федерального значения,45-911-000-000,3,1,3,3,3,3,3,3,3,3,3,3,3,3,3,0.14496369290002933,0.17071889943510962,False
2571,Бирюлево Западное,Москва,внутригородская территория города федерального значения,45-912-000-000,3,1,3,3,3,3,3,3,3,3,3,3,3,3,3,0.1716024029808569,0.17813838037840862,False
2572,Братеево,Москва,внутригородская территория города федерального значения,45-913-000-000,3,1,3,3,3,3,3,3,3,3,3,3,3,3,3,0.2608247383013278,0.2610659544509153,False
2573,Даниловский,Москва,внутригородская территория города федерального значения,45-914-000-000,3,1,3,3,3,3,3,3,3,3,3,3,3,3,3,0.2486390362553547,0.3120706356232269,False
2574,Донской,Москва,внутригородская территория города федерального значения,45-915-000-000,3,1,3,3,3,3,3,3,3,3,3,3,3,3,3,0.2763650038546564,0.2960125591970285,False
2575,Зябликово,Москва,внутригородская территория города федерального значения,45-916-000-000,3,1,3,3,3,3,3,3,3,3,3,3,3,3,3,0.22843193057077016,0.2740752300067425,False
2576,Москворечье-Сабурово,Москва,внутригородская территория города федерального значения,45-917-000-000,3,1,3,3,3,3,3,3,3,3,3,3,3,3,3,0.2966371459909442,0.261084815811543,False
2577,Нагатино-Садовники,Москва,внутригородская территория города федерального значения,45-918-000-000,3,1,3,3,3,3,3,3,3,3,3,3,3,3,3,0.3134971723787174,0.2854324884031024,False
2578,Нагатинский затон,Москва,внутригородская территория города федерального значения,45-919-000-000,3,1,3,3,3,3,3,3,3,3,3,3,3,3,3,0.22189406539495682,0.29211635786298373,False
2579,Нагорный,Москва,внутригородская территория города федерального значения,45-920-000-000,3,1,3,3,3,3,3,3,3,3,3,3,3,3,3,0.2651018801916221,0.33084554759547513,False
2580,Орехово-Борисово Северное,Москва,внутригородская территория города федерального значения,45-921-000-000,3,1,3,3,3,3,3,3,3,3,3,3,3,3,3,0.25976862154560953,0.20272600320037695,False
2581,Орехово-Борисово Южное,Москва,внутригородская территория города федерального значения,45-922-000-000,3,1,3,3,3,3,3,3,3,3,3,3,3,3,3,0.21584823762147792,0.21763679539207376,False
2582,Царицыно,Москва,внутригородская территория города федерального значения,45-923-000-000,3,1,3,3,3,3,3,3,3,3,3,3,3,3,3,0.20597127492459616,0.22863849652791263,False
2583,Чертаново Северное,Москва,внутригородская территория города федерального значения,45-924-000-000,3,1,3,3,3,3,3,3,3,3,3,3,3,3,3,0.2870829820922578,0.2676275833740605,False
2584,Чертаново Центральное,Москва,внутригородская территория города федерального значения,45-925-000-000,3,1,3,3,3,3,3,3,3,3,3,3,3,3,3,0.27680395913607,0.30462971159646324,False
2585,Чертаново Южное,Москва,внутригородская территория города федерального значения,45-926-000-000,3,1,3,3,3,3,3,3,3,3,3,3,3,3,3,0.1972877736105752,0.2645331117238374,False
2586,Старое Крюково,Москва,внутригородская территория города федерального значения,45-927-000-000,3,1,3,3,3,3,3,3,3,3,3,3,3,3,3,0.27767488149589503,0.2881217465633094,False
2587,Троицк,Москва,внутригородская территория города федерального значения,45-931-000-000,3,1,3,3,3,3,3,3,3,3,3,3,3,3,3,0.2044736659943914,0.24663538178276925,False
2588,Щербинка,Москва,внутригородская территория города федерального значения,45-932-000-000,3,1,3,3,3,3,3,3,3,3,3,3,3,3,3,0.165347441185597,0.201889427479627,False
2589,Внуковское,Москва,внутригородская территория города федерального значения,45-941-000-000,3,1,3,3,3,3,3,3,3,3,3,3,3,3,3,0.3718333388379768,0.34317273842678725,False
2590,Воскресенское,Москва,внутригородская территория города федерального значения,45-942-000-000,3,1,3,3,3,3,3,3,3,3,3,3,3,3,3,0.31300526806239837,0.3054594946234441,False
2591,Вороновское,Москва,внутригородская территория города федерального значения,45-943-000-000,3,1,3,3,3,3,3,3,3,3,3,3,3,3,3,0.028469702926313237,0.07220122933887971,False
2592,Десеновское,Москва,внутригородская территория города федерального значения,45-944-000-000,3,1,3,3,3,3,3,3,3,3,3,3,3,3,3,0.2726668954197332,0.3164817631504105,False
2593,Киевский,Москва,внутригородская территория города федерального значения,45-945-000-000,1,3,1,1,1,1,1,1,1,2,2,2,2,2,2,0.12962699171587702,0.12267289530546595,False
2595,Кокошкино,Москва,внутригородская территория города федерального значения,45-947-000-000,0,3,1,0,0,0,0,0,0,0,2,2,2,4,0,0.07361959818709402,0.05605201320911054,False
2596,Краснопахорское,Москва,внутригородская территория города федерального значения,45-948-000-000,3,1,3,3,3,3,3,3,3,3,3,3,3,3,3,0.06241928802528355,0.1011531673615317,False
2597,Марушкинское,Москва,внутригородская территория города федерального значения,45-949-000-000,3,1,3,3,3,3,3,3,3,3,3,3,3,3,3,0.12507553660162904,0.22754424014808694,False
2598,Михайлово-Ярцевское,Москва,внутригородская территория города федерального значения,45-951-000-000,0,3,0,0,0,0,4,4,0,0,4,4,4,0,0,0.20344538803841847,0.08210823212441302,False
2599,Московский,Москва,внутригородская территория города федерального значения,45-952-000-000,3,1,3,3,3,3,3,3,3,3,3,3,3,3,3,0.3433647728947392,0.22268188036358408,False
2600,Мосрентген,Москва,внутригородская территория города федерального значения,45-953-000-000,3,1,3,3,3,3,3,3,3,3,3,3,3,3,3,0.20077808041074396,0.2379359517273148,False
2601,Новофедоровское,Москва,внутригородская территория города федерального значения,45-954-000-000,0,3,3,3,3,0,0,0,0,0,3,3,0,0,0,0.03774623630653991,0.0787247947824503,False
2602,Первомайское,Москва,внутригородская территория города федерального значения,45-955-000-000,3,1,3,3,3,3,3,3,3,3,3,3,3,3,3,0.2647964263442836,0.3111503068737531,False
2604,Рязановское,Москва,внутригородская территория города федерального значения,45-957-000-000,3,1,3,3,3,3,3,3,3,3,3,3,3,3,3,0.22784248442386415,0.26458035544799285,False
2605,Сосенское,Москва,внутригородская территория города федерального значения,45-958-000-000,3,1,3,3,3,3,3,3,3,3,3,3,3,3,3,0.25304061212861517,0.2690051986026247,False
2606,Филимонковское,Москва,внутригородская территория города федерального значения,45-959-000-000,3,1,3,3,3,3,3,3,3,3,3,3,3,3,3,0.22444149189251403,0.19740067221668345,False
2607,Щаповское,Москва,внутригородская территория города федерального значения,45-961-000-000,0,3,0,0,0,0,0,0,0,4,2,2,2,4,4,0.1172027033876711,0.10939957772045143,False
2618,Мантуровский,Костромская область,муниципальный округ,34-520-000-000,5,0,5,5,5,5,5,5,5,1,5,5,5,1,1,0.21271307486619542,0.04573470610163306,False
2619,Переславль-Залесский,Ярославская область,городской округ,78-705-000-000,0,3,0,0,0,0,0,0,0,0,0,0,0,0,0,0.27154579173460053,0.126399352369034,False
2620,Соликамский,Пермский край,городской округ,57-730-000-000,0,3,0,0,0,0,0,0,0,0,0,0,0,0,0,0.17353804311085752,0.2291856849932174,False
2621,Березники,Пермский край,городской округ,57-708-000-000,0,3,0,0,0,0,0,0,0,0,0,0,0,0,0,0.11147364666263712,0.14670944722278537,False
2644,Серпухов,Московская область,городской округ,46-770-000-000,3,1,3,3,3,3,3,3,3,3,3,3,3,3,3,0.04516295059025554,0.054241039010841104,False
2646,Обнинск,Калужская область,городской округ,29-715-000-000,3,1,3,3,3,3,3,3,3,3,3,3,3,3,3,0.09424238313301977,0.09912737788213047,False
2647,Боровский,Калужская область,муниципальный район,29-606-000-000,0,3,0,0,0,0,0,0,0,0,0,0,0,0,0,0.17653488809774856,0.16912335703070805,False
2648,Лосино-Петровский,Московская область,городской округ,46-742-000-000,3,1,3,3,3,3,3,3,3,3,3,3,3,3,3,0.03309605326574496,0.04086163036064187,False
2649,Щёлково,Московская область,городской округ,46-788-000-000,3,1,3,3,3,3,3,3,3,3,3,3,3,3,3,0.14784003322337377,0.12884696094029194,False
2651,Одинцовский,Московская область,городской округ,46-755-000-000,3,1,3,3,3,3,3,3,3,3,3,3,3,3,3,0.22088521966367874,0.17217793156168137,False
2652,Орехово-Зуевский,Московская область,городской округ,46-757-000-000,0,1,3,0,0,0,0,0,0,0,0,0,0,0,0,0.012540315403581368,0.027569763721550754,False
2710,Вышневолоцкий,Тверская область,городской округ,28-714-000-000,0,3,0,0,0,0,0,0,0,0,0,0,0,0,0,0.17162352953453766,0.2126045893485827,False
2808,Коломна,Московская область,городской округ,46-738-000-000,3,1,3,3,3,3,3,3,3,3,3,3,3,3,3,0.06715099052352115,0.058012975521662624,False
2809,Кунгурский,Пермский край,муниципальный округ,57-530-000-000,0,3,0,0,0,0,0,0,0,0,0,0,0,0,0,0.13287099497172475,0.18519885715466589,False
2813,Шатура,Московская область,городской округ,46-786-000-000,0,3,0,0,0,0,0,0,0,0,0,0,0,0,0,0.1305875069925361,0.21164966322892234,False
2814,Пушкинский,Московская область,городской округ,46-758-000-000,3,1,3,3,3,3,3,3,3,3,3,3,3,3,3,0.1419441845916088,0.14056113649204693,False
2872,Приуральский,Ямало-Ненецкий автономный округ,муниципальный округ,71-938-000-000,2,2,2,2,2,2,2,2,2,2,2,2,2,2,2,0.5051042575256033,0.6095274934549089,False
2876,Кисловодск,Ставропольский край,городской округ,07-715-000-000,0,3,0,0,0,0,0,0,0,0,0,0,0,0,0,0.07667517408927713,0.10977735375754215,False
2879,Губкинский,Ямало-Ненецкий автономный округ,городской округ,71-952-000-000,2,2,2,2,2,2,2,2,2,2,2,2,2,2,2,0.26166912565499995,0.4291330196893086,False
2880,Лабытнанги,Ямало-Ненецкий автономный округ,городской округ,71-953-000-000,2,2,2,2,2,2,2,2,2,2,2,2,2,2,2,0.37242504279507144,0.4353113365603422,False
2881,Предгорный,Ставропольский край,муниципальный округ,07-548-000-000,0,3,4,0,0,0,0,0,0,0,0,0,0,0,0,0.046604905489838484,0.2208133027570934,False
2882,Пуровский,Ямало-Ненецкий автономный округ,муниципальный округ,71-940-000-000,2,2,2,2,2,2,2,2,2,2,2,2,2,2,2,0.30249021704629386,0.31953654113926344,False
2883,Кимрский,Тверская область,муниципальный округ,28-528-000-000,0,3,0,0,0,0,0,0,0,0,0,0,0,0,0,0.15574692406051865,0.20750066883377802,False
2884,Ржевский,Тверская область,муниципальный округ,28-548-000-000,0,3,0,0,0,0,0,0,0,0,0,0,0,0,0,0.1436252039138621,0.23439190974377014,False
2885,Кудымкарский,Пермский край,муниципальный округ,57-528-000-000,0,3,0,0,0,0,0,0,4,0,0,0,0,0,0,0.12248646086906571,0.08867756341102517,False
2886,Губахинский,Пермский край,муниципальный округ,57-516-000-000,0,3,0,0,0,0,0,0,0,0,0,0,0,0,0,0.1893637928848398,0.05711926064337395,False
2887,Саратов,Саратовская область,городской округ,63-701-000-000,0,3,0,0,0,0,0,0,0,0,0,0,0,0,0,0.11209099068222218,0.11406136506628622,False
3005,Арзамас,Нижегородская область,городской округ,22-703-000-000,0,3,0,0,0,0,0,0,0,0,0,0,0,0,0,0.09128140730314785,0.2256821701451077,False
3007,Прокопьевский,Кемеровская область,муниципальный округ,32-522-000-000,0,3,0,0,0,0,4,4,0,0,0,0,0,0,0,0.06761676701257889,0.23325782862910047,False
3009,Тамбов,Тамбовская область,городской округ,68-701-000-000,0,3,0,0,0,0,0,0,0,0,0,0,0,0,0,0.14582539234296796,0.14919045300676312,False
3011,Златоустовский,Челябинская область,городской округ,75-712-000-000,0,3,0,0,0,0,0,0,0,0,0,0,0,0,0,0.12465063631658609,0.3222922372134996,False
3012,Кусинский,Челябинская область,муниципальный район,75-638-000-000,1,0,5,1,1,1,1,1,1,1,1,1,1,1,1,0.08113694567955906,0.39308708661515773,False
3013,Солнечногорск,Московская область,городской округ,46-771-000-000,3,1,3,3,3,3,3,3,3,3,3,3,3,3,3,0.13226183795036378,0.11145830750685871,False
