territory_id,level,profile:Продовольствие,profile:Здоровье,profile:Общественное питание,profile:Транспорт,profile:Маркетплейсы,season_amp,summer_all,summer_food_service,name,region
1,0.08141458173012388,-0.4763795385698166,-0.11617754859807589,0.5257020916843556,0.03949454982780402,-0.034716225838872704,0.024903136927996204,-0.006967756798698178,-0.030765290393291605,Майкоп,Республика Адыгея
2,-0.20023856487840477,-0.49036433531706275,-0.005437749255483774,0.5498026026578497,-0.16201707480666502,0.045939885226757016,0.05011459270414202,-0.020786333112535388,-0.045441372412410974,Адыгейск,Республика Адыгея
3,-0.17856744560165305,0.017164164883541427,0.025871175039725414,-0.1901149030069693,-0.3382526971067363,0.42325558869583296,0.016113036167386026,-0.007057017397455123,0.044058084472536806,Гиагинский,Республика Адыгея
4,-0.1298950970698057,-0.27428406360381524,-0.00511544984960105,-0.012956584438336602,0.21918499719875587,0.01109442919839182,0.04879269545347913,-0.01401013435629527,0.03134543982795819,Кошехабльский,Республика Адыгея
5,-0.18567366335432264,-0.10958555581957251,-0.0577094662956583,-0.3977595466836603,0.169440277092379,0.33353762021190697,0.03838453069344482,0.02295200167065652,0.06195665815569096,Красногвардейский,Республика Адыгея
6,-0.02182520519748432,-0.30777664858306886,-0.30183851106334253,0.2102694334809537,0.11862121183724088,0.21864784283361116,0.04510137122393536,0.0004158824704120582,0.0017907086049277858,Майкопский,Республика Адыгея
7,0.37272810138075335,-0.4870499998797553,-0.20740990555643365,0.6644192636016423,0.14165639730630572,-0.1736924269663648,0.05365255074099365,0.00550720536080157,-0.03173285914466358,Тахтамукайский,Республика Адыгея
8,0.14386846872752046,-0.37304860390262923,-0.30920491646840204,0.4150445201978008,0.25435820836550116,-0.04922587968687625,0.06331401038767545,0.0063414722166293585,-0.016328945238979913,Теучежский,Республика Адыгея
9,-0.25819815682996655,-0.1522095822867122,-0.06794630326164884,-0.2607192607565934,0.2962147475650668,0.12258372724528098,0.05178735031193376,0.030082854320955976,0.01779069904905667,Шовгеновский,Республика Адыгея
10,0.1799501629389825,-0.3565569583037491,-0.1750970095922999,0.4911332174695325,0.18238792001291682,-0.20394384108100638,0.040858392588074784,0.03548292092248045,-0.03095308412835625,Горно-Алтайск,Республика Алтай
11,-0.013085025267553544,-0.4080882401366512,-0.405286611228389,0.28531634070413187,0.5880651684397432,-0.12208332927344073,0.06969700510299134,0.07365411453892172,0.06625061444080042,Кош-Агачский,Республика Алтай
12,0.2311849723614796,-0.28333928150490023,-0.1888935194724104,0.2902534595496369,0.28260185134648297,-0.16269918141341405,0.05866496449821401,0.04059751203892015,-0.0012826652763145985,Майминский,Республика Алтай
13,-0.09640562881555852,-0.1633274894865636,-0.2790753959647599,-0.09671673086882969,0.497099949065038,-0.020057004239490434,0.07575818166736689,0.05318975960411821,0.04289058347409058,Онгудайский,Республика Алтай
14,-0.001584262882009968,-0.002443192230824731,-0.23484411368682276,-0.25614009518457265,0.16667236188439896,0.2646783677232157,0.05621321814403452,0.06021844638647663,0.04841126802421089,Турочакский,Республика Алтай
15,0.07965904838049347,-0.28114250801311647,-0.3963455893467675,-0.3039827680758117,0.5877686177321965,0.3316255762088956,0.08273316615549382,0.06181610296406928,0.04650272287772395,Улаганский,Республика Алтай
16,-0.15282078075274264,-0.17867848138218312,-0.29109123681802956,-0.0493935435666998,0.4435744377745234,0.013512152497783314,0.0653513175030239,0.05100429792208209,0.05077883947434433,Усть-Канский,Республика Алтай
17,-0.009764773390595375,-0.18315994707057281,-0.24529354805280326,-0.16443886081621945,0.37392674999407977,0.1568889344509097,0.06007042508006565,0.03954041940835366,0.060812675288899325,Усть-Коксинский,Республика Алтай
18,0.116920193996552,-0.032334118838025894,-0.19029386330643536,-0.2528285868193364,0.23978028257502793,0.1735996148941655,0.06659171045171138,0.07474997185460207,0.020819475413997774,Чемальский,Республика Алтай
19,-0.16583863678188596,0.1852409852677908,-0.13451954250032802,-0.5376134510475332,0.11962118155446533,0.30519415523099863,0.03973037064050132,0.015703063385327592,0.0020171223946624517,Чойский,Республика Алтай
20,-0.13551358609119513,-0.027455408859950032,-0.2771031971029572,-0.14537512462698082,0.31335287549229834,0.07450418360298396,0.04969914944846662,0.0466611975124418,0.050393455661094544,Шебалинский,Республика Алтай
21,0.29899989215122197,-0.47303577284370296,-0.000824078712889161,0.8510541799796925,0.06397894858742477,-0.5032499485051313,0.026530504435166483,-0.007061780981897821,-0.053903950674871005,Уфа,Республика Башкортостан
22,-0.207419073304468,0.018458770387943357,0.03397104293474653,0.2819063522756761,-0.29726896087455784,-0.09914387621841349,0.07361370930235281,-0.011830705053845694,0.02183712523666061,Агидель,Республика Башкортостан
23,0.044010888534574834,-0.23076244293267212,0.06157260850665586,0.4048832826078092,-0.024619959028291616,-0.27315016064810776,0.024332016823697688,-0.007000082028739546,0.025716867303779867,Кумертау,Республика Башкортостан
25,0.16014050549813938,-0.33947840065106405,-0.009349645932393976,0.7032012782551723,0.04340184800429314,-0.4598517511706128,0.028049502006429288,-0.0004115770960967102,-0.028101126743274696,Нефтекамск,Республика Башкортостан
26,0.16782034069393306,-0.29069497191523974,-0.08811051539511022,0.6320436599661424,0.07235501139475553,-0.38766985554515293,0.024027224502333713,-0.005977926212006018,-0.022912947304806752,Октябрьский,Республика Башкортостан
27,0.14952564916548297,-0.3692609518420357,-0.13387618098903506,0.7638401242251044,0.02615200490523391,-0.3489316677938719,0.028753651337079654,-0.01699663653311474,-0.040119598258873866,Салават,Республика Башкортостан
28,0.08550844129766322,-0.2824291671923013,-0.026076005648184963,0.7015393605490509,0.023135598485531,-0.4782464576887007,0.024726453599713493,-0.003939544763850537,-0.04432141629348015,Сибай,Республика Башкортостан
29,0.16276620642774228,-0.3505265675594837,-0.036347379427230965,0.6961326607990964,0.100566716440928,-0.47190210174791686,0.02864834943276458,0.00029667617382233186,-0.03071968688751577,Стерлитамак,Республика Башкортостан
30,-0.3379722325779102,-0.04668008267513759,-0.16682088518850877,0.3786093756365017,0.33869329871673043,-0.5658783779841919,0.04748889861814016,-0.02362240436615637,-0.05794883538674511,Абзелиловский,Республика Башкортостан
31,-0.22482820186630423,-0.06250945438073428,0.04017669884128244,0.10931031146836513,0.1157264918994207,-0.2647807193229385,0.0429506367485294,-0.01319002959549275,-0.056193490033719685,Альшеевский,Республика Башкортостан
32,-0.19677631636606008,0.10913421942947937,0.12326233827393739,-0.32261300440784807,0.057539454648578015,-0.029399679438751974,0.04078515856086018,-0.008632522080616711,-0.030308047387451336,Архангельский,Республика Башкортостан
33,-0.2747759697463787,0.04647077465636882,0.11313766515721856,-0.21847698350485664,0.23792166089722264,-0.2411297887005602,0.03137124750507503,0.013573226031172003,0.034385636894137296,Аскинский,Республика Башкортостан
34,-0.37282227221642533,-0.05290020086238576,0.34193148948726293,0.009899415694196742,0.016309604998269427,-0.37731698081194937,0.07587182309551868,0.007778402895463739,-0.0115232973492758,Аургазинский,Республика Башкортостан
35,-0.19854829383534903,-0.24998827572932839,-0.11304037356488222,0.6553751038362863,0.20633593109835546,-0.5607590571350362,0.0272646563642499,0.014932778908708802,-0.1302756737689302,Баймакский,Республика Башкортостан
36,-0.24860773190993268,0.041701761904740973,0.06500644438349229,-0.23688461791503343,0.18518885843664837,-0.11708911830445318,0.03585224710831957,-0.0059372948748085035,-0.05815630124030976,Бакалинский,Республика Башкортостан
37,-0.3062157694774978,0.019071912352448633,0.10737173038997329,-0.12590451243486572,0.24101416061300274,-0.3036299624151651,0.04548745046320666,0.0002915995103074572,-0.03995217465793077,Балтачевский,Республика Башкортостан
38,0.09515517535596289,-0.2272065072786478,0.05827280788310979,0.39761907255823825,-0.02608232558885763,-0.2646797190684487,0.023907154321360494,-0.0009749150575004001,-0.029355998245328085,Белебеевский,Республика Башкортостан
39,-0.14856249489852336,-0.09949770265804068,0.17306764349087636,-0.303213460235695,0.23527899528731486,-0.06771214737906094,0.02255655386693143,0.00046268130621555475,0.05781370643302427,Белокатайский,Республика Башкортостан
40,0.04819990310636757,-0.14484278608021275,-0.01797900742166353,0.3132849715387608,0.16299211317843834,-0.37553196270992895,0.030982702339481506,-0.0008870232050722423,0.003405163937967026,Белорецкий,Республика Башкортостан
41,-0.23033580751888594,-0.05342352944899392,0.13637765217625217,0.0878610699837517,0.09019753431227133,-0.323089398517888,0.03438772952904295,0.007068365659412601,-0.0597349012088666,Бижбулякский,Республика Башкортостан
42,0.036273652446693706,-0.2449595685382132,-0.11809662693124628,0.5645329247499052,0.09755742193005353,-0.3611108227051047,0.02619782096663267,-0.0026069932610073266,-0.03497266451291381,Бирский,Республика Башкортостан
43,-0.2207125345346209,0.059767313469455206,0.12722971779890818,-0.029447521789178477,0.024286236879659806,-0.24391241785344997,0.04361171645433336,-0.0023721030133204237,-0.08030726835971831,Благоварский,Республика Башкортостан
44,0.10595333507640385,-0.18502107771181442,0.021432636589838423,0.46971352504325314,-0.09827547296160404,-0.269926282454279,0.04272063615801327,-0.014786432972205985,-0.051878629924216324,Благовещенский,Республика Башкортостан
45,-0.2047687234677075,-0.01765054281419981,0.05129537935359102,0.03681595450508707,0.1880246054277814,-0.3205620679668655,0.04320878935992328,0.0022293879218875288,-0.06473129699994455,Буздякский,Республика Башкортостан
46,-0.254524942905561,0.03782566358012227,-0.004939720690580333,-0.19174882280399597,0.2984823390236871,-0.2016961306038393,0.04848207289723653,-0.0053298421295039184,0.022191857495199824,Бураевский,Республика Башкортостан
47,-0.29050783328703417,-0.08206705611751947,-0.026070062688467028,0.03727070958753389,0.35681338269192464,-0.3480236449680783,0.03844315040742565,0.019295551076918216,-0.1538715467868586,Бурзянский,Республика Башкортостан
48,-0.22248794212586778,0.030995804632538353,0.15567534348170636,-0.23622603600027944,0.31786470241194426,-0.33038648602051524,0.04684428061220109,0.004050055652174154,-0.10222270213074773,Гафурийский,Республика Башкортостан
49,-0.09561754542188276,-0.10237689622556762,-0.054628373159302336,0.28515145990091395,-0.05264122521954214,-0.1375816367911082,0.027598721665722817,-0.015859733754501296,-0.0682488682511345,Давлекановский,Республика Башкортостан
50,-0.09692453480201994,-0.18527431114428902,0.0018827488589300834,0.09584524269530302,0.2432738174690854,-0.21780416937363464,0.018450325871259533,0.004764808280353458,-0.08332132327480674,Дуванский,Республика Башкортостан
51,-0.007754264352108242,-0.20001821630552732,0.025028822087224994,0.41755816299031084,0.08620675397467821,-0.39085219424129325,0.02790904165758826,-0.00015536127424072474,-0.013014176451066247,Дюртюлинский,Республика Башкортостан
52,-0.29921461667946775,0.002641290281683898,0.2522517187188312,-0.04159016195074914,-0.025725288902752424,-0.24965422964161924,0.05002504172382801,-0.015627906637773564,-0.09014453404428929,Ермекеевский,Республика Башкортостан
53,-0.1986595112142008,-0.14361556586146226,-0.025367948635500015,0.1100045087606662,0.2848671124755095,-0.28796477823381944,0.031162875086373474,0.01778880050949778,0.00899741765431783,Зианчуринский,Республика Башкортостан
54,-0.20947918486813255,-0.14383751006853304,-0.011179689818711517,-0.015436077907061049,0.24681254351952442,-0.13843593721982547,0.02673716079859539,0.004649026483743694,-0.2653969156296686,Зилаирский,Республика Башкортостан
55,0.054416732356247076,-0.11941487128118035,-0.17331470196779297,0.2834199561457583,0.13455549042818382,-0.1873225448195753,0.03466977574827259,0.0038753876927468656,-0.0371897387414129,Иглинский,Республика Башкортостан
56,-0.2777694174965147,-0.03910749230137236,0.1106372518023556,-0.018216152201384523,0.12900005887994534,-0.24439033767414875,0.02810245852242229,-0.002542707666321901,-0.008322191341884916,Илишевский,Республика Башкортостан
57,0.1565290063449988,-0.2760369942164079,0.01307806789550727,0.5502535157447651,-0.0066562347675519495,-0.34271502615091864,0.026461183943106276,-0.010303019258474905,-0.002293442368426398,Ишимбайский,Республика Башкортостан
58,-0.2561443886457393,0.1437189578903954,0.1133957950740634,-0.10199246657796855,-0.04604239584922987,-0.1711565620318669,0.0611449857760336,-0.040578214971850324,-0.05270312295595549,Калтасинский,Республика Башкортостан
59,-0.22608916566310566,-0.14336862802552788,-0.016923032872732058,0.044411933582251616,0.15832086032116463,-0.10451780449976165,0.04509678094677903,0.007256543737226655,-0.04600966375476869,Караидельский,Республика Башкортостан
60,-0.1871457344611321,-0.05773231630957063,-0.019632452079854885,0.06781335639265652,0.13465049990210812,-0.1871757593999447,0.02982904577030894,-0.02500554117387439,-0.06649188690288066,Кармаскалинский,Республика Башкортостан
61,-0.19692183688064127,-0.009417810810095054,0.0844612659950076,-0.006131791772608752,0.15566683680745166,-0.28665517171436045,0.03367390831782343,0.007800021111455048,-0.09118866762875975,Кигинский,Республика Башкортостан
62,-0.19908478053030523,-0.058239005858162975,0.09455981474175977,0.19904114531068914,0.13416614605345992,-0.43160477174235257,0.04250751899219289,-0.011733909718029132,-0.047840554662434365,Краснокамский,Республика Башкортостан
63,-0.2193640484130781,-0.011774998929166466,0.2304304227234777,-0.5188903197969394,0.3992652953609815,-0.16110707085295886,0.03190269080568981,0.0110010678602633,0.008254613258638077,Кугарчинский,Республика Башкортостан
65,-0.24389329382475902,0.04365536868681528,0.14806776304360875,0.035525166777353866,-0.020425342736773766,-0.26889962726561056,0.06373787251982961,-0.00739910563021437,-0.059215092998404696,Кушнаренковский,Республика Башкортостан
66,0.1052357968089177,-0.3142055799595664,-0.033181962931108845,0.5429298990509178,0.1096358357760437,-0.367254863430891,0.028181285053451396,0.0033225676239461155,0.016392393026928187,Мелеузовский,Республика Башкортостан
67,-0.14612729401746738,-0.05862769759282773,0.1581553276096819,-0.14417580393313098,0.2019161119723042,-0.2193446095506335,0.020227441359791147,0.01973652260396001,0.0156235087690443,Мечетлинский,Республика Башкортостан
68,-0.3245697978194159,0.06740220496809181,0.05518538621849598,-0.0652294121390896,0.19816154448919795,-0.31759639503130205,0.049050592550067953,0.0087336013699148,-0.03906332915527835,Мишкинский,Республика Башкортостан
69,-0.2820112431494386,-0.11126559649061779,0.3135631229119518,-0.07177525243826853,0.16970001232610707,-0.3622989578037786,0.039699228105944784,-0.013508644089697134,0.004037299157514551,Миякинский,Республика Башкортостан
70,-0.18926986231264112,0.04535718838994468,-0.026410561581349818,-0.031639407361579386,-0.10594272235221854,0.0565588314105972,0.03859355137256919,0.007406462953639069,-0.05722371387730756,Нуримановский,Республика Башкортостан
71,-0.1793709979637442,-0.13467393677742281,-0.023743571803259794,0.23165818944316938,0.1483212780147244,-0.28363863037181675,0.020354043869482544,0.011553389650951438,-0.01280985191381268,Салаватский,Республика Башкортостан
72,-0.40085014116207957,-0.06372017969075937,0.34757475452093894,-0.3158058148415414,0.2209638763594223,-0.25108930784266675,0.07400796389730413,-0.017398931842943815,-0.07530753981080511,Стерлибашевский,Республика Башкортостан
73,0.16534763880707404,-0.37761770247046056,-0.05907205705109451,0.6469545725580843,0.17230341552595274,-0.4446449000570863,0.026078104740464368,-0.0044581840541702,-0.03059670145153078,Стерлитамакский,Республика Башкортостан
74,-0.25835891163215347,-0.016146361624337118,0.14864552413987717,-0.24669068217909,0.3185974930621745,-0.2664826448932304,0.03179861064766467,0.0033107439798755376,0.0682011323635512,Татышлинский,Республика Башкортостан
75,0.07992696329879483,-0.2001292129974468,-0.02101963443675775,0.5248541677286443,0.07420962742176547,-0.4399916192108118,0.025841649038433223,0.005934944683217827,0.017275980748951796,Туймазинский,Республика Башкортостан
76,0.21263638753645267,-0.39157802478077625,-0.11171614035213408,0.658055173543334,0.12543971187587719,-0.34227739178090616,0.04791164426318487,-0.01206569257787111,-0.06457846781457754,Уфимский,Республика Башкортостан
77,0.106871409670889,-0.2760470987088783,0.06080069641873711,0.46630357236417347,0.08480926012094765,-0.3979431016895858,0.032922915780026575,-0.0018716638846929489,-0.029149365356732775,Учалинский,Республика Башкортостан
78,-0.3278984660833863,0.06617772634110147,0.26585182471696894,-0.3950562130363758,0.1289876268039644,-0.12803763632026402,0.08571417962989925,0.014288971660905389,0.05439733070769189,Федоровский,Республика Башкортостан
79,-0.09345536148144713,-0.11889766536394407,-0.026846922100656256,0.14760665191757832,0.1547584870397396,-0.2186972229873235,0.0234688216403619,0.01437126299957595,-0.03188133042834155,Хайбуллинский,Республика Башкортостан
80,-0.2559553146279923,0.017375266178268584,0.27258762816048354,-0.14318420174543772,0.19143073093744387,-0.40028609502536394,0.05673057703537636,-0.021747528314066917,0.02850339504955222,Чекмагушевский,Республика Башкортостан
81,0.006998121760565838,-0.15883080354806742,-0.05536923548074777,0.4113534037767094,0.06783534034023797,-0.32706537658273843,0.022185529592248423,-0.016179833724155733,-0.056748019932508185,Чишминский,Республика Башкортостан
82,-0.35574635265339394,0.08148715359822702,0.06873972094006596,0.02218992781541505,0.12805299049010774,-0.3625464643384206,0.0731332754954772,-0.014477795756351627,-0.03860697818557531,Шаранский,Республика Башкортостан
83,-0.1228075490669193,-0.15732094970262564,0.05481399258046177,0.3498675481473817,0.08867374014621891,-0.3981110026660412,0.027711228444544597,-0.009661389601446205,-0.020126257307797213,Янаульский,Республика Башкортостан
167,0.016793869146576695,-0.753672718912637,0.05499215247098412,0.5887305451673689,0.21586457918166624,-0.1679912294019877,0.04196413729030366,0.012136887987976479,0.023289646169220652,Нальчик,Кабардино-Балкарская Республика
168,-0.24671919343780555,-0.6991207545247038,0.23025928746002497,0.16335120067132164,0.18218248571569193,0.06125110918306074,0.06150927443708068,-0.017231715403491544,0.09376719682871942,Баксан,Кабардино-Балкарская Республика
169,-0.13950170598404013,-0.44079666862971284,0.10483047467418528,0.004891174908458011,-0.05875532991505209,0.32775367746751466,0.032317278256833774,-0.002705153633865152,0.11046681309259948,Прохладный,Кабардино-Балкарская Республика
173,-0.27431666206816946,-0.2649263924321622,0.2313215519852653,-0.602934496555705,0.013806720177573784,0.560655945330423,0.03098870696576847,-0.017530027983457246,0.24940379621806966,Майский,Кабардино-Балкарская Республика
181,-0.2892220075066038,0.05710899308235553,0.21136970174403666,-0.8686930001551542,0.11207072992721127,0.42606690390694407,0.037712551955117996,0.013820468340358086,0.14872108066584158,Городовиковский,Республика Калмыкия
184,-0.22767149747659662,0.18372729028833165,0.2048635141312606,-0.7660344567036493,-0.049370381957344146,0.3647373627467958,0.03158611352376356,0.026765767451926315,0.33411642772229566,Лаганский,Республика Калмыкия
185,-0.31225771129138,-0.3166474780155943,0.1350303559600026,-0.6884532099216375,0.3852407966902329,0.4227528637923923,0.046256648424000076,0.005935221780313915,0.3023131408950543,Малодербетовский,Республика Калмыкия
188,-0.20700388541565817,-0.05992910258365575,-0.02639464573221978,-0.339849982304916,0.0840365569723693,0.2800605021538158,0.053638571183049585,0.02394897376446455,0.00840371028370912,Сарпинский,Республика Калмыкия
191,-0.1865471016693475,-0.16719126878945176,0.003057552532631976,-0.6565172493838255,0.3352649914864396,0.42330930265960104,0.05441878784456223,0.03460171724978212,0.38700667195460103,Юстинский,Республика Калмыкия
194,-0.025984420612194265,-0.568616705373717,0.11478882151960218,0.6297331397109948,-0.08330513012973258,-0.15467679722175337,0.0249944190629733,0.003981361714322431,-0.029585368718690958,Черкесский,Карачаево-Черкесская Республика
195,-0.2184478022898532,-0.5089952739528508,0.08938140808950944,0.2349297962665674,-0.12299473953555629,0.24560213763772487,0.04771547554426895,0.0038124800988065533,0.07521764245722397,Карачаевский,Карачаево-Черкесская Республика
196,-0.11101926589755062,-0.6282764551542298,-0.006272755054741286,0.5544890733097169,0.1311901386939477,-0.11320667328929795,0.05253651053389414,0.023888351280455817,-0.016446280605109404,Абазинский,Карачаево-Черкесская Республика
198,-0.15691948364741207,-0.4278992285353878,0.1663779514475267,-0.21059798880715794,0.1185668077223585,0.2914757866780549,0.02389197885459792,-0.01872930181478613,0.006259924359094199,Зеленчукский,Карачаево-Черкесская Республика
201,-0.13806415933326144,-0.5296103662690445,0.011452237856747038,0.4156330446318452,0.1938031223456473,-0.15335471005980103,0.056696766021251996,0.0005591277864826308,0.005015126953460254,Ногайский,Карачаево-Черкесская Республика
203,-0.1583844934732801,-0.24873832618515876,-0.02834203319847049,-0.2631418913382015,-0.1981324070771212,0.6762779863043464,0.031639004091536777,0.011298247149228743,-0.030605557451814758,Урупский,Карачаево-Черкесская Республика
204,-0.2907259376911322,-0.44449006151990034,0.26580847626324117,0.32897752935955127,-0.21737129311867406,0.004998677521176609,0.05945084969951434,0.002615681758765994,0.09447199385994243,Усть-Джегутинский,Карачаево-Черкесская Республика
205,-0.31013016156523193,-0.5318059231666316,0.06570571577785346,0.3876523430966179,0.20698833368851033,-0.19061714089095516,0.0591400418317112,0.016742907926277584,0.024207112041678525,Хабезский,Карачаево-Черкесская Республика
206,0.47586842939199747,-0.3471666572947491,-0.08569541867569436,0.686994054295456,-0.03203416398097366,-0.28417448583864413,0.026493511952530042,0.0026537042506667627,-0.04959298357761699,Петрозаводский,Республика Карелия
207,0.5102309469819036,-0.21787406106409402,-0.2523840379611644,0.5753009692703136,-0.18010148971003356,0.012981947970373386,0.04699471319957664,0.01847953012188745,0.03246566746407975,Костомукшский,Республика Карелия
208,0.27526266535586325,0.10311821605527166,-0.055411881862725186,-0.23850350962871883,-0.13866748753655037,0.26738799147811676,0.0338549847963069,0.011984234189894008,0.07169311383978327,Беломорский,Республика Карелия
209,0.3184478648378173,0.04215565915830494,-0.25818146325896785,-0.26670143903759685,0.23356876814206318,0.1870818035015903,0.0358995995835224,0.035540079257232016,0.11962619944488373,Калевальский,Республика Карелия
210,0.20828575478696298,0.13442008906242003,-0.14274914809624376,-0.12090317536313398,-0.3009436805732734,0.3680992434756254,0.057511862967956594,-0.008420867282084096,-0.028764339916016235,Кемский,Республика Карелия
211,0.1576991993421153,-0.0077223397741995785,-0.1587854987889529,0.41405695568494877,-0.2783417649482211,-0.031284023668181116,0.04464753937098769,0.009802650075483163,-0.024087087532754126,Кондопожский,Республика Карелия
212,0.2509155471356277,-0.06403964172546338,-0.20422693560092306,-0.14834134464717294,-0.07417792245331745,0.4287091729322705,0.02678969505909754,0.021804438869901466,0.023365196329804442,Лахденпохский,Республика Карелия
213,0.32671446093348844,0.11410790676877075,-0.13545580299005291,-0.2892494104583418,-0.09898787641146649,0.3475085115964848,0.024904446445366893,0.01905394823735655,0.08312605985405408,Лоухский,Республика Карелия
214,0.18800558935066217,0.0957117411167595,-0.14772361509287918,-0.14378451206426998,-0.122235155819069,0.25595487036485337,0.02378957812419372,-0.0038491063894198485,0.0460544015223352,Медвежьегорский,Республика Карелия
215,0.21137122428107671,0.13049871798585538,-0.08046520909915712,-0.2738899180125628,-0.06751833138840597,0.2292980690196651,0.04164178059843656,0.045572293813923664,0.16160891401076752,Муезерский,Республика Карелия
216,0.10498041228634247,0.13513963725894967,-0.16167273674651633,-0.08439446042908282,-0.13979135056947437,0.1886422389915187,0.02412112085393331,0.011994725667806128,-0.04134831039613914,Олонецкий,Республика Карелия
217,0.23065045889663413,0.04328107808412731,-0.1973243085467132,0.055002043148332624,-0.1897754225173628,0.22673993833701092,0.030579780664436576,0.01761644388600661,0.029475756065362475,Питкярантский,Республика Карелия
218,0.37296704353882587,-0.23500031521283218,-0.27238198853642953,0.47465299348879375,0.04025795433977697,-0.06960531557391542,0.0813170967936405,0.07366778690983254,0.005386449960954905,Прионежский,Республика Карелия
219,0.04457762976542649,0.22680893268970492,-0.1732354090406442,-0.06442575517585834,-0.3437118382634532,0.29248739829564485,0.06010442404761965,0.033902600668915824,-0.051484661528034464,Пряжинский,Республика Карелия
220,0.1182979526932401,0.16317653804994228,-0.05932466013557245,-0.3068324950893505,0.022606851430126678,0.11829709425024769,0.027582345077422903,0.017034987823452873,0.09415446400340159,Пудожский,Республика Карелия
221,0.2666476830203679,0.0628810172702961,-0.23727514736910016,0.1316323612876004,-0.22889347848031652,0.20957857579691427,0.03591718387383732,-0.0014246383299446237,0.0330507550669073,Сегежский,Республика Карелия
222,0.3681439710074727,-0.169908734089906,-0.1621899903019384,0.2302581820119505,-0.10057443384591913,0.14033830473120698,0.03737800787710718,0.013434772546103832,0.05837355327210514,Сортавальский,Республика Карелия
223,0.12799707609362287,0.22670085836099593,-0.055158081558834816,-0.3192452358435179,-0.25663101277555617,0.3422568003223072,0.04178457708318389,0.008914363472407963,0.08385913028045655,Суоярвский,Республика Карелия
224,0.37131694826384454,-0.2175702073130015,-0.09016520751447475,0.5660538040670021,-0.013131939869199583,-0.3072631208649323,0.022402540759812937,0.021985626278178867,-0.008479863590931927,Сыктывкар,Республика Коми
225,0.5431767537098794,-0.11058937438825402,-0.16860531386527025,0.7089927235334139,-0.5152166213441042,0.023341914569608973,0.059436477792795664,0.07174025310170289,0.10800813478856412,Воркута,Республика Коми
226,0.195448882337659,0.037014837016765056,-0.25643984308725426,0.5017583616274881,-0.43670350129137064,0.09229347423976651,0.05858411007725083,0.04833266262038113,0.029101430528506556,Вуктыл,Республика Коми
227,0.40722388164150053,0.12124720225362352,-0.03293838971911861,0.24093818862680838,-0.5735392979470278,0.18221562529110824,0.04376919708922594,0.04919097816257506,0.1591753686980607,Инта,Республика Коми
228,0.4413456900096923,-0.1504638263462153,-0.07103584116342648,0.5657097862090987,-0.3363864295840531,-0.06990036061001005,0.05539675537089377,0.06836157359155487,0.11472729549952147,Усинск,Республика Коми
229,0.3866174390538659,-0.1609826132048581,-0.07584277201229152,0.6240142679076209,-0.1956654206154683,-0.2536001335696087,0.031127917116753123,0.03367797002884313,0.025553703808423183,Ухта,Республика Коми
230,0.0957647032320698,0.2272563594030885,-0.22244790938198142,-0.23349818213159024,0.09997488261633518,0.0666381779995434,0.052264421551214774,0.050914588948409494,0.13174053555514023,Ижемский,Республика Коми
231,0.14633581602569726,0.1712577411854488,-0.1802654178507317,0.049142188410589684,-0.19879434388851466,0.09658316064860349,0.04059529177523092,0.027285651091155893,-0.03815564216174746,Княжпогостский,Республика Коми
232,-0.0436847661242367,0.3386003709521463,-0.0628465843384818,-0.4264219739071045,0.09954086588323748,-0.010949350084402917,0.06070530366297686,0.025856021843126437,-0.018376666976434808,Койгородский,Республика Коми
233,-0.15026347000671936,0.36721571386662427,-0.16008956588769102,-0.4094564675274374,-0.09053991540123534,0.2307935634551331,0.08081917600324212,0.018101915939583806,0.025083646011685407,Корткеросский,Республика Коми
234,0.3557174763746857,-0.05204722296276004,-0.0664136832187401,0.5598603475290483,-0.3832067610171965,-0.12026935182495856,0.0331567005788729,0.03470522916778709,0.039574996941684946,Печора,Республика Коми
235,-0.09549060008396111,0.23259599900515984,-0.0815128701256454,-0.18099246750761777,-0.008989711314813334,-0.023177621551689953,0.06315252357971127,0.020788512465307177,0.034529165336916856,Прилузский,Республика Коми
236,0.2015174888541252,0.050686629889599245,-0.12460285906712944,0.41127351608314333,-0.3905626054670877,-0.008871352933131108,0.03492730774798198,0.014976153515245644,0.033868570761006654,Сосногорск,Республика Коми
237,0.1804672906588678,0.019528397649025753,-0.20157731908835297,0.27248124137718716,-0.0033258445865280706,-0.14918314684593653,0.038343374129449825,0.02084043642741958,0.024427638949439983,Сыктывдинский,Республика Коми
238,-0.06903813492282647,0.35498650962362605,-0.06121681345479977,-0.2817183836396708,0.0014295842363496087,-0.07555756826011034,0.05479580911097626,0.021441544404627266,0.04021122143441027,Сысольский,Республика Коми
239,0.11328679578538654,0.2680822557425718,0.03225430134168633,-0.5470349081868607,-0.15099127860238828,0.3356129582103852,0.039316987991664616,0.02675047102629033,0.20383466562254834,Троицко-Печорский,Республика Коми
240,0.11126924009952743,0.2331747013373304,-0.09122363074080851,-0.20404334273101218,-0.09976995141044072,0.09978555205032434,0.03592285563633582,0.041164665745821484,0.12544133363513366,Удорский,Республика Коми
241,0.11267436847328612,0.21668088139159392,-0.1546386801045953,0.010988709402652008,-0.34253759812040857,0.2074300159361516,0.04090000310966108,0.0003690219577843999,0.015402259836866198,Усть-Вымский,Республика Коми
242,-0.10424257476377341,0.18125450234271812,-0.054374975475092235,-0.33996522152903436,0.10118380967345464,0.04982521349334773,0.045259915646306034,0.026581906976472558,-0.0949760553112791,Усть-Куломский,Республика Коми
243,0.07207807294165236,0.22885953197841055,-0.043928238299636935,-0.301690984791126,0.18557831234441813,-0.13089529272667025,0.08428300077339347,0.05995904204303263,0.1377914285049039,Усть-Цилемский,Республика Коми
269,0.10993390492308668,-0.37212491577817547,-0.05210752789619438,0.697260162400175,-0.013074860526034312,-0.3220295296943758,0.026237687761996153,-0.020023047311223365,-0.058738921212882454,Йошкар-Ола,Республика Марий Эл
270,-0.03255051245015158,-0.1013744972514272,-0.08213622855730257,0.38801906301901434,-0.3336111952569529,0.06702618655206255,0.036346284757248784,-0.033687982752446104,-0.07895118519592809,Волжск,Республика Марий Эл
271,-0.09717050370770323,0.0640760850713943,0.009560114489088537,-0.22637529667857215,-0.13695878724181734,0.22762121286530138,0.027086338100226936,-0.01831869795970475,-0.05887354001325205,Козьмодемьянск,Республика Марий Эл
272,-0.21733272145050084,0.02471928095321102,-0.16639822013022174,-0.06392410101543268,0.12717873958972506,0.016347629108113364,0.026620150916361173,-0.011599654595015135,-0.1064964713947072,Волжский,Республика Марий Эл
273,-0.3541641187277393,0.09515022857210226,-0.08409706202865092,-0.09813459093364195,0.19453852117809156,-0.16953376828250688,0.03157094925985967,-0.012428880084598248,-0.03670174628572274,Горномарийский,Республика Марий Эл
274,-0.09914733061322178,-0.014849942511827937,0.026908180025122796,-0.06880180849072509,-0.033124687776032204,0.027791587258856425,0.024043666992253472,-0.008778319979319363,0.03979126342101888,Звениговский,Республика Марий Эл
275,-0.24117966403813998,0.22653275407760018,-0.1239817368808997,-0.3568997819019201,0.025864047542288954,0.16640804566832618,0.033776744010991885,0.0016701787017493752,0.06280145172853953,Килемарский,Республика Марий Эл
276,-0.3760693895086061,0.2489454110762421,0.06045019631820372,-0.14831595278144066,-0.14289516855743312,-0.08026115755017643,0.04696127199660969,-0.012754046291125401,-0.06315202846676315,Куженерский,Республика Марий Эл
277,-0.36534972532493554,0.21513984280584852,0.044799038687594404,-0.2996287596273704,0.04794475720620787,-0.07033155056688546,0.02240128238610295,0.0038229967229498154,-0.03701326825804178,Мари-Турекский,Республика Марий Эл
278,0.1146613098450991,-0.34964849904913003,-0.12718804135383693,0.5898748667412567,0.09206784578776495,-0.2671828436206603,0.0439648426608852,-0.010690090394788848,-0.048829445308124754,Медведевский,Республика Марий Эл
279,-0.3835783572763438,0.23619332707255924,-0.07739904548162567,-0.11445969051305614,-0.0926554437761495,-0.013755818796333938,0.03569323799240265,-0.0034262314389745807,-0.03529792452619215,Моркинский,Республика Марий Эл
280,-0.3316442289046684,0.29102267550198513,-0.07799337185877421,-0.42085555363031785,-0.055120785282525585,0.20087036377502607,0.04241421146923939,-0.016538119089808845,0.023087960915388006,Новоторъяльский,Республика Марий Эл
281,-0.3236338753821258,0.26168267229966274,-0.037392753199016936,-0.30335547882704633,-0.07961755880634318,0.09660644703813687,0.07059705045285254,-0.04272614707270859,-0.011875610125881675,Оршанский,Республика Марий Эл
282,-0.4168627546468307,0.24016267282570558,0.07655258620844439,-0.4124841074980548,0.01587815279709052,0.01781402417220999,0.038259203507416364,-0.013008017430515847,0.009919891965252928,Параньгинский,Республика Марий Эл
283,-0.2529479176035075,0.03281043907477623,-0.1638198561339677,0.2731956568630145,-0.07280454575414934,-0.13145836554427823,0.03629835362480621,-0.017386850334702497,-0.03542535277537281,Сернурский,Республика Марий Эл
284,-0.24682635050949822,0.08953349017193463,-0.24113713474959445,0.215731282640391,-0.10850154258963063,-0.017702766967706136,0.03835965902535525,-0.009181391771839825,-0.01010629374792608,Советский,Республика Марий Эл
285,-0.3257990128326312,0.3463507076449624,0.06682051760321274,-0.8389431883130652,0.0007668219309513447,0.3629284696393327,0.04262742697437825,-0.003783991853454516,-0.01216054359962171,Юринский,Республика Марий Эл
287,-0.414035394816451,0.0955217221787627,0.284596712250827,-0.5825955287034837,-0.0803738599330126,0.2207742827123004,0.036831643812874126,-0.025940453177965745,-0.09252950567140061,Ардатовский,Республика Мордовия
288,-0.3446685266698289,0.06272689504194785,0.16410971475729447,-0.7434148856350343,0.18427801017723866,0.27022359416394787,0.03535094952521921,-0.00468835017207353,-0.2110506984986472,Атюрьевский,Республика Мордовия
289,-0.2773471821600546,0.06195661568822144,0.2507745929172349,-0.46776285805363277,-0.09950919681833999,0.1924641747719109,0.024841686788664323,-0.005199673150166524,-0.0688228976544587,Атяшевский,Республика Мордовия
290,-0.39514517772295915,0.35827674064241566,0.4841584189180735,-1.1379814579784564,0.048151378634520826,0.18531824828883972,0.041950927693147635,0.0012727004695537631,0.023200612559276374,Большеберезниковский,Республика Мордовия
292,-0.4245968776593719,0.11584498073165837,0.4401838165973537,-1.0985064063677554,0.2000367472380744,0.2803641903060628,0.04253057404024558,-0.009358735625076628,-0.061324456845174215,Дубенский,Республика Мордовия
293,-0.27686615529175573,0.1359610114893802,0.3202373056412397,-0.8613958308200678,-0.022752686158995433,0.3658735283538385,0.033571921423352684,-0.016140973550567095,-0.1255239793120031,Ельниковский,Республика Мордовия
294,-0.15772272768886664,-0.01978983158759756,0.003867677587904942,-0.4712725334737861,0.11685275477259634,0.30826526120627623,0.024350561109366016,-0.007538199893273312,0.06876381506017508,Зубово-Полянский,Республика Мордовия
295,-0.22207000679022024,0.1651520403221625,0.20723692359837945,-0.7440566064548902,-0.0065300313009844695,0.3161210023407275,0.022094725233208504,-0.0029954350026083023,-0.11127739586923198,Инсарский,Республика Мордовия
296,-0.2412533792349608,0.27336480235531746,0.31932274948026346,-1.046570488339935,0.1002400785917082,0.29156618641804033,0.03231419646784843,-0.014901405648058669,0.12285992366886893,Ичалковский,Республика Мордовия
297,-0.23632242450988997,0.17292222977774055,0.36121502988535076,-0.9594720563570275,0.017973037969663725,0.34528508722966694,0.040718754657830085,-0.030553244587301954,-0.23487608224204917,Кадошкинский,Республика Мордовия
298,-0.1552954755062775,-0.023209495910105443,0.07342271477186645,-0.004793991769063273,-0.15402270173762586,0.04652680315032318,0.013488976376430062,-0.008377843643287225,-0.0024586869392104805,Ковылкинский,Республика Мордовия
300,-0.276916077891702,0.04644539006061175,0.18803074984848553,-0.3314182073803204,-0.11808886702245598,0.1529542629990728,0.028717286498916524,-0.0012679585021250772,0.08317613085699764,Краснослободский,Республика Мордовия
301,-0.020333936297030508,-0.11937675268106053,0.040931222071153316,-0.012172143215850048,0.177947017662869,-0.14940601533171724,0.06028789222114477,-0.010838486842621453,-0.03161063601569236,Лямбирский,Республика Мордовия
302,-0.29521266860946455,0.17528867292293618,0.28957252822404117,-0.6462864213405729,-0.15536203549049674,0.274710584189487,0.03837680942529304,0.006436123423521567,0.1861404678284109,Ромодановский,Республика Мордовия
303,-0.016375418117034357,-0.06412034269423826,0.07134120930819386,0.060508412010022126,-0.1620365942991386,0.032230644180554525,0.02093896286009234,-0.01987259452302344,-0.005969631142661733,Рузаевский,Республика Мордовия
304,-0.3959601186106782,0.3024139530347001,0.3259907841523871,-1.028175478170337,-0.024125596776594798,0.36181966626523904,0.08014826943664029,-0.03379694205626151,-0.29159312363936435,Старошайговский,Республика Мордовия
305,-0.25085656413779817,0.08167512308131651,0.150640104529495,-0.5999435651315789,0.0755566835788658,0.2299949824472959,0.020840370308040587,-0.010413397275579902,-0.042224459475600905,Темниковский,Республика Мордовия
306,-0.32162967701207507,0.07363528303236867,0.2558918938004607,-1.1037439636082484,0.20519227855175448,0.5069478367290595,0.046731895578594994,-0.03612873078629055,-0.04300129103129158,Теньгушевский,Республика Мордовия
307,-0.10179032557121492,0.08008555911161758,0.11043178090076672,-0.5166565682980703,-0.05724626599034003,0.32130882278141987,0.014060085530493822,0.0007906962723676821,0.030510544692544994,Торбеевский,Республика Мордовия
308,-0.11022204762583347,-0.02025214239328545,0.10131033076738162,-0.00776901858188415,-0.206296631544404,0.07093079025758654,0.020007183900757168,0.0044387247410200325,-0.019395107700726315,Чамзинский,Республика Мордовия
309,0.5847735654541407,-0.2700925313635437,-0.14083842102662308,1.2102397827775675,0.21441263106989947,-1.0757981329519064,0.046102361386016276,0.049702944707280795,-0.0024602065019580324,Якутск,Республика Саха (Якутия)
312,0.5197640198428372,-0.07862903796149702,-0.12894434180192665,0.5030863076263168,-0.04476689700447489,-0.31282270235302373,0.04766159301144735,0.06060881341980717,0.09412721911977513,Алданский,Республика Саха (Якутия)
314,0.19497916532991377,0.158016165460587,-0.18606272678126587,0.7078410702696253,0.535089781262709,-1.2769609617062603,0.07282044006089008,0.08740521407454027,0.13729763650856494,Амгинский,Республика Саха (Якутия)
316,0.6561813551174449,0.3376578922561482,-0.032791368395277465,1.1488610818268812,-0.7191256535890197,-0.7966786235933374,0.12283359445470315,0.16850554468563228,0.34797261754220704,Булунский,Республика Саха (Якутия)
317,0.16311032214601284,0.18770098894569529,-0.292341405960658,0.6714273602208731,0.41850325402193045,-1.047366868722446,0.05122995583843689,0.057074912001099376,0.17426891439798797,Верхневилюйский,Республика Саха (Якутия)
318,0.7115634839981672,0.5612283241584902,0.3436818692445487,-0.027117184628166684,0.0006642256510713818,-0.9405339059205501,0.09186451047896879,0.10609043076021385,0.7097484688903886,Верхнеколымский,Республика Саха (Якутия)
319,0.4581883031386141,0.45934542414818685,0.09674476958827388,0.33168046740620455,0.09810119017157297,-1.0479485228088439,0.12020097733114712,0.17811841859718414,0.6121230338702507,Верхоянский,Республика Саха (Якутия)
320,0.2140808508347883,0.05991505740052433,-0.13679254688863324,0.7689327328567773,0.25703476457253605,-1.011166679435812,0.06380833640418762,0.06166548769248498,0.13951343465224733,Вилюйский,Республика Саха (Якутия)
321,0.07054432904910153,0.08863772871410282,-0.3864660390055578,0.3501048840274214,0.3112424464244971,-0.42559569165506944,0.05736907134264431,0.031222455924386928,0.1559032372405383,Горный,Республика Саха (Якутия)
323,0.27716469552438405,0.17381577479677102,-0.006186379774506219,0.7697230356637652,0.06327563870403345,-1.0627047408846695,0.08971483359546377,0.0856295012995228,0.26128192020935015,Кобяйский,Республика Саха (Якутия)
324,0.22620301616010022,0.003932586234011511,-0.027942195063272612,0.5417538657478168,0.2915900389560562,-0.8714109673692173,0.06401189633897345,0.08321284637784442,0.14853282140484672,Нюрбинский,Республика Саха (Якутия)
325,0.5077247734811956,-0.06834461522993006,-0.2349832949925453,0.5802351834096577,-0.10554255890417348,-0.23344138577761533,0.055280026695190006,0.07210963111869928,0.09987225677887464,Ленский,Республика Саха (Якутия)
326,0.2268127476061411,-0.06736991869945957,-0.3444232414085393,0.6832342464839206,0.5018790802686001,-0.8353968381391268,0.05234912787674462,0.047947339857298925,0.03478575189832963,Мегино-Кангаласский,Республика Саха (Якутия)
327,0.5242474162753056,-0.1196850729913236,-0.25188673453094385,0.818057197468344,-0.3502534099217973,-0.15830865151888537,0.049309964584338034,0.06900159396914991,0.05776446798551612,Мирнинский,Республика Саха (Якутия)
329,0.22058395294498392,-0.10806680354595576,-0.3700552244773023,0.7835105813995026,0.4048834490027466,-0.7723486738735971,0.07816374505893493,0.05744853664157692,0.017993896270083336,Намский,Республика Саха (Якутия)
330,0.5624899302972036,-0.08930518571485856,-0.16729852266775333,0.7478683885490156,-0.21164440917188052,-0.34169694248912874,0.046632490058452325,0.05389731316393461,0.0634891290327652,Нерюнгринский,Республика Саха (Якутия)
331,0.7592479162384415,0.27318277156297804,-0.18263277426292013,1.242639995587439,-0.15186977340654548,-1.2433968909755568,0.09036748903510092,0.09945120811604728,0.1634993791467243,Нижнеколымский,Республика Саха (Якутия)
332,0.6546764167590279,0.1621166034597782,-0.14100964002046604,0.7684291555479446,-0.13677939310054166,-0.7148333973813207,0.08722019105483372,0.08330835674623667,0.18335339724446498,Оймяконский,Республика Саха (Якутия)
333,0.4766769509894251,-0.07973497464530234,-0.18806554770819464,0.37333857922121333,-0.07460401837418817,-0.09301070998813371,0.061080701814336655,0.08343069262760723,0.16709728016734374,Олекминский,Республика Саха (Якутия)
334,0.5511849302793815,0.2649043670043689,-0.3577294699495552,0.9105641665545064,0.24920813793587346,-1.1290238730397992,0.11275776135056918,0.15301434672686873,0.36749070924551225,Оленекский,Республика Саха (Якутия)
335,0.43469265096473203,0.6513553009241303,-0.08465145422294194,0.641134505022111,0.014797638672155333,-1.2847126618900617,0.10471011799290167,0.15325401188889176,0.4705848262410426,Среднеколымский,Республика Саха (Якутия)
336,0.2234513921189513,0.19727850620567758,-0.20938479253138711,0.23043749767463925,0.3378142123761974,-0.6182220952197318,0.07193035440481046,0.08416124606156788,0.3018886116029183,Сунтарский,Республика Саха (Якутия)
337,0.0882133568715362,0.1052421399305865,-0.16520346840802227,0.4697202133661474,0.5677868478152206,-1.039622404198538,0.06931674246656151,0.08186232161619533,0.19084354448497517,Таттинский,Республика Саха (Якутия)
338,0.4238454625547734,0.31295343610235177,-0.3335757516403466,0.45980273784552494,0.22102408222519263,-0.7222811760273292,0.07198426435950882,0.08545468780497223,0.27966159252797596,Томпонский,Республика Саха (Якутия)
339,0.057031289072796344,0.12420523477606095,-0.1667930328854422,0.545896049362039,0.6060649188571491,-1.171449841604413,0.07664077063920374,0.08989714404699756,0.2500424737916648,Усть-Алданский,Республика Саха (Якутия)
340,0.43233537580139414,0.3324312268481216,-0.06693217277723397,0.20464155510807022,0.2347818995659642,-0.766999180239528,0.09052728865440066,0.04847474434547546,0.1341277093474407,Усть-Майский,Республика Саха (Якутия)
341,0.6511502378000569,0.5056216509775643,-0.020707631618348155,0.47982491006071787,-0.2714904957918329,-0.755325105122707,0.1096458082219866,0.12320162521371018,0.645729539741154,Усть-Янский,Республика Саха (Якутия)
342,0.23368983395603796,0.03989196400824004,-0.34040109197276774,0.5599908152754033,0.18525452864799238,-0.5068128874534742,0.06545011804906131,0.04984709251346414,0.16135727197363162,Хангаласский,Республика Саха (Якутия)
343,0.13893363518341095,0.13540735573966836,-0.1992969081922551,0.5778113065117033,0.6833116691342932,-1.2593100946880154,0.0734332356070363,0.0700024004673178,0.07623307398380408,Чурапчинский,Республика Саха (Якутия)
345,0.18776884476739228,-0.8216449507662992,0.019173209792237262,0.6539252029510053,0.2442307030620937,-0.1577608365336429,0.053075918256923066,0.009220099437310456,0.03850265924197934,Владикавказ,Республика Северная Осетия — Алания
346,-0.06768132895509489,-0.971722317108861,0.1581109675122003,0.6825605254565591,-0.01218694859195324,0.08116110123744937,0.06236044900574796,0.004042986583399073,-0.052139965332276904,Алагирский,Республика Северная Осетия — Алания
347,-0.11006170984352177,-0.7653407783637355,0.2312124025436182,0.0615180868182186,0.1659425819488188,0.24459103555847425,0.07620190179806913,0.025746759222004856,0.0658090033134244,Ардонский,Республика Северная Осетия — Алания
348,-0.12229260130845428,-0.71631639924427,0.2683613365799666,-0.14019231670838808,0.1843350110127594,0.34173569686532557,0.07038864601740628,0.011147096175798968,0.09671456927027422,Дигорский,Республика Северная Осетия — Алания
349,-0.2595753989788721,-0.4034968264348044,0.3015568672299289,-0.41975756020097793,0.24077283601387703,0.21884801189737177,0.06844993142601062,0.0067448491756196645,0.0034851389859894186,Ирафский,Республика Северная Осетия — Алания
351,-0.01665462721791496,-0.43923168954115915,0.033994571714892785,0.16317247584854913,0.09542197119333669,0.08456599928977428,0.05068550898747766,0.00580307323448988,0.06260203750798143,Моздокский,Республика Северная Осетия — Алания
352,-0.07127347079598478,-0.7374195079392095,0.11595926281977333,0.35015151022263497,0.1509441365075198,0.058287926894676566,0.06526925760780893,0.006901849256437442,0.07993295779333827,Правобережный,Республика Северная Осетия — Алания
354,0.34280049808877916,-0.5397372018668561,-0.039861723864808705,0.8516105731853054,0.11595515955187667,-0.45004347850012166,0.03122990423948363,-0.004540560668813642,-0.03131030671345821,Казань,Республика Татарстан
355,0.22165608053614103,-0.4353093258677236,-0.06772372187255184,0.8188821729162887,0.08273664385421091,-0.46066244052483046,0.039185931125110714,-0.004913212961234602,-0.02794703309064713,Набережные Челны,Республика Татарстан
356,-0.21392328158676985,-0.014492891626016987,0.056569822170392504,0.20528515551800616,-0.1082026392127365,-0.20123611834425023,0.029156177135100006,-0.020446945506538944,-0.04555922816659788,Агрызский,Республика Татарстан
357,-0.09503432071827327,-0.1296713991629069,-0.07294385506665267,0.32746226936218953,0.04427365940147765,-0.23119734602871422,0.04075379785467057,-0.026237309016243247,-0.01865148406931727,Азнакаевский,Республика Татарстан
358,-0.35908601838387466,0.12264991902100902,0.011864219949816734,-0.4083254283126309,0.23951858348462515,-0.027783965637425523,0.03458620281612678,0.0006211656041262467,0.11120120013738881,Аксубаевский,Республика Татарстан
359,-0.3479605963486983,-0.0007203333898359957,-0.06976120945087333,0.20640525252212902,0.06808143243386715,-0.26608181360989364,0.041202784785882275,0.01263841803591187,-0.0897565651432698,Актанышский,Республика Татарстан
360,-0.12709298953366885,0.07905158224682209,-0.1422978679800508,-0.2306677523568069,0.014878974456335977,0.2169583921390935,0.029736968590086,0.002627792667168144,0.015930483936403228,Алексеевский,Республика Татарстан
361,-0.29606187246522947,0.06385214691930446,0.04804552625359654,-0.2629077179861454,0.20602139778606768,-0.11708802446742948,0.03927429440641678,-0.00896906164857586,-0.0644828663364777,Алькеевский,Республика Татарстан
362,0.19757410924014826,-0.369150857217927,-0.0644041599302916,0.6736540937139597,0.12470797865733889,-0.4268837267176846,0.02860153591575681,-0.004688842100808749,-0.015670700958109036,Альметьевский,Республика Татарстан
363,-0.42332050123204795,0.012978055337802738,0.039413521391385375,-0.03834411148840883,0.1275636165646519,-0.20368775330003608,0.04949960153331469,-0.003905967035229848,-0.11773012090690789,Апастовский,Республика Татарстан
364,-0.28768516914600845,-0.10114648029570396,-0.02668477538763923,0.09226520892901563,0.24948573984023792,-0.2759963645805163,0.029755775021811322,-0.014957858839248994,0.010595479761625226,Арский,Республика Татарстан
365,-0.4521211518180747,0.035543267214924824,0.08221393254113113,-0.030082782309251006,0.016299598173704372,-0.16605068711511398,0.06943128220964301,-0.02446624686724354,-0.12206730594067987,Атнинский,Республика Татарстан
366,-0.17680977097419284,-0.011291778183922482,-0.01703305397792933,-0.028660605087096835,0.08140877612008197,-0.08650001036573868,0.06325321100983154,-0.009204430526652327,-0.029243380097423805,Бавлинский,Республика Татарстан
367,-0.3231352286489592,-0.03207405917143963,0.12691413449340858,-0.1895795752574523,0.2840769160562426,-0.25141408761536593,0.030782329825744345,0.004196266105045736,-0.07983109617985622,Балтасинский,Республика Татарстан
368,0.10627237359734891,-0.19091546452197683,-0.11498044904519117,0.5262546698043266,-0.027759336939317165,-0.25467609079244774,0.02554491383526621,0.00030971151018643434,0.0052528772199263996,Бугульминский,Республика Татарстан
369,-0.24589396637028874,-0.04491676986598749,0.0016871907661094032,0.01184018373088704,0.19826582552009,-0.22895310164570523,0.01973726488979793,0.0015530198303878306,0.008322482687980267,Буинский,Республика Татарстан
370,0.02654885115803296,-0.28565368655939827,-0.2687437477289933,0.5662938525290666,-0.1381188659971245,0.06414577626184391,0.06781526692616753,-0.03608116595905179,-0.04450145781041189,Верхнеуслонский,Республика Татарстан
371,0.03742173304759314,-0.3158695548888328,-0.2673646550351773,0.5209848426496694,0.11117889291783971,-0.11100619713810368,0.06458292357134066,-0.011436831248016857,-0.036775103810508004,Высокогорский,Республика Татарстан
372,-0.43252266178432236,0.03345475491996732,0.022123774809045354,-0.4015291099539639,0.3416144533347844,-0.05774054460443854,0.04868764905872797,-0.03774850367253596,-0.07512538986598787,Дрожжановский,Республика Татарстан
373,0.15694831925584482,-0.38873070129484066,-0.13237449996917144,0.6880549813397776,0.08900390542262034,-0.3180303569929921,0.04762607163521834,-0.0034601726289558246,-0.01522605303378429,Елабужский,Республика Татарстан
374,-0.028666320577783216,-0.15269196245981984,-0.08878707353815446,0.35748994283796626,-0.03423885180556915,-0.14384872652902944,0.03154517049637956,0.0029558453573248536,0.03342406388088959,Заинский,Республика Татарстан
375,0.17283500845605082,-0.33311019579532214,-0.13831834890459185,0.6541281047427191,0.012465592062178935,-0.2572418235995901,0.03767750230471354,0.0001757156213377057,-0.008024222544403306,Зеленодольский,Республика Татарстан
376,-0.4033476757928522,0.1631990826289545,0.033625683888744075,-0.33921639068788806,0.1945328592161856,-0.11421790654060328,0.050059051129331206,-0.02114368056776204,-0.11940161010118704,Кайбицкий,Республика Татарстан
377,-0.20167332267211222,0.19460825099079013,0.09082252200911924,-0.6266712707916103,0.03135516709668529,0.24780865920040998,0.042147231044767315,0.020410452106640397,-0.04958266120481555,Камско-Устьинский,Республика Татарстан
378,-0.2680967398352228,-0.08572685120858382,-0.019837913058453116,0.07133252978433825,0.21104771693739902,-0.2388921539493054,0.04572199994589652,-0.007262808304000594,0.027187848841405227,Кукморский,Республика Татарстан
379,0.23471277651705794,-0.45885623391581015,-0.21564590574772632,0.6434744994338795,0.16388584344496915,-0.19493487470991755,0.060884017829547346,0.005001449778831851,-0.006769840835349668,Лаишевский,Республика Татарстан
380,0.08633411525653283,-0.22110697369259538,-0.03703697839404668,0.5221651072941982,-0.03503518110631576,-0.2910626455958451,0.030675225831549226,0.000893907840144865,-0.028788371149441622,Лениногорский,Республика Татарстан
381,-0.25911343649385216,0.034894559515274114,-0.002016322447014607,0.012581726350624064,0.07415043461268515,-0.18168706952617372,0.031607893589273045,0.0021120426012055473,-0.057284247423390854,Мамадышский,Республика Татарстан
382,-0.11934597077160329,-0.06320159954168704,-0.003911523471269125,0.21141932126063578,-0.164076548943095,-0.042306320799190666,0.05633829537252551,-0.018327484146235005,0.017812914497003802,Менделеевский,Республика Татарстан
383,-0.16797135989247627,-0.06127552009119717,-0.06706751692774503,0.24758738799410174,-0.028889574104113785,-0.15243144836565167,0.04188499600635524,-0.016020845855506755,-0.009212052233813236,Мензелинский,Республика Татарстан
384,-0.36081186439105917,0.08424942647794999,-0.08986248947448655,-0.06358842100978962,0.15474531101587197,-0.14762049850415118,0.049733094080259485,-0.012713698026211695,-0.06703946973926943,Муслюмовский,Республика Татарстан
385,0.13430470904308675,-0.3659388019444711,-0.0699849024813476,0.8263444797697715,-0.0010841402499191706,-0.45141330658864015,0.030771004318840545,-0.006447256963915358,-0.037715587147433206,Нижнекамский,Республика Татарстан
386,-0.247580395623367,0.06228586500782705,-0.1281586350487607,-0.25184483265074503,0.20703047920936388,0.04861045198770936,0.03848505830654237,0.000661346034045209,0.0851131902522521,Новошешминский,Республика Татарстан
387,-0.11782287793596231,-0.08516207135786956,0.014778403952583619,0.21158337833686489,0.01658240360353754,-0.219858786029722,0.0191251869275646,0.0016284564628195747,-0.040358875676821664,Нурлатский,Республика Татарстан
388,0.08388797778290935,-0.36733700524344776,-0.25139322876140247,0.5473063896198508,0.15034079875629655,-0.1409936258659031,0.03892624928603226,-0.0038318380097762303,-0.009865409144869849,Пестречинский,Республика Татарстан
390,-0.2951836927115477,-0.059187541844662885,-0.08085061668776071,0.11994539717166436,0.19297139340312305,-0.23495530353697056,0.04194608278686108,-0.01441890806933919,-0.0963178923843736,Сабинский,Республика Татарстан
391,-0.3265976023491384,-0.029536526320486294,0.13159403452786414,0.03634126642118587,-0.04976925479976705,-0.15070619132340263,0.062120464317002445,-0.026944036367901898,-0.0433827054306006,Сармановский,Республика Татарстан
392,-0.19146890437816425,0.019133316130032718,0.0498107109081952,-0.2839360978136118,-0.1460859414461921,0.2990013407269703,0.03539555076598867,-0.010644145764980267,0.09309463885913205,Спасский,Республика Татарстан
393,-0.27227567277363945,0.012083444253996859,0.09359383599323924,-0.2948403595576312,0.03823866820379063,0.08884773961199911,0.023858804806952513,-0.005942076300667139,0.0014262210600595553,Тетюшский,Республика Татарстан
395,-0.43376435358103294,0.05558037480163056,-0.0385237172277433,-0.37219783538838386,0.3506670616220364,-0.05760255530214533,0.0794660844535612,-0.012833269591775812,-0.037288767923912634,Тюлячинский,Республика Татарстан
396,-0.3455146638837013,-0.1187415856861686,-0.1296408872124844,0.23768237069443512,0.07017172533789995,-0.12154829462828814,0.05257345099980665,-0.007579476982295681,-0.017806814115850205,Черемшанский,Республика Татарстан
397,-0.011185491123230381,-0.13469618579306614,-0.17495362633215628,0.2694647373745806,0.06142500092621613,-0.0833165976701805,0.030944946911540445,-0.006486809234919657,0.007242225354933296,Чистопольский,Республика Татарстан
398,-0.24394837690165852,0.13337395716423103,0.013572229104468739,-0.20792284923774387,-0.08153545421968282,0.08043544569412125,0.06914198142876316,-0.027642189397839217,0.03787633584590803,Ютазинский,Республика Татарстан
401,-0.2805907415464361,0.018571384510940148,-0.5933523429531804,0.12628633843131348,0.45685878268149044,-0.07044083416516954,0.08764753708717345,0.08736963233136442,0.10145099303665633,Бай-Тайгинский,Республика Тыва
402,-0.2593376482509507,-0.25799862910854476,-0.5840543569077546,0.3461863654403168,0.5390648189915558,-0.10527486991017922,0.0679730806571125,0.01653684034100265,-0.02350217757332208,Барун-Хемчикский,Республика Тыва
403,-0.2571739058210472,-0.0808013478763414,-0.5880978573068926,0.022123495823153632,0.4414947853840822,0.1432042524813924,0.06953936787480962,0.05821893227361232,0.0687452137629846,Дзун-Хемчикский,Республика Тыва
404,-0.16639955418929855,-0.10141811851427061,-0.4051547603588854,0.14273629143996397,0.11976016119997372,0.1819997547386135,0.06092943647057662,0.034693424746175344,-0.018414232633773234,Каа-Хемский,Республика Тыва
405,0.10005972789242186,-0.3695814656339825,-0.3746509331647139,0.6857795679462703,0.4849693887261697,-0.48859322936834876,0.07638476905222306,0.04454771464932599,-0.007204429114588666,Кызылский,Республика Тыва
408,-0.1489623581012788,0.06831248433546994,-0.25520629335812145,-0.008559308820869397,0.0843050892281652,0.04907135712075067,0.07585624215956956,0.05305446625454859,0.02207065003504413,Пий-Хемский,Республика Тыва
410,-0.027201629417412,-0.21805607636978705,-0.640504415147057,0.5319130946895526,0.5449913481187317,-0.2804206227860462,0.07207237253420512,0.019322561068126392,0.024253378626281297,Тандинский,Республика Тыва
413,0.09265672025410969,-0.08058355506041553,-0.774612647104163,0.4003714472099605,0.24981284812393256,0.14293523533607974,0.07269777970313522,0.014857213547173986,0.040669385629211775,Тоджинский,Республика Тыва
414,-0.13203748946517369,-0.40689805043406685,-0.37299201791207887,0.6131489081599031,0.3410093995385983,-0.23634491084695886,0.06801833507541456,0.048473214610428826,-0.04111161586227504,Улуг-Хемский,Республика Тыва
416,-0.15052108286579294,-0.1529939909993015,-0.4988599229308183,0.3101817581894814,0.36914120309206605,-0.08954571884603307,0.1118873140525366,0.041566014472244124,0.03408478968386406,Чеди-Хольский,Республика Тыва
418,0.24911782934505786,-0.39716013113324067,0.023083774529824408,0.7389377171403751,0.04932875418658585,-0.47626678621814866,0.029087759686204796,-0.0017161722824064751,-0.05995378433481805,Ижевск,Удмуртская Республика
419,0.15838438721983228,-0.26845704095266815,0.0054045611185810265,0.6399383162830435,-0.10776249722379465,-0.3312000107197679,0.024950464872737863,-0.008418382321137155,-0.04376891143171591,Воткинск,Удмуртская Республика
420,0.05569266277343332,-0.24039084044910763,-0.017965367464318444,0.6974998022080788,-0.11309198621747218,-0.38812827957178575,0.030436451444261582,0.00865896941966778,-0.0930769996205959,Глазов,Удмуртская Республика
421,-0.07685170628787825,-0.17620812632563077,-0.027506841246207114,0.4111087128760875,0.0640121077802553,-0.3334825245791122,0.033504004459770316,0.005165040231710415,-0.028490956737316015,Можга,Удмуртская Республика
422,0.13975274839361496,-0.25634320763252877,-0.054081642889929026,0.6008654262593996,-0.04601980504994215,-0.30649744218160396,0.04217094120467326,0.01566280871319603,-0.0429288156396351,Сарапул,Удмуртская Республика
423,-0.29085688308762814,-0.05042624848272002,0.06489978703846801,0.02625585028511011,0.07342492864232648,-0.17623098897779102,0.03152712151725416,-0.006792111724113574,-0.0375689178575108,Алнашский,Удмуртская Республика
424,-0.2793768426893515,0.1527703089101621,0.09859070698401601,0.0712178443828349,-0.12858760409873612,-0.25606792767288344,0.03507365295780936,0.016661259826959023,-0.05336278235898174,Балезинский,Удмуртская Республика
425,-0.19347564979745227,0.09744070266193307,0.06821018820116692,0.010730087816557063,-0.019785543125578602,-0.2186721070486847,0.028428799104884783,-0.0021433307077044217,0.017231726532711756,Вавожский,Удмуртская Республика
428,-0.23161339486246893,0.1803927303630863,0.1553145393671393,-0.39330995667304003,-0.00770185805476394,0.003227873502972952,0.0340316723820474,-0.0027336516588537993,-0.051920886295474235,Граховский,Удмуртская Республика
429,-0.2509372954674695,0.18224212228433612,0.059702929007188786,-0.06884466188520261,-0.04731792537399696,-0.18785913552693065,0.05844037291015673,0.022282182096704167,-0.13055665936721092,Дебёсский,Удмуртская Республика
430,0.19826003312358567,-0.3405786206658563,-0.08039937189822227,0.6226091432898165,0.2075165135846724,-0.4712243358050144,0.05707178686873115,0.008813341892104818,-0.04778724932253723,Завьяловский,Удмуртская Республика
431,-0.1660044101166603,-0.004964287893982604,0.11063054999884515,0.12457103373207222,-0.0184593024492609,-0.27385466488228016,0.023836122256178427,0.005566577465257433,-0.07271916818822839,Игринский,Удмуртская Республика
432,-0.13114233233856218,0.10846921932586641,0.0873412182144384,0.14459541941912304,-0.3199324670746923,-0.08255006137934212,0.029539230353572192,0.0018181998384948217,-0.07631013191197109,Камбарский,Удмуртская Республика
433,-0.2839173810493676,0.2892252097619418,0.13377389422397873,-0.5005822720164269,0.018790858458453668,-0.0032843619225536025,0.05854595707412313,-0.014053404349808321,0.13682838733214278,Каракулинский,Удмуртская Республика
434,-0.26920886408410594,0.14505094424112083,0.12857540217537375,-0.11927153891729324,0.03595907619427289,-0.2523905551880792,0.025475336944548663,0.011870627065444209,-0.07729639212568483,Кезский,Удмуртская Республика
435,-0.18594829442611727,0.03709698850751503,0.1770686740836489,-0.1496795905940456,0.04179034004887542,-0.16835308354059922,0.033327943648202,0.0019565953999158094,0.00778413843217964,Кизнерский,Удмуртская Республика
436,-0.3317572823547459,-0.00961453810907259,0.09542354845520905,0.1612828812782296,-0.07515100659866676,-0.23401755652030606,0.03336364436162496,0.0017260574668248967,-0.15191354734214924,Киясовский,Удмуртская Республика
437,-0.2977120537816081,0.2628039216810101,0.1395320761835768,-0.24112804568264581,-0.09565743620552532,-0.12762718747101934,0.04521915104307512,0.028604731897224362,0.03921732318552851,Красногорский,Удмуртская Республика
438,-0.29155690538219997,0.06045350526458539,0.13353526398563567,-0.07353655273370417,0.0908595158203277,-0.2733884038314511,0.04140215352434258,-0.01722945598857556,-0.07151847443519621,Малопургинский,Удмуртская Республика
440,-0.11517827363577093,-0.03888432254349936,-0.09572414603401437,0.4066940283189915,-0.05493262009326102,-0.2792296111428221,0.04778576504509622,-0.016854101038908498,-0.07669610081136592,Сарапульский,Удмуртская Республика
441,-0.22662579174435593,0.17504597910224137,0.12509398394948543,-0.3976948780993152,0.11315812281593159,-0.07767987926294889,0.03017622848259065,0.02340744377229235,0.02434143436160156,Селтинский,Удмуртская Республика
442,-0.21833606036720243,0.25873990587137025,0.2255164704098125,-0.4503387721911342,0.18738965867041482,-0.28338393425506925,0.032605353223435225,0.013780745732708525,0.02582046909569502,Сюмсинский,Удмуртская Республика
443,-0.1294813987570088,0.004964066173668569,0.023399286437045492,0.055837752862141564,0.03771104941169615,-0.18398882637915728,0.040288263986457414,-0.0003793676787275842,-0.06331616738016328,Увинский,Удмуртская Республика
444,-0.2709237226561769,0.13021433498161622,-0.008243839545066078,-0.08505247110252002,0.03053772957347752,-0.12953242540211313,0.031891320829803824,0.008268990105096297,-0.08821604560280592,Шарканский,Удмуртская Республика
445,-0.3362320400629723,0.29376566246384334,0.23814027852597378,-0.16060570581754466,-0.20836080788481415,-0.22501609878206472,0.05072143763768821,0.013640306476455958,0.007313350010036561,Юкаменский,Удмуртская Республика
446,-0.22582895915467086,0.06742121913004945,0.17726905869220574,-0.26282632318983673,0.07220863459465858,-0.11614926072168325,0.045146524041301865,-0.005917907693037359,-0.08415332689829241,Якшур-Бодьинский,Удмуртская Республика
447,-0.3483215969537732,0.17704427737528128,0.22575806756460484,-0.07045436486053548,-0.22171998378470856,-0.17270466778924706,0.05247933330126711,0.007905393283687964,0.004583831338228243,Ярский,Удмуртская Республика
448,0.22199241694300328,-0.3114053494002485,-0.20979033407109537,0.6120215263962286,0.11142859891751851,-0.26433111333701015,0.02230383765318589,0.01011504306449317,-0.04914595113269408,Абакан,Республика Хакасия
449,0.019724343226594183,0.16506493304580758,-0.10752020609549785,-0.4240608641245791,0.05062115121965546,0.2538183144600093,0.03001039000200949,0.027997817824151852,0.057036997535966215,Абаза,Республика Хакасия
450,0.18731800943485757,-0.07763231424702527,-0.07560652465819423,0.11630286388927734,-0.015271708184342425,-0.009868988294321682,0.03316309428560103,-0.011032267614593963,-0.025707530507955656,Саяногорск,Республика Хакасия
451,0.05111707024812384,0.08207078452062032,-0.1624352636123872,-0.11437238472679025,-0.2152432426801367,0.3479034350040881,0.03807888460946645,-0.021978480544173912,-0.02469515395064878,Сорск,Республика Хакасия
452,0.13651722962920979,-0.11464304426097821,-0.10743716951603038,0.2139532231116811,0.07073943879146587,-0.12468911962074349,0.019886318508767906,0.003990237586647118,-0.01971620941305217,Черногорск,Республика Хакасия
453,-0.023759935256598325,-0.011635730386178137,-0.221568354800301,0.014675459230653332,0.1929509466352526,-0.03649899217403276,0.036484591874341214,-0.0030832692067182723,-0.05032984627889969,Алтайский,Республика Хакасия
455,0.08602640836430424,0.0053225876540483425,-0.18892489274227406,-0.21767831563937798,0.31037192516515394,0.028832024067844925,0.02173791856367141,0.007821005710159307,-0.051747753329799306,Бейский,Республика Хакасия
456,-0.20867237795107174,0.29804247255231187,-0.009076900279218017,-0.8320035250880063,0.22747462411254715,0.2534866572077603,0.04546446393333847,0.010094733156798727,-0.06366514920474582,Боградский,Республика Хакасия
457,-0.14771802496652522,0.3226203107949945,0.009791490992932953,-0.7397507190990121,0.13964734031782913,0.20561490549864966,0.030778536611955894,0.01849250175956547,-0.0019181225382801277,Орджоникидзевский,Республика Хакасия
458,-0.06262156017248859,-0.07557272247780498,-0.4149498477032065,0.11589037211850955,0.21981864558774147,0.09273688098015515,0.03604211616517556,0.0296123609266461,-0.026431116640138714,Таштыпский,Республика Хакасия
459,0.07610104195871197,-0.029820864666217233,-0.26430751594516416,0.14832556690914564,0.25236591681787085,-0.16863977461024038,0.03464491551236507,-0.011691807431544415,-0.09251973281005395,Усть-Абаканский,Республика Хакасия
460,-0.054161509238821536,0.011819941736865236,-0.03153653337590784,-0.47345057649957134,0.2837799585238115,0.14731053812019695,0.028702813446832065,0.03593900231184851,-0.009516569279627038,Ширинский,Республика Хакасия
478,0.15763227099602864,-0.44230099141169443,-0.026692340710561646,0.7467517603339072,0.0639372496204668,-0.4037723493267229,0.031832477527027676,-0.0050637145017635625,-0.031193714776596826,Чебоксары,Чувашская Республика
479,-0.22060695525782426,-0.004118094679890383,0.2974191336859766,-0.38382762339164,-0.02244384345779153,0.050893756348739626,0.021120489441436786,-0.02123280112109671,0.06296253202131015,Алатырь,Чувашская Республика
480,-0.15963030381601606,-0.17759302054615164,-0.048954320210547075,0.32337328160091433,0.05439191961970439,-0.213294531958526,0.023908566612044945,-0.0006985670933470356,-0.02577089410092781,Канаш,Чувашская Республика
481,0.11090910927626337,-0.3064404714921024,-0.06354607870848451,0.6825043054251139,-0.029159853471428538,-0.3454345732477042,0.03037975832914292,-0.010714711144757708,-0.042403624179105925,Новочебоксарск,Чувашская Республика
482,-0.1916400089038377,0.008947985626426161,0.18635663031588426,0.05109844922587616,-0.2846333346165439,-0.02384640204624801,0.028564403405727228,-0.023972472460095446,-0.018409429849098435,Шумерля,Чувашская Республика
484,-0.5070331463642096,0.036352886400874064,0.2055093184047013,-0.17999246238361089,0.15171460255744637,-0.27566101647401564,0.05973306892096042,0.012808784571184137,-0.06214706479802586,Аликовский,Чувашская Республика
485,-0.45172389504565486,-0.18938069963231205,0.07728595135282695,-0.004748187879225503,0.27025194417441095,-0.21548567951030662,0.03111543799561369,-0.014785533449078458,-0.02572702483935539,Батыревский,Чувашская Республика
486,-0.2695462897703363,-0.052499862338376356,-0.014105991292940379,0.06972159961710495,0.021675209363353876,-0.08686762684374666,0.03084049086256383,-0.01546235724647251,-0.07636338044937392,Вурнарский,Чувашская Республика
487,-0.331973036368356,-0.05151223193639922,0.0042210855546215105,-0.02963188105883206,0.06385585560953107,-0.04900949966352721,0.0694808457588408,-0.01163790145308787,-0.09975085673914359,Ибресинский,Чувашская Республика
489,-0.2977313477053692,0.1882223686726322,0.01477207561132271,-0.31076726463457943,-0.08839008929491636,0.13408623815093562,0.04305449846181337,-0.028901045283019938,-0.04145052749635555,Козловский,Чувашская Республика
490,-0.47095684862004245,-0.10829849006303661,0.12087651128822254,-0.07623589514724162,0.18465349347644208,-0.183072291048992,0.03918737613763559,-0.005955231220491593,-0.05830632750231176,Комсомольский,Чувашская Республика
491,-0.4213876754319806,-0.03870658021561466,0.3021763241286286,-0.16181840698706626,0.08253733267184205,-0.24626534109239628,0.04571736138250422,-0.030797366865679077,-0.08970425720226265,Красноармейский,Чувашская Республика
492,-0.43331694467561976,-0.1806794888115981,0.1138517900652048,0.22580809373812863,-0.032437254434218334,-0.18861981205212222,0.03652518489523849,-0.002337337768402318,-0.06464619672003795,Красночетайский,Чувашская Республика
493,-0.4133081275957742,0.3262573060080046,0.13788320211258828,-0.20017275711900148,-0.3583206966919506,0.03227627419575335,0.061552287733371326,-0.025648081630615938,-0.02915639007781286,Мариинско-Посадский,Чувашская Республика
494,-0.40716502332366306,0.007171994221369327,-0.043074170887937135,0.37154700242184013,-0.1158161097011378,-0.28190538754873945,0.04077027753798841,-0.005459703942809276,-0.19301995911015932,Моргаушский,Чувашская Республика
495,-0.31074963514380743,0.18749460004710927,0.22504129877475032,-0.48315984983815835,-0.16069310534323433,0.169240384864927,0.033947947791101864,-0.013510053696474789,0.023109411087846216,Порецкий,Чувашская Республика
496,-0.4752491695913362,0.12717553406487112,0.12257121982218701,-0.18368948123388484,-0.004567111197338029,-0.12356683295044045,0.04760955603189905,-0.037154299782692,-0.11483682415428047,Урмарский,Чувашская Республика
497,-0.25246903855933617,0.03734371897870128,0.01829077628322227,0.22372662667177545,-0.1913189295066383,-0.15011886392166704,0.030534986627857842,-0.009290086043550583,-0.03863460010646505,Цивильский,Чувашская Республика
498,-0.09406932597398095,-0.1798485334903631,-0.12930458119206095,0.44544619320798384,0.058196974933455436,-0.25656672495362115,0.05362100671603886,-0.005275716907754711,-0.03972813092222812,Чебоксарский,Чувашская Республика
499,-0.4727315839637114,-0.016037770538195422,0.01910578713659537,-0.19518811982116868,0.24403530963739697,-0.11399187790923387,0.059549877876001515,-0.011926362065827497,-0.02930851921025927,Шемуршинский,Чувашская Республика
501,-0.3081374563043427,0.047800003395665834,0.08950367140244214,0.1886007334166692,-0.08810998512604833,-0.2998710945833343,0.032624052461984514,-0.0023058748761882555,-0.0637310806049854,Ядринский,Чувашская Республика
502,-0.5814896029486062,0.0010390962411557791,0.28209052271549356,-0.11908792030947622,0.19051580190427655,-0.4166341720460549,0.06717046403035574,0.005101785629039661,0.047782729970605065,Яльчикский,Чувашская Республика
503,-0.5124048924169439,0.21239457021237207,0.055967582885158074,-0.24118287659395943,0.09077702605219022,-0.18003297405036692,0.06360934426698302,-0.008356247507052328,0.016101356311858495,Янтиковский,Чувашская Республика
504,0.27327520564805724,-0.3741785033110672,-0.021469130760810307,0.672658618371527,0.057012518373138255,-0.3961001741673928,0.03319575883584125,0.0070255756860680045,-0.043550001530872885,Барнаул,Алтайский край
505,0.01873464543094827,-0.02276147641347061,-0.074972880071259,0.1333714655690618,0.011799485877955132,-0.10951326645689302,0.024451807111168216,0.002590494099786881,-0.07285681031921905,Алейск,Алтайский край
506,0.21478412002329975,-0.2738920591512211,0.06091190178567605,0.14980487900113512,0.049778380581454375,-0.04867977371164998,0.037575651110230875,0.01784209904259257,0.00951543074769919,Белокуриха,Алтайский край
507,0.2065881206877893,-0.28154909262973027,-0.08140565917008068,0.363508529998795,0.1901368572716131,-0.2527673069652025,0.049181523109271215,0.015293832108825697,-0.02556396454703617,Бийск,Алтайский край
508,0.023997216049855535,-0.08497226947558102,0.03074576986039033,0.5098615195814761,-0.22696581140482508,-0.29074588005606533,0.026777254655377836,0.011986383336695399,-0.006649509729697911,Заринск,Алтайский край
509,0.15012996962212988,-0.17458687976194356,-0.007911223519896279,0.4510477156919453,-0.020922046119238757,-0.3097042377854721,0.03360155406196597,0.006728115589766048,-0.03300366599211942,Новоалтайск,Алтайский край
510,0.08651345205204415,-0.21142038312544273,-0.11794685136115456,0.3818806599546238,0.08513494073454826,-0.1997250376971802,0.03397462204392696,0.009545097123416413,-0.018818830567703986,Рубцовск,Алтайский край
511,0.00128006249558917,-0.06142165626312962,-0.12218945986293744,0.06005891598442872,0.034491121733725226,0.026984406913308334,0.043667334184663585,0.030936373325992934,-0.028421862902428045,Славгород,Алтайский край
512,0.0230841267526376,0.05184452056483955,0.11231729680303858,-0.2842356340175641,-0.05868917116481198,0.11668631631989262,0.02558834975118423,0.017142217151020784,0.007622401549774505,Яровое,Алтайский край
515,-0.04693515690247866,-0.11600853131050909,-0.17985557411524677,-0.002348094846064223,0.28108682044594785,-0.04495129166873333,0.03527193396989114,0.03736117745401094,0.013902640277028111,Алтайский,Алтайский край
516,-0.25597609448135095,0.3927549219593889,0.2772483679719073,-1.2284773762563654,0.10522432849380992,0.3911730863366538,0.028988976635730142,0.027872455781874878,-0.015675245240508968,Баевский,Алтайский край
517,-0.037699634005436154,-0.05933966997652005,-0.03499378343789167,-0.04348398212811468,0.2959887731301341,-0.22024800908221298,0.08106528364038845,0.02611140913923168,0.006938844043967052,Бийский,Алтайский край
518,-0.09792446252553051,0.06512278096502723,-0.033190304319926735,-0.12209323167648613,-0.04390715472780734,0.07199123826458752,0.024303224874230638,0.026937954144303767,0.03553667975225643,Благовещенский,Алтайский край
519,-0.2542479648691474,0.24056684336128062,0.12946221960309706,-0.5497135988314784,0.1331137557705081,-0.01550589139801308,0.04059896062265109,0.03996770666921292,0.11916849263725393,Бурлинский,Алтайский край
520,-0.3701755640284598,0.11157635914014491,0.33332047493601974,-0.7727188165302367,0.11494624047052034,0.1507990704889462,0.030484989530229538,0.015470303320885411,0.01744945873344402,Быстроистокский,Алтайский край
521,-0.251616869709798,0.12499101486860174,0.10778644990675602,-0.43151241554226,0.013219624443545408,0.12343865482875033,0.03002131125273776,0.03314188334794784,0.043949963862749485,Волчихинский,Алтайский край
522,-0.4025528332585145,0.11906553366586942,0.06581540937436908,-0.34528629442623265,-0.12554935003538484,0.223878029926773,0.04019898034902602,0.01823376409591565,0.056725138113648356,Егорьевский,Алтайский край
523,-0.30928986271316394,0.08345978961087458,-0.07893437580192418,-0.11662518152088779,-0.03141895169558492,0.08144204791291622,0.05461606553055766,0.009013595851976067,-0.05477140005897022,Ельцовский,Алтайский край
524,-0.22759625402125838,0.08785110070603303,0.14457683940043,-0.43709831047296627,0.1434699479386862,-0.0008762490667880892,0.032901597853397656,0.03826320519639026,0.05692768584317801,Завьяловский,Алтайский край
525,-0.3297126694765087,0.3679748936941538,0.2541873496344247,-0.742443464205932,0.016460221257521668,0.04174432812522594,0.06252969840666164,-0.02096978823395664,0.1107956642591242,Залесовский,Алтайский край
527,-0.1160339527300216,0.07732608890849567,-0.025981902320362626,0.16980470004488146,-0.20302677160890817,-0.08019878651871243,0.024298418901629277,0.02837213618534699,0.03339537406620488,Змеиногорский,Алтайский край
528,-0.3287789454426207,0.25291614532867596,0.042965804550801436,-0.17458968974046254,-0.21217491056346324,0.02880597892984303,0.03764919030517666,-0.005867802348906585,-0.07843554153886556,Калманский,Алтайский край
529,-0.11948691649338065,0.030470573131495537,0.03389583040008287,-0.18667952158412612,0.17461775082166123,-0.1143813042637185,0.03237944642185798,0.03013893144626294,-0.00562589257697647,Каменский,Алтайский край
530,-0.1911997491705549,0.03304902210648777,0.03676667044850821,-0.06069728459451342,-0.02310926016640606,-0.048085819288681775,0.027435239454995847,0.03453061206651987,0.0708018570823502,Ключевский,Алтайский край
531,-0.3102034336834308,0.1840054098401516,0.15398854067421455,-0.20904821465938317,-0.15437309574544314,-0.036649311604146396,0.031489069718531944,0.02446658160533442,0.10614338897195481,Косихинский,Алтайский край
532,-0.23473865998991172,0.3511783514325506,0.06848031922496173,-0.479916493137779,0.06520393728784941,-0.06702278630218862,0.03787989744677482,0.04147869654881534,-0.03700948383888195,Красногорский,Алтайский край
533,-0.2362023528308672,0.1279345780684555,0.1117778318034604,-0.23702177222267384,-0.006335246954471556,-0.058432062189374856,0.03799735107489213,0.046326676708924985,0.030533729243477154,Краснощёковский,Алтайский край
534,-0.2613034953891961,0.21047644956470893,0.11052606435069244,-0.7790728857724704,0.21402953167119665,0.18196416869126644,0.039689990071663836,0.03399511475496547,0.16022243838100278,Крутихинский,Алтайский край
535,-0.0787968251157601,0.07113844029773196,-0.006404172129418295,-0.30706080495682825,0.22008304807268353,-0.03983318277877448,0.025698112542273756,0.028299420532032965,0.030393449169651643,Кулундинский,Алтайский край
536,-0.22891878999358672,0.16041910968494294,0.2046343095843027,-0.3584918974692332,-0.025938552288254518,-0.04269964100636309,0.03653754305079766,0.04074803861375716,-0.0037565991062773105,Курьинский,Алтайский край
537,-0.30955789188525484,0.24130900888626175,0.07225991015212475,-0.6581642558205371,0.20187123057911235,0.08064743470843218,0.04842114089564119,0.02900538011592202,-0.0639504830934224,Кытмановский,Алтайский край
538,-0.23659354379741257,0.18558235413251545,0.11660858211996111,-0.2695435645587636,-0.2177391676651027,0.12301512447678432,0.03173774023875612,0.029627795246644245,0.19626098708918407,Локтевский,Алтайский край
539,-0.2826368678398203,0.11341770147077145,0.24727839379512914,-0.4079143489993684,0.10109343766310237,-0.11595185542423968,0.023571201294817618,0.016775808331678927,0.03836885699933357,Мамонтовский,Алтайский край
540,-0.1980938245051266,0.051859396116657554,0.08693225235079721,-0.2573318607278678,0.03105004025070938,0.02541350051509837,0.042845118111302406,0.04908202019847355,0.08289513562670893,Михайловский,Алтайский край
541,-0.24157917920262562,0.23303470662396222,0.1688855425794781,-0.5338090256830569,-0.008947762440727295,0.07875986742573791,0.048241023197867834,0.04883423988381715,-0.07250018635044701,Новичихинский,Алтайский край
542,-0.34688796536542665,0.30337377254567144,0.15199763848315712,-0.0641525366893566,-0.37172929995021214,-0.0815662458838648,0.06474326007955027,-0.0009648728270383137,-0.021667865825721944,Зональный,Алтайский край
543,-0.1769063901991045,0.04837662507556034,0.041937682781501874,0.10038788221441676,-0.1125567941967615,-0.14022206736932236,0.01924710104542948,0.005396455654699918,-0.0879586968858181,Павловский,Алтайский край
544,-0.23930145280346124,0.19608485946259954,0.060249613339523556,-0.5536447320750377,0.10523874341710908,0.12999484436119904,0.04155289020635505,0.0451422128793632,0.22233147468270986,Панкрушихинский,Алтайский край
545,-0.15084136960832714,0.04148251942993891,-0.014174732147541854,-0.03967475794361939,-0.01778335128561333,-0.03192634954776935,0.0375981011365565,7.09602799412179e-05,-0.041781718257552565,Первомайский,Алтайский край
546,-0.2588617374288987,0.11139012187647407,0.33125199889389845,-1.0429789591613068,0.2494683653542901,0.28879180154203926,0.03804234054993632,0.004465182288268772,0.1406491793791734,Петропавловский,Алтайский край
547,-0.18271194065433768,0.08919315176788328,0.15126348095492187,-0.36153752766297714,0.03296212310007263,0.026042100345493684,0.02768486721400879,0.028728256002975804,-0.050165706305580406,Поспелихинский,Алтайский край
548,-0.34145139471544567,0.20053767863614805,0.19926404746417373,-0.33648552192213943,-0.08701722928967097,-0.038375646383116656,0.04628550303884099,0.04149802177303413,0.14268261705257645,Ребрихинский,Алтайский край
549,-0.2742349061810452,0.39563616580440897,0.3021754500794849,-1.1010467669522004,0.24153846550731525,0.09962001406638449,0.02965223914108147,0.03030842376823406,0.14323093258535216,Родинский,Алтайский край
550,-0.27428451694303074,0.11006507282075738,0.2204830045169118,-0.4678802704865503,0.17073979654176163,-0.09548427488748577,0.019607065386152638,0.02583994506079751,0.0016709439501778611,Романовский,Алтайский край
552,-0.13531929642540175,0.1414372186074986,0.26756526959977517,-0.4534930616193347,0.02861919269573258,-0.04620529077827753,0.028786403551696604,0.012441299646789306,0.005274739618758277,Смоленский,Алтайский край
553,-0.16708526015848632,0.3490001903028357,0.24270762261713816,-1.0143050967751048,0.03366594522944925,0.32685466713107775,0.06029572450889131,0.05242502534117933,0.02143214164204414,Суетский,Алтайский край
554,-0.13409722774652946,0.07593689003496934,0.009212499442593705,-0.2742202580256687,0.18868067488596452,-0.061686477832463414,0.0688625056545278,0.001633470510977721,-0.08323433597929886,Советский,Алтайский край
555,-0.20154548644982354,0.06851466630184357,0.1335252961474211,-0.7173649007630747,0.21516639780324642,0.23808186901595688,0.05429323684290875,0.03859597030422948,-0.023348752023306663,Солонешенский,Алтайский край
556,-0.44096957540908405,0.5678433473968831,0.5180567851384773,-1.548767516671772,0.3865357094485549,0.014255003193250959,0.03636727133717837,0.005519376238121321,-0.18143605603569393,Солтонский,Алтайский край
557,-0.27657432321717573,0.450465600693146,0.1990589365192561,-0.785252440853454,0.1030977185206768,-0.02944648637422903,0.04031530750074086,0.03143016680425864,-0.03246505677357314,Шелаболихинский,Алтайский край
558,-0.16883780079927893,0.2075436596796688,0.17548899747711869,-0.8599746841943922,0.26711952931378485,0.14774582622921503,0.03707949637913177,0.007434274121380341,0.046042651075706154,Табунский,Алтайский край
559,-0.16507769716060036,0.03806870920485278,0.05131336878183229,0.02953361114801876,-0.12359123202108617,-0.057401128608222975,0.023138568071141175,-0.0037829981388539566,-0.047345111137656166,Тальменский,Алтайский край
560,-0.2828794803550865,0.15162045395252294,0.11548430032265261,-0.41509018501459893,0.027962978615457084,0.05794578062936123,0.021429237306684057,0.020041384720902,0.06608358724852066,Тогульский,Алтайский край
561,-0.23364329487337132,0.08882197435513038,0.08550278689191343,0.09507300277929366,-0.15165738783378435,-0.17981704768715923,0.02543922871964679,0.015857749546127103,-0.014579085467982941,Топчихинский,Алтайский край
562,-0.21239741865211506,0.09645358103286578,0.08526348805452198,-0.3811150471598464,-0.07069839143637624,0.20801969801423068,0.03541306433808277,0.03165801170338081,0.03581701915036739,Третьяковский,Алтайский край
563,-0.2787202358937068,0.2585476711874336,0.2725597749871927,-0.6669468474519822,-0.08416276281313455,0.15792549259588465,0.03254974879257783,0.01849720492225221,-0.011954544496595684,Троицкий,Алтайский край
564,-0.24782610496296886,0.15713259738783442,0.1247923974703271,-0.4942155624990064,0.12369953158587166,0.026514364560366727,0.04276320816039705,0.03598537280983205,-0.04684531773157637,Тюменцевский,Алтайский край
565,-0.33985004965380594,0.050883371159449874,0.10685648433163969,-0.2836681801289364,-0.13974577397218169,0.20359742711542247,0.028510763028136835,0.00984045067759672,0.04090332846204914,Угловский,Алтайский край
566,-0.2910432580909541,0.2593643324699911,0.2967593562792001,-0.8412999571392051,0.045080227950959416,0.1780193689444495,0.02995861056657536,0.02685812520058306,0.13748589259267527,Усть-Калманский,Алтайский край
567,-0.33448416404007375,0.43320311259782596,0.17884472888828915,-0.6447037372825899,-0.06830798704185974,0.03888721134372736,0.03667308336960981,0.03680291070724451,0.09522849726993177,Усть-Пристанский,Алтайский край
568,-0.2443141112486605,0.09437946953319593,-0.022748205439336366,-0.1333849637005718,0.026236466740079328,-0.026559438627972703,0.024495754935015945,0.014630153340915747,-0.01959137315415584,Хабарский,Алтайский край
569,-0.2679257739933297,0.22101833950088856,0.17652472811457867,-0.7218257944425197,0.1845444321592924,0.07766162317315352,0.028380008460582466,0.03815103229225023,0.06411777683856279,Целинный,Алтайский край
570,-0.22404417806202126,0.16078348838487072,-0.00027135406838531734,-0.5232874966396905,-0.031989548427013036,0.3326882392556127,0.03613678542564626,0.022626771936881934,-0.0001335426418441014,Чарышский,Алтайский край
571,-0.18550155597253326,0.13361767814660971,0.12305458536888002,-0.3566224377589628,0.07101883285574928,-0.03314533010688201,0.03207319780693368,0.02641915636828814,-0.054386182302055996,Шипуновский,Алтайский край
572,-0.1956604150248876,0.2288103112960358,-0.013429297059942613,-0.521612983321173,-0.040387442225477445,0.2845427398159506,0.03284794657044522,0.02197543705217439,0.08053013668841051,Немецкий,Алтайский край
574,0.04136259521384966,0.012049074392767867,0.07546332728264925,-0.0734596705273784,-0.014653461571805285,-0.06147594107083896,0.033467463889137614,0.035175774818256844,0.20804941942644437,Петровск-Забайкальский,Забайкальский край
578,0.0693276489190678,-0.1987387736194994,0.022258217139692577,0.3450651040336285,0.033217530617330716,-0.2638787496657578,0.02904317321615958,0.02294156982037943,-0.14554115632326872,Балейский,Забайкальский край
579,0.15110051644417535,-0.051022662433235444,-0.056543524658384026,0.30275696076896946,0.06906412897169205,-0.32633157414364783,0.025470195383598192,0.020550938435672284,-0.012862425075008973,Борзинский,Забайкальский край
580,0.16912942791674812,-0.0542850770971231,0.17826685450620405,0.5674933876740099,0.4018915234508758,-1.1554433600285725,0.03894168934642129,0.03741224559494061,0.020371670126250296,Газимуро-Заводский,Забайкальский край
581,0.2656392123221518,-0.11988305856497396,-0.16674826447681865,0.30690042433913506,0.13484370133902224,-0.21718947413097064,0.024144149550869985,0.023483795553317366,0.06498817303873683,Забайкальский,Забайкальский край
582,0.3373182610999785,-0.16238189180990698,-0.037587871536405394,0.7864654869503132,-0.2008516972541824,-0.4477206978444231,0.04329633363426988,0.04337802195917253,-0.04458920413116996,Каларский,Забайкальский край
583,-0.02305768766420746,0.3815789130807203,0.25255309746634186,-0.5051382661369564,0.6970172707609307,-0.8880876866656421,0.04999052396738605,0.00032035554859991916,0.02078403032608604,Калганский,Забайкальский край
584,0.0056133381738154116,0.006017898959992625,-0.025489572567375884,0.3940321519307523,-0.07915304931847252,-0.35748410049950247,0.03501672412522033,0.02765883616569265,-0.08740986993281014,Карымский,Забайкальский край
585,0.2176466253190139,0.0236272405240948,0.06624607777563839,0.3407719717310715,-0.28596366082047353,-0.2067583007049365,0.030563277804848913,0.028074286455265367,0.09676229713044582,Краснокаменск и Краснокаменский,Забайкальский край
586,-0.009055494600110459,-0.025474647157538832,0.07654387180673311,0.035623475648041115,0.30595646811879046,-0.45472583991063203,0.03723520552005586,0.041259591672223005,0.03946480481450217,Красночикойский,Забайкальский край
587,0.10896521389169211,-0.12760783853952515,0.14937125102444543,-0.42779413511311687,0.4214541738980435,-0.07750012276445174,0.05857144638354986,0.02002642803953673,0.11988334589394878,Кыринский,Забайкальский край
588,0.17222213022672186,0.06673833225609599,0.014786842068045683,0.23605954848909305,-0.06896718083670994,-0.3106942134711299,0.022789156544322217,0.022253179843918437,0.030717271633105763,Могочинский,Забайкальский край
589,0.08511527965609648,0.06522296466935039,-0.026285398780459008,-0.2522462052247107,0.4028437519305004,-0.25161178408928664,0.03457093420621133,0.03245722844773216,0.025527940477632082,Нерчинский,Забайкальский край
591,0.06924084455706032,0.15908530050573513,0.004077703531353634,-0.26429019789522834,0.12802386680110464,-0.0889733444375706,0.029502951626294325,0.013144072435392251,0.07560933937816522,Оловяннинский,Забайкальский край
592,-0.05897768400648181,0.10917665822350237,0.09292114848356979,-0.49910154188069306,0.5288372352454492,-0.2939101715664334,0.049622583649233706,0.045288457297664474,0.22865316280894699,Ононский,Забайкальский край
593,-0.06076957745072398,-0.027726041038549976,-0.0031152121031924516,-0.14725020393612548,0.31184188922045336,-0.1958271036371908,0.03102102394932214,0.024781062506253226,0.18883747051010705,Петровск-Забайкальский,Забайкальский край
594,0.07309015062122826,0.18515937052095244,0.15043236503961294,-0.3002991705093966,0.20390976258044802,-0.30127899912622236,0.033374655211817095,0.03379940519149834,0.09470706801558992,Приаргунский,Забайкальский край
595,0.033376504731188916,0.2242233688272295,0.11089947949547069,-0.524123269289615,0.2943321155617976,-0.16740836608948886,0.036839392582462736,0.04418453397229646,0.16606593244739665,Сретенский,Забайкальский край
598,-0.07829985982229488,0.15516729045135588,0.027304957313932548,-0.35608319749374645,0.315343163336734,-0.20380888510288195,0.02892956682791263,0.00028361733489893254,0.1102440050064472,Улётовский,Забайкальский край
599,-0.02779644690906798,-0.023914261248276763,-0.13795700015245368,0.19848534052756575,0.014876254398774233,-0.11356700502021494,0.029301402741035227,0.03576332874882919,0.014113187436637087,Хилокский,Забайкальский край
600,0.10751896704721749,0.1496256413619636,0.008654720863296014,-0.24336653151413448,0.21909281414690288,-0.19608331635263374,0.024840834149321644,0.026410607559558198,0.007700031952165148,Чернышевский,Забайкальский край
601,0.022888894823095935,-0.08372181434805338,-0.14802775233867674,0.36596011480633467,0.228192620055608,-0.42447983966981734,0.02677331170496045,-0.0016014296632667051,0.0011494872784569472,Читинский,Забайкальский край
602,-0.1379725445297856,0.43666351553861277,0.4042092122544072,-0.7369005741553281,0.6804421575982339,-0.8464909827305324,0.046761973691265696,0.034756783040338496,0.04974446871647668,Шелопугинский,Забайкальский край
603,0.08506189121588041,0.13365798632426712,-0.0053792163167105484,-0.17538352145347683,0.09363908043817441,-0.10861100048686047,0.02047534728576751,0.020134629756712943,0.024229004806129068,Шилкинский,Забайкальский край
604,-0.0005389240982021093,-0.2054337925350428,-0.19229359573574004,0.5402786723723088,0.4034776179408118,-0.6081055735369426,0.03710657931583237,0.04791490799680916,0.01997069543275139,Агинское,Забайкальский край
605,-0.01097000239484743,-0.13232471955923472,-0.10636484428025315,0.2623364615522479,0.5207319651637027,-0.6064555343710699,0.04121240323326049,0.02887803747095682,0.026328035583254177,Агинский,Забайкальский край
606,-0.06648682698896646,0.09841405916888533,-0.06495289646070174,-0.2688139822228024,0.6384674263846691,-0.465191278364657,0.04426461879308302,0.05284351518133068,0.11307003724033123,Дульдургинский,Забайкальский край
607,-0.03732270561085419,-0.0814321330839365,-0.15783469674249279,0.21639698784911596,0.494266375067308,-0.5334732045845996,0.03876904845343624,0.036194509538059576,0.06812476948683822,Могойтуйский,Забайкальский край
608,0.8020251150037446,-0.2716234551933571,-0.13331743263250798,0.9217457416418111,0.12514135143591487,-0.7040228767464666,0.024236603877157658,0.01782054235171071,-0.028017305338936094,Петропавловск-Камчатский,Камчатский край
612,0.7493030363926767,-0.22165502268720513,-0.22390748443602485,0.8354359855810592,0.20592023237032062,-0.6578703823227553,0.02311665587052377,0.01637563565179671,-0.028800287765262,Елизовский,Камчатский край
613,0.5747871640679326,0.11448142690283952,-0.23078400067688531,0.12709211916076085,0.09161181725690419,-0.16447803413822368,0.032655378537514004,0.029903691498651203,0.16706457045627432,Мильковский,Камчатский край
614,0.63625101972454,0.32509709172220747,-0.2055400775557592,0.4610095924436856,0.06684838834767952,-0.7094916664524202,0.11268299973060268,-0.06834778968134429,-0.13043201746485833,Соболевский,Камчатский край
615,0.5969925835470639,0.47898039360063366,-0.2396415811326719,0.27893071100642663,0.00526497409888053,-0.585611169067874,0.08475557084996886,-0.033040599938453874,-0.12805095572644787,Усть-Большерецкий,Камчатский край
616,0.6477833566014739,0.1874678566639825,-0.13350675133025872,0.45020464257203835,-0.04672449278838705,-0.5195179266119808,0.050655907246824686,0.05186834209808203,0.1624609793526719,Усть-Камчатский,Камчатский край
618,0.6881333851300021,0.6765891065382471,0.04935220554896256,0.251964830240555,-0.58598019134525,-0.4540026224771198,0.1141271010079177,0.07341945828665086,0.45147990765919105,Карагинский,Камчатский край
619,0.7305834146163647,0.5896354126551544,-0.1009508538979636,0.7706361829462868,-0.6191951866500557,-0.7022022265480277,0.09884936614889589,0.10300465503000082,0.24380296470877938,Олюторский,Камчатский край
621,0.6766085588363745,0.6661586241885923,-0.3583088791872872,0.5526889343833453,-0.49555385146937153,-0.4270614994098845,0.08782893229784478,0.0840065903225592,0.24956386703159802,Тигильский,Камчатский край
666,0.43934366695919363,-0.411645021910472,-0.0337330083380283,0.7191530981418065,0.10234109512829455,-0.43819283451620633,0.028121419339320088,0.004808998272795739,-0.04855666489537621,Красноярск,Красноярский край
667,0.2545906591904959,-0.16183275934556493,-0.2284903586267748,0.44980479505325177,-0.026449453226088826,-0.09510889534942933,0.02426936655501679,0.00939353861026602,-0.03889316308055953,Ачинск,Красноярский край
668,0.020028512974585928,0.09928639791929511,0.0702401589671142,-0.349264184064568,-0.08570318185888959,0.20336413754244362,0.027755333466298642,0.014785963004866863,0.029507962526665748,Боготол,Красноярский край
669,0.049903792509424116,0.025653770902734074,0.026091328755430687,-0.08337183209276312,-0.11352498021111357,0.08307504115110592,0.028000642467194265,-0.014378233248957928,-0.02711784266988775,Бородино,Красноярский край
670,0.17531369198322153,-0.14289061546194554,-0.04709456044513762,0.41232899868627176,-0.23729711102286608,-0.047123383250927596,0.04137627770719191,-0.004395989271051383,-0.06936540831163444,Дивногорск,Красноярский край
671,0.2752738392177483,-0.03905039265501903,0.036789471274315366,-0.09145769803121141,-0.021340778740114048,0.05298272665742393,0.021312655554856546,0.014561459523989498,0.0877212543781722,Енисейск,Красноярский край
674,0.2053473435173827,-0.1574897402005752,-0.16455960390045934,0.3478885993463734,-0.0031804156561362116,-0.08473551108380845,0.03285506159712932,0.006011623748953958,-0.020238545400276475,Канск,Красноярский край
675,0.29038475899585253,-0.04891999186975347,-0.04397438353487202,0.1888204901965681,-0.0951586680506542,-0.06284411823589481,0.03172685716565975,0.030472795978918665,0.06501941474145871,Лесосибирск,Красноярский край
676,0.2276853122135459,-0.23316073078748964,-0.05782234158123595,0.31878056909595026,0.10837792037603444,-0.1982520885978658,0.045765719560521834,0.017126324691684614,-0.014477603537706144,Минусинск,Красноярский край
677,0.08537367833680214,-0.0189120938831606,-0.048066925459898935,0.009241497285024899,-0.024412088005192494,0.020072938568621856,0.04425845919766848,0.006477469885244479,-0.007479562347078954,Назарово,Красноярский край
678,0.742488748189797,-0.16114456393074247,-0.1621054959228981,0.763210490441288,-0.18421358333224658,-0.3178235187500064,0.04719114146008357,0.026226567370748615,0.009932739749818861,Норильск,Красноярский край
679,0.28935506045768694,-0.19605807871503675,-0.010734746142063989,0.41903312613003824,-0.07547323940552671,-0.19884373336201602,0.04550747117533634,0.003111466794938733,-0.024251128007096317,Сосновоборск,Красноярский край
680,0.18571890199654675,-0.11839117489967542,-0.07344717789279026,0.23541463212125815,-0.11820029347525607,0.012547342651857252,0.025737392948244068,-0.003812365448164462,-0.019561648912098623,Шарыпово,Красноярский край
683,-0.17508310337103503,0.10444284791176289,0.06740695198550016,-0.3561310143699353,0.018251459599909925,0.10395308337815629,0.034381150696689,-0.003650629121254569,0.021188984061005407,Абанский,Красноярский край
685,0.0307540641019588,-0.10820262140929532,-0.07943644509685897,0.1171460684979137,0.03506590021702712,-0.026649573703392326,0.052643937119906635,0.007016060424069585,-0.11193158424204112,Балахтинский,Красноярский край
686,0.19393883065658465,-0.19940299120411253,-0.08396880369676184,0.37906702808990683,0.09029401524706289,-0.24806591993070137,0.06757979068301911,0.02736838974911947,-0.009780797643216302,Березовский,Красноярский край
687,-0.14456577822466707,0.2613239872649828,0.25918523969174984,-1.0325376343577106,-0.05533417516452296,0.5052859110708962,0.04698057513409741,-0.01891155574171698,0.04817413058888683,Бирилюсский,Красноярский край
689,0.30649573984999706,-0.05076220724019611,-0.05367148278455597,-0.143597362666044,-0.030162840898712573,0.21611722209490183,0.0291629414034255,0.03415748783186943,0.08807935255992401,Богучанский,Красноярский край
690,-0.08871144242997257,0.28197533163237626,0.25352161127495826,-0.6889897487855867,0.1578536411959194,-0.06643750681227258,0.031213696866306997,0.004326612833510217,0.11548101830991742,Большемуртинский,Красноярский край
691,-0.13537772537847448,0.2049762368695499,0.008060792006387188,-0.5872728569134994,-0.11300163667928753,0.4251607932222437,0.0811896114587495,0.009267618159446137,0.19612303516849852,Большеулуйский,Красноярский край
692,-0.12385881290622176,0.12198410732213351,0.11678185442691837,-0.6986593379641288,0.2566746832293961,0.14114202149107585,0.023684964205933065,0.014402064120932215,-0.07759325384381703,Дзержинский,Красноярский край
693,0.31313900741717243,-0.26510780842586146,-0.1308376856910994,0.38847348956441446,0.22719155034942398,-0.2817962172914848,0.04053065995691306,0.00974490601094948,-0.05830745687971761,Емельяновский,Красноярский край
694,0.14055873219456694,0.18685239738335366,0.06906405796864014,-0.4051985702402375,-0.1293631064230859,0.21656854981672327,0.03813228222369717,0.0013893864543017553,0.09027767699058008,Енисейский,Красноярский край
695,-0.01000596946190857,0.035291674804176665,-0.010392448413887182,-0.44005704229882897,0.09335175484253606,0.2597293895713971,0.0253122925522211,0.022060267203750428,0.01713039561651658,Ермаковский,Красноярский край
696,-0.1951120891897066,0.17344590191509834,0.16181570297484443,-0.8011599020962072,0.3641102023887231,0.03971142332293529,0.017395960353071675,-0.0029420416022898446,-0.16692286185081637,Идринский,Красноярский край
697,-0.057050815391139396,0.17850581451132932,-0.14480062047546136,-0.13322755629649632,-0.16011211106868686,0.19755780183470847,0.02303898475305953,-0.008755419215525619,-0.03717651214120817,Иланский,Красноярский край
698,-0.054629777882616436,0.07177975194297535,0.13814133846685056,-0.9864272703436437,0.38550701572380364,0.3289224927154093,0.03643981407839759,0.00020139033283957802,0.13140464626225992,Ирбейский,Красноярский край
699,-0.10481268279906837,0.31988378223499614,0.12153655346279903,-0.8364948492495728,0.054820986416344884,0.2781768556408275,0.032620788010781075,0.030028457526445996,-0.06837788693120779,Казачинский,Красноярский край
701,-0.05272382783671022,0.20866196616402266,0.060053779204529534,-0.8044888702904336,0.26528501552770306,0.2084114378995725,0.03151474221983684,0.00455483777832074,-0.09487142475953181,Каратузский,Красноярский край
702,0.38318155871786636,-0.03689028726183091,0.01948495459395592,-0.07230265978285887,-0.22124730366996073,0.24887862462608848,0.028247996443603124,0.030765231255717524,0.14645536716341523,Кежемский,Красноярский край
703,-0.0822586787075154,0.3031265145669642,0.17876492123522247,-0.7709246044652355,-0.0228143350447233,0.24977083221316695,0.03247603205205668,0.023737067206307094,0.04455968079368455,Козульский,Красноярский край
704,-0.048032510979603,0.20898125837206286,0.1433565357197452,-0.6207801070950754,0.1332214689017663,0.07314417260689449,0.014680755482391844,0.005405215008552254,-0.07804319617171411,Краснотуранский,Красноярский край
705,0.03844389200876678,0.0828184275664867,2.8447238723361412e-05,-0.5528740742801838,0.09581397960634457,0.31213654837402366,0.016193067501601967,0.011127879944116128,-0.002587607036836211,Курагинский,Красноярский край
706,-0.19548094420688292,0.19227206641904315,0.1118216754936921,-0.6904694858998516,0.0349571133516127,0.28934195914089766,0.03997728512553151,-0.008045340459340808,0.00895141332252273,Манский,Красноярский край
708,0.2590081388103734,0.16907451048905084,0.03130071787293078,-0.17593077002899404,0.09664563908123087,-0.18316676890882447,0.048989718287406024,0.04774432353596508,0.18238896843435223,Мотыгинский,Красноярский край
710,-0.027318523326328448,0.29371787511273423,-0.004376659969606955,-0.7123774044623618,0.036336605948507406,0.3246229118761217,0.02411272859595633,0.016745418210218615,0.0663852755254144,Нижнеингашский,Красноярский край
711,-0.023752898856244247,0.15202315866340127,0.11366160266828586,-0.7717247244151201,0.24631069806973252,0.19765259351909373,0.034585408530703105,0.002496029878453914,0.02221522879088515,Новоселовский,Красноярский край
712,-0.14872010254803736,0.2808298576567713,0.21830339187769998,-1.245139139426182,0.34094553716336223,0.34298368123374323,0.02984213144574291,0.007797302494735166,0.06974416625808377,Партизанский,Красноярский край
713,-0.08752541502473939,0.4178024954721844,0.22467804159262572,-1.2901918586262686,0.19305848420082125,0.3925761658660328,0.038495400315608205,0.003563516159871119,0.1944676867406281,Пировский,Красноярский край
714,0.01341561639637782,0.08851601500103591,-0.030174434850103238,-0.3561935003219851,0.06729760396379185,0.1684776447126557,0.02186029416725378,0.011288850310627799,-0.0342832931069977,Рыбинский,Красноярский край
715,-0.11721262341874376,0.1944516189031852,0.07675820103314929,-0.7650974613045447,0.03340711332611238,0.39840385654749166,0.0363901783394634,0.024626789398949512,0.06706776502557377,Саянский,Красноярский край
716,0.4268789482617807,-0.2631324138947172,0.035229846588011295,0.3203919562895438,-0.15231249726933718,-0.0022535632081070087,0.043795785482223355,0.03344246273858,0.07266387371423173,Северо-Енисейский,Красноярский край
717,-0.09050413866456271,0.23971009203509633,0.13464233529227637,-0.6839020010515356,0.09989668590420875,0.14757621632534906,0.033223007189060606,0.014228649798575146,-0.0006397075518559392,Сухобузимский,Красноярский край
718,0.6292280567168097,0.16374083139807674,-0.09872243201893117,0.6555064201267434,-0.5963492042631633,-0.1862522867373313,0.08423458701370239,0.1015490420287251,0.24267843271447567,Таймырский Долгано-Ненецкий,Красноярский край
719,-0.0759940955330114,0.1664511195562684,0.0859775921553191,-0.7089133627526953,0.19888977341567735,0.19551820613082546,0.02631689143549729,0.010926447192998326,0.003741501349269686,Тасеевский,Красноярский край
720,0.5175936223445793,0.0051473204124330985,0.16409741549622986,0.6750810153442856,-0.35425797837397877,-0.552144444373575,0.08385736632569293,0.12273032230613967,0.15590149260108155,Туруханский,Красноярский край
721,-0.09908977613716785,0.10593656457022448,-0.004952933445984557,-0.5971404373888141,0.1851883358821492,0.24889179888782,0.03481498137304854,0.022034228350414464,0.057400256837537966,Тюхтетский,Красноярский край
722,0.11543618244377558,0.06353644626033571,-0.08455719589471346,-0.32831696521429304,0.153823130573944,0.1334379127801221,0.03505112415777988,0.025582169245662447,-0.07916409113641752,Ужурский,Красноярский край
723,-0.07375456664428641,0.1406536901866669,0.05197706202394908,-0.48885280087034405,-0.026049972449425824,0.26019534961454843,0.024328760654667932,0.018325894080380475,-0.06264435669128517,Уярский,Красноярский край
725,0.09876678712662357,0.02826958504726131,-0.04719214853094128,-0.1388396812477092,0.11588394738298761,-0.0201983741462039,0.01730864178952688,-0.0004908810671340932,0.08555698621570888,Шушенский,Красноярский край
726,0.4262048247028231,0.10945684765518894,0.21570793755892473,0.7800851508622025,-0.5167295705144718,-0.6505970370564518,0.0905722846667603,0.13063966061960552,0.21718196859516584,Эвенкийский,Красноярский край
727,0.35370575421028855,-0.3981378970773832,-0.013967638028371846,0.7673056466572238,0.06445601562721175,-0.48173279867328717,0.024732733798635654,-0.002816881404790731,-0.058106731853141046,Пермский,Пермский край
731,0.032090097545629824,-0.11558935970922536,0.05599383378327211,0.419682538536679,-0.11758892166252759,-0.30457476244280407,0.02341928945810742,-0.00497881099568994,-0.037465278654415145,Лысьвенский,Пермский край
734,-0.02509587155537781,0.2235761657495652,0.08101710322835264,-0.3549818817020882,-0.2834253154691995,0.27173725669876436,0.021946247673991476,-0.012119009736926147,0.007743556910881281,Александровский,Пермский край
735,-0.13578137570551277,-0.08746035715937052,0.08904338442219067,-0.09075823599647605,0.14450004788237525,-0.11740151064332532,0.024409542446655517,0.00162315014177745,0.012072555378543126,Бардымский,Пермский край
736,-0.25985617122709687,0.3856385047532333,-0.061662565505762414,-0.4341869255140975,0.08784834532006462,-0.0397140305480431,0.046957541290358285,-0.007595873867773366,-0.07470113755015972,Березовский,Пермский край
737,-0.13858303897365457,0.1404527236544931,0.018380288863519518,-0.1906695752992985,0.010673472306847528,-0.0409135810201669,0.0316242541222285,0.013187719891119507,0.01916021336176152,Большесосновский,Пермский край
738,-0.07180279459454009,0.0891159559629273,0.026537440164974373,0.04005192207956589,0.038069505511710476,-0.2558514952137838,0.0235008592555361,0.008438265729497093,-0.08485661157045406,Верещагинский,Пермский край
739,-0.0031458750744709127,0.09225001650209524,-0.1008804252390879,-0.044382837343749204,-0.12577660286428405,0.11671317745041988,0.02923554166820905,0.001959281208364121,-0.035625465131537644,Горнозаводский,Пермский край
741,0.08465199225279167,-0.05380488352501502,-0.028696691962137366,0.41566848424736685,-0.24723279786444197,-0.1480107823903781,0.025181659242154982,-0.015375782760745105,-0.03695125187452989,Добрянский,Пермский край
742,-0.12896930158097142,0.08607549076379523,0.07436192636310134,-0.40824822454834564,0.12798259563857536,0.05775154028826821,0.03411659256257984,0.013734838594460008,0.038846355065212466,Еловский,Пермский край
743,-0.2520882938338109,0.20620470709436034,0.04239071983345135,-0.3222770066048337,-0.12525574396867267,0.13686065215108825,0.04679910764509673,0.0055784783976703944,-0.06547380332539206,Ильинский,Пермский край
744,-0.10351810762289719,0.08416875534026567,0.03411015601267684,-0.1400051590369791,0.078303304998747,-0.1186537288093153,0.018766606678595584,0.0021836180218315396,-0.007522605754457586,Карагайский,Пермский край
745,-0.030966651783936722,0.22143246145664208,-0.07156131913327163,-0.1199459122603132,-0.24942953975625917,0.15742763819859582,0.019896228864241732,-0.00034447198684883887,-0.005335580885542914,Кизел,Пермский край
746,-0.3111726683641101,0.29990248784065404,0.11278989551313828,-0.4844972739720658,0.025514340523257406,-0.015786121399589254,0.05750715516672384,-0.03473625189892954,-0.10981910511591024,Кишертский,Пермский край
747,-0.07238046006213235,0.2032333465005232,0.05180023194874248,-0.28162372527195695,-0.09486581970436103,0.059379295032446044,0.029798472862176562,0.0016099156075417519,0.0425824547658844,Красновишерский,Пермский край
748,0.1683041911273151,-0.16039612631713235,-0.07786457204627538,0.5070228121568121,-0.05974276035848092,-0.2710960249295293,0.032926966221581526,-0.0013807198394731508,-0.015233341499458467,Краснокамский,Пермский край
749,-0.12878318972563174,0.1427422905206436,0.14822977286656172,-0.5277930954463853,0.1417521370583419,0.03299222350623179,0.022077154233523175,0.010457150989621189,0.06383967710558185,Куединский,Пермский край
751,-0.03642683924567591,0.16107480872173002,0.09311958488588447,-0.1506254969231278,-0.19783273146315683,0.03218716328406437,0.01715438360088784,-0.005062252170063101,-0.026252751615807396,Нытвенский,Пермский край
752,-0.20838459079252422,0.173351530228928,-0.017742001288613713,-0.3213958115229008,0.07079705317264225,0.03291255791533985,0.03686428531444091,-0.013693767762397011,-0.01587785321423618,Октябрьский,Пермский край
753,-0.21884790549057706,0.3593153727948608,0.08961668909929733,-0.6920783275646274,0.18695845170895978,-0.00588885753309711,0.03622525799377481,-0.004641906335269906,-0.025970812615463783,Ординский,Пермский край
754,0.03461011095308223,-0.02383089207279193,0.045434513316102466,0.19227611488031993,-0.03855822337194733,-0.23739818424628875,0.03686646592980815,-0.002506021515195742,-0.06521810118629844,Осинский,Пермский край
755,-0.12444835666068783,0.1945944521098291,-0.04265436898004114,-0.3232291762470724,-0.034519694777918386,0.14373211640059871,0.019857682952916397,-0.006022923164618207,-0.08261147079246929,Оханский,Пермский край
756,-0.027961813555167876,0.017905970017164152,0.054943413713274804,0.034343786648619236,0.006247416266888406,-0.17551725814055227,0.02005025636475583,0.006068971117160277,0.043152230056788886,Очерский,Пермский край
757,0.21951141382107817,-0.2688901773713131,-0.14058267601005028,0.5271932853325876,0.14643994250930115,-0.32623704595513064,0.041812491531911015,0.0005325685096092825,-0.041370085655672205,Пермский,Пермский край
758,-0.12202564215502025,0.2385334327471549,0.030641529659183115,-0.37551430297551275,0.11872929898822211,-0.0744666299136521,0.03060083257099361,0.008241401130703119,0.019208781549813758,Сивинский,Пермский край
760,-0.17421153862330088,0.1536490431484744,0.11416772804372394,-0.5727960368933667,0.13570179570826846,0.10720079849829506,0.026830639941931092,-0.0028506283995402837,0.025417074668787953,Суксунский,Пермский край
761,-0.22304159910882046,0.31023124512638495,0.14393815936046336,-0.4757317974740898,0.03261530488656698,-0.07312958339393096,0.04613567550760546,0.02441278246625479,-0.051406971688008785,Уинский,Пермский край
763,0.14351777858815992,-0.16859866254654898,-0.03751829928263393,0.5260003658839244,-0.037565544447537715,-0.3443945311018097,0.025987962542704218,0.013334403790353916,-0.012882093117476345,Чайковский,Пермский край
764,-0.15550285739475286,0.22933047611842575,-0.15561070670149818,-0.25132251129030697,-0.009413615788205654,0.1249396861669786,0.01909635011240614,-0.0006631088943826191,-0.08282562369160598,Частинский,Пермский край
765,-0.16156464748645707,0.3124230163060207,-0.02814945819642491,-0.6864004117918778,0.15161365507347604,0.1884365271142013,0.02930248826767556,-0.005146350485449952,-0.044191538117764696,Чердынский,Пермский край
766,0.08094128142848733,-0.07707110570848635,-0.0014730156992860954,0.16340319426116195,0.017528625627310983,-0.16446436997530683,0.023126231311628873,0.007286976803658233,0.017334770796665882,Чернушинский,Пермский край
767,0.12128182252164092,-0.010507832572510626,-0.13200131298187226,0.24177300163162055,-0.033337717945037225,-0.1280028096268052,0.032542088557799,0.007996853003129056,-0.016909134298637513,Чусовской,Пермский край
769,-0.08897732548435926,0.17703796874777641,0.11226067066200972,-0.5087188397161891,-0.02452647436380358,0.18187000317560229,0.02994215661870008,0.01198337118046896,0.04778871760224279,Гайнский,Пермский край
770,-0.1785223951690181,0.24592575558997468,0.05961318172109211,-0.4482688952072416,0.16010835074539406,-0.07945506434382467,0.04984022442094558,0.02604291172258689,-0.03350225477134169,Косинский,Пермский край
771,-0.17613941048059711,0.25022785304661527,0.05386697757966354,-0.25915466693530714,0.05428016789196858,-0.16129700307754638,0.05160307360551094,0.017873383434508838,-0.15994341343252527,Кочевский,Пермский край
773,-0.21039209051927235,0.3498382892320069,-0.08534386113102582,-0.238313969487708,0.017017001522641812,-0.1052741316305199,0.047474991099482465,0.03312247580695377,-0.08164284162681339,Юрлинский,Пермский край
774,-0.263822231862606,0.34898948937307805,-0.01129320530546298,-0.3129441631515967,-0.08991329404677954,0.003084501636154535,0.05004810541888028,-0.001980111460621492,-0.11947449828064372,Юсьвинский,Пермский край
775,0.6170869831453734,-0.4065734705931787,0.12486397411000903,0.853926940377689,0.17281761096757223,-0.8071117263566959,0.031237607125887246,-0.01793002542737591,-0.058874733245866485,Владивостокский,Приморский край
776,0.3146178654112171,-0.09683685973840211,0.12619575383333595,0.2831850335547273,0.08032641342733038,-0.45494701257159703,0.036388682657721674,-0.004291801587514761,0.0004156218923158465,Арсеньевский,Приморский край
777,0.4382090076015204,-0.20958438450459382,0.040997603406032514,0.5565175907703428,0.1736325201111113,-0.6236400012774985,0.03176065666352115,-0.02297141993753919,-0.051554709887218886,Артемовский,Приморский край
778,0.4015414589110882,-0.14369611906356936,0.05728083814716931,0.4962729074500323,-0.044170923083082236,-0.4277633749451555,0.03519918882474207,-0.0023712072822536143,-0.02736936640569328,Большой Камень,Приморский край
779,0.2485430629817463,0.11457705710567266,0.13592894591800347,-0.23336536560404522,0.10522043531331744,-0.18443774422755435,0.02764859126350847,-0.019682181855129238,0.0010621608951670118,Дальнегорский,Приморский край
780,0.1654976998767038,-0.023675894331512792,0.07804760111417436,0.00915217474356624,0.05728129410625097,-0.18288184712708447,0.018510714954941897,-0.00566984207129818,0.046980599534038624,Дальнереченский,Приморский край
781,0.12721090439507332,0.026315572259278625,-0.0824009767464713,0.15753779167614174,0.07046149326906359,-0.23399055195261917,0.025923498334870027,-0.026216534195844392,0.049681601738265135,Лесозаводский,Приморский край
782,0.46101378388066633,-0.23523372915830157,0.0839485870828741,0.5391629730133586,0.15855061245102886,-0.6085051148835651,0.025563017659100025,-0.007576613402235459,-0.02906216842864932,Находкинский,Приморский край
783,0.15358488013260865,0.11236534052984032,0.247361564850888,-0.10320751490942538,-0.039988230239608256,-0.27860783172630116,0.023610398671488605,-0.02583208890389165,0.010104472037742972,Партизанский,Приморский край
784,0.19478794038760605,0.04011593029985677,0.10929729849776776,0.12531315121049766,0.05639504843588609,-0.39319809993861393,0.03308931499423735,-0.03059392674698332,-0.01550775270074121,Спасск-Дальний,Приморский край
785,0.4508515571896549,-0.28531416394784853,0.05548664973371344,0.6562963411417994,0.23212884676101206,-0.7206743451832823,0.034287581901595796,-0.020028087573989273,-0.05426352519113157,Уссурийский,Приморский край
787,-0.042645017559398056,0.3254036010805208,0.17156362333010144,-0.4775299336126655,0.08981613456936073,-0.1713300968619235,0.03677157385341512,-0.03685861709563464,-0.026853866815269616,Анучинский,Приморский край
788,-0.07199304742310113,-0.08612295411815186,-0.25544548884453916,0.5844137448631336,0.15257725152804427,-0.45749922492309114,0.06904944809622186,-0.0022350441471311946,0.28645169286421507,Дальнереченский,Приморский край
789,0.17394785177000646,-0.010485725669814852,0.04653311184295211,0.1540196606516915,0.1598019846786641,-0.4119457029980991,0.02302614679580351,-0.018021871059970745,-0.08341610192781511,Кавалеровский,Приморский край
790,0.07971801153399549,0.08296094911626582,0.03375997832119224,-0.1782119749310459,0.27890497419665095,-0.2794905981976688,0.05171423499141033,-0.031571787275951925,-0.08726708046720648,Кировский,Приморский край
791,0.12133220583877018,0.23187933876379208,0.2458853552924499,-0.5737029881941047,0.2307026227063531,-0.1968410000630958,0.03267044142015089,-0.0044593006816101245,0.14636602942412136,Красноармейский,Приморский край
792,0.1255259562401294,0.23916536619208717,0.27010251298291754,-0.5443500992415297,0.020331342691421266,-0.047325794119501684,0.03981222994794211,-0.003766722695164463,0.10275175143244301,Лазовский,Приморский край
793,-0.07607587945101102,0.22556009593698667,0.27896000894804174,-0.058937746246489196,-0.12716827017654084,-0.3804907599566035,0.06610570891442319,-0.02409715521968714,0.019728480952375737,Михайловский,Приморский край
794,0.2731418228797338,-0.08069157274890217,0.06913628122040182,0.35930372410201983,0.09766569118070818,-0.5074907952488331,0.044218450113848506,-0.02727345238224597,-0.07334402412460302,Надеждинский,Приморский край
795,-0.025824639455353477,0.2920566195973103,0.15895735628848023,-0.12392748509571648,-0.11959153896949519,-0.2695716233151841,0.07292453682747557,-0.046452235656036255,-0.053930012928070314,Октябрьский,Приморский край
796,0.10393822415033009,0.32008742162782056,0.14993435035280317,-0.3857341287847304,0.3190307824403072,-0.46539509713080585,0.03186611935426325,-0.0038371983024999973,0.07176341371972626,Ольгинский,Приморский край
797,0.12474388002268744,0.1961031688124395,-0.009429633345884961,-0.07386028578783897,0.06559397220981482,-0.24048389338313547,0.029171451993252998,-0.022007511604463053,0.008345901747768577,Партизанский,Приморский край
798,0.048426763528716034,0.1166622261786313,0.1033535283631264,0.22950295416726071,-0.1435325009406179,-0.3680628792630059,0.04405695187897053,-0.006134668542181178,-0.024030121808700882,Пограничный,Приморский край
799,0.21851357810172453,0.16389388848415884,0.16050520697710752,0.007508914717804145,-0.17340130645085472,-0.22058337522282181,0.020881387020008153,-0.0221086712469576,0.03347772024122652,Пожарский,Приморский край
800,0.06820509821425946,0.20519478320473925,-0.00686421044250272,-0.09359671378577016,0.24315805721183084,-0.40996858768290295,0.025585553182582713,-0.00962182353911234,-0.011772860086962178,Спасский,Приморский край
801,0.23924839158622904,0.17823841486690908,0.18985231492973317,-0.3259192513112449,0.1616754227633874,-0.2659235727433906,0.03181202205461154,0.014332768277729974,0.10322527671730612,Тернейский,Приморский край
802,0.061479288616496985,0.2300336473604473,0.16393801319368267,-0.23517525777591378,-0.0040439999919997804,-0.2168290742808221,0.02221550800707779,0.0009543273453736697,0.0944780323623034,Ханкайский,Приморский край
803,0.21641037632632262,0.1806312848676337,0.05157334077667854,-0.13426737897287871,0.06976999980067589,-0.22978391796671516,0.027250005887821414,-0.031268028662007,-0.003120930674822294,Хасанский,Приморский край
804,0.03277296880052508,0.2586403104085738,0.3027938259437953,-0.5093129685466927,0.06874270314222797,-0.1829405424425096,0.04019099316444871,-0.030705021656234413,-0.017615388487384864,Хорольский,Приморский край
805,0.12409862652664705,0.12445967767194656,-0.005361089208477388,0.11326412953858446,0.038597706427775234,-0.3330370959244338,0.034204854720745366,-0.035335813788120486,-0.07250619630507416,Черниговский,Приморский край
806,0.11199562352028702,0.0945695887557883,-0.008084440170958681,0.007053613621103479,0.09569487897730926,-0.25131031267784726,0.0222491863834742,0.001518815954844858,0.03428262741782543,Чугуевский,Приморский край
807,0.08516091734975924,0.12575242480180962,-0.00255882879754471,0.1973886279829494,-0.0689596315984407,-0.31369926388337777,0.033206602611692546,-0.03247763658647635,-0.0647782969584047,Шкотовский,Приморский край
808,0.020981705711245874,0.31758115760348854,0.06700316505379506,-0.4127311019380803,0.001683713933618473,-0.03561360614742709,0.036362450092228105,-0.0011345743749830225,0.12338767273025826,Яковлевский,Приморский край
809,0.31426501617629893,-0.5318039949123947,0.00691449246913987,0.6724947803946085,0.06255342666421589,-0.27223537611017656,0.03393060112218058,0.001879942600423216,-0.020661633034600484,Ставрополь,Ставропольский край
810,-0.09702669229040965,-0.17161476505883164,0.13538015642377738,-0.25378121389156816,0.06745602916825177,0.1604831218637651,0.029712906445054744,0.00357956683560727,0.07864122013182552,Благодарненский,Ставропольский край
811,0.02092871238175653,-0.44355711110859675,-0.016717580757161805,0.31614661067116834,0.10096114481109113,-0.018909735111106513,0.04733497579008262,-0.003526537813133279,0.019880480746514273,Георгиевский,Ставропольский край
812,0.2709248885990403,-0.5695887180853536,-0.02743173262568564,0.5931649815511908,0.07747703916184123,-0.13569824149659832,0.04569150045539642,-0.008160521040902516,0.018189243871397087,Ессентуки,Ставропольский край
813,0.19874772385046025,-0.4940116737315983,-0.03755074284001627,0.4330126108332493,0.0034179057576306793,0.03305522848612961,0.06715390363239285,-0.014056471092633194,-0.025457064518259426,Железноводск,Ставропольский край
814,0.02929004180200308,-0.15369688796445255,0.1414199416333515,-0.0370415441438273,-0.07524831323893529,0.06249013221925809,0.05110928805141734,-0.0035439441846235923,0.038498273259839864,Изобильненский,Ставропольский край
815,-0.09962360819290643,-0.12652235491723376,0.15732338369974888,-0.1688109430205731,-0.03591611117442317,0.11184935391787533,0.028505620720342118,-0.002609357005708408,0.01751963121538272,Ипатовский,Ставропольский край
817,-0.1355177358032087,-0.15460846271122233,-0.11445288345171502,-0.05203722507345371,-0.0984994034489074,0.35752130319069214,0.041965033009216196,-0.018395387469117175,0.03673654715729668,Кировский,Ставропольский край
818,0.17328672412644922,-0.3512282233675612,-0.04321816838091003,0.34529826725550333,-0.11764788185392983,0.10471933485229207,0.07414788234761309,-0.015825560324355326,0.015665811296408722,Лермонтов,Ставропольский край
819,0.15915787881916868,-0.448249693496603,-0.06983662703069425,0.4732214066814866,0.09708214801269414,-0.11429390566148873,0.045370753544327465,0.0031855456017601444,0.003211739693405676,Минераловодский,Ставропольский край
820,0.17608537114074974,-0.3327282657702181,-0.04147827945149187,0.4036894368622317,0.05467305335635889,-0.14623261649148736,0.047666551173766974,0.001231364644099564,0.009301952556972637,Невинномысск,Ставропольский край
821,-0.10166382515225525,-0.19033999688315037,0.17678248310099334,-0.19453173471783505,0.0022022004425791275,0.14381037656280696,0.03466587688549335,-0.009197350924926795,0.05110557857899137,Нефтекумский,Ставропольский край
822,-0.011788109245893278,-0.08726846835121284,0.23062577978308832,-0.5225815316440969,0.09732505727605327,0.21982249144156288,0.039520549293118275,-0.004815739607040958,0.08602547756025247,Новоалександровский,Ставропольский край
823,-0.09613865478822141,-0.20014556824757626,0.16900575714549762,-0.1735166009534789,0.09525712511617164,0.0473226154447815,0.034760402159502844,-0.005574377183365319,0.02821218251480935,Петровский,Ставропольский край
824,0.30076454035871647,-0.6430676458795029,-0.062404101592816195,0.7093008562166606,0.13823975238274655,-0.204145532621695,0.04157347604023252,0.003378121732219075,-0.003658111837435548,Пятигорск,Ставропольский край
825,-0.09631150412295549,-0.22468424069124934,0.18797910779434446,-0.2649250796879819,-0.01291945363864048,0.2524729947289219,0.03511755229746577,-0.014428440483390542,0.04881870528141232,Советский,Ставропольский край
826,-0.16115124601546293,-0.10530019232468223,0.23897375513752447,-0.3930682411820954,0.017296269269915527,0.18002173760473114,0.0269265360600149,-0.005310721512009398,0.023440454345663886,Александровский,Ставропольский край
827,-0.1127326793670107,-0.0983335273578947,0.21980979086724375,-0.4812525154023613,0.0013859124393182931,0.2963136679590889,0.018195529328528325,-0.009595285415741358,0.08504170785009653,Андроповский,Ставропольский край
828,-0.16680901701368148,-0.005182842539186383,0.2272543793581733,-0.7122150371125091,0.10827083207311854,0.31979599672579867,0.022037687578761376,0.0014866407435789504,0.09681670717140482,Апанасенковский,Ставропольский край
829,-0.21932818578462357,0.0253357904823265,0.35853361029566466,-0.8212691788391018,0.0416764588665551,0.3336466476999504,0.032858406682328686,-0.006856138353966414,0.15791579643431378,Арзгирский,Ставропольский край
830,0.0713143805082163,-0.3364643460734998,0.05309067255983422,0.07105549657101572,0.12080572992924743,0.029435775518796965,0.04638836465845498,-0.0008987956392506278,0.03848211498761243,Будённовский,Ставропольский край
831,-0.21407655011358986,-0.019999712144616506,0.13792767665179387,-0.4291141272123447,-0.05748312242063077,0.3065926136311923,0.03258596597020084,-0.025558991516435526,0.035537614047714605,Грачёвский,Ставропольский край
832,-0.07627684068372893,-0.11963584924838305,0.11316717928818575,-0.16238084697552574,-0.008797944768012175,0.11557079020912876,0.03691092767548299,-0.01109000877630758,-0.013789909356223144,Кочубеевский,Ставропольский край
833,-0.1315116169591696,-0.006813190978813814,0.1356925621095679,-0.2107751775706923,-0.11772775069457801,0.13754688563990988,0.03161321125016639,-0.0023716765652555816,-0.024693753595876295,Красногвардейский,Ставропольский край
834,-0.22795760680357202,-0.38621992854519976,0.10562970499364267,-0.43796190461715145,0.3225503172801827,0.33392513939392043,0.029708300326221595,-0.015499533481993918,0.08644449096406696,Курский,Ставропольский край
835,-0.25074723750449374,-0.16198375032047313,0.2481036234859574,-0.4701813769709052,0.0018465092013868107,0.32013832310942925,0.024383835934511242,-0.01058086029530216,0.07531343975859568,Левокумский,Ставропольский край
836,-0.20819532320582068,-0.0978879496740601,0.2649761859375419,-0.5964038872735249,0.009808166834159379,0.3574308126812795,0.04365261798517287,-0.014630073284460495,0.032282746443558254,Новоселицкий,Ставропольский край
838,-0.23222390834968007,-0.05616145277763183,0.16776648942230898,-0.7115867818728739,0.048573143776936854,0.48933192995665425,0.056538343728286936,-0.01239360914175409,0.1854117972800751,Степновский,Ставропольский край
839,-0.14579806975035617,-0.05361749764585205,0.2648722590590428,-0.41285364696266974,-0.10545404973376837,0.2449762637886422,0.02683945915519924,0.0029294382162135626,0.0295410527163192,Труновский,Ставропольский край
840,-0.2718516816258106,-0.12959789341870007,0.20307405166902873,-0.6720512338569335,0.22612472667546138,0.3103736774365388,0.031243625820350493,-0.004262062307770727,0.12117893492243322,Туркменский,Ставропольский край
841,0.23323623222498857,-0.38764816023274146,-0.08890172490452684,0.42531926245450663,0.0807980619903373,-0.09164411080218139,0.05415886053296903,-0.002734505572997851,-0.023738830752239298,Шпаковский,Ставропольский край
842,0.5906959979164309,-0.31164921461278,0.08288212960651314,0.8472239140401175,0.1032716288295286,-0.7838051293579845,0.022961614363104114,-0.009685778663405068,-0.03192870200822839,Хабаровск,Хабаровский край
843,0.47281433439618215,-0.18232258781976554,-0.11147578688904002,0.7672225935464265,-0.01410867585025614,-0.5213922144819699,0.026546611744002982,-0.00041904599395710857,-0.004646124612724141,Комсомольск-на-Амуре,Хабаровский край
844,0.24689903613129785,0.05695275117881787,-0.12008859983746524,0.457725667709137,-0.3375451500839504,-0.11912134046114359,0.022350076863485835,-0.018223451474969204,-0.005861259878270612,Амурский,Хабаровский край
846,0.2956007579506321,0.0852992113092489,-0.2833479501048219,0.32132986887520126,-0.011938242011979091,-0.17341955956225452,0.02956730975264641,0.0012043746139508797,-0.015743134033727475,Бикинский,Хабаровский край
847,0.4566536258335288,0.07383455893024658,-0.16563395644565196,0.33688897678923685,-0.12459437863650558,-0.18257187213193168,0.023676207935660158,0.020216007769080446,0.11636554943796211,Ванинский,Хабаровский край
848,0.411955915519264,0.34638867447715493,0.064754315805648,0.3705888303233235,-0.2410240215419788,-0.6027844705587537,0.04974935795591044,0.03394533030765815,0.14467678610128645,Верхнебуреинский,Хабаровский край
849,0.11283251723671624,0.35499445198874485,0.15793634120092784,-0.5085514715499116,0.03271790922561213,-0.09917390235997857,0.04193021723074469,0.004883775611918296,0.04807141757874278,Вяземский,Хабаровский край
851,0.009141945008248609,0.32524932782167554,0.07638737979282097,-0.24074185979368792,-0.013349021127503543,-0.20962249818791165,0.032790846321235315,-0.023459804256377392,-0.029449790935144993,Лазо,Хабаровский край
852,-0.0023165343504930234,0.35948863399772807,0.10349419198835569,-0.030050837365643974,-0.035618360103787904,-0.4593903000112569,0.03842508419086472,0.00749825416525344,0.02151009072572475,Нанайский,Хабаровский край
853,0.4217914904649665,0.28316637692442564,0.14505841062571653,0.03127245020786964,-0.16479198325818736,-0.3567819259944307,0.03385659240756746,0.03373291347150078,0.17382594841275512,Николаевский,Хабаровский край
854,0.5028180537041355,0.4857235612207569,0.24685476415486027,0.3103867878408569,-0.20831701000444017,-0.8967247747066404,0.06147785111458115,0.036350331840497886,0.06509341570685363,Охотский,Хабаровский край
855,0.23873671670053645,0.43769931921441985,-0.056055836028585014,0.10414798423251675,0.22835770675467992,-0.7762258456676364,0.06090592776766059,0.054180361555084884,0.12905883214327563,Полины Осипенко,Хабаровский край
856,0.3829939473062623,0.14068848752151195,-0.07650233552686624,0.11567176907729403,-0.0913069692765669,-0.15062762328997917,0.01972287195809604,0.02251408409769971,0.12624504439401804,Советско-Гаванский,Хабаровский край
857,0.16212972779562707,0.4120297626132799,0.033478457038756126,0.15029603171492847,-0.4564042437757591,-0.20147667908581193,0.05657237722624388,-0.01422106010455441,0.005126903420994681,Солнечный,Хабаровский край
859,0.13095374252755568,0.5278897586905021,0.10948473900343346,-0.36489217041897587,0.12888435878860716,-0.4634433575581718,0.06888472691739615,0.05403263828106187,0.2958227230332225,Ульчский,Хабаровский край
860,0.4072379706837918,-0.16082635390449349,-0.06212979223588727,0.6824744877095071,0.14250519956406196,-0.6641002126277952,0.04017497101641398,-0.01825057923582039,-0.04441608954910348,Хабаровский,Хабаровский край
870,0.06536327936831661,0.23665245832985768,0.0566688446329253,-0.17132972928276793,0.1696319413485644,-0.3537001865231846,0.030955118415650303,0.0143363881460706,0.019385836741356077,Архаринский,Амурская область
871,0.19419183880388582,0.016108905815403307,0.03380443316550021,0.10927053747720396,0.24571359727776107,-0.46697414523047426,0.04052912280295831,-0.00494484329941013,-0.003313279695229728,Белогорский,Амурская область
872,0.44795297469983003,-0.2761980538711603,-0.04229751533887658,0.7167380960915194,0.24812798237507272,-0.7084471807511613,0.04241284958687849,0.011576812975232775,0.00010841226559721306,Благовещенский,Амурская область
873,0.10164226347366416,0.08975521460497769,0.025759512984904292,0.21400756935016077,-0.16941030402184276,-0.22218866441280646,0.047273523407583,0.007164735078506082,0.026312038796025117,Бурейский,Амурская область
874,0.006819621171647509,0.2315763469847423,0.15296318651257798,-0.12542124831594273,-0.09267215084755032,-0.2285228058284324,0.032375488250559754,0.016090614597114174,0.05525702440961735,Завитинский,Амурская область
875,0.3543865846006116,0.03884386418245336,-0.08096445395706103,0.5623372125576731,-0.09263461343087849,-0.48965868084679215,0.03455730822826808,0.023420244841607225,-0.010997583225952456,Зейский,Амурская область
876,0.12730365840490063,0.03585364170623612,0.07454391617410307,0.18889333470631173,0.24132015640426782,-0.6026877204855234,0.041196117454003464,0.02216928740743121,0.06126731437900281,Ивановский,Амурская область
877,0.0030916651082001736,0.36810020550038525,0.17067461826306798,-0.256112650223648,-0.013462304217929044,-0.331276540816482,0.04696766202093375,0.0057025625737723296,-0.09664386185908953,Константиновский,Амурская область
878,0.12992573801234353,0.07567986462160231,0.047338079562931956,0.29573551805153286,-0.1683921019078984,-0.3124380318227737,0.030996832992856382,0.02189351063243472,-0.018373704402220376,Магдагачинский,Амурская область
879,0.04544151730783271,0.3579851290096216,-0.14016473739367527,0.11332157409031128,0.4193133734978143,-0.8125320106986779,0.02922867169897461,0.028189491746982334,-0.06622460978177909,Мазановский,Амурская область
880,-0.023334832511643217,0.4123941401483436,0.2561245526576626,-0.2239016639712412,0.16169036825271,-0.6683840685820804,0.03944627512855817,0.009436717914069822,-0.04725449843460855,Михайловский,Амурская область
881,0.15969690462313002,0.05234876274213849,0.0032798862541547438,0.2332816725533721,-0.004600271701243404,-0.34638672134302767,0.024256367680698068,0.0075432299666453595,0.001907691440532137,Октябрьский,Амурская область
882,-0.061817910628294635,0.23314221802082025,0.32599072409903634,-0.134184320309842,0.1661223606519818,-0.6531476539566015,0.04375578780885997,0.03094538145172703,0.017372613449581447,Ромненский,Амурская область
883,0.11469293737442439,-0.07626166516321721,-0.10151353079259812,0.7994822527189679,-0.2974573181077049,-0.3863264101500529,0.04410235487950687,0.018576949631307595,-0.07387768098768459,Свободненский,Амурская область
884,0.24938633085295722,0.03551322169553015,0.1404383192154149,0.6112286415246334,-0.32410856815949834,-0.5251482857706855,0.04425064031090978,0.01905143709419535,-0.0837972915029489,Селемджинский,Амурская область
885,0.08573531360046534,0.17299255589161344,-0.009065737996964881,-0.0945409475712866,0.01678635852181176,-0.14824890033977917,0.052473215197755,0.018150681446807693,0.05763568897424243,Серышевский,Амурская область
886,0.15376531733779863,0.1401035413518132,0.04545087698261524,0.02962704158630682,-0.10645595224929671,-0.1708021791660436,0.02919566022055526,0.014778055357142902,0.06872320716585208,Сковородинский,Амурская область
888,0.38196495664281577,0.059731398312185824,-0.09490589732884656,0.42629644022703306,-0.1152739820636925,-0.33792463064128625,0.04126839493313696,0.01095756392490634,0.06915234651173692,Тындинский,Амурская область
889,0.1995175905773597,0.13799699098674192,-0.037548746702869396,0.2060501458721319,0.09715920522338876,-0.46573426687399877,0.09072318223048995,0.002007196652452923,-0.04363334681589295,Шимановский,Амурская область
890,0.44790943310341264,-0.27967046512102883,-0.1216814047433016,0.7118158954545925,-0.06405368828363711,-0.30848700880123,0.021955443525887942,0.0018874188154082705,-0.03361610679287478,Архангельск,Архангельская область
891,0.19178111937006817,-0.07380647177655059,-0.09824766764485739,0.5531598071279142,-0.3642022603882827,-0.07898007881282944,0.10492053794344262,-0.05572378676953548,-0.07896776206316054,Коряжма,Архангельская область
892,0.2902672360784202,-0.16767602820074634,-0.15275370145599657,0.5260766083623086,-0.11877726541594287,-0.14894628478422897,0.026632011780110928,0.01895077896707516,0.023147018281277337,Котлас,Архангельская область
895,0.1305006659346306,0.13942143751184652,-0.10208154551052634,0.2695040524043989,-0.519528268432817,0.150607652532493,0.06614115371285743,-0.017530538381190713,-0.055156998595839245,Новодвинск,Архангельская область
896,0.5205759267868068,-0.3053156106951109,-0.2396959701624645,0.8657958251978931,-0.11960549150814533,-0.26325542432677795,0.034288914529179815,0.00036502731260941906,-0.08616217983428782,Северодвинск,Архангельская область
897,0.1673911328126941,-0.03691507120470618,-0.2209715660632571,0.23308582999307784,-0.11630737839354392,0.0790315141738238,0.015329491082350787,0.01269499927028945,0.023595630898412306,Вельский,Архангельская область
898,-0.08293692663387242,0.29432294404219866,0.12164403852518489,-0.45905591501417436,-0.1286125009867629,0.10962476193894909,0.04318696164393334,0.017408164697775213,0.08163057664088846,Верхнетоемский,Архангельская область
899,0.007916472207411504,-0.07291943498846166,0.015399167556819637,-0.09711965902619556,-0.025208718052890156,0.11777197301612151,0.05240946359950121,-0.003956560756655108,0.025359754213530466,Вилегодский,Архангельская область
900,0.01817784269218799,0.2878625647909315,-0.06797568322358055,-0.44960257613701066,-0.011710363538111723,0.17934938661316605,0.030039154882793382,0.031608824443736104,0.17575761511589613,Виноградовский,Архангельская область
901,0.06217644336125113,0.161544107801904,-0.10835333947426112,-0.14763947740705002,-0.0722035489697117,0.10457558655451243,0.025811614504140608,0.022653420689382028,0.11584018709527845,Каргопольский,Архангельская область
902,0.10250527622175214,0.16641706863924272,-0.30591172107229275,-0.05398383989055953,-0.05132459572995648,0.18272641655896052,0.03717762469551999,0.022356431980261743,0.06188281253647893,Коношский,Архангельская область
903,-0.025171149139923132,0.1144396287772158,-0.15068990986200317,-0.03257379225885376,-0.13198736782400688,0.13873476967304235,0.08639714233794481,-0.003272333361828824,-0.06924573794425153,Котласский,Архангельская область
904,-0.1080494884803398,0.2423199557606741,0.0026396906001093234,-0.2962879581981967,-0.036354654481473424,0.025606294824281322,0.051111648684290543,0.00969617423389546,-0.007563721687079879,Красноборский,Архангельская область
905,0.14786632484202133,0.05284642508357357,-0.07575779370979006,-0.0745279458114006,-0.04281134015335689,0.07817398309636779,0.028388119674239706,0.0347146021136678,0.016411801458837097,Ленский,Архангельская область
907,-0.030029777690864012,0.4479178828730011,0.28100948395971787,-0.24578644832235508,-0.23629045519893976,-0.30892713480603023,0.06861444531424139,0.04589346542311542,0.19634024548211806,Мезенский,Архангельская область
908,0.15154986677117024,0.1470116735384054,-0.21969386298182983,0.08976369537554173,-0.1783835450175962,0.09922536759087273,0.02948160168070842,0.023676648855251347,0.06254804164790927,Няндомский,Архангельская область
909,0.13673620032670253,0.19417812426245984,-0.07328488144930284,0.027018910596075623,-0.27302208147829693,0.06303325657445823,0.02432058891767428,0.00947938163387622,0.04766687275571919,Онежский,Архангельская область
911,0.1683025340320651,0.10842898464226541,-0.23007067665549363,0.08719912285139032,-0.0869603262984114,0.059326223965643334,0.024836031677184907,0.010350578520524095,0.06540283208389365,Плесецкий,Архангельская область
912,0.34118071678249423,-0.18340042742339616,-0.354115639089176,0.5017934991642427,0.02644503938804958,-0.0527991435343266,0.05484370227666909,0.011828500212828644,0.05366055805038087,Приморский,Архангельская область
913,0.09156255755047134,0.04710767344955733,-0.23499871571453576,0.08324746363637808,-0.11441911616760543,0.15698602330159964,0.029859250756710788,0.021569708477829325,-0.0221534067324004,Устьянский,Архангельская область
914,-0.09686950210937802,0.32985187059470694,-0.10834004395502171,-0.374845674966176,-0.24163789665843638,0.33289507349032116,0.0665526319754711,-0.0007013860687259446,-0.03880003705576648,Холмогорский,Архангельская область
915,-0.005565961020881138,0.18597081977525629,0.05061302725697908,-0.420732954398307,-0.09777609817349482,0.21984853404496194,0.03851137108891101,0.03062411302657823,0.05756560160697418,Шенкурский,Архангельская область
916,0.6283015332554148,-0.14322018586239454,-0.17805475197601672,0.8027614535519686,-0.1681311187633694,-0.37543206844479354,0.06626814847356782,0.07320219859907602,0.06968575728853026,Нарьян-Мар,Ненецкий автономный округ
917,0.5289245306526005,0.043788814430253266,-0.20366997273292706,0.5151736365287005,-0.10561888110889257,-0.3117502686117409,0.06388937176254157,0.08683942567745258,0.14397467771427122,Заполярный,Ненецкий автономный округ
918,0.18407564978362,-0.3977046898075176,-0.05198067980837608,0.5817419713926743,0.05385566316835585,-0.24798893643974154,0.03780394373215799,0.001951977781858553,0.0018926109864581726,Астрахань,Астраханская область
920,-0.04383179822869517,-0.08021280038811801,-0.041992730103953234,-0.06778750146100389,-0.06395681893702121,0.19187317939549073,0.028763030031515934,-0.02459285164571656,0.01615678115013394,Ахтубинский,Астраханская область
922,-0.22078388852421696,0.06230667651872677,0.044329081774873325,-0.5923955102362081,0.10524266273226635,0.318440417715737,0.028216481481009928,-0.0002270497554053378,0.029225639507250583,Енотаевский,Астраханская область
923,-0.28599217951754663,0.15929779593969698,0.0760033788046987,-0.553512346035009,-0.2316945447412554,0.487829044537263,0.030359600985435276,-0.0028374176190576104,0.09426790660529823,Икрянинский,Астраханская область
924,-0.33833784494803765,0.1205230280393912,0.04386441133240173,-0.5747223384122141,0.0345740271881827,0.3136842003576333,0.03537235617068257,-0.02972396479318425,0.1439720982033433,Камызякский,Астраханская область
925,-0.3371400670102614,0.10041150853998516,-0.027169205031555232,-0.352689352992632,-0.04149989063020054,0.2588702686197976,0.039416325337466855,-0.010150943121151298,0.017408239192868973,Красноярский,Астраханская область
926,-0.25262600436718435,0.09819149364224654,0.1569246791691072,-0.7702369432641888,0.1303625274081368,0.32268157155009297,0.026199607919644218,-0.0030480880417346388,0.04272199703614706,Лиманский,Астраханская область
927,0.04426850548920321,-0.3281061022590967,-0.16078937575342253,0.4284358179700405,0.155166387133621,-0.15678339858574883,0.05761048678286636,0.01368008680173808,-0.0020130766158958555,Наримановский,Астраханская область
928,0.11840023992959255,-0.3902764659655625,-0.1873368388393358,0.4354334152192572,0.2306358928971501,-0.15053267480611512,0.05895794285273963,0.013149210426213129,0.0017975686238945743,Приволжский,Астраханская область
929,-0.2914617654171467,-0.044290677994104,0.02115736369701876,-0.3939416951439563,0.14991169686710737,0.20508664107932936,0.027017825607374174,-0.023462436890244725,0.006046302855482799,Харабалинский,Астраханская область
930,-0.24354269546217022,0.12846362635814598,0.042114124724468384,-0.9154414154867303,0.13762435031348172,0.5451626425960283,0.06259474759749276,-0.04330618036398537,0.017203217957044787,Черноярский,Астраханская область
986,0.34708168167424674,-0.31609249205965523,-0.03634884746426065,0.46691313188269196,0.06781149341071831,-0.2443599572641002,0.03002451101813894,-0.004328047283113552,-0.018419911144626527,Владимир,Владимирская область
987,0.12009468741228028,-0.07676423043125474,0.026788081934655816,0.2082383959201534,-0.20692216245738337,-0.01341675646077628,0.02929511135451309,-0.003219785935806227,-0.001422858974564345,Гусь-Хрустальный,Владимирская область
988,0.2778211800035139,-0.30641180791717815,-0.06419163149742023,0.5339625300301769,-0.05113924641789502,-0.17429651569228857,0.03205798355570904,-0.006606475573887068,-0.014837964032904605,Ковров,Владимирская область
989,0.18337037522898428,-0.20890862010077707,0.0016606137359974442,0.22725690498213802,0.05465221288373038,-0.13673778299569422,0.02885914167782583,-0.011543755185272833,-0.013875508787016008,Муром,Владимирская область
991,0.2704198956493937,-0.23970777251602546,-0.07663170204764545,0.3213670591702517,-0.0630865512389659,-0.0040177048622205835,0.037294341267653824,-0.007703288586757544,0.01875477970984733,Александровский,Владимирская область
992,0.029303740254153682,-0.05776270025913457,-0.011063323114293902,-0.012515383605622968,-0.008971873985861597,0.02823660947030691,0.016925728234381158,0.0019453053915141638,-0.031315987457503525,Вязниковский,Владимирская область
993,0.03310173788310052,0.20319082955711895,0.010779519014028757,-0.5838146369865603,-0.05877828366443927,0.36654590058524755,0.022403383316866306,-0.02212176404981733,-0.026937924333328273,Гороховецкий,Владимирская область
994,-0.14635190113978855,0.3563305060552772,-0.14353964953245352,-0.24888179298501123,-0.46926997367385165,0.44328423864143346,0.030037156736245664,0.010804218776009575,-0.2578160220397318,Гусь-Хрустальный,Владимирская область
995,-0.005700946485366194,0.1295609732762766,0.0036624051406993208,-0.11005073837271008,-0.3242765282195766,0.23902721668070548,0.030661028656360754,-0.018521230655917337,-0.11200292635856857,Камешковский,Владимирская область
996,0.2596075014377603,-0.13001869871209842,-0.10992792546925473,0.1595045140350839,-0.1102009908769338,0.12856642952859812,0.03846643176836011,0.004688812341149096,0.042130838656401624,Киржачский,Владимирская область
998,0.19439898399267483,-0.04932215716784225,0.03482749370963728,0.1222800057161813,-0.20848190252260315,0.038619888770021815,0.03348173379024858,-0.012271950614980367,-0.0021476852756251255,Кольчугинский,Владимирская область
999,-0.14719719812505075,0.16418615387495947,0.11120819264306804,-0.328995088756919,-0.20114564841635071,0.19266971916063658,0.028496309417741866,-0.01988913567468169,-0.12748343787362051,Меленковский,Владимирская область
1001,0.27289407917773123,-0.20461741566039657,-0.11279803374389429,0.3192624545234543,-0.16094230753239758,0.09701863091862907,0.03185906428926354,-0.0016805592268189045,0.011959362249621427,Петушинский,Владимирская область
1002,-0.1366164244379752,0.31147258134823314,0.12725409847038388,-0.5794365625280581,-0.33980437875666974,0.41843758997150626,0.04449116081357628,-0.02428261301626153,-0.33330596993873085,Селивановский,Владимирская область
1003,0.010245858186933873,0.14898714286903195,-0.08762565876471978,-0.06957879803020449,-0.31392698882716946,0.26006763125845517,0.03540987710754438,-0.03216729837233919,-0.0381810929746241,Собинский,Владимирская область
1004,-0.05017335018208632,0.16518137880682246,0.052733954650646175,-0.42161476734937803,-0.09136918997735584,0.2329919523746602,0.03484968216628943,-0.007127276803938244,-0.1458049473255207,Судогодский,Владимирская область
1005,0.15214520743006657,-0.12103072065743627,-0.09678828632630897,0.04186352648354199,-0.06559181025724754,0.17947061926284524,0.04203818512093579,-0.013610630637620533,-0.0035674989742374708,Суздальский,Владимирская область
1006,0.01962114791197907,0.16030191014737674,0.08290965330408916,-0.2780629406637027,-0.26829014301307724,0.2410648487307092,0.020121038459043818,-0.02627241731539039,-0.11209979888439721,Юрьев-Польский,Владимирская область
1007,0.23785801801088566,-0.4069315184424014,-0.009023757593861889,0.6021258409941228,0.025089445543706807,-0.2733366819961713,0.029346595594271448,-0.0064427109561841405,-0.030186478041219766,Волгоград,Волгоградская область
1008,0.16960074033301709,-0.3270748860188296,-0.020864020655835796,0.5265034891976174,0.02231465989429045,-0.26295591391184825,0.035654571826552045,-0.0013820344875551764,-0.010460410148592817,Волжский,Волгоградская область
1009,0.13812954125925084,-0.20820155243453853,0.005110631280904998,0.2741648850589932,-0.06340926157761591,-0.0697413738223493,0.024162203189519067,-0.010840802354264684,0.05420932774441589,Камышин,Волгоградская область
1010,0.007318103214087435,-0.2225738945924209,0.0496267856606609,0.06874583540521208,0.05899616560779275,-0.01687156357585068,0.029461350266005517,0.006674247850631199,0.03151975298706741,Михайловка,Волгоградская область
1011,-0.03698660228823377,-0.17707483175508873,0.1414874337732772,-0.15660084184742634,0.09215767936944763,0.03795388896518498,0.023348764185338607,-0.0035339226951535477,0.07119092728082198,Урюпинск,Волгоградская область
1012,-0.06398257056556596,0.018092919402863783,0.12819242948356818,-0.344440136618291,0.008436447455487328,0.12764166878176572,0.013672116058272147,-0.009851743301139438,0.01274690812665319,Фролово,Волгоградская область
1013,-0.17743641730487983,0.02200774822355091,0.16508276541134698,-1.004103707097741,0.32238230032272847,0.4325542216455089,0.028860391214583392,-0.01345941225524828,0.1440660927675946,Алексеевский,Волгоградская область
1014,-0.2748860896798686,0.06594306251628784,0.0829714070684303,-0.48690072743376916,0.08635760402976711,0.18955198232467874,0.042216327093583535,-0.011943813963106656,-0.04276679590762674,Быковский,Волгоградская область
1015,-0.14056661001397872,-0.05062196247458889,-0.02512723626685452,-0.04845454478906488,-0.17031180763404108,0.2324388796699437,0.055341848674777344,-0.047904004123105866,-0.1662424970634793,Городищенский,Волгоградская область
1016,-0.1684615340788124,0.07821148179776484,0.23468303613004116,-0.7166403764642412,0.0008213700921430774,0.3408478169496864,0.03013619746142577,0.0002025154801982565,0.07792532056482093,Даниловский,Волгоградская область
1017,-0.1772045992022552,0.014811037268032992,0.0781273921180803,-0.25217237983647234,-0.2074080692248578,0.30456534818061193,0.02533647570509713,-0.027078648229273018,-0.10042637201651002,Дубовский,Волгоградская область
1018,-0.12379075505214392,-0.09229835263551661,0.18391691946156316,-0.41793484846911416,0.1503911997747728,0.113848410373689,0.016408543899148555,0.0015086882812221601,0.028200416913942022,Еланский,Волгоградская область
1019,-0.07193480372249177,-0.03549056710304397,0.00784794438710873,-0.29448195369637337,-0.042386401324314184,0.30243430624201667,0.030278769455372487,-0.001488997168532268,0.15765823171044324,Жирновский,Волгоградская область
1020,-0.14770544429641622,-0.08002674210377297,-0.06406063809385999,-0.014416314689778645,-0.12146369027702537,0.2178907136698304,0.029069261571589667,-0.027121217038696754,-0.1286187614933467,Иловлинский,Волгоградская область
1021,-0.027444763760393103,-0.11956731945463223,0.0204076480602209,-0.0605713414133649,-0.03389065454571475,0.13154499585888565,0.02985851391439303,-0.028539660806826978,-0.0735040598175953,Калачевский,Волгоградская область
1023,-0.171206476452571,0.03919759369742154,0.33601117664238817,-1.0568136335695664,0.2676181657799875,0.35191002595516285,0.02178142877580703,0.010807079822701357,0.08227284810284911,Киквидзенский,Волгоградская область
1024,-0.18044567204599407,0.18110962693680407,0.16823308128491354,-1.0425955425980449,0.18830154484299289,0.4428746180387287,0.02803145126892302,-0.02397907481048016,-0.0440455768553402,Клетский,Волгоградская область
1025,-0.0125075783200701,-0.04561340479557106,0.04648845897988494,-0.34308901061561164,-0.049981287221960456,0.33011857215865154,0.023482432365246907,-0.021705648883581324,0.025621452011292827,Котельниковский,Волгоградская область
1026,-0.0882094249034373,-0.016748686879950698,0.12693841657210073,-0.06530783153272467,-0.24074024937251368,0.13378167971848312,0.03232172217786592,-0.005076251366057753,0.030776579780323682,Котовский,Волгоградская область
1027,-0.2500197675393634,0.06890905080488828,0.28128877238729283,-0.7607337906371684,0.11870497051172184,0.22975432543865973,0.021938498435385312,0.006828223560987778,0.0021098329582381705,Кумылженский,Волгоградская область
1028,-0.23973911636603717,0.12572324923583317,0.2325286935608458,-0.6863830173696934,0.026400796988786723,0.2396536060896226,0.03368851932345758,-0.018412104184706218,0.07714426842224613,Ленинский,Волгоградская область
1029,-0.1634987706282227,0.0380681590199087,0.2175316686720982,-1.161467889492141,0.35459060653978725,0.48920078376574017,0.03282306242508984,0.01299198915530845,0.03786817487808484,Нехаевский,Волгоградская область
1030,-0.18840874357386847,-0.010160372280797081,0.06731921548243326,-0.4253348435854389,0.0017276946259458341,0.3043716342632508,0.023516931897741677,-0.011766116399342913,0.14344287185864604,Николаевский,Волгоградская область
1031,-0.07649737821744318,-0.10100676142350563,0.03518305572649836,-0.41798580248849215,0.20141610669415946,0.2203167299967345,0.016116003512620415,-0.003577238252406264,0.012361513086132092,Новоаннинский,Волгоградская область
1032,-0.09191625249954538,0.028279629338996914,0.21117602395859617,-0.6150363885613617,0.09004195188270803,0.22346211188645512,0.02718707694208201,-0.0071303162202815224,-0.05192350296647763,Новониколаевский,Волгоградская область
1033,-0.1665581261475194,0.11362752336298897,0.06515310499630443,-0.6511198142655238,0.11731452360813288,0.29294799080349243,0.033333245949821344,0.011026990429427943,0.045112113156522006,Октябрьский,Волгоградская область
1034,-0.16950352643149177,0.06374748738290198,0.061125616823549056,-0.451769059674828,-0.11707488155367425,0.3818941655274449,0.031431081439737565,-0.022912361326346286,-0.03688471033385898,Ольховский,Волгоградская область
1035,-0.19261108859794715,0.059874852051030436,0.11590836982040585,-0.39765443364286607,-0.035550025011651575,0.19534456528847546,0.021726576594664992,-0.009529295542584665,0.09324365946101787,Палласовский,Волгоградская область
1036,-0.1572519512203013,-0.08698117375103488,0.16344204367581852,-0.573569188475315,0.09473350441843498,0.3402981426374905,0.02927778550177979,-0.0226808154476965,0.04483617236510612,Руднянский,Волгоградская область
1037,-0.1319902213958155,-0.14279927848728866,0.009509473845059605,-0.04857682195217885,-0.08323152280550021,0.20302147790530248,0.05113726160123763,-0.058795612105345306,-0.07423170826178598,Светлоярский,Волгоградская область
1038,-0.13914364456197847,0.03386775464078615,0.0873481187628964,-0.6609073053587146,0.14595175332939878,0.3316630071310281,0.02595501539055481,0.0018482603729891671,0.05196768032424851,Серафимовичский,Волгоградская область
1039,0.030125954809363975,-0.24539132428129082,-0.03015933550186221,0.30452533017934497,-0.07092009070239598,-0.020131251188402255,0.046279627896487735,-0.020820689911657198,-0.02520616153281574,Среднеахтубинский,Волгоградская область
1040,-0.22119837607353943,-0.08519337790809217,-0.013781274995002238,-0.4249372676520176,0.16743810248371815,0.2943971465767881,0.019721775092880416,-0.001659992305019194,-0.07784917910813342,Старополтавский,Волгоградская область
1041,-0.13667431763079452,0.011698328046745365,0.07874279059550739,-0.49148882464484034,0.08752443876177178,0.2514465957462107,0.019421064073752315,-0.007667326624943849,0.026793357112572653,Суровикинский,Волгоградская область
1044,-0.16675665435092624,0.11713003121930742,0.18059603483747147,-0.88668857668227,0.174690941307265,0.3521948978236206,0.0359789608926822,0.01895971209944595,0.016153974609167232,Чернышковский,Волгоградская область
1047,0.03942012760765001,0.14976289483150715,-0.2967434062426895,-0.026248498963048577,0.013395072972904801,0.09775726590672094,0.04560660738353183,-0.018432441555755446,-0.06124643368947672,Бабаевский,Вологодская область
1048,-0.13514365727323793,0.1495725957050408,-0.12064596478681239,-0.21465196436263898,0.19313487290188555,-0.0694862109520802,0.04082071168490731,0.0006563886552279999,0.03987662598520575,Бабушкинский,Вологодская область
1049,0.013985401372580345,-0.2651442107569433,-0.42034157102633624,1.2183272729336805,-0.33538982746213736,-0.259528335182869,0.041093762539157294,-0.011232565145202543,0.14791279038489255,Белозерский,Вологодская область
1051,0.07913220398747815,-0.017143395659086236,-0.1828612575026037,0.1796729842281071,0.08110744155145451,-0.12285244411247585,0.015966942017390486,0.0029175815131317756,0.04400671569760761,Великоустюгский,Вологодская область
1052,-0.04690251727040754,0.2879791611958874,-0.08541182745866972,-0.4737975123943648,0.07294713242395878,0.13620637473858319,0.028297533945657878,0.013932582093528911,0.10457612061118227,Верховажский,Вологодская область
1053,-0.037767629956618975,0.30512409370454296,-0.16371281038370386,-0.2758498356311803,-0.023249818853406563,0.0956116996691413,0.0542331733775727,-0.03424109650026649,-0.10370525859095979,Вожегодский,Вологодская область
1054,0.18792261315236072,-0.1786764654973918,-0.17458251303833716,0.3973838274029429,0.04702325594744398,-0.15322477630926515,0.022516516838764197,-0.012728365978512226,-0.0447564979825135,Вологодский,Вологодская область
1055,0.14798802286678092,0.22441492060466053,-0.15840717591983638,-0.32009883829273833,0.16695157952668024,0.025062842586628515,0.023616607723709333,0.02127589776095366,0.15431150352258002,Вытегорский,Вологодская область
1056,-0.0326114964535511,0.25202706490736776,0.0002920057060677809,-0.1543142206118679,-0.2002487033212127,0.04016718182503918,0.04658913318066324,-0.013779981902387902,-0.09724156964595705,Грязовецкий,Вологодская область
1057,0.0014950749453731167,0.2898897809662787,-0.28920529261172656,-0.13761677187085058,-0.0786603680054329,0.15351598002712544,0.0523625723954193,-0.020809789820616764,-0.08103070724319651,Кадуйский,Вологодская область
1058,-0.08975575298767076,0.11319662579071034,-0.060025363686472356,-0.34949108892673264,0.04560486347881391,0.18863829184907543,0.06555830440813354,-0.012120530820025552,0.019783190517424314,Кирилловский,Вологодская область
1059,-0.11193183309827844,0.07904865102934361,-0.13929212940893793,-0.21211058431864985,0.24844247752502935,-0.03816508632139032,0.026151708105708684,0.009947712227847882,0.15010636631232963,Кичменгско-Городецкий,Вологодская область
1060,-0.1400126433269321,0.5979360379447849,0.3540908151910751,-1.0525122836697032,-0.3562262705582957,0.39463502959753244,0.07565569463111774,0.010260167434699069,0.3144848901673756,Междуреченский,Вологодская область
1061,-0.07922973514227467,0.13974611421050182,-0.10059481779581157,-0.42046106810506917,0.29075432786081035,0.028478772334964042,0.02306242926730931,0.022197433925433153,0.11735614671750146,Никольский,Вологодская область
1062,-0.05019060420127756,0.19001957016727808,-0.1603994414423109,-0.5243852409158852,0.26853688260445296,0.16415155809185986,0.046486426109608764,0.01716712934437617,0.0819355433629481,Нюксенский,Вологодская область
1063,0.059721658045350345,0.04449347699383405,-0.10214989471833093,0.09936790968452257,-0.15924486204796662,0.05545669859333537,0.03201307750007071,-0.02176779132677442,-0.03712385949191926,Сокольский,Вологодская область
1064,-0.12819881978126912,0.3851336479667388,0.013778442429684864,-0.8022868529435606,0.22337045310487058,0.11792763794766135,0.08415443494511943,0.0034374765484065004,-0.026980131103696497,Сямженский,Вологодская область
1065,-0.05533508797256322,0.20742768154430336,-0.006868565696715105,-0.5431968216311028,0.23988597819246002,0.040675056096449114,0.02622910666550288,0.013670844867646659,0.1750414635096039,Тарногский,Вологодская область
1066,0.0032030499884678765,0.1217564822602304,-0.17156074669713975,0.025716497978867936,-0.16729329775762944,0.12930439272106622,0.031340782463391524,0.00797464303638947,0.20021284525287175,Тотемский,Вологодская область
1067,-0.10440647271289638,0.258343532299593,-0.07912819866880215,-0.5567325988344521,0.07435957311557022,0.24108102059348493,0.043251399688223315,-0.013533497677352754,-0.032428753627486685,Усть-Кубинский,Вологодская область
1068,-0.04914552502382404,0.12113387300642474,-0.29524041858211714,0.006949386810792953,-0.07863821808078993,0.18371870535108395,0.0287005810808388,-0.011607984383776563,0.10325273409992759,Устюженский,Вологодская область
1069,-0.03884492969089163,0.5373398248360904,-0.049506563932555835,-0.66080032662459,-0.02896202564122256,0.1398524198676717,0.05264200359597392,-0.028997933125872514,-0.07519405274589959,Харовский,Вологодская область
1070,0.1148408505488101,-0.02314187507244908,-0.14464485570200344,-0.15835942414113466,-0.031086685119360708,0.29515616854034255,0.02559781190162097,-0.002817600248344062,0.020547136742573992,Чагодощенский,Вологодская область
1071,0.15266743675638664,-0.05679423027052046,-0.24380736963967156,0.353883240818145,0.2153606515607572,-0.33071896396331696,0.03357016928810963,-0.008493601938627388,-0.005761208981047779,Череповецкий,Вологодская область
1072,0.07858758834837909,0.08550844322173733,-0.24524137895790163,0.21944147624613689,-0.15854060747773993,0.03675539547316229,0.03400516521301224,-0.011099987489985086,-0.06740016530008447,Шекснинский,Вологодская область
1107,0.27712981249149554,-0.3198165295228114,-0.07224785021319297,0.5926233205622835,-0.03472552148207183,-0.22791009083881328,0.03724003011453452,0.0018962436864831678,-0.02265987714771948,Иваново,Ивановская область
1108,-0.1608833002008878,0.14386289004094913,0.05483075884107356,-0.33210286322936616,-0.22828094925988743,0.29961349211262395,0.015677273447049014,-0.022011199215833315,0.053449643916043045,Вичуга,Ивановская область
1109,0.03678717249488642,-0.10771075367357336,-0.11760365950226549,0.10162332592112006,0.04307649328444252,0.01853792247567045,0.02831148608001746,-0.0005316361309225132,0.028092112082754427,Кинешма,Ивановская область
1110,0.12800312167313135,-0.10456616843341991,-0.11466964741288986,0.39482265337971834,-0.274855431411762,0.037191922383746745,0.03656340623270714,0.013783516878965221,0.04810973757644913,Кохма,Ивановская область
1111,-0.030243101222988084,-0.03466406640494659,-0.1740153003411835,0.24209569174216694,-0.2190319599340851,0.12353896344344323,0.01897184687435797,-0.0163509929125123,-0.06077676495641069,Тейково,Ивановская область
1112,0.01883550367173196,-0.08545076928936655,-0.04031584988245005,0.2536224345590318,-0.2072997791538663,0.017367292272045864,0.021733469364721238,-0.0034883546267459055,0.018452689976623877,Шуя,Ивановская область
1113,-0.17663456233225375,0.25938275468587935,0.0576586232201318,-0.6248596174710815,-0.2479210919095569,0.4936626599800215,0.04549118134397971,-0.0057243770117335335,0.08381028418384932,Вичугский,Ивановская область
1115,-0.19760636102053777,0.25250741675076976,0.05966148336673366,-0.6941212137138392,-0.15200688407514643,0.47188252617687687,0.025194806040481747,-0.018377280185317934,-0.023891765510399177,Гаврилово-Посадский,Ивановская область
1116,-0.12030063572920009,0.05628624795129542,0.10065487646503751,-0.3858579281884303,-0.09904616473484729,0.26588629701233985,0.03479917974105957,-0.009540164574300444,0.035842906924592154,Заволжский,Ивановская область
1117,0.2769287744247652,-0.3690630108739413,-0.18824828372483346,0.5206741838898146,0.052703075809831246,-0.07814263659547703,0.06193874359411309,0.005020636817399264,-0.013627404108630281,Ивановский,Ивановская область
1118,-0.23836728290685097,0.40995412922087276,0.03364344980737297,-1.1199087766991878,-0.24804614330810537,0.8622806694844424,0.04616847181890792,0.00028764173641103913,-0.17013308626827225,Ильинский,Ивановская область
1119,-0.12344152197199672,0.23350822560853415,-0.09523244540001864,-0.344599900529259,-0.16532056730795344,0.3095680161340921,0.0226366742610324,-0.008839440578708821,-0.048130008356058886,Кинешемский,Ивановская область
1120,-0.10678173666396858,0.2214474210021674,0.08485686433736896,-0.37868294530360885,-0.49902939839034527,0.509331386859812,0.04951397897375582,-0.03044417073354877,-0.04480443075544016,Комсомольский,Ивановская область
1121,-0.2014795897727922,0.2898127640057716,0.0076060832644539444,-0.4443450834764808,-0.3562947020808623,0.44114426679251145,0.045247342542788144,-0.013419386989187052,0.04454304299235393,Лежневский,Ивановская область
1122,-0.30102215417652256,0.5872566010497955,-0.2001025710225762,-0.898626631706756,-0.04008612812490749,0.4894820583098391,0.05624681158669334,-0.022814470393623276,-0.15575135477700344,Лухский,Ивановская область
1123,-0.16766542347784608,0.334103806651634,0.05062139685522107,-0.6720964210680691,-0.2407647577441142,0.46605930381072175,0.028622819613352345,-0.016659262672815107,0.004576565381451421,Палехский,Ивановская область
1124,-0.28602835776940827,0.6057050153270699,-0.29153242534550833,-0.9107764564985875,0.011750529310922353,0.5227766657114982,0.048748046853456,-0.01346497786342645,-0.3016790302912853,Пестяковский,Ивановская область
1125,-0.09112282769429687,0.08665014451000058,-0.03603242853018731,-0.23762565995829332,-0.18735220468509994,0.3122834771689746,0.02122420183554213,-0.008492519679364824,0.04549299600324863,Приволжский,Ивановская область
1126,-0.2521255308569487,0.39715081043600015,0.3016569622210788,-1.1320522190949724,-0.19771428052708376,0.5688820554703719,0.02761734459457326,-0.013341245130783108,0.16961864994547918,Пучежский,Ивановская область
1127,-0.12666254375991803,0.20902607758051625,0.058696252330382837,-0.13865012470654084,-0.4901243704819625,0.2989754937829994,0.019552962406319457,-0.01419539713949236,0.06484709535043211,Родниковский,Ивановская область
1128,-0.21364490074846998,0.5141672932668063,0.037306954987671614,-0.7537943791311205,-0.42585116732436434,0.5660946267064,0.031123852207620078,-0.03375121770839762,0.061494258439842055,Савинский,Ивановская область
1129,-0.14184919137990906,0.2478689698684957,-0.05369765497972773,-0.3417389404274818,-0.24594635166093595,0.3314373057050443,0.050522626414861056,-0.030694182460810026,0.03946165403028316,Тейковский,Ивановская область
1130,-0.1339788237175997,0.09900618387115966,-0.00674254376962985,0.16357229976300716,-0.47241858201099324,0.15450597065185193,0.02672028165841516,-0.024800441424523968,0.006739966293576427,Фурмановский,Ивановская область
1131,-0.012587339083793392,-0.06610786195676534,-0.11430256065296741,0.1692095808018975,-0.05229553620071111,0.0014197065139407254,0.04233344182777059,-0.0025974553078390215,0.004745324949198261,Шуйский,Ивановская область
1132,-0.151842963437528,0.2265419599659706,-0.06526232063664456,-0.46312332581402077,-0.18588288596030547,0.42564990095039495,0.019423544948837145,-0.004186821812574459,0.0006725177482824011,Южский,Ивановская область
1133,-0.21176820214362077,0.272368997847949,-0.05122040992234247,-0.6758814582487558,-0.1527531888562869,0.5454093876848308,0.026927143407870432,0.011512526936091774,0.11374684696372624,Юрьевецкий,Ивановская область
1134,0.4234380527362722,-0.4469647443370051,-0.0011500225748971766,0.7724554543758654,0.09630753708367894,-0.4827248960422481,0.027505063353843624,0.009593730647097232,-0.05007084473180834,Иркутск,Иркутская область
1135,0.26632031631367004,-0.2841163187296784,-0.06624389775461424,0.6510373834481232,-0.013259482070245965,-0.3494943563881898,0.030616230767206893,0.0022064023252971556,-0.027611174385439623,Ангарский,Иркутская область
1136,0.36399226134010426,-0.2065717235527382,-0.12333444925185061,0.5130787013533755,-0.01749618261149133,-0.2277530174319009,0.026717090850274856,0.015177560730856762,-0.020155586453127244,Братск,Иркутская область
1137,0.04411431899252801,0.051837897507847376,-0.055330890680992305,-0.25798165254709043,0.17084909606751994,0.02854887815811008,0.025573931575103123,0.025559904842528566,0.04666471518223966,Зима,Иркутская область
1138,0.16942045911456308,-0.0878070937025597,0.033935587824214554,0.059357927306258974,-0.02300787331518835,-0.04455521960733191,0.028081906031129315,0.011356318690319769,0.044562429208610956,Саянск,Иркутская область
1139,0.1285905008607083,-0.016356789103858127,-0.07089563888930216,-0.19863938348829877,0.2103176763806858,0.01349746360616764,0.03656484128554389,0.029948261621407134,0.035246954361266236,Тулун,Иркутская область
1140,0.20808016392057427,-0.23007419802576,0.010963896807211196,0.4354026352744362,-0.016102683101413457,-0.26226632244907955,0.026607077197592047,0.006957940774037367,-0.011811188834146521,Усолье-Сибирское,Иркутская область
1141,0.3697667680917986,-0.12199460232357572,-0.19765185177610656,0.39180735215950085,-0.006691482853156239,-0.12754608670126794,0.0357946455200275,0.023951122773724336,0.03433293277230535,Усть-Илимск,Иркутская область
1142,0.14619891899793233,-0.08321960961611076,-0.09738986379685423,0.048514334407757674,0.17130380103494067,-0.1012853335243389,0.032541479009531554,0.020569720334290637,0.03366333907742732,Черемхово,Иркутская область
1143,0.03150046856935614,0.15598465805646927,-0.11966005316156679,-0.15001950087463484,-0.12420081722165088,0.17581904170677784,0.033804454395541986,0.011580739034480718,0.023818529770900775,Свирск,Иркутская область
1144,-0.05919277668319145,0.23138077222035636,0.058425340588788434,-0.8779412883397439,0.1605567205413926,0.36550178349460083,0.03881642700766426,0.010888208960171841,0.0724366960995692,Балаганский,Иркутская область
1146,-0.05436239083664107,0.18852076190165903,-0.13163436999338432,-0.06995241518271772,-0.20027726636057022,0.1512666181404068,0.05672221883601673,0.003563743918919856,-0.03783823611755081,Братский,Иркутская область
1147,0.09069516036009118,-0.12301194438568931,-0.0897129295003478,0.2285993581220536,0.1252072432918032,-0.20315839902242594,0.051408804258134905,0.03558329608935725,-0.01336631315111834,Жигаловский,Иркутская область
1148,-0.026243463780939964,0.04687097702575044,-0.0867123120804353,-0.5280195508418781,0.37362038620754906,0.13216382819440817,0.026852438705712217,0.030382873180016718,0.02189349891062649,Заларинский,Иркутская область
1149,0.008992685939932965,0.15832932979962447,-0.2368532622211256,-0.29631629145832644,0.33178805163465935,-0.019024499249437738,0.03576676263294776,-0.0002215950620807483,0.04803371418576927,Зиминский,Иркутская область
1150,0.39534689204542883,-0.45083710880895245,-0.1416987748800557,0.684666037553827,0.235296126052153,-0.3895029514115768,0.04043252039034881,0.0030590687369342153,-0.04440984614228342,Иркутский,Иркутская область
1151,0.3319900019744891,-0.03229301512108094,0.04592185621421868,-0.17832837907819246,-0.05065163610060256,0.153274502591051,0.034315240890148986,0.027961455363596233,0.2243787563588595,Казачинско-Ленский,Иркутская область
1152,0.4136079103607224,0.3103659017738731,0.08018312573679877,0.3045887016603038,-0.18152818482953956,-0.5756862158360414,0.0770731084591669,0.09999667521225371,0.1356250222630189,Катангский,Иркутская область
1153,-0.04343981202197167,-0.23412674287119686,-0.0880856227993806,0.12092233898602099,0.11642935975631137,0.02278399543363872,0.03100494830640843,0.023299015540532153,-0.09498037735949451,Качугский,Иркутская область
1154,0.22500200471988654,0.07471821845868915,-0.0021098812673514358,0.03106560388747376,-0.2416077875746393,0.07585717500122241,0.057022436160398704,0.04796601334481159,0.10874553839779272,Киренский,Иркутская область
1155,0.009862966829857397,0.073943467510441,-0.051770196652413614,-0.601176605882536,0.363553157341598,0.1533735061883053,0.03378343213204349,0.026734496474414723,0.08256096633237502,Куйтунский,Иркутская область
1157,0.2147402337884091,0.04942620672282159,-0.06696694418066512,-0.12330803502420552,-0.18864935033108313,0.26742145131852607,0.03400915129306437,0.03473850212186808,0.10506859571990428,Нижнеилимский,Иркутская область
1158,0.031200669978240263,0.034395715808325324,-0.09664667050829866,-0.08624384503064385,-0.01207966330560247,0.09849779154161477,0.02860561172284806,0.0154040428759384,0.022993676968539527,Нижнеудинский,Иркутская область
1159,-0.05986232375009474,-0.10701285315355345,-0.2731120384128988,-0.024204360596380998,0.35187385277010774,-0.009621272101881148,0.0632376783193408,0.05591583796674044,0.03054048186311246,Ольхонский,Иркутская область
1160,0.05614614921665321,-0.11216680599843504,-0.08946180421977577,0.16782519358494352,-0.0767638454683931,0.04849059060705443,0.014172835402427447,0.01253585008018384,-0.014209899014129427,Слюдянский,Иркутская область
1161,0.11637655632781681,0.0014787905647915915,-0.10815649929215031,0.037162080637602936,-0.00483113144167957,0.01227008803682981,0.031007084674457737,0.03684623982825091,0.07690296278365931,Тайшетский,Иркутская область
1163,-0.016601296381310027,-0.14031971825868955,-0.11867539063244842,0.07892450373561767,-0.00808817535433585,0.1260821090152517,0.039546505907304845,-0.027906234117183997,-0.08052183702815857,Усольский,Иркутская область
1164,-0.0765474383937994,0.1957656228006579,-0.2897892169678078,-0.14211024486905716,-0.027764749000028344,0.20182191654162987,0.06411371478676384,-0.03600229772062765,-0.0060501183550746756,Усть-Илимский,Иркутская область
1165,0.43127201952735433,-0.12785628563490034,-0.23449688120708134,0.44656113888228105,-0.17892884835042042,0.032644204815514534,0.03981267426859958,0.034072484361957846,0.025630233776704554,Усть-Кутский,Иркутская область
1166,-0.05437610406095902,0.04338127400961513,0.02250822003628633,-0.6628405986848684,0.18171439845403678,0.35316003469032337,0.03781726893711382,0.025862615925684364,0.069820025610273,Усть-Удинский,Иркутская область
1167,-0.05634015924519605,0.07505385551106682,-0.02278753619568565,-0.34496366032910714,0.08693874190733797,0.14368192761178325,0.030255126841423365,0.0012846798436059205,0.021312928527165875,Черемховский,Иркутская область
1168,-0.039558453410162585,0.09375726143369595,-0.17568416079914528,-0.1528763903681754,-0.018508898023427884,0.19123551626244897,0.03960864237727048,0.03378423101006098,0.039163486970343324,Чунский,Иркутская область
1169,0.2750308323184916,-0.2051667711970033,0.061507709056762117,0.40632899748897583,-0.04107090202405909,-0.28367570481928067,0.03348031344216747,0.01256856543561404,-0.0391794709168208,Шелеховский,Иркутская область
1170,-0.005505049039634002,-0.01694385398458348,-0.143025732090699,-0.22363376744716235,0.2823745402986352,0.03915214172920569,0.04451008338011613,0.02036354193263268,0.06668668884405883,Аларский,Иркутская область
1171,-0.14682016212109072,-0.21412358133899978,-0.3003788218217316,0.09913950281528759,0.500697605175367,-0.14741137632452922,0.05309562704314609,0.035484400322759235,0.1116073727076235,Баяндаевский,Иркутская область
1172,-0.13403571048229468,-0.008388723291076075,-0.2289655434888617,-0.05804189277633074,0.31635486606544255,-0.08303537800377919,0.036009310245012534,0.0249465770886584,-0.01758567321424187,Боханский,Иркутская область
1173,-0.03906467132477768,0.09451681305181768,0.0444105987037934,-0.451069450308528,0.3044694802842409,-0.05440411322592966,0.037343215322290686,0.028175919064807643,0.06449991996439497,Нукутский,Иркутская область
1174,-0.11548869033272753,-0.008776644731938085,-0.09581778824517527,0.03802126413268808,0.17130248319861677,-0.16680598584879638,0.037249591469537574,0.031119798091140693,-0.007227013918608542,Осинский,Иркутская область
1175,-0.08026192174488515,-0.08773232545822428,-0.04274375685104731,0.1433305392146559,0.21732901736498247,-0.2922601457649714,0.0402726216298631,0.024588011795418335,-0.038956214856352596,Эхирит-Булагатский,Иркутская область
1176,0.41012389392923154,-0.4431798645856351,0.06881702335542626,0.9464541323536627,0.10441865581941834,-0.7385866184374761,0.027866593839318606,0.0010286218113548056,-0.02347819388190679,Калининград,Калининградская область
1178,-0.16141335723432473,0.03151691256125868,-0.11687601827002209,-0.012900526110586175,0.0534813637793603,-0.01729840345461629,0.09304102452666776,-0.030941137608650072,0.0018357164382136748,Мамоновский,Калининградская область
1179,0.11810458253100704,-0.1117875513787932,0.000530905163369085,0.4873911416582775,-0.3148729800833275,-0.12333818685413228,0.08040368754321389,-0.049136746134984595,-0.0938566937967719,Пионерский,Калининградская область
1180,-0.07611982244522908,0.01760846181436665,0.05057208936623164,0.5024186506697758,-0.43988014360323735,-0.1927957297417419,0.08229006126933117,-0.04672827304280055,-0.09879067362168602,Светловский,Калининградская область
1181,0.015558383008093793,-0.09372082595676436,-0.023595746082992697,0.5065172673224644,-0.12346829061389793,-0.3278090761634145,0.021801624863121667,-0.01675637419709404,0.000898395047633449,Советский,Калининградская область
1184,0.17623394140645962,-0.10355522262133411,-0.11894658975188734,0.7868864319969034,-0.37336304539951176,-0.2530982457187763,0.05707429352068723,-0.03911366269104408,-0.10236293487057428,Балтийский,Калининградская область
1185,-0.09519269622486932,0.12374003791634719,-0.06362231021603398,0.27056337126464663,-0.1939853893122959,-0.19877238114726933,0.03888882599273221,-0.017696455718619594,-0.06096773699190703,Гвардейский,Калининградская область
1186,0.3912210647463677,-0.44989449740520643,-0.038716006418144454,0.795440651164882,0.23258905643973685,-0.601495875275874,0.04411587828395035,0.00640995172348674,-0.01749256716066694,Гурьевский,Калининградская область
1187,-0.0072608628973901785,-0.04947278088648168,-0.0980060855482122,0.47550360874781744,-0.10885379397937915,-0.2812476198283498,0.025049360225506648,-0.015455189165608728,-0.012079495666729686,Гусевский,Калининградская область
1188,0.40676259749889315,-0.39868934851840937,0.010088046629720534,0.8398118928388824,-0.022163952213943145,-0.4911233102308557,0.07988894843905785,0.008497041896966187,0.022989952854302127,Зеленоградский,Калининградская область
1189,-0.07558543800669033,0.12582110300035604,-0.07670077850223035,-0.09949197993106483,0.054465177214912584,-0.06617019327657941,0.03267801061631196,-0.009574948183212662,-0.044950628877255115,Краснознаменский,Калининградская область
1190,0.34310473923495605,-0.39336840542521107,-0.03251114014066805,0.7842821505205652,0.007118063651659234,-0.42759734010095146,0.07029053700395954,-0.0019238084438275387,0.02922675458102919,Светлогорский,Калининградская область
1191,-0.043925712969048236,0.025532732590971607,-0.09293486359525284,0.28609775621117717,0.026661379368526972,-0.3074336760700284,0.023808531292092625,-0.013962070102362464,0.017949982318842133,Неманский,Калининградская область
1192,-0.12347239013804419,0.07389016469999098,-0.14194498259593483,0.01206597635673314,0.1433943370132581,-0.14948216696865388,0.023101544585899893,-0.00667348505358227,-0.11154371774528389,Нестеровский,Калининградская область
1193,-0.12281795803259705,0.05109540621066253,-0.11305273806082496,0.12054077785698393,-0.02115585445631422,-0.09950426304511274,0.031980549455477694,0.012700469024317165,-0.07937107349317446,Озерский,Калининградская область
1194,-0.11141463195898875,-0.12054813593141188,0.1320308886757843,0.279857409616138,-0.08184441954836563,-0.27157241430674844,0.045597043616451026,-0.011893082223372112,-0.07402857225669296,Полесский,Калининградская область
1195,-0.23033836759235093,0.056833104581145266,0.1399132528849762,-0.1817780949920513,-0.09777948152354199,0.020734547554866867,0.05119087764435036,-0.013758352709562457,-0.08281031340040078,Правдинский,Калининградская область
1196,-0.08679305578698819,0.06132703310594958,0.02043388474176912,0.0009662127701510573,0.07370790658253179,-0.21851170869500694,0.027891139479727326,0.013382541431568626,-0.007536981777595726,Славский,Калининградская область
1197,0.028301656462197695,-0.10121687768607922,0.011231437405421521,0.4786847639684774,-0.07908153298658778,-0.37169446219583785,0.022536201763311333,-0.016747351926761724,-0.020546316724025626,Черняховский,Калининградская область
1198,0.3711188229077691,-0.3636398174705158,-0.03787189019934865,0.5057931422337417,0.014567780266761495,-0.1809258863252429,0.02240112177223958,-0.008638917662130208,-0.007479930578932296,Калуга,Калужская область
1200,-0.03291826913585857,-0.005551026143297222,-0.02697195667035888,-0.1304960563108122,-0.24514173815525542,0.34608410578511767,0.06585672667791774,-0.041174059889162555,0.03948016506301999,Бабынинский,Калужская область
1201,-0.008267240403605417,0.25794903072719066,-0.0552226768637169,-0.7594862998102894,0.059652353041315664,0.43503092141089494,0.05073415009891257,-0.022111469715915783,0.06467529984267062,Барятинский,Калужская область
1203,-0.0013167591062515822,0.08539938152204364,-0.11115734088775821,-0.2811714148828636,-0.12356332586213103,0.36841602861610373,0.041349054330838846,-0.030574483187618604,-0.02129144987455465,Дзержинский,Калужская область
1204,-0.1123152539385414,0.1601721800146905,0.12426796954655371,-0.753163663377014,0.05184051824286825,0.3548063240782975,0.03271000158801302,-0.011450539521365835,0.12381983913490673,Думиничский,Калужская область
1205,-0.016173203566178202,0.1262714965135728,0.0611672180666414,-0.6074291755382146,-0.016123079544421087,0.3740368690078151,0.027228185324273638,-0.0027555359633635334,0.13618997799031207,Жиздринский,Калужская область
1206,0.09015321792891855,-0.1027892306760818,-0.04565471718036438,-0.009111768676938395,-0.24639874467786457,0.34187778971664406,0.03365067690808931,-0.03010349081215566,-0.05096339026917721,Жуковский,Калужская область
1207,0.061833723202734614,-0.07537459076509014,-0.07627342944741117,-0.020644342505211393,-0.07511751328213527,0.18533320450524182,0.024564726550986796,-0.016088748586756758,0.07294398703981424,Кировский,Калужская область
1208,-0.07014222786194324,0.2660271588146074,0.011579802559671967,-1.0052821348745418,0.1974256963991509,0.46817280560650504,0.05130995321517767,-0.053952964828292295,0.008953626891301303,Износковский,Калужская область
1209,0.026939312623069627,-0.024429198056614865,-0.05639593927212733,-0.14087994515395358,-0.11818221919324264,0.27781063018133206,0.03545780334886053,-0.041949597489745256,-0.057355137000596725,Козельский,Калужская область
1210,-0.04142094835710589,-0.08141551392375895,-0.0006813987559044313,-0.4430489668979776,-0.017912572831876566,0.48098178091491217,0.037244699813324865,-0.009977376208913336,0.22155890252280874,Куйбышевский,Калужская область
1211,0.049918432886133436,-0.03649005699584298,0.02849915941132558,0.07236404748649626,-0.22950403068831002,0.10305420929172565,0.02313336445049375,-0.013931190718561373,0.03303300251371503,Людиновский,Калужская область
1212,0.20401586662945181,-0.201340628592005,-0.014050348284794253,0.2013687695700134,-0.10487700661765671,0.056822542429836774,0.03745396562392779,-0.023573905740998196,0.0015287784422407524,Малоярославецкий,Калужская область
1213,-0.017499174438058745,0.0606061645447832,-0.0319261632521338,-0.5073528380641075,-0.03441041057265748,0.45100657584950926,0.033582483232828364,-0.030411720043816093,-0.06266520116693268,Медынский,Калужская область
1214,-0.07777607815240084,0.31546166947930643,0.05164699582204485,-0.908672355070873,-0.028207776565031928,0.507694794839949,0.052575155563451124,-0.008752330085011714,-0.00042994129435972955,Мещовский,Калужская область
1215,-0.07463072176745733,0.18237723186486174,-0.009873778705113504,-0.5354395299275856,-0.1924930948699268,0.49335250014315807,0.03272005431630275,-0.012155901847509773,0.06169592219717931,Мосальский,Калужская область
1217,-0.06171537997070864,0.05678330800667151,0.03766583853725234,-0.30837535616991285,-0.10978091471994929,0.26163045285133335,0.04071760422381338,0.006922822556125159,0.11755434222404255,Спас-Деменский,Калужская область
1218,-0.027799144235383988,0.09705318900596792,0.025667326879946644,-0.4159161449039419,-0.09308199313107061,0.3242009506544923,0.03481245294204293,-0.017129549927586012,0.11734095111994987,Сухиничский,Калужская область
1219,0.06989536416803732,0.008156571789058245,0.04286723808196966,-0.3103157159614969,-0.2893252092543977,0.4865404438502614,0.039662123879525495,-0.015220509745627423,0.045094934312846065,Тарусский,Калужская область
1220,-0.041269887587034836,0.17300987845215884,-0.005174387989721825,-0.6001500218323624,-0.13953854343387573,0.509776403309195,0.04751755535569854,0.01984064960232609,0.22944479319577904,Ульяновский,Калужская область
1221,0.08300776957857299,-0.04555768958337101,-0.16345648236568683,0.08301139478711105,-0.09382777419257822,0.15775387985991937,0.052753760755026906,-0.01967333956166593,0.00670464066067511,Ферзиковский,Калужская область
1222,-0.18865439079238736,0.22351183995749066,0.21849883239680187,-0.9679115692388564,-0.10645380785431043,0.5702780332442688,0.03926913998632592,-0.011909203257155951,0.1600723268003542,Хвастовичский,Калужская область
1223,-0.056610865369633036,0.05257548892328199,0.17926833851892257,-0.5278069031630955,-0.09640068725451179,0.33028709148079655,0.04955978107436108,-0.017326135270980963,0.05869544256209854,Юхновский,Калужская область
1224,0.37503896502422,-0.34181615625668343,0.010585958234361129,0.6657561316663779,0.029250050796454336,-0.42585265593511296,0.03825845852800538,0.017115213373479227,-0.03118364784706144,Кемеровский,Кемеровская область
1225,0.11776540404253755,-0.09490916012750411,-0.04399916941200301,0.18911720393435008,0.07451475548112592,-0.18680030137057338,0.03122767207103299,0.010197635639239996,-0.010710059973126166,Анжеро-Судженский,Кемеровская область
1226,0.1983814166971886,-0.1624238215615195,-0.07455982270600342,0.31820422971769363,0.0031064117625038876,-0.14640366870728114,0.03234394181317837,0.013198708018233946,-0.028326580330955104,Беловский,Кемеровская область
1227,0.15364536755115865,0.01903209190339933,0.06379246885957081,0.13270321073299365,-0.1516988954214461,-0.12590554756912378,0.045646440570123376,0.04148626281263712,0.08515313876732901,Березовский,Кемеровская область
1228,0.08934135803426384,-0.008562386636383812,-0.03097983519452287,0.12683685495522087,-0.0537378618906252,-0.09563344272829509,0.04060879387697922,0.03343229725119126,-0.010341238092255678,Калтанский,Кемеровская область
1229,0.21458043687459685,-0.15043653443029498,-0.015914791516317972,0.4029563264777923,-0.07399108932421768,-0.22469058270156736,0.03198839545665679,0.017012733194327584,-0.006554576547396884,Киселевский,Кемеровская область
1230,0.23914425802907577,-0.1423820444820045,-0.05384201851686826,0.29423688826653677,0.10732924295555409,-0.267418739717824,0.03238107536139737,0.023105708428962007,-0.020553170769700646,Ленинск-Кузнецкий,Кемеровская область
1231,0.3146738075023843,-0.14909082019373737,-0.10256467759135818,0.5378924847849268,-0.08934354583797739,-0.25897011265645964,0.0338798230150697,0.02093097570940065,-0.028549210172802836,Междуреченский,Кемеровская область
1232,0.1408487554693584,-0.030395482817263248,-0.10178809650416697,0.19244978295727364,-0.07553967344526913,-0.046803201685178285,0.035158771540445825,0.023685249902868143,-0.021925705383479432,Мысковский,Кемеровская область
1233,0.3282364817361758,-0.2808478725266424,-0.06743994410808608,0.6619003684538197,0.02603698044558415,-0.4017262037592815,0.033739024044599226,0.011535012907640882,-0.05661902776346047,Новокузнецкий,Кемеровская область
1234,0.15822256083031805,-0.10797823722737589,0.01961170641027778,0.3862103649225294,-0.11453709867266075,-0.24538340692737615,0.03175774381825989,0.018205185097628068,0.008091969236282082,Осинниковский,Кемеровская область
1235,0.11714409098274266,-0.08550758577425134,-0.00823394788351182,0.20171435994319575,-0.031376218304740765,-0.13867327947529676,0.0486150413105186,0.03745986247983865,0.01699300396078457,Полысаевский,Кемеровская область
1236,0.22466576118802428,-0.22215937284853637,-0.05842164157993766,0.5842421406583392,-0.05454088856987083,-0.31119690915460113,0.03253944058275074,0.021074499704434684,-0.04397095857815384,Прокопьевский,Кемеровская область
1237,0.06617976893112631,0.042835536983994726,-0.07038304015990443,0.13650920176005804,-0.14697283351829574,-0.02406553656045875,0.03760183208494611,0.024406184862180453,0.014212139259227874,Тайгинский,Кемеровская область
1238,0.2039140294286025,-0.18732474796118267,0.022932889831878005,0.444804955391481,-0.07494474948222889,-0.26754501927455365,0.040866966227168275,0.017488247757250153,-0.007079866184778035,Юргинский,Кемеровская область
1240,-0.01585049689457511,0.03763511818358809,-0.21548095528897648,-0.10154763011221045,0.1694862896148802,0.0478305061081127,0.05632962602976696,0.019442731169353324,-0.02128206438557419,Беловский,Кемеровская область
1241,0.04421414386825454,-0.009673317693712066,0.03002421902206215,0.10674248521166295,-0.08056577764216737,-0.1086042803924502,0.044230939092337704,0.03512075512994869,0.04626263082528084,Гурьевский,Кемеровская область
1242,-0.10709398778345307,0.1995641266018359,0.06402413455445631,-0.5059800850705561,0.06011428655058049,0.12020086586907809,0.03293869723702705,0.020755675803466458,0.02882812942955711,Ижморский,Кемеровская область
1243,0.27150974637855324,-0.292555559386028,-0.05424337798140324,0.49077504022753016,0.10713443336045696,-0.3131872077151612,0.04787377138965593,0.009725647004310797,-0.02580621767558285,Кемеровский,Кемеровская область
1244,-0.013589693433505875,0.1973631643707263,0.08113015134612117,-0.3514264346202647,-0.11509802515976013,0.1259544725685722,0.04077391979811039,0.0352852250929793,0.08365266782720225,Крапивинский,Кемеровская область
1246,0.006777446474837949,0.004931605805619928,-0.0015322084455677287,-0.13615391047322206,0.19708173529936782,-0.1264038936808029,0.03544953215827229,0.027871444959020424,0.07797830240545156,Мариинский,Кемеровская область
1249,-0.003303019946728621,0.0480944951055961,-0.04081161625939583,-0.1413093158444561,0.1650946968589522,-0.09314493135530201,0.04358508459489303,0.0362555647548184,0.06956152723041828,Промышленновский,Кемеровская область
1250,0.2581964844221984,-0.12222921392218361,-0.27043218735067026,0.1737694829611273,0.08635160157031878,0.07046364524680165,0.02986725678124764,0.019932938536386058,-0.032227491571456955,Таштагольский,Кемеровская область
1251,-0.0006204074306851067,0.06947176371104596,0.08769863616284725,-0.4978089333033819,0.15714413156517984,0.12141773036970237,0.02505156334881153,0.011230381353373028,0.10044420626084331,Тисульский,Кемеровская область
1252,0.0766581919784477,-0.01319153203038361,0.012221823157247014,0.20623925182332406,-0.0785624328532698,-0.18878378159152298,0.05537728464780943,0.04616603136244465,0.041502859943361836,Топкинский,Кемеровская область
1253,-0.08429313824591,0.1998244547981046,0.1814142295691108,-0.6951048204623421,0.029652762571353852,0.22213670202916683,0.02789733234494724,0.023103660253633713,0.14755315565505225,Тяжинский,Кемеровская область
1254,-0.0459585645654621,0.003240638631224572,-0.11814076471496536,-0.10409601957785906,0.17775629627394904,-0.02083682210695409,0.054222260014716875,0.047955635886304616,0.15905238989015028,Чебулинский,Кемеровская область
1256,-0.010636191838289863,0.03556359560264224,0.02127126893859893,-0.20950843750271286,0.07097778349535493,0.019619117971512112,0.037789309883884424,0.03768121140611921,0.14382668027615492,Яйский,Кемеровская область
1257,0.03313868640108734,0.09092983589788493,0.12736281321439905,-0.486127675684505,0.042016736368881626,0.16374161870873433,0.0466757627039558,0.02884372618397195,0.2418864652352911,Яшкинский,Кемеровская область
1258,0.30436429011467636,-0.36250375028845117,-0.09815434428395862,0.734122944128425,0.06298924635352254,-0.39853076740414495,0.02593924606215094,-0.0023686994454243937,-0.04047130907250529,Киров,Кировская область
1259,-0.07218422693425681,-0.07314800608955317,0.1480523053694342,0.3041813317924371,-0.2823563059401337,-0.15880599662679012,0.01781023213906134,-0.013239608652921772,0.03410428419100466,Вятские Поляны,Кировская область
1260,0.16027608024912854,-0.16273325574327482,-0.017854347983899305,0.5127472619975016,-0.17636326380748238,-0.21787306595745215,0.025355154980475487,-0.016861142970385396,-0.01505702888608873,Кирово-Чепецк,Кировская область
1261,-0.13187657438082953,0.1419843498273082,0.06008875683945356,-0.06346420677392178,-0.0951313889100583,-0.10555418247738756,0.038268257357940164,-0.021256848753420887,-0.04419378874790514,Котельнич,Кировская область
1262,-0.09177821102168893,-0.01788968276515059,-0.006565040341960833,0.246424987014861,-0.12666908468820462,-0.15737785071415136,0.02761783529092456,-0.01698109246635678,-0.01551009380973072,Слободской,Кировская область
1264,-0.28073452908711255,0.15633539636671773,0.035045208282114194,-0.9095272769022321,0.8433879206904745,-0.18731791993168026,0.03463969814027006,0.007892508458997527,0.054495234783739445,Арбажский,Кировская область
1265,-0.2504003994965607,0.10748021058149747,-0.10576305660822684,0.23750732440128322,-0.154783722416336,-0.14651742745282356,0.04704123794969485,0.03715049218431229,-0.009516505221536345,Афанасьевский,Кировская область
1266,-0.26940245015782166,0.35040247797895924,0.06951714925101214,-0.5006173124960306,-0.08816739581813819,0.10678840958959351,0.0484603948325263,-0.014625109705598882,-0.04542487345285643,Белохолуницкий,Кировская область
1267,-0.3731287869542938,0.6722259383832291,0.38982387880957514,-0.4458141277997993,-0.10638818146911928,-0.5719241794184913,0.05600774081046039,0.00483308661545077,-0.052888027733527,Богородский,Кировская область
1268,-0.13231033395038097,0.2830901448859835,-0.021520641447695738,-0.3605588725301567,-0.019691074373867412,0.056603771971131256,0.03662676134334575,-0.014723716595531336,0.09056869009549562,Верхнекамский,Кировская область
1269,-0.28070657794891934,0.5466090114571754,0.18099858394602766,-0.9703929372849313,0.04920857938362296,0.131500091003499,0.04635666698397748,-0.01193174979940916,-0.08226172681649475,Верхошижемский,Кировская область
1270,-0.181512980402599,0.186007100188452,0.1689016641983069,-0.0649496683117105,-0.4802531473657035,0.12821737979604989,0.04622204647487645,-0.011257468046993457,0.08585504730439315,Вятскополянский,Кировская область
1271,-0.2801145151914215,0.362432238967436,0.3069031447204003,-0.8583416262642453,0.05637538860228016,0.070554182479523,0.04164152319316744,0.023680751964517837,-0.05004119497816414,Даровской,Кировская область
1272,-0.2112546723960608,0.41095744896110714,0.1810591210929752,-0.5839449172435204,-0.2206370483801032,0.15048872407493494,0.03989811921093402,-0.006633236247294588,0.038479630977117374,Зуевский,Кировская область
1273,-0.32826370560144125,0.25852113974539764,0.33513347600971866,-0.6374761692671632,0.0170800050965965,-0.035335123079155074,0.0419375792753648,0.033381879899964106,0.03771467831168448,Кикнурский,Кировская область
1274,-0.28419685795374,0.2572405685694778,0.13032432105625064,-0.7152020559930051,0.37567515357357956,-0.11011465870090892,0.04279155373422203,0.032386440114546076,0.013503466953570742,Кильмезский,Кировская область
1275,-0.03568173932500329,-0.029625755394052083,-0.18553371349746248,0.21892611071467458,0.10819162183108721,-0.17403493514885157,0.03198169822914187,-0.0220778113766326,-0.06043278933792958,Кирово-Чепецкий,Кировская область
1276,-0.26475147950662464,0.322625125457356,0.07984255216630685,-0.42086213984148174,0.043962718533785416,-0.08764492781057133,0.0593280692525755,-0.0234297492059171,0.1488761082223403,Котельничский,Кировская область
1277,-0.1675093798289038,0.47205445153662356,0.22634032987927388,-0.5443400287341839,-0.3505877175392558,0.1344562933629359,0.07015729653582284,-0.025551928347747666,-0.04401738055168947,Куменский,Кировская область
1278,-0.29446436324148767,0.26721741596378584,0.2480623188483234,-0.5508475293909777,0.02438512936646986,-0.05089400628220566,0.03881476496371386,0.023652936519420964,0.004926929690129682,Лебяжский,Кировская область
1279,-0.14690445872604965,0.29448977804502136,-0.04870359741398635,-0.36919630199430586,-0.007950777078916263,0.06928422694758184,0.03517320528584594,0.02227591190250754,0.07965787502090556,Лузский,Кировская область
1280,-0.2614339967611261,0.24412757156172069,0.2715569725183218,-0.597313691549974,-0.059439498465485796,0.07899197444081235,0.030922301372067307,-0.002301145051339567,0.09779535256156287,Малмыжский,Кировская область
1281,-0.23002028713496547,0.28411422170154127,-0.08460556431695915,-0.3079369691180582,-0.20451385633271088,0.2508654965715817,0.04987053579342861,0.008761496596462045,-0.0016202465150969199,Мурашинский,Кировская область
1282,-0.3654607306944213,0.4065447988282378,0.18896931691320407,-0.5404121219293317,0.38645073967347665,-0.5036294049801923,0.03327762332108034,0.014434603520204018,-0.04640606033819439,Нагорский,Кировская область
1284,-0.24081772396890955,0.2130080182621457,0.10938988149531113,-0.13665548354358287,-0.2111296641517909,-0.03668942355668905,0.03025496487952565,-0.0020413295286122826,-0.024382743518810628,Нолинский,Кировская область
1285,-0.07653940019681997,0.16148619252390742,-0.1303143694484135,0.030497884820214222,-0.200377225536064,0.07663084614575083,0.04137322385953137,0.010339624701504185,0.03172455864487154,Омутнинский,Кировская область
1286,-0.1794085355755679,0.41881803406321044,0.14119181754436044,-0.9774627858878585,-0.0355076500930254,0.39088391287870744,0.03183870736367489,-0.019031942162996085,0.07003011507688488,Опаринский,Кировская область
1287,-0.19116144086364337,0.3293501373456846,-0.01149469542698676,-0.2701552076925419,-0.21704528763845818,0.10726838191769629,0.05594160359813103,-0.024257450600949703,-0.10144376433740361,Оричевский,Кировская область
1288,-0.2710975450006619,0.427455295906038,-0.0042508541833739906,-0.630519791840832,-0.11257869449924192,0.25781737312280456,0.055311609039968845,-0.004175575411325165,-0.09645986194287197,Орловский,Кировская область
1289,-0.25800300915527585,0.2246077538559681,0.14683135826280752,-0.11614429065613957,0.02311282267891838,-0.3404843156361594,0.035612727380872164,0.01655116304466353,-0.01444043398675556,Пижанский,Кировская область
1290,-0.22708020419093589,0.2845046256910046,0.02758439141521457,-0.39970885106103715,-0.019743961035396478,0.045287123495609316,0.03416829475719596,0.02529804960570033,-0.044618356732918696,Подосиновский,Кировская область
1291,-0.3277465786478533,0.26864672344199136,0.20768007355227555,-0.5071469343497439,0.09274277421372146,-0.1239993083528498,0.05686887165805789,0.016083997759548014,0.11580104011019621,Санчурский,Кировская область
1292,-0.2240585699839496,0.22018741359627123,0.08083230532090308,-0.40168247052009826,-0.08556340978534971,0.12414948989366838,0.03966805394407571,0.004543509793544,0.025352229566756274,Свечинский,Кировская область
1293,-0.14864133202153726,0.11133210480326149,-0.00850190889955669,0.11362646219539517,-0.246890239820903,-0.03164308977280252,0.049079283838921794,-0.019792389560331348,-0.04760682169437044,Слободской,Кировская область
1294,-0.18378848508991466,0.10446028152313337,-0.009033591690260764,0.23880449217694452,-0.22901694342883808,-0.16729091007558505,0.0250657810591898,0.006205950907455081,-0.05772865849119013,Советский,Кировская область
1295,-0.33659936991617645,0.42175551018978547,0.18706093154787876,-0.47772993361260957,-0.32116332443148654,0.12800014481182695,0.08161736556426219,-0.055618828575391056,-0.049151643406300106,Сунский,Кировская область
1296,-0.2752719304414491,0.2228388312660188,0.1626142532344972,-0.593272588101578,0.16211306407774165,-0.01637023197128586,0.029314649048907553,0.014900669751096699,-0.06506899670314104,Тужинский,Кировская область
1297,-0.32843086220446266,0.7057734866089981,0.2707439399699401,-0.7994120843673174,0.15427513243139981,-0.39345714613762633,0.04046291862145903,-0.008771887893530986,-0.0022687870401079113,Унинский,Кировская область
1298,-0.21167567849751082,0.3167978087350513,0.2457634895626651,-0.5592663499536202,-0.02819689113750908,-0.037174728701191116,0.03491608721052588,0.014630776143111321,-0.01034718248175374,Уржумский,Кировская область
1299,-0.31816146314638294,0.45107912557528945,0.19049064169423202,-0.5944047029041263,-0.07363751454346275,-0.03560422131653834,0.03335813060229379,0.006286524966121032,-0.041601352009002536,Фаленский,Кировская область
1300,-0.2391238063671212,0.16984401560583304,0.12739760928670688,-0.36700471126523393,0.05821261412136525,-0.05052619924327637,0.02882182920310043,0.012829053216563052,0.03780795144582083,Шабалинский,Кировская область
1301,-0.2125114645773983,0.28509407948022664,0.033945854430264266,-0.25963829684667,-0.28751223960551336,0.16603393104708877,0.07221500943978919,-0.03632825071784484,-0.11822754027184612,Юрьянский,Кировская область
1302,-0.1867126699394246,0.013417754829092077,0.017379386084507453,0.23734643906189376,-0.09710480493880776,-0.23311544653129115,0.03944065580910962,0.0036260215320665554,0.0077560431616343255,Яранский,Кировская область
1303,0.22160886742605546,-0.27974842472268324,-0.027632246313182524,0.5241820829211704,-0.05545939418300979,-0.22341868919690122,0.025549885653307267,-0.009537093642115524,-0.00559227453067616,Кострома,Костромская область
1304,-0.029194679832046006,0.19904095408587222,0.0017261537863187033,-0.22646839734975674,-0.2665614446159518,0.23018606259891228,0.03835421980106582,-0.001523501621447951,0.06515784092651994,Буй,Костромская область
1305,-0.013753448016169992,0.04886865661026354,0.09125302035630291,0.003198488658266533,-0.4900157145449581,0.2846188774255208,0.10106302466038701,-0.08235341883509406,-0.07940249124547664,Волгореченск,Костромская область
1306,0.015221356393932147,0.19675305404460822,0.007727731496956103,-0.3909166949741693,-0.2105116304762303,0.3348708684142303,0.025005182011899125,-0.005593122309040042,0.058705519904416935,Галич,Костромская область
1308,-0.010050624221580762,0.11668043047699851,-0.10895719945013321,-0.2655952825597924,-0.04900733274156074,0.24480271277988175,0.016095523735274415,-0.010869027622935215,0.07827274673662886,Шарья,Костромская область
1309,-0.20366295800317621,0.4768719515309416,0.1550827843675099,-1.2568081740803692,-0.011724944111789593,0.5745017107991028,0.040759066684966094,-0.011133445002126754,-0.08443439673532531,Антроповский,Костромская область
1310,-0.04521683509979909,0.2254138572087597,-0.04927957226461523,-0.4720830494513306,-0.011615747363823425,0.24548784037640456,0.03911997189515418,0.003379387504536482,0.11755355574693864,Буйский,Костромская область
1311,-0.2630449291138484,0.30868237464974263,0.21038617655060712,-0.7815677481738694,0.020645823951032538,0.17977670152788097,0.026812538598051713,0.024688742611423193,0.051411086241983796,Вохомский,Костромская область
1312,-0.12846581035014584,0.31546151379969006,-0.06385115161872373,-0.7367587995778111,0.03533490745330303,0.3877368584489354,0.039994255602061345,-0.031481598139765817,-0.01982586978559679,Галичский,Костромская область
1313,-0.23146387367233098,0.41227871447739267,0.2636092220907508,-1.1262191894504745,0.051958356016327,0.33629622537139797,0.03449282232345681,0.027156125761734106,0.2170830584215416,Кадыйский,Костромская область
1314,-0.23146132552702844,0.49924656899901415,0.08095023843515038,-1.2016537952029418,0.14905546191988742,0.41032485435428306,0.04345259343500152,0.034046158205665415,0.10320944039527613,Кологривский,Костромская область
1315,0.1374075654888284,-0.21528708604297575,-0.14009082604110992,0.26450323627805555,0.08438485046510429,-0.0555868461536785,0.038857159353818414,-0.005469821675188048,0.01652340550821944,Костромской,Костромская область
1316,-0.03657897110435256,-0.009336330621964836,-0.05928971770747247,-0.11384500497942428,-0.13757145743744323,0.2579658392516988,0.03147901103869207,-0.018430930615175898,0.005643404544355223,Красносельский,Костромская область
1317,-0.28743223107077265,0.35017250747891276,0.24583403827517336,-1.0286277517491167,0.0018083441413395684,0.3687361903590862,0.023489489627409287,0.00886060693072895,0.01405595762462523,Макарьевский,Костромская область
1319,-0.24079398847730862,0.4036647020416522,0.3206694666627059,-1.0483197164017781,0.2764755334890539,-0.014566657286240828,0.039992758419978,0.026480319424250876,0.2611448004319426,Межевской,Костромская область
1320,-0.12898518599002248,0.337315464672116,0.09550281429459086,-0.924239486252541,0.11062073855812742,0.31872379723310157,0.01670888887621374,-0.0043647403622129695,0.07947515461658343,Нейский,Костромская область
1321,-0.0786771009287411,0.08307849093724771,-0.008929491926449595,0.08728759036672006,-0.4574888503762095,0.23397558950408515,0.03390842177489313,-0.005665452500187428,-0.023314506046494248,Нерехта и Нерехтский,Костромская область
1322,-0.23977415734948923,0.25003290342927825,0.13274842392547778,-0.808273259371073,-0.01070390601624612,0.3741191665379571,0.04579438065208595,0.04231028084915919,-0.1054594445772868,Октябрьский,Костромская область
1323,-0.22387440608238843,0.28586707617534174,0.27125527625094925,-0.8794548248273234,0.005759014796785607,0.2544967861096417,0.025883389226377354,-0.009000329092979958,0.04748403075265295,Островский,Костромская область
1324,-0.25430685363694344,0.3139981379709483,0.32445160063874584,-0.9242619706903122,0.25289867885487116,-0.02916311826885722,0.06058405467206758,0.02743323147522157,0.18001482148205716,Павинский,Костромская область
1325,-0.18565847506212493,0.39530054790141095,0.1965811818390626,-1.3144675797671121,0.06699282792110024,0.5935163506109334,0.04202780109577546,0.022114338399191903,0.23008771836642627,Парфеньевский,Костромская область
1326,-0.20026697682023334,0.3040169354929537,0.020390383399911078,-0.3139338139964962,-0.0033466141540035763,-0.06920356223697023,0.037845188367704646,0.018220658650118488,0.04325701846343033,Поназыревский,Костромская область
1327,-0.25148279196950796,0.283026424557213,0.11956538439441446,-0.4095393781428904,-0.041481581137350565,-0.013647521165993048,0.04519380130284018,0.015440239414561555,0.001957146187695713,Пыщугский,Костромская область
1328,-0.1963185395308439,0.21156347883630758,-0.0665454687627442,-0.5626720928698159,-0.12792523427960875,0.48350264558125544,0.03736234184081982,0.0028037847502999555,-0.016362136165987178,Солигаличский,Костромская область
1329,-0.1699730386189601,0.2568637383814481,0.033815056800617714,-0.5122306552987502,-0.23602875596641315,0.3955039445884923,0.028053333993753933,-0.012374881437330057,0.03764670104292304,Судиславский,Костромская область
1330,-0.20796843087821695,0.3492585750069764,0.2013755782129866,-0.6909980324768027,-0.2233023014810851,0.3015895092433188,0.03766081762618828,-0.008714418776134556,0.015008652862684047,Сусанинский,Костромская область
1331,-0.16714126470908855,0.25760435941656407,0.08951143440719568,-1.015026452525214,0.09642411290424462,0.5094098743026055,0.030932640313322046,0.014904744024348224,0.07746116482433234,Чухломский,Костромская область
1333,0.18730632468339192,-0.14468891823373048,-0.01405350393962799,0.36113834910247067,0.023534762164283185,-0.2880073605880014,0.038190437966424864,0.008480289354910372,-0.0012369031151426846,Курган,Курганская область
1334,0.006492292686407571,-0.06679120539896471,0.11706308248021319,0.32283664163324194,-0.23886276131783268,-0.19632242889126372,0.027853304551541575,0.009357281957102911,0.019112244706916026,Шадринск,Курганская область
1335,-0.3405053811160779,0.3412930920394559,0.3115654840835682,-0.9520131716478152,0.29762025351244736,-0.06054232948226199,0.037477125141613776,0.0022277611055839994,0.018747025684390017,Альменевский,Курганская область
1336,-0.3940982816721585,0.5337206201320734,0.48843111796480027,-1.5007365145263643,0.223148908887165,0.193359196047719,0.054566777982976544,-0.012750808776738417,-0.047270770637086144,Белозерский,Курганская область
1337,-0.28694379885391,0.33625265354517575,0.28207392829520844,-0.7803048201427806,-0.013672195392231301,0.11357376220002197,0.06926085603687011,0.0026522347883167576,-0.08457753458949109,Варгашинский,Курганская область
1338,-0.15296495969269985,0.2757610767366332,0.3023266843849132,-0.483576652411107,-0.18944687595962653,0.03285909575458107,0.025345649251032755,-0.007347324405360123,0.022941907928045364,Далматовский,Курганская область
1339,-0.36224090711089457,0.34226684357091947,0.16320376290038635,-0.813788100248726,0.24620148523537858,3.933704743613875e-05,0.05620313529244707,-0.003358433541008121,0.17191939690425198,Звериноголовский,Курганская область
1340,-0.22777444417270973,0.23624434802655594,0.1454087767202105,-0.4730303684098969,-0.10102430169903491,0.13032487386755992,0.026834267864469505,0.010502902351732393,0.04070216631909851,Каргапольский,Курганская область
1341,-0.1678683503966357,0.1863770371523654,0.21709803829491778,-0.26568013171728966,-0.16648029242288034,-0.033391322801719026,0.025593809024902946,-0.0039307678158533215,-0.03542420818284322,Катайский,Курганская область
1343,-0.26828273432223665,0.313712915313086,0.2965091353919717,-0.8759492908994844,0.12036871165387879,0.08328185704594228,0.022815399096550417,0.0023500941807113964,0.02457776851351719,Куртамышский,Курганская область
1344,-0.3136014097030569,0.35329941395524717,0.39200513559964834,-1.1341603213669293,-0.015586674381125487,0.3423657746985537,0.037495192346665734,-0.007331472615457357,-0.12766591922179607,Лебяжьевский,Курганская область
1345,-0.25054877924604385,0.2897751518496061,0.19078051754197226,-0.6888807908116851,0.06057636932971074,0.08567208059578973,0.02673058876450252,0.017797739873062157,0.026194346302115184,Макушинский,Курганская область
1346,-0.2485011980372335,0.3014527897705112,0.21084905083107755,-0.820951734541102,0.08385892970679665,0.1627142927381116,0.02255271879888873,0.015719784862756814,0.04088328338689943,Мишкинский,Курганская область
1347,-0.31547692991936155,0.4744444167619751,0.4188384585222546,-1.044732674637068,-0.24997083407160994,0.3393439619298429,0.031216817831432646,-0.002861254390891521,0.051529725631292246,Мокроусовский,Курганская область
1348,-0.28853764034852003,0.23326373023914546,0.25670634621447846,-0.9113450667954361,0.12067320501633198,0.2386251138308748,0.04023295658371613,-0.017453006879595057,0.15515959163312934,Петуховский,Курганская область
1349,-0.3814370540254984,0.35016578565433937,0.18765104485252948,-1.0775884248893888,0.19623094936247795,0.2814639735254374,0.04589814295900927,-0.022615685572140238,-0.021944411515525546,Половинский,Курганская область
1350,-0.38380731469747253,0.36814495222918336,0.44627117962560603,-1.0143209289921444,0.07541469976366037,0.062413425879088956,0.03916668608515214,-0.0043545066004033,-0.10866985618823437,Притобольный,Курганская область
1351,-0.3607786336151512,0.08050214052811698,0.23578645148545338,-0.4070056836557008,0.18846438015175115,-0.15982396000422694,0.03612067703935089,0.0033248366214580862,-0.07101822226388825,Сафакулевский,Курганская область
1352,-0.39235655799946856,0.4147320988557556,0.25414669392790756,-1.2073399307050263,0.36632234300998706,0.11006212341676948,0.03311157256720983,-0.007450212410545924,-0.05505846645037978,Целинный,Курганская область
1353,-0.2908169888719711,0.04038638738920206,0.1972134546745825,-0.5779365601297183,0.09062083036935815,0.18763921620197,0.040011844257443675,-0.0006569073258202995,0.1319716627469817,Частоозерский,Курганская область
1355,-0.3000678494150495,0.2677849105451721,0.21919616892144492,-0.5788401330363891,0.01440050978391553,0.015381872291251078,0.02369467468354044,-0.0016108854837781166,0.05861313950895027,Шатровский,Курганская область
1356,-0.1453076190671414,0.1543303200574632,0.11488564849570528,-0.3021809581798337,-0.005225771201124589,-0.023885910666815797,0.020217649703921852,0.007857252395674289,-0.029849444000590697,Шумихинский,Курганская область
1357,-0.13421109557894365,0.23541535357127064,0.17823559959593763,-0.5518304982250842,0.07129937978860827,0.004803493774661845,0.025086404349057328,-0.0002013314166817807,0.05647439761027669,Щучанский,Курганская область
1358,-0.18541358578050757,0.24396690249878195,0.16421966253205497,-0.6180176839778017,0.13787422211612654,0.009880225336232062,0.03036142638340249,0.009713476172931843,-0.015067968811270297,Юргамышский,Курганская область
1392,0.2218788687788061,-0.031861436129375996,-0.12318231996523908,0.13818657911178395,-0.27349011557155506,0.2282706210597809,0.021841913365978103,0.0034447484683415943,0.027831011053702188,Бокситогорский,Ленинградская область
1393,0.22141178381780816,-0.07292328497267418,-0.2822519001958163,0.08582297112258506,-0.06781415543154086,0.2750896979828414,0.028684596668807107,0.016692754222421568,0.03502210623292255,Волосовский,Ленинградская область
1394,0.30683380241136393,-0.1570123607997224,-0.1801286317728005,0.3591524723284662,-0.20563831384725298,0.12155016259670313,0.032668711418166047,0.011981064593813947,-0.009287270599975842,Волховский,Ленинградская область
1395,0.5716161116456454,-0.5803579713342688,-0.18648896856582606,0.881342329742056,0.07676390394887507,-0.253335965285441,0.03708586162960811,0.0016356184077222318,-0.05210626221081586,Всеволожский,Ленинградская область
1396,0.4325334823622396,-0.37187013238508326,-0.20263069121060914,0.5666935780330048,0.02043210610536687,-0.07470153203728457,0.03257908658038584,0.008836266518310468,-0.01819649516165948,Выборгский,Ленинградская область
1397,0.4447167327405655,-0.42324992277972395,-0.04769362112656966,0.5627895154496222,-0.01684332836290507,-0.13707931467502857,0.03230774606936711,-0.0010978763507488165,-0.03587773618692691,Гатчинский,Ленинградская область
1398,0.4436367047682947,-0.28876592203486834,-0.20867260662223805,0.635797134369986,-0.14254609254414144,-0.05788918466334438,0.03484120007418426,0.006853044276071825,-0.02738388056413125,Кингисеппский,Ленинградская область
1399,0.3352331100762826,-0.22792269513052357,-0.03109179031193689,0.6416720623569693,-0.38577679432807804,-0.05895745408103705,0.024725042619955045,0.0025986651199483104,-0.060567894647760946,Киришский,Ленинградская область
1400,0.4161643553171395,-0.32603664316260994,-0.12833373431839865,0.45175031714758007,-0.028791293750058584,-0.03066531741111861,0.038403951957737006,0.0059358768892571745,-0.0223903468964118,Кировский,Ленинградская область
1401,0.28610185930128257,-0.0976442082630628,-0.190909248659714,0.31761067731023784,-0.18744330205461948,0.09630941017255258,0.03728887695435468,0.024352843521672534,-0.0030515704929789575,Лодейнопольский,Ленинградская область
1402,0.4857162843768152,-0.4956481439722384,-0.21610026808052343,0.659673645887313,0.13796989830901207,-0.14797180363816956,0.0402012975412794,-0.0008087678157702357,-0.054735247501912575,Ломоносовский,Ленинградская область
1403,0.34645365053629146,-0.27061219789513397,-0.18154544696476602,0.5146738253863058,-0.023639685606427263,-0.10095316641458298,0.0382970067234654,0.0013784273841573695,-0.028696559255358894,Лужский,Ленинградская область
1404,0.1853407428811411,-0.008420642722244095,-0.1179299936551088,0.03683720142008079,-0.08944184873206167,0.11687861219472871,0.027362942182725412,0.023821118003439334,0.05818338978907941,Подпорожский,Ленинградская область
1405,0.32635122081221807,-0.22415760246730418,-0.18044733587614994,0.18700997598690994,-0.09477481442906781,0.2502931052910066,0.0414178328304134,0.008551895918292548,-0.004316755860419537,Приозерский,Ленинградская область
1406,0.28760280066355864,-0.030581232587721625,-0.30673063777729714,0.36275658611586664,-0.24928791810290932,0.16176653085745604,0.02070845214835345,0.003365624129127757,-0.018546499667213223,Сланцевский,Ленинградская область
1407,0.2907232338892726,-0.17623701459802202,-0.0555914349291917,0.3688497197062038,-0.16572844935883038,-0.03336949231476596,0.03752995937996487,0.00012326466006830813,0.0024405060242854715,Тихвинский,Ленинградская область
1408,0.42874752402540645,-0.3677702801053953,-0.14782217249398902,0.614501182963422,-0.07223819374276996,-0.08874720811587335,0.034674869465196156,0.003060068924148248,-0.05020678374879931,Тосненский,Ленинградская область
1409,0.5265780435339787,-0.412099530332606,0.005728572568657349,0.5986932056138342,-0.14657156100334848,-0.10782735834114293,0.03181299368241556,0.008091271829816246,-0.015442876284738801,Сосновоборский,Ленинградская область
1410,0.30606155321140727,-0.34797267044601465,-0.07781243011455624,0.5285888797319417,0.035961530540844534,-0.20084198120682242,0.0543546801089275,-0.018952769137710417,-0.015072138351365302,Липецк,Липецкая область
1411,0.18877462153377852,-0.23387514793513262,-0.1580351638175528,0.2846415396738253,0.06546046681890445,-0.02026836623465032,0.061103849829528926,-0.011443715303264055,0.024320608235569696,Елец,Липецкая область
1412,-0.1510201422774408,0.061998325708432535,0.2712569359972388,-0.8616095749518687,0.12322526667970368,0.3430523750718877,0.03708248273217202,-0.03683102253500756,0.01877107758165275,Воловский,Липецкая область
1413,0.03298980848571046,-0.10522485071892017,-0.019250931416759764,0.12023181004234557,-0.1281351494384616,0.07030245003718959,0.023857901931851094,-0.01950435836532397,0.0015007108933485225,Грязинский,Липецкая область
1414,0.03715542967080757,0.008314823133491392,0.04051009553714722,-0.20135277609052762,-0.0819458669422581,0.172397052867541,0.019615434079346045,-0.022505503668588014,-0.00400710093753612,Данковский,Липецкая область
1415,-0.10379430611549882,0.06705983078366894,0.039063025973238796,-0.5458284674767819,0.017221564787835358,0.36040737443743254,0.028205164385809358,-0.025048927486189504,0.05221958409139441,Добринский,Липецкая область
1416,-0.1860771794413608,0.1438880619518243,0.12502872664107942,-0.42202732285037275,-0.10225910877481288,0.1932929715376762,0.03641696325180581,-0.02361003615173965,-0.13359447308775205,Добровский,Липецкая область
1417,-0.1662715845213687,0.05841699884438376,0.17057625793698827,-0.6098337406563131,-0.05153639344644859,0.3703002058267857,0.03899798192259763,-0.031204284501016755,-0.0132932136338589,Долгоруковский,Липецкая область
1419,-0.09244750103366162,0.05232451472358703,0.09332936356176559,-0.5981086654579512,0.029682879451279082,0.3606952362267129,0.026779357143928238,-0.024723309421518458,0.018138763995046436,Задонский,Липецкая область
1420,-0.16795279385453324,0.16997275100989415,0.2340790253207783,-0.8226414147747457,0.023548138900333915,0.33296482804913247,0.0377126365771458,-0.007050301894475429,-0.0538848142843645,Измалковский,Липецкая область
1421,-0.08585814800762333,0.08654798852071353,0.11712338814053852,-0.6267825747859802,0.1367315033083609,0.22430302332176133,0.03941881985252569,-0.022962210167310232,0.06417407682504588,Краснинский,Липецкая область
1422,0.0031084013219925635,-0.058888342139879014,-0.024943952443157186,-0.042806390358637515,-0.09949690792719645,0.164058921374264,0.022384011294503833,-0.021326372059856807,-0.08470610522239967,Лебедянский,Липецкая область
1423,0.03176947523283332,0.10196935228178262,0.09274768279465774,-0.48065737328656777,-0.0945188927063411,0.3183825594218635,0.022620900226070797,-0.015403655145600423,-0.03680150147382286,Лев-Толстовский,Липецкая область
1425,-0.21722927975214587,0.02962129103542797,-0.05022186027145764,-0.14406367926768907,-0.14711085937447776,0.2496984363835907,0.06049131849796551,-0.013759386767747897,0.004275952876351093,Становлянский,Липецкая область
1426,-0.05551070166243344,-0.03755802692445215,0.10459898531663804,-0.604595618027388,0.060091945583625815,0.41538604255697065,0.02506060879396746,-0.024887946440172264,-0.043889208762921274,Тербунский,Липецкая область
1427,-0.08970160607541944,-0.07266439027101951,0.011181242659557611,-0.05203080849616557,-0.14954392997456847,0.2009812145875897,0.01867601997965338,-0.016758900709388087,-0.009780519823244979,Усманский,Липецкая область
1428,-0.12585014647082246,-0.0639501634668541,0.20720971003045965,-0.4967985860497441,0.03687051314253168,0.25459185484900065,0.031447531146464924,-0.015461531880759818,0.08567784911722043,Хлевенский,Липецкая область
1429,-0.05159470550766517,0.06346749441810756,0.10642252457448614,-0.43025596506545843,-0.08069598227444215,0.2789852568527011,0.02125393079211093,-0.016990966675523314,-0.020900791538413715,Чаплыгинский,Липецкая область
1430,0.8402936824064097,-0.16210824679157537,-0.074202991746038,0.7327556163796483,-0.10714351212768473,-0.4513775372089554,0.04023350558647038,0.035218430847533365,0.048017787783352604,Магадан,Магаданская область
1431,0.4998093162874056,0.26829304388092484,-0.03211422434958957,0.16930246516831549,-0.3922826000856848,-0.07527535610857171,0.06417467910761772,0.03289561433304131,-0.03661100738173469,Ольский,Магаданская область
1438,0.6542878258755493,0.3961068899188784,-0.19523775146978642,0.031178755116821905,-0.414179183151068,0.12005461809054861,0.08254301234059483,0.048401409750406486,0.27145134910160423,Ягоднинский,Магаданская область
1439,0.5777705846919261,-0.52956365161673,-0.09036418456972818,0.6949104558496338,0.09866050624799176,-0.2357197974057755,0.03327920763706266,-0.0013185049472716297,-0.03207464794153473,Балашиха,Московская область
1440,0.43611353737657005,-0.38385562577804827,-0.2757147267011985,0.4726951524856721,0.08535039068854051,0.03944813781042894,0.03678322306166382,0.005848449878424496,0.012116116884709779,Бронницы,Московская область
1443,0.5461819501387292,-0.50462802534927,-0.12213448281003408,0.7013333894751721,0.06622942385519064,-0.20287697666566365,0.03226777600913973,-0.008977022378365803,-0.043633682872786496,Дзержинский,Московская область
1444,0.6561508865962803,-0.5996569507426416,-0.06009811936728743,0.769494883843957,0.08263376724291364,-0.254450252471547,0.03152897346386209,-0.005151411417344136,-0.04541051023018213,Долгопрудный,Московская область
1445,0.5392369963075387,-0.5194949273735783,-0.1737661039738728,0.6171130450782841,0.15555829799971832,-0.14148698322515824,0.03775801605300019,-0.005466148526830065,-0.03464399398138659,Домодедово,Московская область
1446,0.5692375074616733,-0.4348924115003727,-0.13416777817639605,0.6541868940111142,-0.08884417583451847,-0.05835919999443386,0.03239806839555533,-0.0008091101586873428,-0.033447212568856154,Дубна,Московская область
1447,0.3353597511900311,-0.3270749601729371,-0.2798509730249527,0.5876162560186117,0.0293348592535189,-0.07210185356884578,0.03402208658792147,-0.002907813645221765,-0.03661831366467635,Егорьевск,Московская область
1448,0.5760975697978071,-0.525392013014611,-0.078551280538598,0.6808308802422155,0.038850715812757675,-0.17781497399636984,0.029105799538102304,-0.003781436728649242,-0.030973335661045393,Жуковский,Московская область
1449,0.18195564448219229,-0.05342521744739043,-0.0814744466077597,-0.025724026524920212,-0.052450809116247554,0.15099782820171254,0.01906639136618744,-0.0006571870141354094,0.038326037902627896,Зарайск,Московская область
1453,0.5833522109244714,-0.5298667928705788,-0.06603041698970634,0.5123284566112712,0.06906374113918978,-0.04757165938478116,0.0380054672971705,-0.0007621480149934875,-0.014911256588631868,Истра,Московская область
1454,0.3717133485353574,-0.291055666231293,-0.18460087492416943,0.3748028711911752,0.010795706820034575,0.027981291649648594,0.05381975831175834,0.017003850288947502,0.006163315889008462,Кашира,Московская область
1456,0.6508516259650022,-0.5425479358935444,-0.026170905157484565,0.7049000263355046,0.06786622253573116,-0.26612407931481213,0.029763646975755013,-0.006749260871311669,-0.029467634417349748,Королёв,Московская область
1457,0.6304733182117326,-0.6154958818512186,-0.24179108915008993,0.8781702713832447,0.1731636564994343,-0.2561236283759774,0.033835766999433844,-0.00942790035066691,-0.046972647970019286,Котельники,Московская область
1459,0.7279583893822696,-0.6336055829355666,-0.14962814987811016,0.810292110198947,0.13747042278636534,-0.22660547166624348,0.0355348529434367,-0.002918275060123617,-0.03947123264224935,Красногорск,Московская область
1461,0.556507078912711,-0.47171609546031074,-0.1014612583753915,0.6340225300731049,0.030132634755352956,-0.1530544824873608,0.03223142091209995,-0.004688508566876526,-0.035405137406368935,Лобня,Московская область
1463,0.34621097105966353,-0.25144475720626075,-0.17022631431038912,0.3062895784294511,0.01601917570698604,0.03728564588560681,0.04298075332778838,0.009464755096752098,0.014846017907206003,Луховицы,Московская область
1464,0.5403426177583098,-0.4363740331575634,-0.0311648585745594,0.6088883230136269,-0.08326942778888265,-0.1201566749872275,0.03606964125599767,-0.0012532660740236883,-0.027819783091974932,Лыткарино,Московская область
1465,0.5664578081325121,-0.5306024080631323,-0.12168515163017492,0.7279301999657845,0.06708665565570586,-0.20480596742278925,0.03480148255300602,-0.0002532381645244201,-0.03822191829711804,Люберцы,Московская область
1467,0.6388484508426786,-0.5923997476555288,-0.13535544251123385,0.7609220977000857,0.13821437401046877,-0.23345795303839742,0.0327935751935565,-0.01407944390274111,-0.05390224569909171,Мытищи,Московская область
1468,0.5415359124860489,-0.47753589553794273,-0.17295753902081556,0.583750772993186,0.10263494510240194,-0.09796895503143478,0.042439217929662695,-0.0008922447710377387,-0.029327612081069782,Наро-Фоминский,Московская область
1472,0.5317062692423999,-0.45107291146377165,-0.13190353775764257,0.5827753245437612,0.09018062128466198,-0.15205616810161465,0.031815823207554134,-0.005627470547702258,-0.02035397210007317,Подольск,Московская область
1473,0.24856741762810808,-0.24323577785821449,-0.07018726402246712,0.41514125476583263,-0.2708333764611381,0.10703849208138178,0.026634076086865393,-0.036510766098827606,-0.041129618881499096,Протвино,Московская область
1474,0.23837130552680197,-0.22438680946590442,0.009971771618567493,0.28868783119853697,-0.40745581689607663,0.27110635205027117,0.05106771025099322,-0.005883418969465796,-0.009104855122128478,Пущино,Московская область
1475,0.6687284287471525,-0.6045856553591934,-0.053282513722731205,0.8674796555417278,0.044276016098687886,-0.31596417405309674,0.03605227314919274,-0.00753594697863406,-0.045552908206469324,Реутов,Московская область
1477,0.3622612079388647,-0.28913735394877726,-0.10884193597017983,0.2451415116548645,-0.0025225158529875724,0.09328362262247575,0.0449977703130731,-0.006509903928565671,-0.01583953911844534,Рузский,Московская область
1478,0.23949067409705424,-0.12102525366443716,-0.1369490686731633,0.0841592666207171,-0.16134948509617872,0.2730878693184567,0.020838428884298058,0.010170256023083848,0.07484289643264863,Серебряные Пруды,Московская область
1480,0.4341522610607778,-0.38831334047549865,-0.10153020535584024,0.4939908910608299,-0.0037716906122213048,-0.06245232611187492,0.03132695600682204,-0.011451461706225333,-0.02804683148200941,Ступино,Московская область
1481,0.527855126975405,-0.44612774807820893,-0.03325852894185938,0.645367222109607,-0.09608102818536446,-0.13197658839878,0.03475414895989627,-0.004542808174002803,-0.03237366712763875,Фрязино,Московская область
1483,0.4313322955505092,-0.30058414723566546,0.11371136573964226,0.27306895814891863,-0.35398271188253805,0.20570986373503763,0.03410300478188105,-0.002981134836842999,0.0413681528589643,Черноголовка,Московская область
1484,0.5090284309490316,-0.43693480301911286,-0.20932499880273117,0.48150361578562517,0.1494241223491843,-0.0467446078075703,0.03483240713205724,0.0026839033703742,-0.021695448397627787,Чехов,Московская область
1486,0.2839651614470567,-0.19956646642253092,-0.18726879369748387,0.067457244031796,-0.02808890347493394,0.2853902480685471,0.03100584483065988,0.010318207012553463,0.012298324379485229,Шаховская,Московская область
1488,0.49370533343269346,-0.40945826510956645,-0.09108187172982853,0.5632113908253298,0.04744455008859535,-0.17219247556913642,0.03234861923327651,0.004299027269959954,-0.010241185678435313,Электросталь,Московская область
1489,0.34433603333573076,-0.2238025528457521,-0.16600069398456846,0.21718450841996986,0.010528167268262964,0.1000138996474824,0.034592621102780524,0.008042724030213869,0.014630411996697975,Волоколамский,Московская область
1490,0.41153071544734215,-0.31452791086304177,-0.23122513942247921,0.4388450297559188,0.04871766937391819,-0.0038863203389206493,0.034812060916156275,0.0010628027227266856,-0.01047318005109199,Воскресенск,Московская область
1491,0.4756485462241132,-0.38667615893365404,-0.1753813485154784,0.4315454199136608,0.08635631532885886,-0.01792089928799251,0.032690948205083975,-0.001645783616032311,-0.018318094341529905,Дмитровский,Московская область
1492,0.43395404482509053,-0.3403597864575221,-0.15748196163559264,0.4465912021806476,0.10361806004946565,-0.1144441856316048,0.032264714687754825,-0.0010358488213481991,-0.004209121393668284,Клин,Московская область
1493,0.6658168100151859,-0.6249103219583123,-0.22765050724188907,0.7685468326141836,0.19602733839789413,-0.17409001330648302,0.037427060040480506,-0.0006341468506806391,-0.03805099446816862,Ленинский,Московская область
1494,0.11209092936131008,-0.028725016427503487,-0.10416240790248686,-0.1804604218514595,-0.15134609226781573,0.4026172669546603,0.0287488363612154,0.0035840202231504407,-0.028802267018320674,Лотошино,Московская область
1495,0.3944551312744402,-0.2647003211566131,-0.1782277074996547,0.2539009292346271,0.06404207323407489,0.06290835469295943,0.039431218632835045,0.0020960118434950234,-0.024070173227982956,Можайский,Московская область
1496,0.45057986311745674,-0.3608714425863054,-0.10207590451802885,0.49099028849815946,0.0186037231733928,-0.10872333606182426,0.034737837089699325,-0.009350198594863171,-0.00770403211886143,Богородский,Московская область
1500,0.5135215732783,-0.45840599788124087,-0.14612198715593666,0.5667271626733146,0.06999036643695093,-0.09426621556769312,0.030523709604074828,-0.003969292540520031,-0.019442789034945784,Раменский,Московская область
1501,0.4543125224218487,-0.42270964775496456,-0.11520954124174944,0.5336527972038961,0.027040071278569777,-0.08485035098035766,0.03507987670393388,-0.0024170221199524278,-0.019372007581404116,Сергиево-Посадский,Московская область
1504,0.24303569471161812,-0.14703170177784083,-0.13489732368809945,0.09485570808626122,-0.08690183021401669,0.21189847609909038,0.03151270716182227,-0.006997951413153365,-0.032378280098755485,Талдомский,Московская область
1506,0.6358767731876188,-0.35823258450057777,-0.16452134647895447,0.6970653038102989,-0.0028370702720359464,-0.23355097405333666,0.03119580430219436,0.028301188168051678,0.0025330174255897564,Мурманск,Мурманская область
1507,0.6270204002466548,-0.3074695943639695,-0.29227834982830897,0.8271708215099124,-0.21403494753572638,-0.07546460127651328,0.033540983178908176,0.025748361048493873,-0.019689661137224517,Апатиты,Мурманская область
1508,0.6917668015277995,-0.279600457563984,-0.36904068191013223,0.7345834857491876,-0.20627946071832282,0.058260442948646796,0.040066442846165465,0.034287589552821296,-0.01226809734727278,Кировск,Мурманская область
1509,0.5270695113185486,-0.20409413504117488,-0.22611575030857725,0.6009483373142624,-0.27735033891420896,0.044535215455091925,0.06679049521376945,0.01839921194280995,0.0071665675382119876,Мончегорск,Мурманская область
1510,0.47900030374048774,-0.07127129152895412,-0.28513979082121327,0.5227264508756182,-0.4303126373883259,0.20192059736827014,0.0434547842477438,0.0221623205049802,0.025740386127981536,Оленегорск,Мурманская область
1511,0.6268274515337573,-0.24563838076526975,-0.35792984229990865,0.5438282018056896,-0.13461820321815676,0.13228155298304087,0.04560958712818301,0.020110771875021156,0.016604912270150225,Полярные Зори,Мурманская область
1512,0.5977275978728808,-0.12947317361244842,-0.2610846834744749,0.6308768222174154,-0.4644348872386095,0.16203925061351046,0.03677871194590065,0.027390498552676168,0.0034113457273200107,Ковдорский,Мурманская область
1518,0.5108991239935249,-0.15054234664439264,-0.2525513172580213,0.38491414089111875,-0.1812799372097856,0.13738278872647652,0.024309919189483168,0.01588352135750744,0.042028009924907295,Кандалакшский,Мурманская область
1519,0.3149440600014377,-0.14781194907617926,-0.20830678672162026,0.5060422575400816,-0.26890708587420203,0.05690689263731332,0.05659514218950489,0.01671001333435192,0.037286280433926344,Кольский,Мурманская область
1520,0.46229985874086615,0.09982857116164832,-0.2630614712432849,-0.11495815625414062,-0.3242221464815015,0.5403365313226736,0.041135040138307294,0.04374222011794358,0.18985183592429258,Ловозерский,Мурманская область
1521,0.6544517001000586,-0.2436982226447909,-0.3427025366956858,0.5212473013677944,-0.14656803801157844,0.14964482448965452,0.03335968363971014,0.02375684192409644,0.015565564015432853,Печенгский,Мурманская область
1522,0.3246935585820985,0.10514482809466573,-0.18787515620259057,-0.3796904801770613,-0.1495631603353155,0.5499072971256965,0.03160908045136317,0.03553155162172753,0.11359703862535031,Терский,Мурманская область
1523,0.3732939241672621,-0.3804597559759711,0.053681619783319555,0.5145745698101241,0.04081337761356422,-0.2906864827256433,0.028729248538004803,-0.0027938834555278347,-0.02094943108838021,Нижний Новгород,Нижегородская область
1525,0.27438057668953575,-0.26049197715376055,0.018701605490374345,0.31566398303009796,-0.0026696622836625363,-0.1332806205776545,0.03585557453033559,0.001238116010741826,-0.005591935975541085,Бор,Нижегородская область
1526,0.2610116425881468,-0.15662155758697419,-0.003317437429289675,0.1204824271621347,-0.03526802931412457,0.012647925673647753,0.032361659840229706,0.01023256681673653,0.07919097063176657,Выкса,Нижегородская область
1527,0.34433180486914566,-0.2922322259034845,-0.074518605143724,0.4601010797622889,0.02877844648305683,-0.18420536669274457,0.03638841543413635,-0.0023231582943047204,-0.0345603281611823,Дзержинск,Нижегородская область
1528,0.059868867708474584,-0.019422559446361305,0.15619957182688335,-0.27490372309462396,-0.10585997899424804,0.18191001821374453,0.017527347388801705,-0.0009063283676745299,0.06548252334782693,Кулебаки,Нижегородская область
1529,-0.03216906698599634,0.15441795175274173,0.12724237114242407,-0.3631493701132687,-0.2185698742136248,0.23798224993712278,0.0495167667922468,-0.021445682923259143,0.07247789611904924,Навашинский,Нижегородская область
1530,-0.09013898414067789,0.06702382583041987,0.10970211187868596,-0.3755717526709257,-0.09780037148426597,0.23456951495148023,0.023894434309839264,-0.002570673559901001,-0.15397501622485812,Перевозский,Нижегородская область
1532,-0.012803468373387009,-0.011846962776574507,0.03831254366722753,-0.27184035976443865,0.061024728079238644,0.12227337929994125,0.02328211113715102,-0.012399283666332547,-0.0392141687674425,Семеновский,Нижегородская область
1533,-0.0716840168886131,0.12563838055308327,0.08873712730079636,-0.2924048053821464,-0.05404853896719123,0.0700011650008529,0.014238848632624713,0.009779222101420121,0.0336378828253549,Шахунья,Нижегородская область
1534,-0.0958342279779334,0.16142102924127097,0.24828829067589467,-0.7197150831013084,-0.20385197706053151,0.45178106875006857,0.025862846265888896,-0.007041980581117713,0.029197079883792647,Первомайск,Нижегородская область
1535,-0.09699883749845377,0.16273407133746656,-0.05552273723311679,-0.3250570943484919,-0.06599479894474336,0.22176388769428002,0.01968977537469647,0.009413188281289198,-0.10040452350269569,Сокольский,Нижегородская область
1536,-0.02615998861661284,0.13136461831619975,0.19546146741105583,-0.38790802371091204,-0.24889837050001287,0.24790363698906392,0.02145783105195913,0.003797100848346909,0.011965918809024664,Чкаловск,Нижегородская область
1537,-0.17977572932593078,0.16536199524242276,0.1555442532250208,-0.49766331666858,-0.04910112613605074,0.1637815228425806,0.02643916449551496,0.010478232118820374,0.03502148021209469,Ардатовский,Нижегородская область
1539,0.1984142923288942,-0.15426513560057867,0.08673440290612879,0.11304923641753852,-0.10947609314823152,0.001880917930537444,0.0371878681421322,0.0024766593509846315,0.014634339938254618,Балахнинский,Нижегородская область
1540,0.17851279131129813,-0.17800249341917743,-0.03218928806919036,0.1300571252372786,-0.00859503769876598,0.026653022455249826,0.03342444861691525,-0.0030531758053206535,-0.004075219567178934,Богородский,Нижегородская область
1541,-0.09035525791962118,0.0993836882307474,0.3663628152746021,-0.9490678015194837,0.09532050202872722,0.32592412449080105,0.028025382364027733,0.005289897593009203,0.22778587853064813,Большеболдинский,Нижегородская область
1542,-0.1506833171047257,0.25463096038651717,0.3247612685628601,-0.7705555774071047,-0.3507245144779311,0.47981119144105416,0.025334147721231288,-0.0076039746089019795,0.036084504578494325,Большемурашкинский,Нижегородская область
1543,-0.08649920855476549,0.18302588111371365,0.13066249726675125,-0.6045723958588076,0.017800838307576988,0.21100650767615936,0.027071551620303894,0.006519568891601181,-0.19725421848773483,Бутурлинский,Нижегородская область
1544,-0.0928023448533013,0.2116401121307164,0.06253339525733302,-0.6602256720094756,0.10447014719680218,0.21950534593001758,0.04312967262096689,-0.010767081821814925,-0.010494462077577685,Вадский,Нижегородская область
1545,-0.05289457582852486,0.18690630279342194,0.10340059493787478,-0.9562834408952178,0.32272853651423367,0.28117133515508114,0.0216056302241178,0.005303952362938569,0.04892465258663855,Варнавинский,Нижегородская область
1546,-0.1273847834359687,0.29803282804714976,0.3230746842944121,-0.8287700422939622,-0.20109696571139588,0.3466828241691912,0.027752628852386305,-0.008290727962720604,0.040088927173669665,Вачский,Нижегородская область
1547,-0.0873801732763632,0.20032964756638075,0.1281113546575507,-0.7030139150228777,0.12146179631631426,0.1910344449880265,0.022648126560585402,0.009461583622025616,0.13560519119135075,Ветлужский,Нижегородская область
1548,-0.166986586747616,0.07690320263865696,0.21280756773326556,-0.7602163336414224,0.16518780308437653,0.24324108869051733,0.020534248914181073,0.00016187219743895218,0.004405106327978488,Вознесенский,Нижегородская область
1549,-0.011302068927981098,-0.10936415657330695,-0.23180600154744782,0.2778259301652975,-0.27703529247440994,0.27830284893526147,0.04220181768388296,-0.011309147421238711,-0.051045543820668136,Володарский,Нижегородская область
1550,-0.21474604075111606,0.05514198806656576,0.09678757199295153,-0.14948136863949207,-0.20402479502409612,0.13949993210946363,0.04400224187073333,0.006389008997378885,-0.03619227072004013,Воротынский,Нижегородская область
1551,-0.13353290958428424,0.1618206937944213,0.18171483885825226,-0.7123474876382665,0.08855288219787387,0.21818240129311373,0.022684009375944662,0.0014146059173521612,-0.016465172338335887,Воскресенский,Нижегородская область
1552,-0.2104113339911513,0.4185683655971108,0.5575811413631298,-1.5808877856462271,0.08543615448562114,0.45722545270575976,0.024937244926499607,0.00903762380683378,0.31257205285219936,Гагинский,Нижегородская область
1553,0.14911658582765117,-0.17731678975876553,0.07360122435575335,0.13119295621918375,-0.11467097867514638,0.025116916364370096,0.04360427296519759,0.0060157084668434335,-0.01615235858541819,Городецкий,Нижегородская область
1554,-0.05137719874983134,0.0954329936834739,0.0749712810004633,-0.3124576152764212,-0.17237110321218915,0.25234777231006733,0.02843747539266013,-0.01877021185914758,0.009171941117531038,Дальнеконстантиновский,Нижегородская область
1555,0.0062846782661425404,0.02002891755461354,0.11794363324381746,-0.6265905288116512,0.006082400872437573,0.42045890564617605,0.029588898398436207,-0.01794873471945239,0.05260922149724678,Дивеевский,Нижегородская область
1556,-0.03864587640050791,0.03798821683955287,0.11636774756250018,-0.2990904945189851,-0.26013257692605946,0.34279043554838645,0.02856112710460429,0.00842118069952735,-0.05620793089696883,Княгининский,Нижегородская область
1557,-0.11732651116771102,0.07138573630901958,0.03602918125737736,-0.18459648651738644,-0.10312781034210831,0.1182327077984928,0.03148256647319552,0.0045994436746949335,-0.04228872238728926,Ковернинский,Нижегородская область
1558,-0.0986199569676538,0.10141489655338959,-0.1481581467314154,-0.1891524251306487,0.10034260105286408,0.07347640276120469,0.019285757245083354,0.003108583666247592,-0.1049508445423921,Краснобаковский,Нижегородская область
1559,-0.2513865458913407,0.0912636721447634,0.37480895906935235,-0.7872436503800081,-0.014181306932976367,0.2732756546042632,0.04154256066688419,-0.031187462394499803,-0.08602590062845332,Краснооктябрьский,Нижегородская область
1560,0.3352384850774582,-0.3544163827779112,0.012308541677059063,0.4428527663964131,0.005515277061365713,-0.16833687385153162,0.03679641211031094,-0.00036030043461071637,-0.014760161929943413,Кстовский,Нижегородская область
1561,-0.1249066355856252,0.14843884711828498,0.3044534532247036,-0.8887553829715031,0.1756957959263732,0.19809061520753582,0.021228443817476204,-0.003059466105229447,0.04821419782066205,Лукояновский,Нижегородская область
1562,0.06197109718440563,-0.04681307365023093,0.1629487324729902,-0.13918295423549362,-0.100660171346927,0.061630795265057305,0.023753555295231904,0.0063930866153252275,0.024378337778454478,Лысковский,Нижегородская область
1563,0.16415753934640334,-0.20967171890706607,-0.0033334069776683553,0.07293490618589495,-0.03427225439126991,0.1122658025955038,0.03455783368101649,-0.0034679844587804467,0.026844421624821518,Павловский,Нижегородская область
1564,-0.12289167553166884,0.10148919056158473,0.2646190665915474,-0.720171641135384,-0.031007708352386826,0.32299442084003266,0.014047276058482515,0.005343878017595917,0.10719495271037012,Пильнинский,Нижегородская область
1565,-0.026207545766810652,0.03068859000943715,0.19517045976094197,-0.2987572963907517,0.009361094894054234,0.001460480231713542,0.0353805866442852,0.024811026557932065,0.03687357173753777,Починковский,Нижегородская область
1566,-0.03322817670625522,0.055589829497578125,0.11901826467047781,-0.4013713589560619,0.054917515597484624,0.10976907769591565,0.014408267929234459,0.00040623277447190037,0.03118332176253567,Сергачский,Нижегородская область
1567,-0.1376081535425726,0.15852808105760116,0.31515282488434176,-1.1683763061234673,0.2118295472518831,0.4207891814350358,0.018767619842159855,0.002124592604606216,0.21021233241226792,Сеченовский,Нижегородская область
1568,-0.12745540690184787,0.006980662392218673,0.03942642500365277,-0.23020929053308414,-0.05755050981003055,0.17927604145263754,0.02169494223205356,0.000309920784131205,-0.06986068715471332,Сосновский,Нижегородская область
1569,-0.24274097774634,0.10763284925231259,0.2987188319899487,-0.6299007544761092,-0.09493526106141903,0.25640766280066213,0.030625499371612186,-0.011059903817704025,-0.029228778657215144,Спасский,Нижегородская область
1570,-0.07151000558680276,0.08461775324007316,0.02132974509106324,-0.41447584948886745,0.0886325669010108,0.1578191127621151,0.03596204147470808,0.02159761092921353,-0.010548906046177328,Тонкинский,Нижегородская область
1571,-0.06020171177234893,0.16162260640239243,-0.057237592849889406,-0.40900454784505286,0.11450149866964258,0.12804136412830186,0.040263534102328996,0.02318064988032686,-0.02499477853660076,Тоншаевский,Нижегородская область
1572,-0.028267688241427075,0.015697171270740756,-0.12792158669759165,-0.1611182508566986,0.1545851769478921,0.056680817841052,0.022203577493983606,0.018907667547730506,-0.006903159911883501,Уренский,Нижегородская область
1573,-0.09403936053620836,0.17049207624464527,0.04883521086955687,-0.6130197904250424,0.1584307306929407,0.17318510112329366,0.035892152305592756,0.03478989410631007,0.03796864206665784,Шарангский,Нижегородская область
1574,-0.16658436769994522,0.29624660151106513,0.32780741680283204,-0.6396610468849776,-0.2832405759499803,0.23677093302645447,0.028261578788655806,-0.01181454413048629,0.04917703883085156,Шатковский,Нижегородская область
1575,0.35232901836222696,-0.3186079158121843,-0.0026425012985145657,0.5628858527604201,-0.06711751138266035,-0.23659459576166628,0.03151289632949908,0.0008877427169691939,-0.04215017806302668,Великий Новгород,Новгородская область
1577,0.15536790698978167,-0.13517815319007304,-0.00048499817248868576,0.1720921388347083,-0.08603997863123847,-0.01246568033551367,0.018772963554919045,-0.010279984990678346,0.03471634596276905,Боровичский,Новгородская область
1578,0.1306118297647132,-0.020017322996743952,-0.01753294242067995,-0.009230928993993415,-0.20049202179269368,0.18519654470950483,0.02138843917312927,-0.0072755546559852835,0.020815262215856233,Валдайский,Новгородская область
1579,-0.11300549670714388,0.26106286914555304,0.08489679615408884,-1.07025295271019,0.027263227354809128,0.634953388561134,0.04574242216606078,0.013757325135692685,-0.13396751237411575,Волотовский,Новгородская область
1580,-0.09360906810401708,0.20929605497662038,0.06771551509186641,-0.616110543006728,-0.005046609896655248,0.2820689113402907,0.020088408178527892,-0.008619616808010372,-0.04830646800336169,Демянский,Новгородская область
1581,0.017325557328897883,0.13395372875109232,-0.03681737769361206,-0.3613389009132808,-0.09878725825377448,0.3009131366149684,0.0385832561847691,0.007141771296306959,0.013545920927812613,Крестецкий,Новгородская область
1582,0.019732365166197436,0.24837728705613316,-0.06803933050169036,-0.5748031231666751,0.047427498959368486,0.2849609961582576,0.020084106057218474,0.001527439663269627,0.039686931635900834,Любытинский,Новгородская область
1583,0.03479176236177772,0.05647823135087029,0.0403594978344049,-0.2247517361700286,-0.23252262717778274,0.29835996266793074,0.02279797336233059,0.004868360568962116,0.06306722317127333,Маловишерский,Новгородская область
1584,-0.15773621929289564,0.28611158099074346,-0.2673116873844133,-0.8260671031588597,0.17028482418635035,0.5749057138715732,0.05121983493009255,-0.0013238527844750085,-0.0734460921502494,Марёвский,Новгородская область
1585,-0.06967882010424235,0.33488672902718414,-0.04192724504992967,-0.49945157796529244,-0.06721368556936254,0.21162910806279492,0.060029117846018346,-0.016599310346184188,-0.2521017009101945,Мошенской,Новгородская область
1586,0.29906252335262967,-0.23579411752619903,-0.12147939535762436,0.4583788672288583,0.015066748072861754,-0.1782487739125013,0.043884507815833786,0.00451785387026669,-0.04149752439698325,Новгородский,Новгородская область
1587,0.06113736986840279,0.14003956353517263,0.026618899147105263,-0.523377823051168,0.006030647982967596,0.2886120408913165,0.021736853142521818,-0.004298477181266487,0.08619093464061,Окуловский,Новгородская область
1588,-0.11303134165435942,0.21366004526613178,-0.05902195397547725,-0.3138441434774644,-0.1401696163551602,0.23729899704736512,0.04170954101095898,0.005975822046837474,-0.011439003188090583,Парфинский,Новгородская область
1589,0.09519260260550759,-0.1432562178446327,-0.08296520807482187,0.014493073336049525,-0.20472271645869058,0.3543743975474898,0.02016420180631364,0.005663880113046411,0.06576490453470331,Пестовский,Новгородская область
1590,-0.10744679275975688,0.22424551570259046,-0.12722539532537072,-0.7504777439207246,0.13825980833495324,0.45312114371394707,0.04513294400823397,0.02683135780424628,0.16008687640630223,Поддорский,Новгородская область
1591,-0.0665443232032934,0.1890450799368043,0.05889195869729452,-0.471261596229054,-0.1391532857844969,0.30040117188484555,0.02644071800403379,-0.0021184394054783637,-0.03238701782586332,Солецкий,Новгородская область
1592,0.023255097145600406,-0.1009910732926055,0.07213302929005766,0.18839891843418669,-0.2248874469755313,0.003269901049286169,0.021712110890481133,-0.01810618103832281,-0.04666553055461411,Старорусский,Новгородская область
1593,0.07066493980169852,0.19884640463221082,0.03556276685317833,-0.46636728460206833,-0.14387937037293205,0.3137608119950062,0.028084834479662115,0.0022398125794262924,0.0332398418742888,Хвойнинский,Новгородская область
1594,-0.05141115909815075,0.2346754164529561,0.11376445056785302,-0.7570912627912745,-0.042694628210082665,0.389269352485942,0.04856914906207264,-0.02108468352151749,-0.07884510839013444,Холмский,Новгородская область
1595,0.1091479465711785,0.0059807296024513845,-0.011835074385346867,-0.012443900296179719,-0.36240228381577994,0.31862385740024957,0.023365106745841507,0.004050376952267144,0.021359850802221175,Чудовский,Новгородская область
1596,-0.09175982686172983,0.13365072370404735,0.0025419750285582596,-0.24174177665631894,-0.1427548229808445,0.18622722940995304,0.028543863399366858,-0.015596425583592527,0.015798101202929998,Шимский,Новгородская область
1597,0.39359493425945713,-0.4542608915768871,0.03390156456064514,0.7374287810791377,0.05623779823767594,-0.4353839237951774,0.03756889753525397,0.006563131542742351,-0.04994901136980875,Новосибирск,Новосибирская область
1598,0.3077213821291784,-0.3721446646711104,0.045292013035576374,0.5226386555740868,0.056208673969497656,-0.3140713494026555,0.04313574602049642,0.009521126528329982,-0.03475826746951024,Бердск,Новосибирская область
1599,0.19254555238531487,-0.2163125931089331,-0.010854869797886135,0.32575106948120125,0.04075229142783928,-0.20141256949682718,0.055808022245079136,0.015680170496567735,-0.05413074768509921,Искитим,Новосибирская область
1600,0.28925570737712997,-0.29298194082232165,-0.17174873943530197,0.5783939035166126,0.05505341843345305,-0.23079331318704796,0.05820497508953382,-0.004635142433932833,-0.06962153067894368,Обь,Новосибирская область
1601,0.5048441370146161,-0.5788072898868692,0.14529911572626406,0.7547978109669313,-0.15543260583807914,-0.22793370246285138,0.05998604009560732,0.008350459698593235,-0.05379038630467847,Кольцово,Новосибирская область
1602,-0.12833471564756316,0.2066837127397182,-0.038353403338129956,-0.6295300115767158,0.2682244509483567,0.1308985797321647,0.03360821477544994,0.014261267069353304,0.09440322568532182,Баганский,Новосибирская область
1603,0.0030608085121890394,-0.026826317242609848,-0.08970455487075536,0.12529205093726523,0.052574428434265186,-0.12341227875277111,0.03422233121620779,0.024808185068585436,-0.02318840826694446,Барабинский,Новосибирская область
1604,-0.015753243896348062,-0.04529008152280972,-0.06915783701297916,-0.06723244649091488,0.05255568672264269,0.06704800680945612,0.051015893995407964,0.012257584377698569,-0.015380372206041382,Болотнинский,Новосибирская область
1605,-0.18093837406340474,0.3194696992199451,0.131038931080732,-0.8184297898909215,0.05839592452950659,0.24744856356613262,0.02781142479945292,0.01566217951516043,-0.019943474722385224,Венгеровский,Новосибирская область
1606,-0.26595382955414637,0.11269902837778795,0.21373415625704043,-0.23439003629164426,-0.13850502755576588,-0.015614792282023948,0.02683646648190301,0.020145876611500874,0.06181170470012404,Доволенский,Новосибирская область
1607,-0.21573958341900176,0.2197637709029183,0.06702942299234954,-0.6743174174983397,0.14304833035173115,0.18239922175673487,0.032282379587652774,0.015694171701048153,0.050180138220438764,Здвинский,Новосибирская область
1608,0.00021839182208053623,-0.003663318058728086,0.0699678660619334,0.09891148423094108,-0.1909848325947886,-0.03630787113396396,0.021707143722031842,0.006049118710348484,-0.05369467506195874,Искитимский,Новосибирская область
1609,-0.044613615748303914,-0.010769784902171564,-0.06957285501467157,-0.14293554023663863,0.19052548336038921,-0.029323974701512545,0.02205511349781359,0.02231476946140365,0.00466500076275934,Карасукский,Новосибирская область
1610,-0.15012646273084665,0.15126491167415987,-0.05785067451816178,-0.17277289657842632,-0.13741798002457625,0.15469996795239896,0.024816684383798963,0.011536360207647173,-0.046613424141149086,Каргатский,Новосибирская область
1611,-0.051916082454204426,0.06868277091485792,-0.009974556766303858,-0.2166208837476733,-1.7573689123695502e-05,0.09585357179363775,0.033315026092810306,0.001042951154246093,-0.018856573235243895,Колыванский,Новосибирская область
1612,-0.020277469090003386,0.053220425394137606,-0.17121845970933514,-0.06266706564935641,-0.04839389906828018,0.16698232753822925,0.018956322323863045,0.001631671122665601,0.02149956130557219,Коченевский,Новосибирская область
1613,-0.19531067150255352,0.2749003079447072,-0.01764632151255639,-0.8510362691757396,0.18152016427490045,0.3501854469740832,0.04127117159071694,0.030901456106764286,0.14417160614720084,Кочковский,Новосибирская область
1614,-0.15016009983706638,0.17822070200364307,0.10297931158966583,-0.543561903580072,0.057060678996142866,0.1432245394960144,0.02068071312677227,0.021855729870931345,0.04192023470001053,Краснозерский,Новосибирская область
1615,0.03861625267559665,-0.15333558359207783,-0.10258771443343719,0.22389117019398985,0.08633631473571361,-0.1163808583987941,0.035490512391709826,0.014200714670818737,-0.008510006627560943,Куйбышевский,Новосибирская область
1616,-0.10161767488253333,0.023122891574195687,-0.040356944001815165,-0.3497845742851884,0.11405938952040436,0.19088256569779882,0.0282293376400799,0.02522610264375864,0.05823155820560353,Купинский,Новосибирская область
1617,-0.08465694493798082,0.2000065577743062,0.13434016047655867,-1.2188351789110647,0.2430977722955101,0.5793140168700844,0.0322597942536601,0.012384015621644151,0.12610928379355882,Кыштовский,Новосибирская область
1618,-0.0777893695640773,0.003841358996742742,-0.03791520449320416,-0.167443595900426,-0.025927848793036817,0.16536861869531788,0.024268384285099986,0.010796463735007825,0.007549084773227077,Маслянинский,Новосибирская область
1619,-0.023680216760540922,-0.023805126742798166,-0.20836940184634675,0.23072677334493505,-0.07317649564224586,0.012547579391850453,0.021051229726693915,0.007316713673490554,0.02947763731241207,Мошковский,Новосибирская область
1620,0.3967303558665402,-0.45149935688956555,-0.0440778811938351,0.596023517654266,0.10061975436579507,-0.263142705431266,0.05879898972350296,0.00464245447485732,-0.037332284068721876,Новосибирский,Новосибирская область
1621,-0.015723858199765628,0.1059301807032257,0.07920742624402345,-0.3696972332216852,0.12058301281195645,0.0018999419678738156,0.023957619395692405,0.003710787936503553,-0.05424410481896034,Ордынский,Новосибирская область
1622,-0.11141814557930003,0.10390348393761205,-0.0214163487302861,-0.24852114443328188,-0.03072702507349619,0.13468436280484627,0.04695477135837983,0.0195054112455432,0.14780230012629733,Северный,Новосибирская область
1623,-0.050932886061978655,0.042533155335778484,-0.24668500577757224,0.07805872095350276,0.03400432377771482,0.030012134215970914,0.028502906746590374,0.021298332109423706,0.06570970198201258,Сузунский,Новосибирская область
1624,-0.0329112324071054,0.09943535245103613,-0.00900398586004216,-0.10559835921888389,-0.07162310531806049,0.024713426451345166,0.019581206364110947,0.022621118750765588,0.06811754785725403,Татарский,Новосибирская область
1625,-0.08530719843027668,0.11600028023988279,-0.020145776260806398,-0.16760340891039358,0.07381022321297785,-0.06413798977626645,0.015916597300620606,0.009075534102886603,-0.10695819865428992,Тогучинский,Новосибирская область
1626,-0.17424974663716655,0.11213308615941447,0.091792822137451,-0.4532288934368321,-0.05036588523805837,0.23759219888341984,0.030338411739230964,-0.0026378346069382366,-0.014763531560695911,Убинский,Новосибирская область
1627,-0.09171163996508021,0.17289401480801772,-0.008285599907684607,-0.4771691208852979,-0.07041993249098917,0.3209039669813485,0.03476840925601733,0.015684851237684514,0.03013451434004122,Усть-Таркский,Новосибирская область
1628,-0.052402571491862705,0.07743375850519002,0.016869678236486423,-0.31314077848585326,0.05138983005466743,0.10537084019490452,0.03777569032878227,0.0434755176336051,0.10673884951368073,Чановский,Новосибирская область
1629,-0.051519577241472714,0.04594048410777246,-0.004610346287987639,-0.12381930609795028,-0.031347347488795675,0.05175984427235627,0.024866531667565896,0.006947968554270971,0.054928848202032,Черепановский,Новосибирская область
1630,-0.14803437029239394,0.06998554717377435,0.011494553894424128,-0.34596539280185784,0.12820217174624404,0.07420644849281109,0.030514578148088743,0.024826587068412426,-0.07634132402183023,Чистоозерный,Новосибирская область
1631,-0.1265838072866965,0.04342974909855507,-0.11717668281726873,-0.052987742914271906,-0.05447348601950841,0.11913149115788792,0.025045933218053436,-0.004027631486729429,-0.13705765642481382,Чулымский,Новосибирская область
1632,0.2680951102856118,-0.3888713187766939,0.018295558575524545,0.7439192902410795,0.03274467857165023,-0.4681648801061648,0.03251043713614316,0.009855819200996485,-0.0395336937951416,Омск,Омская область
1633,-0.17473956335813634,0.028085138344773424,0.010921760278091238,-0.014456258038641756,-0.09064317726797404,0.004015865189144559,0.044196508333518326,0.006745085402694399,-0.0331382186146742,Азовский немецкий,Омская область
1634,-0.24114199034659842,0.03441645419324885,-0.02397542591248771,0.19372018386452639,-0.237312496283777,-0.028925387356115367,0.03561252041008727,0.002149638315041086,0.0763513525588669,Большереченский,Омская область
1635,-0.25693807141117425,0.2884081103122373,0.2037526324539997,-0.9414605253665803,0.3733975704172492,0.013825540688487495,0.05518805692974613,0.005689651235575281,0.29292396748043276,Большеуковский,Омская область
1636,-0.3200525595924359,0.2105799052747753,0.1976440580871548,-0.3771261347148112,-0.08829128481173316,-0.004883215329991086,0.03218000284636494,0.0021357242553676214,-0.0854077999552324,Горьковский,Омская область
1637,-0.15209130122006367,0.1539735374285424,0.1373043729173395,-0.6481829771128563,0.14758492755293137,0.1472434677194374,0.029887515550886482,0.00392857569618435,0.04963645445704864,Знаменский,Омская область
1638,-0.1431836746393297,0.05164859188020937,0.07269950753283906,-0.35870746689071425,0.03578985763095369,0.13649283835210563,0.019780798231268014,0.013847994919304654,-0.09992505301198562,Исилькульский,Омская область
1639,-0.14338006616281715,0.09189552331696994,0.1705919775510992,-0.25286508509706257,-0.12877477925988204,0.05707569199426996,0.02397836808052359,-0.0017004870141609507,-0.10757708079276053,Калачинский,Омская область
1640,-0.2312493729554009,0.34222995019300123,0.2837428407067833,-0.9764170479621331,0.22242014810668967,0.06594743746105401,0.02550585003693776,0.007431005554819024,-0.06859942442835505,Колосовский,Омская область
1641,-0.18342232942032735,0.11617452109478871,0.13889205318324546,-0.3373542302635683,-0.11847349298906802,0.13868447747999565,0.03359576548032684,-0.0029710469946996054,-0.04388468402596476,Кормиловский,Омская область
1642,-0.21745301169426243,0.049934320304014325,0.1801999430622423,-0.5809783165244794,0.14996249264252504,0.13880488902109164,0.04597079402789588,-0.008566593485495108,-0.011090302892143447,Крутинский,Омская область
1643,-0.19168051219387552,0.007259692983254777,-0.04246380120444043,0.15918700427987303,-0.2714186902785276,0.08535912272523448,0.025594846425846546,-0.007491025700958692,-0.06641465917073501,Любинский,Омская область
1644,-0.17134087023967895,0.25733765992599983,0.10538219457879715,-0.4123351803861832,-0.09165003401703227,0.07918868840381316,0.035090700323598095,-0.01229291103822099,-0.0625133183050595,Марьяновский,Омская область
1645,-0.1801353247768088,0.007731767652426835,0.2523664591699459,-0.2635801447506325,-0.04583151830623836,-0.012763235260107123,0.02233795781256695,0.007738388614091383,-0.02835627687345249,Москаленский,Омская область
1646,-0.22460578584611204,0.21198932408824603,-0.008179448754633778,-0.3566914347622529,0.058315312854995326,0.03248957507903962,0.03214526125013561,0.0025753055856691984,-0.10662051800217653,Муромцевский,Омская область
1647,-0.24682868560982082,0.23844519424522415,0.06693502207599387,-0.855213322866093,0.31349671760112574,0.17425971744914412,0.026048025376505787,0.00802727166474923,-0.02841735068990925,Называевский,Омская область
1648,-0.3118362357614006,0.24688682393367042,0.26372693433597166,-0.9070877175603203,0.11114486276651296,0.22325242502955955,0.04516284216006671,0.004212026756578317,0.22000513915760553,Нижнеомский,Омская область
1649,-0.22738301290870586,0.1885423719454071,0.1695109892372333,-0.31906856509349973,-0.05898292705705025,-0.042078540526696885,0.047969974823841945,0.014243212873260294,-0.02189977434841635,Нововаршавский,Омская область
1650,-0.24108625300673392,0.17140624469637947,-0.009643092388598859,-0.5137433187910699,0.06480725187296262,0.22509624311572085,0.056645333331504344,0.029706038304831612,0.005706993299910053,Одесский,Омская область
1651,-0.23394695977707772,0.18144058684311193,0.1380023044514854,-0.6898335236043236,0.188459113651778,0.1198548471633425,0.05305987815781684,-0.013660640523884465,-0.2745641088688648,Оконешниковский,Омская область
1652,-0.0038512878489914324,-0.29974578430823146,-0.10217316255392689,0.5508580786205127,0.05544341104023309,-0.26645921429319275,0.03888019397215453,-0.0004964276482754363,-0.030203893279071654,Омский,Омская область
1653,-0.20228436604580882,0.27200180819337966,0.1093079182548685,-0.47046653513924425,-0.05334956086468993,0.08042969806108034,0.035371061509183996,0.0036957385990704175,0.016082266673299112,Павлоградский,Омская область
1654,-0.17926524823379805,0.1457429506947117,0.05593904777567935,-0.33246982553494453,0.11056834980689838,-0.04185719423695039,0.02651771430891705,0.0038792658218157194,-0.19752172255246736,Полтавский,Омская область
1655,-0.19877568367704498,0.3186697343429653,0.03091045505380065,-0.7737361258389676,0.06913654255965725,0.2929427223879382,0.022252198899249256,-0.0044197632202380615,-0.008474993860568084,Русско-Полянский,Омская область
1656,-0.21292272849685437,0.12711018479551092,0.05347834125206691,-0.1972699729216497,-0.04458689268185697,-0.000808331938676965,0.03820520692040978,0.014379035467605356,-0.06882454152816243,Саргатский,Омская область
1657,-0.2593445724910191,0.2622138713401877,0.11531583718038484,-0.7681523944129444,0.2056280545962885,0.1229179598014783,0.0363478566505128,0.03192017261376092,0.06431278293775892,Седельниковский,Омская область
1658,-0.18441912970245977,0.004210028350966788,0.057247950545703696,-0.08258019933789441,-0.13898132472291225,0.09802687366953061,0.028475201682729035,0.0016313677141372995,-0.10906833514039284,Таврический,Омская область
1659,-0.041232409266707126,-0.021278645444245386,-0.1056684137420994,0.05535034150385104,0.04320565768597673,-0.033685611498089595,0.01931707467374942,0.015992351608359545,-0.0008479833977706741,Тарский,Омская область
1660,-0.1583824051044652,0.2789024770799928,0.06608284844537358,-0.7309437683205359,0.06703861254267722,0.25684315875788694,0.025282315468373666,0.0068129443614389495,0.002274451383527739,Тевризский,Омская область
1661,-0.250913173388601,0.13779376567740556,0.11551086458785692,-0.4004079301559127,0.10259969688417252,-0.01757306848812788,0.0400253892641773,0.010982468460766745,-0.07363492790372146,Тюкалинский,Омская область
1662,-0.18464513049599787,0.19336691298683126,0.15006114274461194,-0.4167242268109181,0.3713745345483568,-0.3601550349634879,0.053605911800490604,0.028644753253335292,-0.3374364841655555,Усть-Ишимский,Омская область
1663,-0.16510554361981625,0.13033127135248704,0.19975389095171617,-0.510782947632609,-0.03832117005284896,0.15694228388664994,0.027187421004569407,0.004188744710681563,0.010357866839535065,Черлакский,Омская область
1664,-0.22161620773999,0.33634113481204553,0.17795286208879846,-0.6976239522120373,-0.031623462067917885,0.15287674588450637,0.03187029379486199,-0.0063105414009110945,-0.10619594126371183,Шербакульский,Омская область
1665,0.21423778420486675,-0.36893809607371814,-0.051179601727132706,0.6755635680369334,0.06949456695053428,-0.387017108681223,0.03160730102159527,0.005655096405995162,-0.0018287412704537005,Оренбург,Оренбургская область
1666,-0.20290557793629826,-0.08461080146047589,0.09819420126678015,-0.15308912593408733,0.061353683232303134,0.016075371400874172,0.02816320562717491,-0.010737585353240616,-0.008579280935855879,Абдулинский,Оренбургская область
1667,0.08574079341305733,-0.20569186151598948,0.006982985275093871,0.3159218360866427,-0.0855836491290793,-0.0937059822112747,0.030007333265996066,0.0026503669447609096,0.00797499937844707,Бугуруслан,Оренбургская область
1668,0.17637070402405475,-0.2481439319941827,-0.02565664957669787,0.3821680029362346,0.006776524415505507,-0.17722061727546415,0.03593722459125991,0.005229275751904868,-0.013974500458319125,Бузулук,Оренбургская область
1669,-0.06189198608814602,-0.0143964911143085,0.07626270175724191,0.3218367698976953,-0.590833417514678,0.14505376547944485,0.043804618681548294,-0.0017413065929054981,0.0161303096125591,Гайский,Оренбургская область
1670,-0.15700894232978402,-0.08938476656967108,0.1347698609878792,0.08823635816718495,-0.3045716660280204,0.10887354194802196,0.019328593871202972,0.006573936095245925,0.0003569501055025552,Кувандыкский,Оренбургская область
1671,-0.1219592683266107,-0.07786012121231921,-0.013869753622322104,0.10264778145059227,-0.297454041236132,0.22445946312557594,0.021164781826510458,0.0030920466902687044,0.07110533574205416,Медногорск,Оренбургская область
1672,0.08332763730296677,-0.12662839223624003,-0.09917877317481673,0.6115727610195418,-0.3479246742265489,-0.09991759287654257,0.045368172133670344,0.005068513203922024,0.022806445230695343,Новотроицк,Оренбургская область
1673,0.13550477121139917,-0.21023186539621574,-0.06132542975562796,0.5595576521361217,-0.2703278734175946,-0.07974915506128834,0.04588643444254352,-0.006191583287667103,0.03765029069691531,Орск,Оренбургская область
1674,-0.1163851596578831,-0.11610010615041623,-0.05318669898514226,0.34995718534486625,-0.12907244618900973,-0.11367460551490348,0.05570834287520093,-0.020868108311076217,0.030509174977692805,Соль-Илецкий,Оренбургская область
1675,-0.0607054376962585,-0.06366860024855586,-0.05321400242448062,0.10751383463037761,0.032808066811577996,-0.08551597026352521,0.01949190305331025,-0.007797034640932697,0.10434785102395254,Сорочинский,Оренбургская область
1676,-0.0691485370871383,0.03327911023953425,-0.14527880354076186,0.42877301540133556,-0.5772998023883154,0.19844980879360166,0.04779578129964384,0.017049272799003996,0.021273922077711966,Ясненский,Оренбургская область
1678,-0.28371179690413295,0.2112585142902538,0.20374367786522662,-0.8246712583072474,-0.022336218851978895,0.36992861350913925,0.03754574712442136,-0.019478978220233367,0.10540896133213103,Адамовский,Оренбургская область
1679,-0.2931951710891696,-0.038609716177837684,0.08031775417436458,0.019421388589895894,-0.23077885285026745,0.10757275476924023,0.031151402283067234,-0.009853674345813005,0.09582039468770903,Акбулакский,Оренбургская область
1680,-0.33556557417514976,0.11209759618554255,0.08225702915869924,-0.7358180174527206,0.21655460957671968,0.26283211103715387,0.056333968732317025,-0.03275557828095921,-0.22268369867225993,Александровский,Оренбургская область
1681,-0.23401692509663205,0.08632139397046425,0.19093034335430828,-0.6627497299349241,0.11913027785668391,0.20429104325886116,0.04313034446719099,-0.03553507025330837,0.021689953575658023,Асекеевский,Оренбургская область
1682,-0.3428711887513662,0.10553706322718953,0.13425751850965922,0.005613749080997747,-0.31491944706895564,0.007434444756503474,0.0439841779653068,-0.02079343471888878,0.037230625179967204,Беляевский,Оренбургская область
1683,-0.04428032291354792,-0.22461961376981476,-0.025386387084084933,0.2759494609774647,-0.011404034894100246,-0.07661609672407098,0.02845302623145524,-0.016951173111589155,0.0195687856041807,Бугурусланский,Оренбургская область
1685,-0.2313660100891292,0.11867261684114822,0.4188689240406711,-0.46992693455750306,-0.22957787853928815,0.0998866007203665,0.03211319941325939,-0.025565028957009083,-0.08474779271296855,Грачёвский,Оренбургская область
1686,-0.23489901457634046,0.14776957176566913,-0.008270378436443645,-0.3696711755534197,-0.23999228631890124,0.40808759704848985,0.06230061841672222,-0.005519329005314534,0.18280745593216896,Домбаровский,Оренбургская область
1687,-0.2625618570700141,0.14038900890688216,-0.028050319176051036,-0.3936817399652542,0.10553972485390939,0.11372665388590851,0.03954134474599036,-0.016774940483512024,0.05744832437768862,Илекский,Оренбургская область
1688,-0.24007274728514147,0.10128993246869743,0.11218726398111976,-0.6528380027517103,0.015253763458411784,0.3620303713488752,0.03381750977667363,-0.012443590471802981,0.044536991877126564,Кваркенский,Оренбургская область
1689,-0.19775575086637845,0.07201886460044121,0.1059230976529782,-0.5304289585826679,0.12599689895100696,0.16441342588363608,0.022184987199710557,-0.0063715137708898195,0.06493521332387302,Красногвардейский,Оренбургская область
1690,-0.26346934891727974,0.14470120849119675,0.2547372349404911,-0.5388364621608925,-0.11538054588265097,0.19270189311725003,0.045034355614222726,-0.020813468594969704,-0.03380313334918791,Курманаевский,Оренбургская область
1691,-0.30868133382454394,0.017435498109780567,0.280912781596657,-0.4871047118560659,0.1282957518671687,-0.0016159912121469315,0.03408791497714562,-0.013332181834572465,-0.027872516327258328,Матвеевский,Оренбургская область
1692,-0.25982306207389505,0.10479202660907588,0.19520004085699583,-0.32152625592633327,-0.4131929692356117,0.37265048620126784,0.026981850948308527,-0.007457627937611955,0.061121779865057846,Новоорский,Оренбургская область
1693,-0.18385730928632374,0.08165557175064703,0.23685233041663847,-0.33341736865574223,0.009559248831755815,-0.0567264538379047,0.03170757733543177,-0.0012416922025298704,0.0673193844930184,Новосергиевский,Оренбургская область
1694,-0.28219898972201524,-0.015459942117921843,0.12197281490208017,0.007059012728948026,-0.23718700840439907,0.06153845139668751,0.04970359240561948,-0.03195950887965665,-0.0689803560994743,Октябрьский,Оренбургская область
1696,-0.2419434787344877,0.05229298752436582,0.07647057395662414,-0.3668109992782174,-0.028712008703581,0.2046827750062037,0.02198760262888335,0.000478120658167297,0.12675696425647334,Первомайский,Оренбургская область
1697,-0.2685668706492521,0.0946845113032845,-0.009873845562876163,-0.12375722552576006,-0.09109012545322774,0.06796001374397408,0.0322601290702812,-0.009917712187848574,0.030305994684733734,Переволоцкий,Оренбургская область
1698,-0.2240828182944997,0.04542741923232402,0.16030909586168135,-0.5982919895479736,0.044842246225369954,0.2856365567339925,0.03441530230032428,-0.013875653281082043,0.018807644530787055,Пономарёвский,Оренбургская область
1699,-0.3478287579939729,0.145791352887049,0.03654986761066146,-0.15411903365616064,-0.24877117608363877,0.15847231774748377,0.053423975185711084,-0.02657755303835931,-0.023882276705760003,Сакмарский,Оренбургская область
1700,-0.22190420578333106,-0.06110127964138066,0.03134607091516597,0.15765027700199977,-0.16667491567823875,-0.023296824092151742,0.043405484670227416,-0.015250177306689103,0.0011916833054984959,Саракташский,Оренбургская область
1701,-0.1145456591533438,0.10899828517693438,0.15832265856573918,-0.18207591121110936,-0.6268350380012161,0.47951333397504664,0.025816994308379075,0.020611033187865873,0.1394679386223706,Светлинский,Оренбургская область
1702,-0.28853387257174434,0.060884029792042604,0.20337822466334599,-0.45914789732116806,-0.09482755762168378,0.22763652899285822,0.06169786688231446,-0.018367677128135213,0.07432861182071333,Северный,Оренбургская область
1703,-0.27879922571091126,0.010058447313645302,-0.016499213516046385,-0.017664463236092665,-0.03305959278004796,-0.0049118492760641215,0.023635828838280533,-0.014486982014299266,0.04666174089833577,Ташлинский,Оренбургская область
1704,0.08783740275004193,-0.2413094710913705,-0.13890465305413943,0.45469522488860115,-0.2237138436869396,0.08715607144924226,0.04421497461523606,-0.014406439256424782,0.0068303814997293655,Тоцкий,Оренбургская область
1705,-0.28274551458158853,-0.022554237995333643,0.10310910178932847,-0.19701210531776528,-0.16922477039669348,0.22360534042585778,0.04130813111520194,-0.010887262548300173,-0.041854357035017074,Тюльганский,Оренбургская область
1706,-0.2961157515336288,-0.09342797965139261,0.13814471065571848,-0.03758290099149488,-0.09088264735572978,0.021672145848292745,0.050072581867457396,-0.016077827140208074,-0.0625458894186346,Шарлыкский,Оренбургская область
1707,0.20888797662551473,-0.2950897561004227,-0.01160640718594902,0.5072682604493483,-0.026406737689895765,-0.23624203096768595,0.026546845418919135,0.0004785392863343822,-0.0037067073939259787,Орёл,Орловская область
1708,-0.010326743599762711,-0.13145278986187284,-0.014012106003223465,0.09706178571173235,-0.18465619144747888,0.17098263010623657,0.02172263401714991,-0.0198052422588512,0.09922811177398196,Ливны,Орловская область
1709,0.09029229660695741,-0.08055589925471017,-0.011797701576003294,0.18222659890132056,-0.23080539536641978,0.07885572580120782,0.022211695261601674,-0.0058436377172693356,0.004447519719474454,Мценск,Орловская область
1710,-0.16405533839102704,-0.016032418177881497,0.03205930460636532,-0.26752122613939444,-0.13640648392704058,0.32582415214334537,0.05425644985346574,-0.03772125833885746,0.05037953975541959,Болховский,Орловская область
1711,-0.11454808186838135,0.11769250153852819,0.21957883928484026,-0.47645653365752744,-0.30912786238414275,0.3862363837236969,0.03352017824129496,-0.004966396970706412,-0.1275835023883207,Верховский,Орловская область
1712,-0.2466800561400279,0.1669658972106681,0.06592334689864134,-0.5076869833885662,-0.16854476899862303,0.38126583678327347,0.04851432176660437,0.0017326654870165141,0.001552332626011695,Глазуновский,Орловская область
1714,-0.22826520847686047,0.018245273162964964,0.09599310665103716,-0.6522418617916527,0.08221925673416412,0.3937075537488808,0.038575408793498814,-0.027031424768378415,0.05267496108670622,Должанский,Орловская область
1715,-0.23542321686683368,0.23078355710662504,0.1824465282897736,-0.5856832181214555,-0.19220123929646835,0.30257770052691857,0.042417856821690345,-0.016036874735763918,-0.15358013046797644,Залегощенский,Орловская область
1717,-0.20434760273160446,0.06779140711421659,-0.031688318366292954,-0.4774783951215696,-0.0692342033591864,0.44853283823822615,0.049183700836662625,-0.02750270617167209,-0.02769205956859651,Колпнянский,Орловская область
1718,-0.17874336722571793,0.25634736825587356,0.08843342782929359,-1.0033336207779116,-0.01741763192311326,0.6138937851212518,0.03764165211837658,-0.007394097395717465,0.01991493747289626,Краснозоренский,Орловская область
1719,0.034125146157476006,-0.08751822958197374,0.028657890220109655,-0.06975419529381083,-0.07939742597436295,0.14593528913543327,0.06425001014625265,-0.03589467485794672,-0.10646159583893787,Кромской,Орловская область
1722,-0.15849697044900868,0.18398941309531436,0.17818070768624747,-0.819791853376246,0.03129295083685768,0.36425211026322146,0.036392022579348586,-0.020472710711760083,-0.08462214872853029,Малоархангельский,Орловская область
1724,-0.15435420848438786,0.29111969495959567,0.17752417898459058,-0.870946382736817,0.07118989921933054,0.26903593807869397,0.048860196226449264,-0.01124446694540171,0.0009478737121862609,Новодеревеньковский,Орловская область
1725,-0.19995005755599013,0.16456696099674714,0.1791977499122901,-0.7182865512449238,-0.05840640708278444,0.37085157592406565,0.03047429579653357,-0.009753953768047321,-0.17798239182124911,Новосильский,Орловская область
1726,0.2392621842552801,-0.3515337886175389,-0.1434668447482874,0.4952077154006262,0.0779219882065344,-0.14020574173593975,0.039322664962782236,-0.015415123668192615,-0.0153128672645918,Орловский,Орловская область
1727,-0.1944902012943354,0.11890192939447607,0.08589693833385727,-0.3890637916820445,-0.04942405935130719,0.17161231181041367,0.03829929260512273,-0.008004648539482176,0.009379156826266296,Покровский,Орловская область
1728,-0.25032739511455265,0.16129495752173967,0.162087672666298,-0.3389104890986707,-0.38926989766738185,0.3427210850834091,0.05704544853819966,-0.029303419029671134,-0.10868363784120398,Свердловский,Орловская область
1730,-0.21220475570299469,0.22755599426901185,0.24448696142560747,-0.6050786012565155,-0.052434435884761633,0.12339340995205249,0.06026401842492495,-0.01743869795227389,-0.13817247753331466,Троснянский,Орловская область
1731,-0.2462385161205134,0.04658557825799627,-0.04307290349874051,-0.08695050912952094,-0.27769741523405866,0.29905857810971764,0.07101065936232832,-0.03184219813703256,-0.014077345530504215,Урицкий,Орловская область
1732,-0.22721864047618157,0.16169273918385238,0.25266186560439136,-0.818395764846259,0.02464995134062394,0.31731453722278546,0.0521242416703044,-0.0057358758840474105,-0.026794150202298066,Хотынецкий,Орловская область
1733,-0.23357610318434271,0.3641229552895047,0.35661990033165175,-1.1523423318367396,-0.18282107486074595,0.5523438795817227,0.06849840754897939,0.007023600559601023,-0.03041508252249699,Шаблыкинский,Орловская область
1737,-0.17606282321589006,0.16390944343228628,0.16538230996163436,-0.7844549757254545,-0.07228152397760541,0.46536807481453435,0.02869697018817113,-0.012746335413429103,0.05945497745470433,Башмаковский,Пензенская область
1738,-0.17056866404597612,-0.12027333559120928,0.12488432032943658,-0.24228076880078073,-0.1642321380968871,0.3398252506648342,0.04180586042223083,-0.029766615742829267,-0.021739905138091386,Бековский,Пензенская область
1739,-0.2650537617805582,0.09655693239946185,0.4031637407253343,-1.1447380769473716,0.09461486699827786,0.4883258653296924,0.047425777153646285,-0.051068749473797435,0.04586198901082228,Белинский,Пензенская область
1740,-0.08281009466815425,-0.18624803091634612,-0.023232666267013053,0.062096315228811816,0.06996901593257791,0.01533869452736412,0.0365675268872836,-0.021185341970462845,-0.009902733079348075,Бессоновский,Пензенская область
1741,-0.256694451294257,0.3312655815023205,0.3414550955845608,-1.487672300209512,0.18176287635474297,0.5711120752732821,0.042367436640404155,-0.024050953674561355,-0.02680861265000667,Вадинский,Пензенская область
1742,-0.322006402829923,-0.3130930104940481,-0.03273177247172911,0.3091857965944527,-0.2719937339216741,0.24655604879839177,0.036253746992781256,-0.03306698188692292,-0.0783122499190214,Городищенский,Пензенская область
1743,-0.24486619705722754,0.16105189730067135,0.3062728642685378,-1.2626819864123595,0.26033754825806005,0.47294300509048454,0.03467356182699889,-0.01742296277287154,0.1684504927545815,Земетчинский,Пензенская область
1744,-0.2758168089398654,-0.05230731449531021,0.4402913270945355,-0.7109477703195447,-0.04761571322525848,0.30850279945097353,0.03873004683400476,-0.028506836301244176,-0.06498319131565278,Иссинский,Пензенская область
1745,-0.13747098056248044,0.06989810251164595,0.23203874149473425,-0.5229493995689204,-0.031992322361104275,0.19092820642903904,0.022793355824921122,-0.021212505305425667,0.077453976393512,Каменский,Пензенская область
1746,-0.31673960771295295,0.2651589271124231,0.39244429094709504,-1.249544319811708,0.2043483466031566,0.32551608365442686,0.04938753741881854,-0.019934990685457638,-0.06398448852195189,Камешкирский,Пензенская область
1747,-0.2561272891789532,0.059353327378884525,0.20581009663768515,-0.6181267775992155,-0.0237575627520048,0.31464424484004416,0.02657941273416936,-0.006190081556093944,-0.06717731946835415,Колышлейский,Пензенская область
1749,-0.4014370299664319,0.1310705391714459,0.4812316826127097,-1.0201874547932241,0.04231048778880068,0.3034980737256628,0.06644533222546603,-0.04598098944813691,0.06627105851200654,Лопатинский,Пензенская область
1750,-0.3046101611902086,0.23261288482751963,0.33251781885177123,-1.0870100883276965,-0.007959555210113933,0.4677622683639131,0.04818028340077864,-0.036548350858931135,0.24472410487393081,Лунинский,Пензенская область
1751,-0.30735911218555184,0.24778250549191336,0.3381202957894634,-1.2917769476831393,0.14352377787003137,0.5002736970371263,0.03561923655526236,-0.03367519434979066,0.05207778466706533,Малосердобинский,Пензенская область
1752,-0.2562952874221564,-0.09980930370949591,0.07489508125057082,0.002239900399349607,-0.18952347222328136,0.15012112278825054,0.03582212511317707,-0.013413655109721534,0.02632654166501942,Мокшанский,Пензенская область
1753,-0.2558851520107908,0.15508239325499212,0.34363136275295464,-0.9078614842855711,-0.034456704721087195,0.381527761504106,0.03667694644401991,0.008450538630492407,0.04835213717073376,Наровчатский,Пензенская область
1754,-0.4192553434060355,0.07084350990204559,0.13415054614855695,-0.6974312597198183,0.26349283024684805,0.1668677019277617,0.0616404332201847,-0.05227065606412956,0.0785320585960018,Неверкинский,Пензенская область
1755,-0.13949814430749688,0.09209571053774888,0.20391433464457864,-0.6643755453172417,-0.10750556973132941,0.41379439837163773,0.0315546093766043,-0.031731241794826275,0.024713928496673865,Нижнеломовский,Пензенская область
1756,-0.2770006940186531,-0.025171394036790678,0.20947882228255277,-0.44249634545392597,-0.05785021055492675,0.25396245626848507,0.03099601795793602,-0.013665601262654592,0.02717295298893156,Никольский,Пензенская область
1757,-0.2866268943917811,0.09883814502748824,0.28687773696590907,-0.9636670972259167,-0.18038536789505888,0.6962599116329716,0.051006816507927044,-0.02734364253715373,0.09452166675495006,Пачелмский,Пензенская область
1758,0.17647870189580486,-0.3657397149732178,-0.06632664768473023,0.5056202909679731,0.06873102396218604,-0.20436162376681652,0.03637060639244155,-0.0029066569827700304,0.0139092044955527,Пензенский,Пензенская область
1759,-0.14055742630290932,0.03398418086930024,0.27706671125457766,-0.3821754626954165,-0.15648034113977563,0.16552824021670867,0.02660190772661344,-0.02825085602221425,0.002069512426251604,Сердобский,Пензенская область
1760,-0.17001735528515902,-0.17871069416219507,0.10178068061953355,-0.08767692348487309,0.07634519880949016,0.02618506672343914,0.03565748070343829,-0.02062993662071817,0.09097744772862881,Сосновоборский,Пензенская область
1761,-0.18738091390598263,0.07557480011016947,0.22592032985494614,-0.8124481263649305,0.0520659997703015,0.3968103251349073,0.03038222464258084,0.007604048929193095,0.13674800157429526,Спасский,Пензенская область
1762,-0.24787708930333188,0.0168514187167787,0.2402687423211655,-0.8150322060101415,-0.002298994127960493,0.49813436760555213,0.031098771106959,-0.023144113636041158,0.017433791619401767,Тамалинский,Пензенская область
1764,0.3181685694616893,-0.30069561044981385,-0.11489309645853372,0.6109137354246744,-0.009379516063486637,-0.24802218394744532,0.030436374029058435,-0.0017194703209571134,-0.020736612467201637,Псков,Псковская область
1765,0.1539164435298208,-0.18125235282686006,0.020516866127216576,0.2299709739337623,-0.05785264442564886,-0.07345951430307557,0.029400905195547593,-0.0015210454439768355,0.003236258842021796,Великие Луки,Псковская область
1766,-0.08233344798246178,0.14969882495270886,-0.058364365837136424,-0.16152315596071418,-0.09932093000949864,0.1074329553600357,0.025235405229804036,0.012015119719691603,-0.015064689992656052,Бежаницкий,Псковская область
1768,-0.130883343207877,0.015337409412712055,-0.24034795140599075,0.16941373746358454,-0.1972680089328828,0.19078814196797111,0.04043703447372606,-0.013423902743376246,-0.052239181932218985,Гдовский,Псковская область
1769,-0.0553450573262629,0.10011990740981079,-0.03357284875652009,-0.3005147371745738,-0.04064140661773167,0.2125324136444097,0.0370980012856142,-0.00791767910276116,0.00028054305290899545,Дедовичский,Псковская область
1770,-4.5171406551543685e-06,0.12817635848011016,-0.12001400723797494,-0.10896342541383092,-0.1936689227323027,0.23239332540939248,0.02689815641725221,0.004167298802463619,0.008384156804136437,Дновский,Псковская область
1771,-0.1569332218311633,0.12983287816626107,-0.11397350840147963,-0.3301878927299024,-0.022731083207341112,0.2749829346778554,0.028484849432539112,0.007540799088719824,-0.0668644020066823,Красногородский,Псковская область
1773,-0.15974056992358956,0.177503720557299,0.12460874769744036,-0.674431822548752,-0.04588180546697803,0.3561244882663844,0.03258329382808715,0.008812931704901042,-0.028438813748565828,Локнянский,Псковская область
1774,-0.1433017558478785,-0.0018114850389147248,0.045481224785815566,-0.5527517620071394,0.008223574007664824,0.438781776757967,0.055297231856393396,-0.039403936494151776,0.15262938540167614,Невельский,Псковская область
1775,-0.135068400701594,0.14613564540285967,-0.06118200893873651,-0.21003822229190172,-0.09205502540029746,0.1550629397334702,0.024249841140112176,-0.0009275279190352851,-0.07839982994367105,Новоржевский,Псковская область
1776,-0.12118484754193881,0.25454933424098053,0.16345955133714804,-0.5968949594337246,-0.2900330638666593,0.4068424662276493,0.052799713234663426,-0.013704802951303238,0.10060703600348801,Новосокольнический,Псковская область
1777,-0.07478061781900647,0.12480652294171755,-0.015050401415038087,-0.35173405967126475,0.02446944994421803,0.15543181670576176,0.022787466777776932,0.00986651978501644,0.006762546174902517,Опочецкий,Псковская область
1778,-0.005874120745503457,-0.048087339059426214,-0.0848924297370147,0.17207034023821746,-0.1524211772217521,0.05125393428536997,0.02536812288648215,-0.01421773937004052,-0.04342000438054281,Островский,Псковская область
1780,-0.06374064831332389,0.06808407320102551,0.09315505292491567,-0.2406144602820567,-0.18438568469938976,0.20168434736089993,0.03921438733571478,-0.009496454912495478,0.014738479443992517,Печорский,Псковская область
1781,-0.10690793303874695,0.48005293408350586,-0.17673717818449738,-0.8273399910024078,0.009222683219531866,0.4527248803892609,0.047752091234140454,0.005891936862512108,0.005048383255822945,Плюсский,Псковская область
1782,-0.05889483477060035,0.16066781979928355,-0.036975499044440585,-0.24865583025242063,-0.08063992039394426,0.1435267583969158,0.026679568698448307,-0.0013544640706459898,-0.026336839821788156,Порховский,Псковская область
1783,0.42739119673691645,-0.384473271671669,-0.18181574738253348,0.6533579785588013,0.06098358573095045,-0.21012921673015694,0.04072171715722174,-0.0019151001120139566,-0.017984758311639704,Псковский,Псковская область
1784,-0.10172621495688709,0.1999889055115812,0.1761608800947394,-0.9414663084161625,0.14188694484299472,0.36135290647224166,0.036192969644710825,-0.006400959319739455,0.1660353776370683,Пустошкинский,Псковская область
1785,-0.022319289787383473,0.026893888663854615,-0.06879969047798838,-0.21200246864176897,-0.09127013660174192,0.2831017355630397,0.0286925550468823,0.001472603074679886,0.10631335333191695,Пушкиногорский,Псковская область
1786,-0.06020705349885369,0.006240570150690035,-0.2893175588524158,0.26000155891846005,-0.2554160253735751,0.21641478366223396,0.043432437360389334,-0.030825793600649076,0.027035862743685617,Пыталовский,Псковская область
1787,0.011686966181264266,0.03989473586711325,-0.26070506738665916,-0.5121119755289567,0.20901167943432583,0.46183395611957107,0.015829971839030395,0.007760240998139285,0.11364859380524106,Себежский,Псковская область
1788,-0.026812557536503984,0.03503655064021499,-0.14724185969745468,0.1574872468601734,-0.22461649233078526,0.11725788303324475,0.024657909505661074,0.008284685984666732,0.03876841044156431,Струго-Красненский,Псковская область
1845,0.32370483570004666,-0.38741863527124365,0.057891206123464455,0.5191233587594243,-0.03957750162180096,-0.21209509948444927,0.027253862429300238,-0.01872448191936706,-0.043363803629304476,Рязань,Рязанская область
1846,0.027956772299905747,-0.08898349992741904,0.005641725499196486,-0.03692290063956499,-0.08221665883729086,0.14040466241047406,0.02163784397030369,-0.009519096618574524,0.0029611404498998822,Касимов,Рязанская область
1848,-0.06739121222007001,0.08876842472110341,0.22591516356851207,-0.6847553510250055,-0.07062538230340036,0.37862047354418565,0.02325296341835543,-0.019935161409311366,0.11728107787264912,Скопин,Рязанская область
1849,-0.25886306439442336,0.061001339394181675,0.23989440725656963,-0.34347106589919446,-0.2069940025782674,0.18749265033210571,0.029910279022440207,0.0007659989802240216,-0.16454633980075292,Ермишинский,Рязанская область
1850,-0.22192272978046126,0.37547521210569695,0.18241713862244655,-0.794248539822831,-0.30669774391154364,0.48097726151162606,0.05075690578713815,-0.025072268039249678,0.05330623056690061,Захаровский,Рязанская область
1851,-0.19938397876816705,0.2673392366993747,0.29111599229238333,-1.2170318118939998,-0.045562930741023834,0.6420628421486598,0.038214017520480134,-0.010953029947477747,0.11139524090031745,Кадомский,Рязанская область
1852,-0.1204574339551135,0.10850218511413336,0.07212549969676184,-0.49264798775971136,-0.14304295422200697,0.39298658567621736,0.03499427785084686,-0.013497286189917935,-0.05478667663634973,Касимовский,Рязанская область
1853,-0.1134322890415252,0.10093230012157207,0.10509389201924192,-0.4685263593607252,-0.17031055208686066,0.3707340478121664,0.02712385129441683,-0.01802954052049222,-0.023884140630782185,Клепиковский,Рязанская область
1854,-0.1717180518973115,0.23258174523371233,0.07210961422879313,-1.0184692567170641,0.05637748703758124,0.5953237387223721,0.034945070275089314,-0.037750479724413116,0.04730970068964354,Кораблинский,Рязанская область
1855,-0.13526997037442548,0.28284473011001376,0.217748941592223,-1.2095368924985903,-0.022595240814358597,0.669461790116107,0.04097570045385685,-0.0038556326755248838,0.1951500193261401,Милославский,Рязанская область
1856,-0.08238503741034002,0.07689427539806765,0.16200577857953594,-0.6415656653599859,-0.016561505377231372,0.3571504452650078,0.027220993025917194,-0.014317082146266586,0.12959697343504553,Михайловский,Рязанская область
1857,-0.1097655315570009,0.16286089476909799,-0.08441488103950662,-0.7763426186290191,0.0562944268542939,0.5795255065505284,0.032764237688908744,-0.04144604327703663,-0.04684090696651629,Александро-Невский,Рязанская область
1858,-0.17925424622981848,0.35028153064893713,0.4125750709175074,-0.9802695179917521,-0.4294670994084712,0.5848033443391722,0.050042043260414296,-0.02191450077564021,0.12856052446935387,Пителинский,Рязанская область
1859,-0.09974451392529105,0.004890520474385744,0.09954030161169868,-0.06371268362574965,-0.4420413046537884,0.3392464946988473,0.024530070737238657,-0.015582716290372112,-0.05612404506502224,Пронский,Рязанская область
1860,-0.17280493185007892,0.12260253329798397,-0.008983212922551609,-0.6780946735333564,0.007694746583292204,0.4947039350800264,0.06691487153384827,-0.01986641112926212,-0.057949524841945745,Путятинский,Рязанская область
1861,0.021661013815978885,-0.0707953113068366,-0.07989890878255902,0.27035807712749865,-0.3941375442429454,0.21239701571023653,0.040046673397702154,-0.030033412979497614,-0.08581158363529544,Рыбновский,Рязанская область
1862,0.00039592921844396517,0.101951221452263,0.06423212016358228,-0.5256254770776088,-0.10622448851534665,0.40358995248250346,0.01586247100507079,-0.014303680191723343,0.0524845799307719,Ряжский,Рязанская область
1863,0.21141035264229538,-0.2528496783866786,-0.05638960335182177,0.2268382141926266,0.05695754322441612,-0.03663314717314786,0.026917500043444745,-0.013397345132611696,-0.001825191441557757,Рязанский,Рязанская область
1864,-0.09457405170714377,0.2760008544719176,0.34955671031068425,-1.459325367619724,0.12014534444134257,0.6515457869011746,0.03814406176965342,-0.025897187223600085,0.05877350727280506,Сапожковский,Рязанская область
1865,-0.1831047121961197,0.30471323603469147,0.18578679028269893,-1.2551840967616783,0.10370711750157728,0.5989002814481046,0.028686031856412934,-0.02107174012573203,0.04624054461294591,Сараевский,Рязанская область
1868,-0.14184190358483048,0.214513360222646,0.16630198920121858,-0.6350059120421712,-0.18267528034462155,0.37478917146832263,0.03226756289727321,-0.008548711973613834,-0.01621362141220924,Спасский,Рязанская область
1869,-0.12959848298853358,0.25370944664277995,0.05526002756691423,-0.7768344384156743,-0.20430501708740345,0.6100933097987787,0.040815801187047425,-0.014223779716801064,-0.05098731470951449,Старожиловский,Рязанская область
1870,-0.20708683398339942,0.06763628503243707,0.2674164479197529,-1.0178739678243558,0.1155711641640375,0.5051733992135224,0.04082357160359179,-0.02361898106311776,0.1117988962537196,Ухоловский,Рязанская область
1871,-0.17803280683519374,0.3131285367646975,0.45455902160454387,-1.0977191334250471,-0.46914693768371435,0.7371018412449152,0.041417811830793586,0.010049804759312794,0.3082385496101472,Чучковский,Рязанская область
1872,-0.15509634608853543,-0.054291799964999755,0.07079764333715305,-0.4220638406149595,0.010339148953242061,0.333142176794959,0.025615052110237114,-0.0023638137487858126,0.035640823536186826,Шацкий,Рязанская область
1873,-0.10077456728280161,0.15041285496845064,0.08949140350061656,-0.5884604328080808,-0.1892121378319942,0.4756916406764016,0.038172116723648855,-0.03316874455095669,0.08393510674955391,Шиловский,Рязанская область
1874,0.339401248687141,-0.4515137522538048,0.0014434929586344958,0.745722153575422,-0.029194833537212084,-0.32853373223764515,0.030825019709900696,-0.0007428853756570134,-0.04427326015510347,Самара,Самарская область
1875,0.17445550321759495,-0.18852589592098323,-0.0889563486747784,0.4001150354927206,-0.13415913925554598,-0.050550323136019315,0.04453767929343356,-0.004692916474186903,-0.0020012882112008614,Жигулевск,Самарская область
1876,0.1678102844475513,-0.21431431058695335,-0.07947107039763562,0.3232281660029318,-0.10927474442742853,0.01775528791448039,0.04126811897099978,-0.002608656503336452,-0.012958163714748375,Кинель,Самарская область
1877,0.2483136022774517,-0.35533893205835443,-0.09399504567101337,0.590305148540002,-0.0627546681817771,-0.140293174123464,0.0375135135613787,0.004905717687481011,-0.029555239601043375,Новокуйбышевск,Самарская область
1878,-0.12674321894626636,0.1368953215886329,0.16034251177811085,-0.194156708312445,-0.4904381066793911,0.3252803101304867,0.030919544602772568,-0.024420086546205633,-0.09768952662968326,Октябрьск,Самарская область
1879,0.18336723559222468,-0.13570627569931623,0.05387800377638935,0.13377975412477622,-0.140789373382913,0.026761219686457633,0.03200055303864251,0.003493186741526951,-0.010209553563479504,Отрадный,Самарская область
1880,0.005423365938509894,-0.05284999059686455,0.11302936796352937,-0.09460344079809418,-0.0752780756253049,0.047625467562128286,0.024469420443452638,0.01225442834565619,-0.0005468090292942337,Похвистнево,Самарская область
1881,0.170618319735925,-0.283592639044892,-0.14454836232144977,0.48803924728766307,-0.003537410032157092,-0.11843750738377055,0.03469839018464624,-0.0005548575441810163,-0.01423282910204308,Сызрань,Самарская область
1883,0.11371534025303176,-0.1762018107631468,-0.08925313362703952,0.2861233112791205,-0.14104685875124126,0.05830182036770217,0.049669631639055606,0.007024870361627504,-0.022547762481307482,Чапаевск,Самарская область
1884,-0.12100371898248626,0.229145854407766,0.22473758425466564,-0.8284048772175132,-0.06954233598159802,0.3819871030420747,0.03214473527302502,-0.002495783012094859,0.016659480015191352,Алексеевский,Самарская область
1885,0.0039775171352069245,-0.10144412634108974,-0.013818739501459601,0.23579562358614517,-0.3360061280154614,0.1533966987772595,0.01134577343187508,-0.007764585689572947,-0.08205634445400073,Безенчукский,Самарская область
1886,-0.1269906398905533,0.10948437446869536,0.1637512738229912,-0.40803581723338195,-0.2840672445043862,0.3567907419514762,0.02030823271182882,-0.018862869369606766,-0.07522437252319718,Богатовский,Самарская область
1887,-0.1189431127792621,0.05205611180561481,0.20368456499327015,-0.7141688451938739,0.1667509571016013,0.22960053979878267,0.020240322821728114,-0.015179112487213814,0.00833551408076257,Большеглушицкий,Самарская область
1888,-0.10290067148703545,-0.021743064783879273,0.05796374654846446,-0.41941235610869665,-0.04091523328524068,0.36203023613474666,0.022492197717944133,-0.011137721583749515,0.025987498350832916,Большечерниговский,Самарская область
1889,-0.11012333525064262,0.11700439994372297,0.15520563103313284,-0.5315823970732656,-0.19015055438804374,0.38744624898984864,0.027169762705561575,-0.02703887560356585,-0.057375246761156386,Борский,Самарская область
1890,0.2898073851979875,-0.3970265658999024,-0.1689782294372887,0.6735662842804385,-0.0123247470727648,-0.15731341336508678,0.0455871524973682,-0.00255385414805274,-0.05336478642886888,Волжский,Самарская область
1891,-0.17708448471567695,0.1393056766374601,0.14322126285004294,-0.8264729271324812,0.1732912935199961,0.3085780226303762,0.044587794422620175,-0.02371619259223956,0.04757894893646227,Елховский,Самарская область
1892,-0.1991839793715268,0.26087722370514466,0.18351576300880082,-0.8597851779797473,0.14819869987535064,0.20511681989584604,0.03831839041030527,0.007786538837629762,0.1177657777334588,Исаклинский,Самарская область
1893,-0.22363317845225725,-0.11582600868809788,-0.00030961099835348965,-0.0937835112766058,0.021368101068474903,0.1264743583999773,0.03202795476532519,-0.011567375905127492,-0.04829894764191608,Камышлинский,Самарская область
1894,-0.13721828962166746,0.06098997909356176,-0.02308379952076491,-0.33888431328141544,-0.21870555707627257,0.4576070192902857,0.03648054327296697,-0.014499039481160445,-0.12827516839202588,Кинельский,Самарская область
1895,-0.06894081297358128,0.06564539688759402,0.11335433214473577,-0.23626457944296367,-0.20775842347157766,0.20294660238760578,0.0343860064071336,-0.0019166796543392793,-0.06247830289669789,Кинель-Черкасский,Самарская область
1896,-0.1420803849696989,0.15998007813547968,0.14546347611341817,-0.7650800895340967,0.10106007990110537,0.2964997838894887,0.033307141510232584,0.019393320544884695,-0.007838632248280408,Клявлинский,Самарская область
1897,-0.13974613863333615,0.15403138369045338,0.10324108454738684,-0.3971924346444644,-0.02169722977163513,0.09954052468365483,0.03422848441232287,-0.018757227847835095,0.024419266545683754,Кошкинский,Самарская область
1898,-0.1196524804275821,0.12770476477935508,0.19376411481295905,-0.44356765417054334,-0.29922167658078197,0.3592437796644066,0.022462931410804698,-0.005260478699049484,-0.050004442175370846,Красноармейский,Самарская область
1899,0.0205863570494013,-0.10766926850678603,0.043184188801778677,0.05641267921635738,-0.21585490938886553,0.16185063838291056,0.018229992426976187,-0.01599913277983641,-0.05787946781009625,Красноярский,Самарская область
1900,0.033328370636110126,0.03740380776744159,0.14574721066431548,-0.19911800509037916,-0.3322968780811511,0.28618719324516667,0.024773760121272158,-0.0030490562853062015,0.010636053597520434,Нефтегорский,Самарская область
1901,-0.09898778563101907,0.1613882029964228,0.14663839892152866,-0.6469084129368482,-0.03949109406723702,0.31629623359152803,0.024907735015507592,-0.008111947800690503,0.0012959380582612627,Пестравский,Самарская область
1902,-0.22156293110866176,0.1773569324943789,0.1656210882693828,-0.654592714009986,-0.04960168605218229,0.2991397078038,0.04420415530196912,0.014154930625634185,0.05284152247733953,Похвистневский,Самарская область
1903,-0.07996301831071022,0.1826302467957374,0.11980734343606246,-0.6911754020665138,-0.09650307712465996,0.4231642174647692,0.02327072765744496,-0.0063411159230663304,-0.006828017843544624,Приволжский,Самарская область
1904,-0.07200198637657618,-0.003574013765551498,0.026645726779089735,-0.004629140796750493,-0.10912565243239496,0.02860640872100249,0.043133164603556165,-0.01914040662222405,-0.026961627606329433,Сергиевский,Самарская область
1905,0.19311961756983406,-0.26061466942024925,-0.2577795030042576,0.4288711329391203,0.07837228246968271,-0.050925914478902136,0.06469166085117162,-0.024861501421317978,-0.06450758369243859,Ставропольский,Самарская область
1906,0.001880347570781001,-0.17268911481316906,-0.18308450589337114,0.2697557147547191,0.03015846537455935,-0.006217230917343404,0.057893708508522226,-0.002698409076570853,-0.040229948628339486,Сызранский,Самарская область
1907,-0.11415972713770417,0.11834168595199955,0.06423600412299445,-0.6159114500894501,0.026264206222967473,0.3449928822968829,0.024765899596812867,-0.01980458390335545,-0.031049501984196315,Хворостянский,Самарская область
1908,-0.22413892316156056,0.22958055627320742,0.28667631327081183,-0.6987875183242326,-0.13757280390906376,0.2580267811946706,0.03660831570217554,-0.005640913831365992,0.07558815426340697,Челно-Вершинский,Самарская область
1909,-0.1917644273865752,0.07682662863871309,0.13787497289871628,-0.3584851665141466,-0.008721112837244194,0.09042800631935616,0.021531506399357563,-0.009212810585459724,0.0606223558894096,Шенталинский,Самарская область
1910,-0.15010754093737577,0.10468195599591103,0.05488230115583006,-0.4857530390051559,-0.10047644894342782,0.36458855930223627,0.02804047459370932,-0.027056332869914046,-0.08400398620206184,Шигонский,Самарская область
1912,0.03182490901159422,-0.04756222666146054,-0.0019489381138489044,-0.05478963249774018,-0.17103026555743728,0.21325439133588264,0.04960004066208381,-0.007321928953980758,0.07086503222574604,Шиханы,Саратовская область
1915,-0.26542925808173545,0.07641837981890785,0.1558516150768883,-0.6814228348470897,0.02861254657411194,0.35846362188257613,0.03178037455398434,0.014089695279204895,0.2492594104437403,Александрово-Гайский,Саратовская область
1916,-0.20150732053652617,-0.027166401894318126,0.15873279773207688,-0.44742395315169325,-0.025758157069231864,0.27953904288856096,0.018302415439263895,-0.008269579963342905,0.02552484622315913,Аркадакский,Саратовская область
1917,-0.1793781210582107,0.00431445590680507,0.1842949930700112,-0.2285550330114919,-0.20739950912807503,0.18526842166814536,0.01931804868414578,-0.003249251082989929,0.03201787697019091,Аткарский,Саратовская область
1918,-0.3049358719944653,0.20380255099385705,0.29171926573625706,-0.7698937396349338,0.008015405159454906,0.20427984625075904,0.028410956863990925,-0.009895861675597917,-0.036074968200711245,Базарно-Карабулакский,Саратовская область
1919,0.13252002680633498,-0.2158727687827964,-0.08404691452661274,0.486921761963929,-0.06919355491257358,-0.17988519523655153,0.023346228682904188,-0.0068887356741994255,-0.02435835384557065,Балаковский,Саратовская область
1920,-0.03275155217553142,-0.24526287229385502,0.08476659280350357,0.1605727330622892,-0.03683873743562457,-0.025314387630919217,0.02440525822163375,-0.0011114380463710407,-0.022751134772092136,Балашовский,Саратовская область
1921,-0.232322839440543,0.19330223154760962,0.3017494418559002,-0.9697280747114677,0.02611730555985888,0.3864824242534923,0.027894329433215424,0.00102465347074987,0.016278141473888397,Балтайский,Саратовская область
1922,-0.013619963047591352,-0.1144193802694608,-0.06402635566399616,0.17175348199999987,-0.07471968323937932,0.019335265678231312,0.03014021072419389,0.004797452205319133,0.0326197475598359,Вольский,Саратовская область
1923,-0.31187517920461355,0.30855264056552995,0.2731451971150116,-0.7900975663018169,-0.40152350172802037,0.5478465588546904,0.060840507551260456,-0.016033842558374905,0.12313723757275707,Воскресенский,Саратовская область
1924,-0.3085375135789148,-0.07242117451428441,0.11484031443702956,-0.43312060699971644,0.1532491085257083,0.1753756870566582,0.026829333261571657,-0.0082761601029168,0.1871834701562153,Дергачевский,Саратовская область
1925,-0.24893869206809507,0.2477469474599057,0.29968263419648516,-0.6316917466838178,-0.15521186060547662,0.17739735413829885,0.028057779946406108,-0.012430292139061041,0.06196470709797262,Духовницкий,Саратовская область
1926,-0.19521233832431295,0.06360750399014913,0.277985888514476,-0.9277299869068231,0.19626703170342688,0.3277928912041667,0.036887030631570956,-0.022241379533961103,-0.011898285987125648,Екатериновский,Саратовская область
1927,-0.23322461937069328,-0.11313916720648222,0.12439813814770563,-0.22993772817136016,0.02849015241853244,0.1281119333169996,0.022465473624530833,-0.013757836421731598,-0.0009703562863042081,Ершовский,Саратовская область
1928,-0.18716436455384752,0.14542248016449127,0.20477680736010107,-0.8028501450559838,0.013870976996454417,0.3767032090403311,0.020647219687565103,-0.0023101867352536554,0.208936084725716,Ивантеевский,Саратовская область
1929,-0.2092189877860374,0.07446230358245148,0.18874657900573766,-0.5193107715211248,0.04178645213368026,0.152238765304649,0.026558728355265175,-0.011657892816319487,0.02144675403165645,Калининский,Саратовская область
1930,-0.14154434748150338,0.02753445923629814,0.05608164571438551,-0.24190530454347095,-0.04958381919122268,0.1457963472894037,0.01875343738821492,-0.008951175779941136,-0.1826260203583553,Красноармейский,Саратовская область
1931,-0.173876355353726,-0.04593271344129407,0.16702225205341473,-0.15442434133098976,-0.275523594305267,0.24678172552953068,0.029884963800570232,0.002312113487928933,0.032226587952155696,Краснокутский,Саратовская область
1932,-0.26182927576089815,-0.025173210693075265,0.08397258980548482,-0.12525022456971804,-0.1283009113815932,0.1326750853442968,0.03226794433414283,-0.011747906566120625,0.017079624456222426,Краснопартизанский,Саратовская область
1933,-0.23991528131542275,0.16828640861680508,0.3071003652952659,-1.0848422209864357,0.10047245811930179,0.4469063174604564,0.04269687616445692,-0.02915766750983455,0.0024358916898433356,Лысогорский,Саратовская область
1934,-0.09927531238436098,-0.11096757273610053,0.09954167093311378,0.07447461424740821,-0.17946591059013003,0.054340526651102804,0.025234089253116074,-0.01620857196946438,-0.11990690106230073,Марксовский,Саратовская область
1935,-0.28580027371060507,0.11608676638386185,0.4203401976244659,-0.7648667969161057,-0.04597590744136922,0.21233906885454137,0.03392701514224432,-0.014139325821921844,-0.1528226709798383,Новобурасский,Саратовская область
1936,-0.23793680100602707,-0.33026898497292895,-0.05035019522242862,0.2860557343864348,-0.0763617402794065,0.10884851459372245,0.019770123167662766,0.005201357140878965,-0.01579121784673926,Новоузенский,Саратовская область
1937,-0.19277066628368553,-0.069777222538854,0.02783666046419392,-0.42768477210045913,-0.04885980324963394,0.45640846593014744,0.031432982119033996,-0.012083850596505658,0.08911974960544156,Озинский,Саратовская область
1938,-0.26744051144139885,0.19959336648965698,0.3631088497888572,-0.9500683694104416,0.0019283102426849534,0.3233611713946373,0.03165195274939593,-0.004382687701300292,0.012552780481140724,Перелюбский,Саратовская область
1939,-0.2297341977633005,-0.051005888969227774,0.034481913916682226,0.06346288243247643,-0.1965386474193382,0.08752306854480117,0.01552090614226459,-0.015003372047536878,-0.11732725057280004,Петровский,Саратовская область
1940,-0.2540991561914518,-0.0023496395621944908,0.29387887281169234,-0.6968633113405606,-0.11916945019533735,0.46242685679179396,0.02526542226890007,-0.010524181323936269,-0.012894649222818244,Питерский,Саратовская область
1941,-0.11955867310773383,0.048036195837684315,0.1724267586195026,-0.43862743750824945,0.00017273613145574185,0.15591507542500188,0.024959893804809032,0.00433894714186119,0.035900513750199425,Пугачевский,Саратовская область
1942,-0.2928471606476131,0.038381792758946064,0.05724058778535688,-0.5177852731507556,0.037805022701959436,0.3222811984098876,0.033087285546056874,0.004025198696667416,-0.187523310254286,Ровенский,Саратовская область
1943,-0.29219899750367,0.11279285076321834,0.3095707595150958,-0.9037976455113917,-0.12260822326477598,0.5419655870032478,0.04390305082670664,-0.03324908103057669,-0.009256611382619276,Романовский,Саратовская область
1944,-0.17370849146877224,0.013543218861791087,0.16422744060496391,-0.2832714564935879,-0.06365762064663805,0.10708174617886569,0.01797898673019038,-0.016998600081278004,-0.04578776325405013,Ртищевский,Саратовская область
1945,-0.2640868589705976,0.020325325461851673,0.325819621916657,-0.9161412907071487,0.06599956996061059,0.44192010187342395,0.03403680720218333,-0.02067862256258272,0.03173039984108702,Самойловский,Саратовская область
1947,-0.18083816631411653,0.12147769710901485,0.1587098483680341,-0.20347236855666795,-0.35681294589080287,0.21802109747581686,0.045467542298991845,-0.026302436383360456,-0.07801306061395837,Советский,Саратовская область
1948,-0.18215293707955524,0.056427412396428435,0.03542594959338635,-0.16634889632726052,-0.07893910011770784,0.09135796296054849,0.024372432219593343,-0.010800304376413319,-0.005370726642213497,Татищевский,Саратовская область
1949,-0.19373402195849376,0.06234618808416605,0.3781235189255041,-0.8980030303827323,0.03575167384794187,0.3597049780305139,0.03604059247339168,-0.009959122103187687,-0.06580326813031445,Турковский,Саратовская область
1950,-0.25345839055494396,0.04419637186562658,0.10975380314270035,-0.11849648373722564,-0.23153473460443552,0.13400437183872918,0.024276630603736117,0.005733767090807511,-0.07344020960876416,Федоровский,Саратовская область
1951,-0.1720091374778788,0.04304556771160659,0.10712180588289923,-0.31521851140798535,-0.2661528300926417,0.36912729641151537,0.016778066218852014,0.00023264711135681515,-0.03927885691493227,Хвалынский,Саратовская область
1952,0.15959405821309555,-0.36192595372368236,-0.029258024128904676,0.5649632053361721,0.02558308800384516,-0.2614389869820348,0.028356950702112218,-0.007644756354434114,-0.021380333761532477,Энгельсский,Саратовская область
1954,0.3303690934745301,0.48753477725225736,0.15014917248398682,-0.5720788800334452,0.13694976256068195,-0.26463150375808747,0.059869380078451134,0.04272925557711824,0.22619673397172066,Александровск-Сахалинский,Сахалинская область
1955,0.515282920628748,0.021934347434149477,-0.2442715700005118,0.5779937007840972,0.3015874503694485,-0.7193206000817879,0.08573858356051163,-0.02976474869696999,-0.0639249621473396,Анивский,Сахалинская область
1956,0.27247704142223156,0.1615589844616321,-0.14048777117142194,0.2982096355825797,0.01377391039220773,-0.39513143075960405,0.11174237164578564,0.012591336971881398,0.01556875705024697,Долинский,Сахалинская область
1957,0.49478396239243566,-0.00278169855335351,-0.13580351860600132,0.6433753923489026,0.08381413961916584,-0.6506809863033195,0.0395616927123342,0.018488425265569024,0.004575228023165086,Корсаковский,Сахалинская область
1958,0.753476746853264,0.1031787222080634,0.055331264470531216,0.45493410894681086,0.091649030576003,-0.7671697976960159,0.04501458662893972,0.04965494594651931,0.06870729244623545,Курильский,Сахалинская область
1959,0.2649234876913484,0.32110180099289537,-0.017091721557981054,0.17577282224234422,0.22315832538438707,-0.7650178985562527,0.12310016432540415,-0.013557642218544478,-0.05022590167072618,Макаровский,Сахалинская область
1960,0.32548934791442785,0.24325395004600833,0.017152421216063547,-0.12347427363961062,0.11713710639233006,-0.3161458755093968,0.07842415561010567,0.025018227894902784,0.1958199504330359,Невельский,Сахалинская область
1961,0.6055008602470033,-0.09209741064263094,-0.21915872095926683,0.723999291457667,-0.015798419123630447,-0.4590214122267446,0.04439398422138733,0.05375073107911329,-1.7543045860065238e-05,Ногликский,Сахалинская область
1962,0.5650842778797805,0.12562166037574868,-0.11149557511615188,0.38628841240806616,-0.046195089802420784,-0.4162960793598478,0.04840190743777265,0.050939314144781776,0.05873421431059297,Охинский,Сахалинская область
1963,0.3449798480293304,0.19473059824769925,-0.18488591935758056,0.3691216291145778,0.04140378294784334,-0.48244676244714685,0.06434503326619198,0.04772348825271183,0.1389496498836241,Поронайский,Сахалинская область
1965,0.21920796573493115,0.4270657721402437,-0.10923547909563945,-0.18644084688971885,0.19664338962191952,-0.3901095072714107,0.07757104170344528,0.0068084132330510265,0.05587044829154764,Смирныховский,Сахалинская область
1966,0.2100499993875379,0.46891732438869066,-0.026543411573898962,0.12936907151072694,0.22024808481607464,-0.8540677406361992,0.049326455715895716,0.017967167806347262,0.09234214631600525,Томаринский,Сахалинская область
1967,0.39992183016373245,0.305337500008157,-0.0984660947481854,-0.18320340306170788,0.33769921933636987,-0.4234438930292383,0.05736819739998101,0.02630785240462395,0.181578496100361,Тымовский,Сахалинская область
1968,0.4562356838607701,0.1667264983837089,-0.12743024767151617,0.4530199500731209,-0.06047206894202558,-0.49392080333789407,0.03441318473535748,0.024324403095730196,0.0025429652850107454,Углегорский,Сахалинская область
1969,0.30508364247304254,0.14601202411878164,-0.09143917523151036,0.3796520622027127,0.037483943749631966,-0.5337855263342224,0.09226709650599786,0.024415944114331012,0.07117915816039959,Холмский,Сахалинская область
1970,0.7292970991373734,0.10938512679612754,0.0002464104715974025,0.8468050849776291,-0.46011468983494636,-0.5583986039050154,0.0966203939077121,0.12428020299003639,0.17744185489122763,Южно-Курильский,Сахалинская область
1971,0.4451961242237176,-0.46110722192951065,0.056624167300656426,0.8045274243357182,0.04701784290707985,-0.5091388841085489,0.029960652381183055,-0.005029176640319007,-0.043012808452909855,Екатеринбург,Свердловская область
1972,0.1120780516427684,0.009390451218785659,0.06944717009348246,0.1335216854553827,-0.13377473755070046,-0.14066124071155542,0.023954139536725802,0.0020257806871208186,0.0008317969336112396,Алапаевск,Свердловская область
1973,0.045347051089356105,0.034265577866474016,0.06451496130142022,0.09157021813319705,-0.2296535802177324,-0.022773848577964034,0.0173680311948401,-0.016788660536825928,-0.010396557686247873,Артемовский,Свердловская область
1974,0.23658532155541967,-0.12427310547924174,-0.037740706769738376,0.5088778146211934,-0.1494386245055825,-0.2595020493612373,0.027947347676602688,0.005197646265457712,-0.013399262085773874,Асбестовский,Свердловская область
1975,0.08790633715167424,0.08346443287912374,0.02447267729900195,-0.11471367772625901,-0.25127206763671217,0.19597196369023892,0.07602729075277401,-0.0025712985452355946,0.17895766608494043,Малышевский,Свердловская область
1976,0.14318810068027368,0.09020400977700033,0.041081360978025415,0.05641489666663222,-0.406907799167812,0.15713086025154913,0.042833716216118124,-0.013533038818005263,-0.019465535919496776,Рефтинский,Свердловская область
1977,0.35287341892355534,-0.37354591279577515,0.011917153903089839,0.6027055111775815,0.052821167379236145,-0.35597459115873814,0.039350780644288486,0.001321844927760681,-0.028706255779187877,Березовский,Свердловская область
1978,0.15731294501344192,-0.06527362305004815,-0.0269005187935444,0.2781992579158154,-0.13317997144364746,-0.11492181612318152,0.022381621687205543,-7.691494462115182e-05,0.0025900786849269997,Богданович,Свердловская область
1979,0.4113054474956632,-0.4200071225224628,0.0016439607214729368,0.6897469783842451,0.02534502115035764,-0.35880550922821824,0.032282212206784594,-0.005890390772908501,-0.037575677293969344,Верхняя Пышма,Свердловская область
1980,0.18271223484558505,-0.17163346193773185,-0.021888725096416983,0.3683960506164257,-0.16335625850834548,-0.07359427656853702,0.044149595852746124,-0.031154805979415418,-0.09441634308880742,Среднеуральск,Свердловская область
1981,0.25223947098832866,-0.08201640681125556,-0.062038069320902556,0.4060305076764584,-0.23434184735901162,-0.08971085567989462,0.03469654224224797,-0.004231393949780522,-0.026930676163458084,Верхнесалдинский,Свердловская область
1982,0.238301364853066,-0.1971578562211969,0.09152888048923219,0.3818591230467511,-0.3070995171548019,-0.031207301654590087,0.021173775125899692,-0.009650589215739755,-0.025647572487291066,Заречный,Свердловская область
1983,0.17056536228226182,-0.06208737384554499,-0.16608466281314357,0.21896930831033443,-0.1548032237435599,0.10192928059730738,0.024758476399257347,0.0015110843805331935,-0.011209722305869549,Ивдельский,Свердловская область
1984,0.03854764025144619,0.15249016046407832,-0.16859170312075497,-0.32107245377585325,-0.26070689384151097,0.5358042187794355,0.05362524744565528,0.016685629540244145,0.24798305646672422,Пелым,Свердловская область
1985,0.14808632172354538,-0.08407936525082858,-0.09372168999986853,0.2511661563336846,-0.032270153022225835,-0.10317161955536693,0.022414125889162754,-0.004038148426853692,-0.014680124308755427,Ирбит,Свердловская область
1986,0.24634339308165334,-0.24245165419925382,-0.0748233515837276,0.5382629436527734,-0.07620484097856654,-0.20685976838583087,0.02805196973756547,-0.001331393412164955,-0.053106194534780715,Каменск-Уральский,Свердловская область
1987,0.08106499068876039,-0.021390498005715925,-0.09730461002542251,0.0865266107931675,0.029866440447071207,-0.05977461470370621,0.015796208069982023,0.005264452233091503,0.013252118397569781,Камышловский,Свердловская область
1988,0.1144740886983091,0.0584416402156144,-0.0372041184615207,-0.0014276304764364034,-0.2053564847242614,0.12346992195199881,0.050483027559639876,-0.002069075604771727,-0.011125708738909465,Карпинск,Свердловская область
1989,0.07303175716616916,0.21535570577556182,0.0021922847804675683,-0.26527394427056417,-0.32827141948661304,0.31392070170654196,0.03653416565563295,-0.0289985671524553,0.0615108044227116,Волчанский,Свердловская область
1990,0.22419862013713954,-0.12870744238744142,-0.0641771028567061,0.42686621079462417,-0.2222274977844689,-0.07383083926061375,0.03222621159483967,-0.014554893095614085,-0.03726203224464397,Качканарский,Свердловская область
1991,0.10317377483178174,-0.10271069762597353,-0.013137065346759976,0.29658825897516855,-0.2960974898747692,0.05328032237772815,0.03326776673026789,-0.012472515190377514,-0.005442130949947425,Кировградский,Свердловская область
1992,0.05270762694826203,0.008111934825240622,0.02602770653545518,0.23543216936988967,-0.405305904237182,0.07365742201199123,0.033758549000930727,-0.02314812411937132,-0.023202560305567794,Верхний Тагил,Свердловская область
1993,0.3072433400694882,-0.1892616347664098,-0.08176385189487251,0.4254113749819423,-0.08539583356367715,-0.13106672625158797,0.020395890686236203,0.0007563283802360746,-0.0043403898404027474,Краснотурьинск,Свердловская область
1994,0.043736507707351636,0.016442870281570893,0.08067913153719765,0.17753685130888638,-0.5602321917913202,0.2234966671690596,0.03668735438447601,-0.02407182436746831,-0.006039105854797194,Красноуральск,Свердловская область
1995,0.09348610650299793,-0.12981521627720036,-0.07211497872585913,0.3322841035610348,-0.0031962798021753316,-0.18923430025040502,0.025079041731409346,0.007047682159126841,-0.01098576684994168,Красноуфимск,Свердловская область
1996,0.015370060004645284,-0.0026285123879416505,-0.03897280389637653,0.1848908760062055,-0.2607095637678598,0.05534333255136794,0.033390992300566684,-0.004852314167187896,-0.03950572429382874,Кушвинский,Свердловская область
1997,0.06043434854561439,0.05225726063240175,-0.11766757609725648,0.16845406262421525,-0.4153607867411888,0.25024036808722294,0.030154941063118137,0.0038447021010383797,-0.003472087212679803,Верхняя Тура,Свердловская область
1999,0.17156696971606578,-0.16837432234446945,-0.07865759075864075,0.41449371138891156,-0.13106146991958198,-0.09847699986082553,0.025957606647866734,-0.008038907150028937,-0.0469519907044211,Невьянский,Свердловская область
2000,0.3170095894235374,-0.2943290272204918,-0.030393960025402234,0.6157763896707562,-0.030504401401353836,-0.3226256725181147,0.03357110958098237,-0.0068375776378097886,-0.038664151561548454,Нижний Тагил,Свердловская область
2001,0.125833682585325,-0.009682205045703551,-0.0373433327528637,0.2814317187421268,-0.3605769688031346,0.06409411636496985,0.0366625052614527,-0.003954242671948623,0.02097699777476793,Нижняя Салда,Свердловская область
2002,0.12957015301598193,-0.10577230123913534,-0.05699163463426191,0.2083419166172812,-0.16331221895088296,0.05565756671239295,0.02500275143712611,-0.008896377835328012,-0.014993716340899577,Нижнетуринский,Свердловская область
2004,0.2392901785443687,-0.3041086512844767,-0.07503497082878317,0.6727926882360912,-0.07618783805125058,-0.279537899566185,0.03394533563689804,-0.010569488835230576,-0.04696849083290074,Первоуральск,Свердловская область
2005,0.27323196861278215,-0.17513190789805777,-0.05620231568012085,0.4942345090242443,-0.1645531914707861,-0.16042376546988607,0.025591400833023498,-0.009773213327396538,-0.0447900614143113,Полевской,Свердловская область
2006,0.26106024919552834,-0.19562511518341272,-0.11216807726693817,0.5025304592667758,-0.060031539269814194,-0.19678239904121622,0.03169167009050022,-0.00832784800718154,-0.023495197115248796,Ревда,Свердловская область
2007,0.02459215693688588,0.052421772723156713,-0.020992669579660932,-0.08767883980125822,-0.2380574173093252,0.232230482472483,0.0656549186771045,-0.016606810496790025,-0.025122652543048574,Дегтярск,Свердловская область
2008,0.1112784029447053,-0.059346688473109144,0.019582397558215465,0.28549674728553665,-0.1829576816163516,-0.12485144624889705,0.02794460194234432,-0.007074276640284857,-0.018102508941058193,Режевской,Свердловская область
2009,0.19049751256272582,0.008314704729233588,0.08768171995988062,0.05522313045483024,-0.3034327164284057,0.09013648978985599,0.03419536565058634,-0.01518646110992758,0.006146654576025978,Североуральский,Свердловская область
2010,0.20598102335134616,-0.1943051906682802,-0.06344980496517648,0.43076247139499574,-0.12620092596048835,-0.1088832212956561,0.039865931760104265,-0.003331651537632929,-0.016005906693378275,Серовский,Свердловская область
2011,0.1535090000662417,-0.07447674715392477,-0.07731000983069257,0.3218825944635118,-0.17446798967501695,-0.05770451929848266,0.018245502213824923,0.0039126436419797865,-0.017347112446876478,Сухой Лог,Свердловская область
2012,0.037275497165871606,0.018268476882534763,0.0515287438080688,-0.047231715180628055,-0.0633513613646826,-0.021290815639899336,0.047197122886271384,-0.025886557866991868,-0.10019787442768235,Тавдинский,Свердловская область
2015,0.01552832069934329,0.22020182119961543,0.007865828063328787,-0.18637628441508058,-0.16014849963320907,0.056380463290739556,0.030438618176415497,0.013912962707498977,0.0529245901873737,Алапаевское,Свердловская область
2017,-0.09062379940015612,0.1725308118683475,0.09468807083175056,-0.2395092788437776,0.07392320999333828,-0.16370948534426452,0.024837519546578687,0.0013713720418564491,-0.06860214845230304,Артинский,Свердловская область
2018,-0.1638829441253958,0.24122438678341154,-0.006668557270534485,-0.345621744102883,-0.06442633169405738,0.11341557478945698,0.08009634545546099,0.024672815066868404,0.07749142948501749,Ачитский,Свердловская область
2019,0.1148338603541706,-0.055897368096569845,-0.17979885480032345,0.14443047422257252,-0.0023864390034224656,0.03157551618313742,0.025930408797841552,-0.02463518350535687,-0.04511794762233721,Белоярский,Свердловская область
2021,0.040447526395677835,0.021722600913282614,-0.1595898313331144,-0.03691794731193948,0.007506229389369993,0.1052022768477951,0.026592762992068062,-0.0005370060960336875,-0.03797128687681106,Верхотурский,Свердловская область
2022,-0.1289971939146147,0.5576821327964208,0.09117661677484189,-0.7815395011926927,-0.044745272417939054,0.11534935254476363,0.07215482565469063,-0.009501959224890602,0.03594459007819887,Гаринский,Свердловская область
2023,-0.07868350138447489,0.25726498188634467,-0.1340650756086221,-0.17419036032499582,0.0003485838605278291,-0.0114348013078611,0.0469865769360342,-0.012830062895304417,-0.06362273564478381,Ирбитское,Свердловская область
2024,0.15281215074285703,-0.1037409053619761,-0.1033876927446349,0.3130680984827609,0.04943588694575185,-0.21745205881650712,0.029284821333514288,0.009368728584674265,-0.02281894128221244,Каменский,Свердловская область
2025,-0.07486637781528442,0.09325619990402739,-0.22861322443321508,0.13778312859484362,0.14190649886723763,-0.20640927442749887,0.04821839840852056,0.021390380430582764,-0.022772654190954977,Красноуфимский,Свердловская область
2027,-0.03767223355694216,0.09140388483970835,-0.24281009317097482,0.029100052429297456,-0.11790206399211071,0.1781315483994738,0.02597640225462988,-0.011889476569916827,0.08084385675709711,Бисертский,Свердловская область
2028,0.03355696282217413,0.06397285410789856,0.08990360247593948,-0.37151838883367,-0.0392201097449808,0.19478537050020597,0.02872815832892371,-0.007687565529478062,0.0453849256508129,Новолялинский,Свердловская область
2030,0.0012715089101152561,0.11011933467847451,-0.0062393941672979625,-0.24724973290417843,0.06960799694646706,0.011685123951927908,0.018601723538762247,-0.007576470660803914,-0.03590835954215934,Пышминский,Свердловская область
2031,0.055531388835947514,0.2345269838016544,-0.11865835884783121,-0.4558898025379227,-0.20423498340524196,0.48217948949473627,0.023455825253380424,0.0012247238272610553,0.07690214390759702,Сосьвинский,Свердловская область
2032,0.2510013912105697,-0.23542348413582304,-0.13431612190115108,0.44692198314910164,0.010117730159845703,-0.14937677876657832,0.04042661640086757,-0.013003459620056798,-0.033905896488513464,Сысертский,Свердловская область
2033,0.2717272828608317,-0.2869251720512725,-0.1266497249286284,0.47863461133469026,0.04167344962699245,-0.16880983547638842,0.04047549585702119,-0.01298408636788421,-0.049063791033365146,Арамильский,Свердловская область
2034,0.029294375450571602,0.005541294719075551,-0.012709951455120569,-0.03667545023423049,0.01872406395749408,-0.03695662848182374,0.015730373736087384,-0.001829139090214835,0.0025220846025545834,Талицкий,Свердловская область
2035,-0.06580741937787045,0.16938608194649318,0.12754218727232045,-0.2854578163916548,-0.2719609508502693,0.19841382652850567,0.041877495174336775,-0.018233979822819865,0.09007837029188326,Тугулымский,Свердловская область
2036,-0.016676767311483747,0.08014962624457132,0.02188491629401144,-0.14388426476144817,-0.06837629898126,0.04814934970951936,0.020310995322496438,0.008791264300811603,-0.0013568029754580286,Туринский,Свердловская область
2037,-0.11177384260778618,0.38830416545444946,0.09387977518988101,-0.7188876216989941,-0.058759954432308116,0.23338696399236616,0.02651569617671815,-0.006183049543545986,0.09904984195299742,Шалинский,Свердловская область
2039,-0.013723888692726524,0.1903418407180336,-0.08922715457366916,-0.3057807003112923,-0.04345198537488585,0.1860413280472081,0.032159001248603276,0.007861809688429906,0.0101403393257819,Байкаловский,Свердловская область
2040,0.22681816995099058,-0.13727562307195892,-0.30828333073008746,0.4422241171291364,0.01619610895084807,-0.07493794377254369,0.02955227204774266,0.005118837131946015,-0.005615454782200084,Камышловский,Свердловская область
2041,-0.022212135232894486,0.04813358272992332,-0.03509749716854562,-0.18968270560675327,-0.001626843381139868,0.11619679193190978,0.039995386838162075,-0.0029011396567918007,-0.0034389251071449364,Слободо-Туринский,Свердловская область
2042,0.012670421056079443,0.12467825720883775,0.030551708628260194,-0.23216704250936934,-0.10573422173444669,0.12059462691211174,0.023071440208591382,-0.006411393657395217,0.001249158551636755,Нижнесергинский,Свердловская область
2043,-0.06411965610261679,0.20068459781970704,0.14726144887879875,-0.573043892897405,0.062276632224025165,0.10074454248026797,0.04724117304354969,0.009371614702045797,0.03798412809657962,Таборинский,Свердловская область
2044,0.2912288845244886,-0.3526145421893045,-0.06936633687435144,0.549866056268349,-0.0034299376072040033,-0.18653191109209452,0.03215343964130858,-0.004147487327906596,-0.018431196357463337,Смоленск,Смоленская область
2045,0.23468342516887994,-0.006633669565066336,-0.021701032229877126,0.1552227014960901,-0.27123835718462735,0.08227368598887691,0.04125371380388316,0.026382822894977686,0.10509378738272136,Десногорск,Смоленская область
2046,-0.16692777885544627,0.09246479047594482,0.07105171609004096,-0.5815492628909199,-0.044301453748506914,0.4002575385788362,0.028030586988575027,0.009262596298608159,0.0612816839899768,Велижский,Смоленская область
2047,0.16228195539796167,-0.16871857340088506,-0.1433354235648118,0.26121579170020354,-0.06777367046588396,0.05653520423677141,0.030894658397134272,-0.004552603556619748,0.007894288200077834,Вяземский,Смоленская область
2048,0.18347965040246197,-0.10977184701809907,-0.13042058850634713,0.07023689707912205,-0.03790256629158221,0.14578143324230092,0.028881137648632083,-0.0017001415479399133,0.03893494853005617,Гагаринский,Смоленская область
2049,-0.17063818325794697,0.39485624832894306,0.20728404649225354,-1.0721604126668596,0.014894896478083655,0.3930485498729739,0.0384398453403026,0.00459375530750684,-0.10510962152895369,Глинковский,Смоленская область
2050,-0.2412897104966487,0.12434041538771166,0.016668251379183836,-0.5097781509711131,0.004537123253067543,0.30215568945654253,0.026554403117548222,-0.013538814663164533,-0.09087586228783633,Демидовский,Смоленская область
2051,0.10721729205255714,0.09796023373200004,0.055042711122163135,-0.002039247206802134,-0.42345035126336583,0.21040998212139894,0.03154503138368701,-0.029643743814580237,-0.02603811802647864,Дорогобужский,Смоленская область
2052,-0.09917502055812677,0.24431804955688427,0.11588548321985342,-0.8011390935617024,-0.13294648289797706,0.5118053721883365,0.04156449588333091,-0.04797867766037848,-0.04406296096724908,Духовщинский,Смоленская область
2053,-0.07412642631878714,0.13927522774525616,0.04505261928455134,-0.5036477354868513,-0.014824973591020049,0.27206819055345877,0.028107298218490864,-0.005281287459542118,0.0218222068328372,Ельнинский,Смоленская область
2054,-0.24345629921915699,0.3530040170990804,0.18939239030453847,-0.689849224682273,-0.08021117164943832,0.1655873174334868,0.04532188180301931,0.01576295080060572,0.12165678048716022,Ершичский,Смоленская область
2055,-0.1406716793574585,0.2386592620153886,0.09692771126874013,-0.4435801039427261,-0.2857640825836853,0.3316805417476781,0.04258583436677594,-0.027639250254345587,-0.14695516047987522,Кардымовский,Смоленская область
2056,-0.24121156754565476,0.2448089417954694,0.27352390841726937,-0.9974536477757803,0.053301812592706055,0.3637423134757303,0.04440956945959995,-0.013719017194661435,0.17867480275666736,Краснинский,Смоленская область
2057,-0.2991691603771158,0.2235739207770202,0.24136596254274148,-0.3014851461210093,-0.27295748129449604,0.04742607260113724,0.039252785744337285,-0.023841667300732283,-0.07847297188172915,Монастырщинский,Смоленская область
2058,-0.0865385582257036,0.27959747285230824,0.07518770818683346,-0.8480021261154312,0.004861198715191713,0.4262790748664928,0.022667707716838372,0.005226427124356729,-0.04040913660259878,Новодугинский,Смоленская область
2059,-0.07394272127823383,0.14870122752847156,0.03151895767803605,-0.4113134482659781,-0.11534686909095064,0.28436346065581525,0.02178754334182157,-0.010361117020563604,-0.007453559396797889,Починковский,Смоленская область
2060,0.028118509616314197,-0.057144492329068396,-0.06782934815890734,0.15214911470698575,-0.05091997634168344,-0.03833196937193253,0.014849615793051005,-0.009135399767036255,0.015663719297654772,Рославльский,Смоленская область
2061,-0.16269522008943316,0.009851800215486576,0.03228069512159817,-0.4428448012799544,0.07919685577282405,0.2594387786754402,0.02894666893334033,-0.012621281004317808,-0.005774976681518089,Руднянский,Смоленская область
2062,0.042816894714034305,-0.09212626942319103,-0.028533470160683916,0.17971361344819306,-0.18096263900110263,0.059832093642179764,0.016236297916574955,0.0037862198038863468,0.020423573130254707,Сафоновский,Смоленская область
2063,0.2956643233037382,-0.35599935637476804,-0.17577251619373632,0.4603219393197282,0.10843919298136144,-0.09906593122719,0.05116131866099607,-0.0026904287333714603,-0.006038248992113804,Смоленский,Смоленская область
2064,-0.012346265521448943,0.1501602400155216,-0.1239327882681645,-0.4490441348664646,-0.06911654129355005,0.4298565529180522,0.0214440735857807,-0.012638300551214956,0.05813840441191579,Сычевский,Смоленская область
2065,-0.021694903253496767,0.1859385760228809,0.0660903698283297,-1.027581073203241,-0.08924333403711837,0.8027187898945427,0.0555137646216329,-0.015442335926603379,0.4262014544979816,Темкинский,Смоленская область
2066,-0.0715823872800833,0.25798303572074904,-0.05777943081062751,-0.7855585439335689,0.06159159710102927,0.4616866704278111,0.02860718169603303,0.0006350100820981391,0.06725978153871974,Угранский,Смоленская область
2067,-0.22880232450434526,0.1872866223547213,0.15491864926513757,-0.6556429393041122,0.0018446869507344383,0.24951630923891285,0.0410016455345799,-0.016773629597724337,0.042126977552424484,Хиславичский,Смоленская область
2068,-0.08929169797016596,0.11312692744127238,-0.03411615608299551,-0.5948205612690356,0.008158786391666081,0.4455743320244858,0.03578573761229144,-0.0170514156128101,0.04199296318916331,Холм-Жирковский,Смоленская область
2069,-0.27002951333162795,0.023994822838188195,0.07710958542571465,0.046655445068621126,-0.22974902836329736,0.019912503536167376,0.02753548633032208,-0.010685836172434904,-0.10058689537564564,Шумячский,Смоленская область
2070,0.03876573001601232,-0.02055289056326968,0.0017855729157883842,0.16808617979581722,-0.29228658538721525,0.08089105174427337,0.026890534479564975,0.0038754586519142964,0.06276111897485788,Ярцевский,Смоленская область
2072,-0.13621125687515132,0.017771629698612512,0.09023747773927947,-0.45031327026009066,0.05701599464742502,0.2232114966801674,0.020132937235160252,-0.012834942459912338,-0.019158709404138552,Кирсанов,Тамбовская область
2073,-0.10588029378492887,0.082120890993562,0.20543033308597555,-0.3884106685412485,-0.3508473067518179,0.38963007971892466,0.030898863056908563,-0.027312750619246914,0.001750675935859906,Котовск,Тамбовская область
2074,0.0121421349454894,-0.2364496023669633,0.022443050775071232,0.15404169838002232,-0.008949100644664365,0.006837282361928136,0.022795453199462485,-0.016244103966544854,0.026034667750331458,Мичуринск,Тамбовская область
2075,-0.10605453922672758,-0.05746283433641972,0.19810909620545666,-0.43812080303534434,0.012107443257403391,0.2232904264142986,0.016665240124634655,-0.016859119794915795,0.037641323313160224,Моршанск,Тамбовская область
2076,-0.0905660811074432,-0.09038110073568607,0.14576236165559317,-0.3974294539320862,0.11943638682490754,0.16053513469266642,0.020364354553315707,-0.01282065794682804,0.026853042804157696,Рассказово,Тамбовская область
2077,-0.11152072756859395,0.050987038610782666,0.22473878734095387,-0.6121980446619434,-0.005052234689445119,0.2794477819050462,0.022760934552959945,-0.02635117593667451,0.035729307852355396,Уварово,Тамбовская область
2078,-0.3836893387983784,0.2847233208009739,0.5176758492557767,-1.1514027707533627,0.05287637496372107,0.23405055423828544,0.04231000063459448,0.003626503876795306,-0.009621245589939079,Бондарский,Тамбовская область
2079,-0.20111458777480684,0.09689409908111585,0.31315594760049875,-1.3638439727286042,0.35862108913264984,0.5330961654197334,0.051568064566040996,-0.016570513299100975,0.26454881214396925,Гавриловский,Тамбовская область
2080,-0.11665510502200209,0.03387631699212185,0.10206082144660468,-0.5285134210877529,0.03325143442369668,0.2972481767307245,0.023931323159628953,-0.01589417799947412,0.038060759878290086,Жердевский,Тамбовская область
2081,-0.19605678526329476,0.10339650701183713,0.10840974541590344,-0.5597750231328716,-0.10372163333820272,0.38961373254872833,0.04417000488187043,-0.0312965921719423,-0.022739281379051384,Знаменский,Тамбовская область
2082,-0.1992324198454892,0.023306837117008927,0.2116087540478604,-0.8190645716152553,0.06148649857148717,0.4605858103842914,0.024029091176248147,-0.020154841790976107,0.04248685629406738,Инжавинский,Тамбовская область
2085,-0.2244997802038747,0.16981212107872024,0.3031308511667052,-1.0707249793929035,0.02498887828792995,0.5107164573649428,0.0438831217377446,-0.040605112452266306,0.03634210547081632,Мордовский,Тамбовская область
2087,-0.21424413997470668,0.0773736633051494,0.17381065414081184,-0.6732426925440244,0.026246820440903724,0.33373488316255395,0.035734124792785565,-0.027373311086394136,-0.04361617129394709,Мучкапский,Тамбовская область
2088,-0.25413007326954,-0.026092950453685076,0.2631250276926878,-0.21008602138325974,-0.17668243548223947,0.08765970813189093,0.03877711617751539,-0.026186517214199234,-0.028987293332642956,Никифоровский,Тамбовская область
2089,-0.20636163933416887,0.0019962149629795443,0.08629978762003589,-0.6465976386047348,0.17278131954762158,0.32344364497949235,0.06295573655785036,-0.016006240405534933,0.06580865465310821,Первомайский,Тамбовская область
2090,-0.26820602983792025,0.08682253632001175,0.3241756843847156,-0.7188289500485795,-0.09942866118101334,0.3451827190302601,0.04805394168728496,-0.04633456913322803,0.004514097536536014,Петровский,Тамбовская область
2091,-0.2737871588610134,0.22211054836304986,0.4783827317347924,-1.3128937024262541,0.18975772759074125,0.36056602324306547,0.040622292044046666,0.001452737820151521,0.06488764669871998,Пичаевский,Тамбовская область
2093,-0.21539704499230675,-0.07374763431037389,0.06786557406506878,-0.2944661295333926,0.06327767511303606,0.17499384317105715,0.02986913128504973,-0.015210177598847066,0.09694067325179244,Ржаксинский,Тамбовская область
2094,-0.21504640469970707,0.25439236618750743,0.17199540521563614,-0.6968664373637988,-0.05915123825424329,0.2675532327202934,0.03503073493358604,0.0005559129643812055,-0.1309188345951043,Сампурский,Тамбовская область
2095,-0.3026624012015053,0.1608452103435262,0.388001221010246,-1.1423661780706913,0.09335549452574525,0.43808758069656734,0.04025949310592013,-0.046976389365222915,-0.20544859537988902,Сосновский,Тамбовская область
2096,-0.2532604640274694,0.07991351532465486,0.40176946172266503,-0.8732697803157535,0.10182840440557057,0.22768172736825845,0.029322963311369674,-0.012682353517190345,-0.11363531237215733,Староюрьевский,Тамбовская область
2098,-0.19904780672723646,0.06478294673682145,0.19675130090920612,-0.6833134988938939,-0.035216429599637,0.39491900935289775,0.030775390790366227,-0.02247297436454525,-0.09731301090026134,Токарёвский,Тамбовская область
2100,-0.23547164215088454,-0.05332896881418745,-0.157388952817977,-0.17308854655369457,-0.04751956501165048,0.3692493617029035,0.03388041927584693,-0.014247974746103278,0.08555529016831531,Умётский,Тамбовская область
2101,0.3725567411296545,-0.3620700425721786,-0.048841014942562454,0.5444287708004629,0.010339381137618342,-0.20593376591794535,0.025877587005340406,-0.0032607239289952164,-0.024055411206998462,Тверь,Тверская область
2105,0.14324525489186066,-0.04118913672321369,-0.08717064184406333,0.022775554714930885,-0.29067917159547074,0.33418672395321125,0.02449160284560431,-0.0019983586704441134,0.04416016610063114,Осташковский,Тверская область
2108,0.1560262833316611,-0.18943567085093493,-0.1484903570408001,0.2899278717890121,-0.14974209790048998,0.13566358250860752,0.03592434994681442,0.0010173474562879998,-0.01640703016181444,Торжок,Тверская область
2109,0.2272114774952425,-0.11541547472244912,-0.06583187007036967,0.3875648623059769,-0.40546116834966056,0.13706697934189785,0.03809281848108268,0.009510216539126906,0.007928467572378898,Удомельский,Тверская область
2110,0.05209265176515254,-0.0005593993671255496,-0.09779612941901944,-0.4157013610537,-0.042577814307764826,0.4945580326530045,0.020490973312438876,0.009720136371945317,0.19024588067412085,Андреапольский,Тверская область
2111,-0.020070626487887672,0.011473134980003926,-0.047647404468073196,-0.09007413257201463,-0.25965710657682695,0.3238288371423051,0.023058951304731144,-0.008186460156486943,0.013741515115338504,Бежецкий,Тверская область
2112,-0.10949528080927558,0.20579975178147059,-0.08972971158222155,-0.6522345679438818,-0.12574241836536737,0.5998302746153935,0.04492604199323603,1.3292712614183336e-05,0.02024176236451758,Бельский,Тверская область
2113,0.051227288329157426,-0.008373426069718711,-0.08284439810399714,-0.15863251796595249,-0.0697871556089406,0.25756082625400206,0.016819750122157022,-0.0020243791495811667,0.008381927195970529,Бологовский,Тверская область
2114,-0.10302291781994592,0.06625465189118061,-0.10820388893871863,-0.15296974330614962,-0.3286934726919714,0.46153578155105374,0.022285952912802633,-0.00021458118211421795,-0.0676102801420137,Весьегонский,Тверская область
2116,-0.12747901233771222,0.24042740332933535,0.09439445773696976,-1.1293829097440977,0.023416196448608557,0.709068180734579,0.030092236552706413,0.003687745034288028,0.27251811921239927,Жарковский,Тверская область
2117,-0.0487601228597682,0.0604666273949527,-0.11726676691602717,-0.47737541200006445,0.06783708197532927,0.4042617980512042,0.03384991576720887,0.015298897013294564,0.15517515348774272,Западнодвинский,Тверская область
2118,-0.04795144607713012,0.07612746145349442,-0.1322103083550509,-0.36697650669785936,-0.08540592888747085,0.4463886109922807,0.025934976974708403,-0.007170656298010431,0.03235255003093627,Зубцовский,Тверская область
2119,0.32608274075016336,-0.39401850865249144,-0.22294734963142263,0.5425025663799318,0.1077342651548967,-0.09534764474551984,0.03728222723357025,-0.010001026082944712,-0.0199086725924984,Калининский,Тверская область
2120,0.08376748002526857,-0.010202104624387956,-0.14063567368123167,-0.17227140306606792,-0.12575892248537568,0.3867914323624568,0.026649416803679542,0.011083883704279188,0.0010606664089365,Калязинский,Тверская область
2121,-0.01745889789025486,0.09569479256805012,0.12512828216411123,-0.39902417517736916,-0.2413425769983166,0.3574670059489183,0.014852632592048715,0.005337827412435232,0.008615079765080821,Кашинский,Тверская область
2122,-0.0074398788408934395,-0.08446147818900639,-0.015049677005727772,-0.431798429460759,-0.08787022445090358,0.5571031376117904,0.02740037369472732,0.0020717274983645937,0.09847698260750687,Кесовогорский,Тверская область
2124,0.22352336930755512,-0.2262758489978619,-0.09692274366575547,0.2706581410636975,-0.20507688698997464,0.1955406670952884,0.029436291959723436,-0.0035578616906067526,-0.009413352764093682,Конаковский,Тверская область
2125,-0.1630255024085665,0.17514253012489864,0.038841627098788,-0.6590924080729346,-0.08919427250264773,0.4722258518572889,0.02947526720672749,0.005460690374877508,0.006285519043622141,Краснохолмский,Тверская область
2126,0.046521715220913196,0.010139760397359698,-0.14696043699720504,-0.19247719827484175,-0.18126357878156993,0.44848478216165105,0.022210209041081407,-0.0018287972445482452,0.08124652855745372,Кувшиновский,Тверская область
2127,-0.1286193899362491,0.2889427190157989,0.15038044840501671,-0.8726115780839437,0.09590997965730867,0.27530175951121305,0.04604670471604846,-0.004560679600597102,0.06480360556180813,Лесной,Тверская область
2128,-0.03747793526102935,0.18570964070653181,-0.015232948673584176,-0.3708819054162113,-0.15302375114954359,0.2913522930382024,0.0223775247459623,-0.022537558358789376,-0.05993362600432919,Лихославльский,Тверская область
2129,-0.099539903927361,0.08068115888580495,-0.0009202444722716252,-0.3553436514695936,-0.10907574063359571,0.3225818061950511,0.027860917504562818,0.011532793398817187,-0.0033213348865308023,Максатихинский,Тверская область
2130,-0.12827619386539232,0.3988335552409306,-0.5128560210861411,-1.1442742771042242,0.4675786800171767,0.7286413914376523,0.054222620091770084,0.005007232270630796,0.03626297464082858,Молоковский,Тверская область
2131,-0.004200586254914003,0.07639788003131663,-0.20609394515769006,0.0071352031016000406,-0.32649744671757946,0.38698163724774837,0.018654326474979405,0.004224987577387724,0.029700957683821933,Нелидовский,Тверская область
2132,-0.04668852035511054,0.2164253341584713,-0.04181540036913717,-0.8411205594695819,0.07705488435746703,0.5273790698281758,0.03149410605229801,0.016474671424703265,0.020723475761964687,Оленинский,Тверская область
2133,0.00377654984279426,0.09848826368129328,-0.008076235798827455,-0.7030990392912669,-0.01867216103262685,0.569282500946822,0.041007349026377246,0.008493038028348774,0.013359821210906139,Пеновский,Тверская область
2134,-0.11188233478447447,0.3127717600613939,-0.046980599476683184,-0.6880345958068337,-0.12202134298286049,0.4821881067103771,0.041077015483897715,0.0015771551845726827,0.07511568702983502,Рамешковский,Тверская область
2136,-0.10617679367954835,0.24247685884791237,-0.504117006102259,-0.5029155010274402,0.2899958211588624,0.41248315562831867,0.03726658051296892,0.012296990051368084,-0.04108628080053437,Сандовский,Тверская область
2137,-0.05821413084820515,0.03417200730352996,-0.02113025961248381,-0.5955372165253471,-0.019783940742305755,0.5402027380820013,0.020812890334720956,0.007452644176418814,0.09282925913623612,Селижаровский,Тверская область
2138,-0.10386927378867254,0.3656824471503635,-0.025748676658185088,-0.917022448925045,-0.027722402183674794,0.542734409121935,0.0350196430892391,-0.0015042533070990932,0.0862569079824389,Сонковский,Тверская область
2139,-0.11642721527585853,0.14061391553480798,-0.029480682490122645,-0.45463334391389004,-0.07889652178382556,0.36031996115842535,0.023965616821695755,0.004783635340568582,0.14125354492823664,Спировский,Тверская область
2140,-0.046772542564866036,0.1157419384731687,0.11474121522269382,-0.5866979535475073,-0.1190025286912673,0.4131406570483058,0.024004119535804086,0.005504847323980935,0.07172010796463457,Старицкий,Тверская область
2142,0.03177212263533898,0.0866822335755893,0.03123642094270553,-0.6295656686143724,0.07901513754144736,0.3705552050600243,0.04089788383082644,0.006730164246205574,0.1653000636250812,Торопецкий,Тверская область
2143,-0.05022577443771592,0.058520390871479734,-0.10269482223794911,-0.5641261351398842,0.02487374698994797,0.5213501480218011,0.04009992019131904,0.02395667543145515,0.09215118594480072,Фировский,Тверская область
2144,0.35357024774938434,-0.34970768228480065,0.051030529264349866,0.6610834227385909,0.005782062153186958,-0.4302650033659315,0.027957592100519076,0.00901258333418714,-0.057627025950670374,Томск,Томская область
2145,0.14006638590504772,0.4231972937704558,0.06589746812187545,-0.6289859088981307,-0.6885017734311956,0.766316248942389,0.04635084177226493,0.029186419589189105,0.35360820793211206,Кедровый,Томская область
2146,0.35945494505772424,-0.07093208399602101,-0.07813177513712287,0.4877121825794209,-0.29389322410532415,-0.10683177083555716,0.04555561141473091,0.022945464730198983,0.01658862865284379,Стрежевой,Томская область
2148,0.17269419847054204,0.07180333151945094,0.03651580081940203,0.2877710130877967,-0.2844660061260764,-0.1737008107951795,0.03271167567755468,0.035564151163858033,0.08393143553263506,Александровский,Томская область
2149,-0.03994190854669758,0.2010795294922875,0.08143144781595525,-0.14449541141251937,-0.04228022935292841,-0.15781200803740042,0.03405416879084688,0.020103477277950324,-0.0025309203679613292,Асиновский,Томская область
2150,-0.06676309508706064,0.2052300739412131,0.06771349396827203,-0.7726576116063041,0.11510471972338839,0.32253265247882457,0.029293380739027684,0.03249097249074361,0.10127839759827258,Бакчарский,Томская область
2151,0.0522747989593472,0.3594022805772668,-0.2765170488485866,-0.22767714973203357,-0.11048993251552837,0.19320517902427584,0.026926621459420232,0.02187449419547405,0.11605494798582001,Верхнекетский,Томская область
2152,-0.20048340845840715,0.25045712540776105,0.0947398807011348,-0.6158752683745523,0.008751452283496905,0.19985013848755395,0.02963547524043981,-0.0018025515152233402,0.021551037604374674,Зырянский,Томская область
2153,0.055267357532714355,-0.0018433212734792852,0.425373307727744,-0.18769320766752162,-0.3359848610973292,0.03807141081598144,0.02681585758489313,0.031323911482577176,0.011305557065618125,Каргасокский,Томская область
2154,-0.1535251016654616,0.3416792318531267,0.12102722141488219,-0.5387242787228351,-0.08506146780993167,0.09900262177015268,0.026028772916276418,0.016287138317677113,-0.016418790323006267,Кожевниковский,Томская область
2155,0.10188338806394848,0.09294362162693198,0.04029574275247596,-0.22827296770571517,-0.03846708522196599,0.07142401705366824,0.018424817277528927,0.015673459670155026,0.027102018679074014,Колпашевский,Томская область
2156,-0.07392838436692391,0.3139856678083297,0.13361324147978776,-0.7850020629831471,0.040006996469621026,0.23531948573080244,0.03208874587407895,0.010699941864528084,0.049387243610624375,Кривошеинский,Томская область
2157,-0.02312943951924451,0.27073934000842653,0.11014071570926952,-0.6193995848174484,-0.05939095142278324,0.23583380902792994,0.04510099989263029,0.03028997138624397,0.03732545249462793,Молчановский,Томская область
2158,0.11252689766116679,0.09166895293733018,-0.07988373859005847,-0.07015695056157988,-0.24007436864836762,0.23636943336807117,0.03509673838779062,0.02607068907376363,0.0049975555633452835,Парабельский,Томская область
2159,-0.12699252337636394,0.2892009342035733,0.17036677308495185,-0.6369669373248331,0.07158579065445754,0.04373676788724514,0.03549820213986225,0.00953533572709426,0.021612242608602134,Первомайский,Томская область
2160,-0.04717386374741639,0.428779947615892,0.10723238096360398,-1.0076877410453022,-0.034670398967502646,0.44426913993870376,0.03577996102746415,-0.0009324850510188387,-0.04803843160092954,Тегульдетский,Томская область
2161,0.38307461947147087,-0.3980756386431458,0.01648423342302265,0.6123264091515771,0.09028639038474569,-0.38309806581080524,0.04593844941194609,0.008375547140958617,-0.0464739459399471,Томский,Томская область
2162,-0.05121964291544826,0.24831881143250242,0.029135847280823468,-0.696426737422461,-0.006219208836874916,0.3631146160514043,0.031032351936458494,0.022297129849698703,0.03598266267908153,Чаинский,Томская область
2163,-0.11221484351929838,0.25930772422360165,0.11304896230586904,-0.2530671149046851,-0.12584018325979784,-0.05552605985959393,0.04590800116393541,0.017765481501145437,-0.034428529716001834,Шегарский,Томская область
2164,0.3991555257790742,-0.36532570005788906,-0.022150751457927203,0.49897523033680685,-0.014725697441927496,-0.158849752873669,0.031141077037072785,-0.006763329665468776,0.004932386295499895,Тула,Тульская область
2165,0.21332603938093064,-0.15709866309436432,-0.02146434295898893,0.16499136134636722,-0.14739836601314182,0.09889333922552222,0.03718556986348338,-0.0048799191915613145,0.056597998252377824,Алексин,Тульская область
2167,0.10742226419960721,-0.1709597663200403,-0.05338961535788017,0.158479292096888,-0.0816473828689331,0.0854408009553582,0.04458451232369776,-0.011209357563811029,0.05776809143899281,Донской,Тульская область
2168,0.1516166351045555,-0.15409252256613862,0.02804695990677103,0.012957924667160448,-0.05554201038656392,0.10655297688416489,0.03234702370778509,0.0005505465704573979,0.01584906530250002,Ефремов,Тульская область
2169,0.2614112406638605,-0.30263932349180983,-0.04217430809000113,0.34747017702116684,-0.04292705273369476,-0.021806164200267136,0.03407289674264378,-0.010969547638658187,0.0515906651897442,Новомосковск,Тульская область
2171,0.01954589516294547,-0.014818248171431606,-0.03324446178236309,-0.31092281715379805,-0.14050520103735767,0.43741405665034455,0.03275370189874474,-0.004658134323981915,0.13014764728160813,Арсеньевский,Тульская область
2172,0.026955886306287313,-0.029811846304654,0.17673919930825002,-0.5974112416118617,-0.11363988510461283,0.5020471022182732,0.022755016719590255,-0.022133995205475765,0.13645343899062853,Белевский,Тульская область
2173,0.10175778683894943,-0.12512473362616144,0.10232413525305974,-0.1136381050549481,-0.13010880652788223,0.20447083846132555,0.025441172819373765,-0.008621642242057304,0.04006035717568404,Богородицкий,Тульская область
2174,0.05353106058266621,0.04129692261703186,0.058528203227790565,-0.31948172466409513,-0.21636450938667182,0.3739444367113391,0.021212810834188463,-0.013991468107427426,0.08393596629480977,Веневский,Тульская область
2175,0.016902291376658996,0.12126176443825655,0.14859989878834504,-0.6388530667032347,-0.12424371415327158,0.43115844613529797,0.027833554686191017,-0.007248901020508199,0.06927903797328598,Воловский,Тульская область
2176,-0.01247293410883373,0.10382727221619793,0.11713819755522205,-0.6297969872687476,-0.2652701451547303,0.6120249911574527,0.04497345985214016,-0.013857197659043806,-0.008577849329066911,Дубенский,Тульская область
2177,0.24744272014074364,-0.12925022761158791,-0.12002749313247628,-0.015464311065949274,-0.03014622027212906,0.23281158058753712,0.038825879276138314,8.247709269763408e-05,0.025586934090966778,Заокский,Тульская область
2178,-0.047576189911359,0.2579203765126225,0.20578991555599102,-0.9520476705284114,-0.2092708833396745,0.6355315903048668,0.04752367202146979,-0.03033933317777888,0.009012936651022466,Каменский,Тульская область
2179,-0.01967671520963739,-0.00961439727739131,0.11116046943053805,-0.3217142752200596,-0.1581937971279361,0.3162853287002429,0.021318674985908944,-0.016772518227086666,0.07610711287973483,Кимовский,Тульская область
2180,0.04500683824523873,0.06368897324129218,0.08714826139525399,-0.3131759356394486,-0.3003786210384959,0.4006406505467926,0.016611929015534,-0.013845837221835154,0.06218545289261954,Киреевский,Тульская область
2181,-0.021031924711110667,0.2024476164668765,0.1950883212666593,-0.9689466594455841,-0.05162129440208777,0.5609553446195296,0.029196373326861855,-0.02496298119407547,0.1209841486282482,Куркинский,Тульская область
2182,0.009705819604721203,-0.039110629689975716,-0.021310163372952384,-0.32205461899493204,-0.13553691315996838,0.45593565372322237,0.03137791235131354,-0.015142623967456878,0.028762324451220855,Одоевский,Тульская область
2183,0.0945722951997725,0.02461920949897158,-0.09905961346066178,-0.2087361593892866,-0.11026124779475366,0.33136113965112357,0.023709109591321165,-0.02517815965230863,0.055701031899455335,Плавский,Тульская область
2184,0.0024605813398208554,0.05192731980182821,0.12328067302042377,-0.49751398800772817,-0.06113813559651471,0.3213674592873852,0.022188768182455035,-0.02887490395201849,0.08263694943108511,Суворовский,Тульская область
2185,-0.03829167530775942,0.04052891963501376,0.16624403128503443,-0.5973881438201407,-0.10328417229614706,0.4318226937016338,0.03224368112858682,-0.014899096794415215,0.05996141986786826,Тепло-Огаревский,Тульская область
2186,0.17396298583445136,-0.15810393237521908,0.019034241005871828,0.18724763994743823,-0.1953218906205653,0.0850672705478678,0.04280090811160252,-0.009703270878996731,0.04508958814659345,Узловский,Тульская область
2187,0.05841551697132482,0.05882875605382278,-0.14081839316490558,-0.39619997717381233,0.034156588076901806,0.3819563547133879,0.026988368449406826,-0.005620820005601307,-0.019963266451706336,Чернский,Тульская область
2188,0.23930525832390082,-0.21740572740312547,0.0007981536411834264,0.24501858694164355,-0.16654700377791498,0.07605931910360714,0.04186710826498609,-0.007688329883422422,0.05095605309792776,Щекинский,Тульская область
2189,0.1297850926454518,-0.07477215727350549,-0.10972752977913248,0.007500557083408706,-0.22865626335340147,0.3435787218280248,0.02475881181019896,-0.026337749360432056,-0.02012687983030929,Ясногорский,Тульская область
2190,0.5018886631305769,-0.4582252660177235,0.00692159307343541,0.7553860483347495,0.055281188987817975,-0.42144023587288476,0.027992042333894233,0.00851226606822312,-0.022164558438808823,Тюмень,Тюменская область
2191,0.09643273941402948,-0.07079932623052511,-0.036938149291760036,-0.0390748358840079,0.13437503233640735,-0.04963939242472043,0.018866333992267222,0.011698422122598051,-0.056191279006667615,Заводоуковский,Тюменская область
2192,0.167181035142106,-0.14658800714713402,-0.16991585982055635,0.2643154566592991,0.10673389268363598,-0.1166221538698507,0.02928553137670748,0.017298105956763093,-0.029768755238418005,Ишим,Тюменская область
2193,0.3776906152512123,-0.3110428197782637,-0.15822039888585576,0.6786230437001893,0.032050347069777385,-0.30348684360045347,0.029390169371922,0.009981496227903378,-0.03534706767739689,Тобольск,Тюменская область
2194,0.10946706644317405,-0.09197134012420799,-0.03698022878394034,0.04045929034853222,0.1508274001432668,-0.12441179307825573,0.015914306837736068,0.0035148784875363623,-0.03944092921670906,Ялуторовск,Тюменская область
2195,-0.04563096456776735,0.09380068315879947,0.0004820612558906571,-0.601718915363789,0.3007724800088679,0.14458701944562563,0.025752351222629984,0.017068771497449422,0.006362972510952303,Абатский,Тюменская область
2196,-0.06100555979713559,0.018427679548449354,0.08759484276495431,-0.7421048221554045,0.1568207455402798,0.41718488280711563,0.03756481172573561,0.0037465417148625523,-0.046382213399201976,Армизонский,Тюменская область
2197,-0.10935435976990997,0.20540236445664675,0.18211148096158478,-0.9357549578620598,0.2804787059330195,0.205685735016203,0.027929896403489234,0.003168230668661643,0.11709321591932365,Аромашевский,Тюменская область
2198,-0.05221443007541193,0.19329326212520445,0.051545342316743736,-0.8579248339322678,0.23336184640332444,0.3176477115923892,0.02331229128476905,0.004510398436705347,0.015830966418175867,Бердюжский,Тюменская область
2199,-0.06913341600657634,0.07166028535416068,-0.06486475584789214,-0.23896737642947544,0.11376239584776764,0.05633277958083325,0.055073119464416474,0.005866986119247154,-0.05064163795059101,Вагайский,Тюменская область
2200,-0.049089334956288054,0.08064590696146103,-0.12050804653549106,-0.1628522260652258,0.07607016587559197,0.06456752826905893,0.028989534727611056,0.016142299591504896,-0.15011601874112554,Викуловский,Тюменская область
2201,-0.05046165192938057,0.15671095616554956,0.041168695952509736,-0.6454610549990695,0.3024730970383103,0.08303163434809512,0.014865138841369304,-0.0007892877832481974,0.0747427647896239,Голышмановский,Тюменская область
2202,-0.039984879896682056,0.031511639869771256,-0.06534182380116173,-0.1941217614769011,0.18378949515371043,-0.017914221240024713,0.04336383024122109,-0.00207106876377579,-0.015777599320843067,Исетский,Тюменская область
2203,0.015499751441556242,-0.038761940425654486,-0.07862731408947249,0.008288836686403697,0.15045892549421888,-0.10343517916010124,0.03717098857877203,0.00295592120186002,-0.09227342521543229,Ишимский,Тюменская область
2204,-0.06080835351309225,0.152076274140684,-0.04891315930567088,-0.636188811837424,0.16604808978172425,0.3049009357260796,0.030448192616871844,0.027124578237124178,-0.03365401813668271,Казанский,Тюменская область
2205,-0.05128821911001532,0.2396888505477709,-0.07908590982106217,-0.45835900959302417,0.061250126595960075,0.17442927077575102,0.040187481756562386,-0.00446521986365115,-0.21908123829830525,Нижнетавдинский,Тюменская область
2206,-0.03516796270598096,0.062358273945535635,0.06595152334784077,-0.5276548202579882,0.14982832248948752,0.18744002898051773,0.02334146355896491,0.008800175070386999,0.02454828746554949,Омутинский,Тюменская область
2207,-0.14031987766519202,0.21310053299129997,0.04929793127616535,-0.7976273224847463,0.16601636878944123,0.30713581793323425,0.0443623526328183,0.010291073857673147,-0.0994768832486171,Сладковский,Тюменская область
2208,0.012121547699706156,0.15616106858455045,-0.13903117819296754,-0.5261452044138103,0.2902838133753457,0.15665482915227583,0.04307254962959638,0.01550443459590182,-0.16774584435328818,Сорокинский,Тюменская область
2210,0.3550593055298699,-0.40359416842329504,-0.09480196027435774,0.60854225639379,0.10454078190351408,-0.2767635810942588,0.06555668793395762,0.00436159098388524,-0.018599883048521226,Тюменский,Тюменская область
2211,0.2142152001192863,0.028808849297616197,-0.20196571953843115,-0.021722979008198435,-0.18388285446487515,0.3166860322192829,0.05999611902303631,0.020700118568223846,0.006477255585324221,Уватский,Тюменская область
2212,-0.02083892636086171,0.19662183600893537,0.023210372995345063,-0.4833015223390172,0.1409701832491195,0.06042245859101242,0.021316217364365148,0.00853865184517503,-0.08002878954648769,Упоровский,Тюменская область
2213,-0.01622174033489247,0.20311347148962441,0.13510237744357798,-0.8565852099530681,0.12874633675168137,0.32754635277357824,0.03221895519635634,0.010011635814112317,-0.1554275337463151,Юргинский,Тюменская область
2215,-0.07004782162679864,0.11713345884903202,-0.12736573586729388,-0.0363439481490237,0.07328020256454837,-0.08878064889186882,0.03625108647424097,0.0026513353844315143,-0.06861355053353312,Ярковский,Тюменская область
2216,0.6180303951406038,-0.43623580411400736,-0.29808365316017515,0.8923777286414835,0.02107172536877992,-0.2412066682306866,0.029600674164924297,0.03210079929700597,-0.030203908343932568,Ханты-Мансийск,Ханты-Мансийский автономный округ — Югра
2217,0.52748881786715,-0.3558048673977403,-0.26524355091971213,0.8162406127596394,-0.1330843512146089,-0.12418451472218389,0.04391138924291653,0.04612102839294282,-0.002650169997624685,Когалым,Ханты-Мансийский автономный округ — Югра
2218,0.3290221069139676,-0.19378630424747192,-0.21395244659615545,0.7127411421044121,-0.3449921141786958,-0.02208694857669478,0.03216697838779231,0.01710315062363706,0.03583836493442368,Лангепас,Ханты-Мансийский автономный округ — Югра
2219,0.46000912880260314,-0.25855632584455385,-0.09002284957280883,0.7420824133242553,-0.29159276643175513,-0.16398714296974373,0.038367419894532045,0.033673639822416224,0.016997931715776904,Мегион,Ханты-Мансийский автономный округ — Югра
2220,0.5258937603957138,-0.3204410671323816,-0.17111179292654324,0.7427786165305067,-0.05272547108790678,-0.2605769568782817,0.03448220484157169,0.032606514532797726,0.005129112817563675,Нефтеюганск,Ханты-Мансийский автономный округ — Югра
2221,0.5398043953154915,-0.3295935391087178,-0.15740569612283342,0.8824058827260725,-0.05463551876126579,-0.4028478002278603,0.03058249707898957,0.027029060344851048,-0.0007590305400264619,Нижневартовск,Ханты-Мансийский автономный округ — Югра
2222,0.5354042753101901,-0.2362192533596312,-0.21288597340253404,0.710914851167049,-0.18845612078355414,-0.13543017511593505,0.031715402137845586,0.03278645336017053,0.02062183420529166,Нягань,Ханты-Мансийский автономный округ — Югра
2223,0.3425501977875869,-0.17268610311074215,-0.20917622325497565,0.4617315432037725,-0.31348146091321766,0.17153557258055638,0.04424305543221158,0.04638267065322917,0.09796608560331106,Покачи,Ханты-Мансийский автономный округ — Югра
2224,0.38383006526659,-0.20897769829340895,-0.31869120019943503,0.546764828579838,-0.038202462789516035,-0.042970138792082536,0.0434004946251308,0.035293902914607024,0.05747714148552611,Пыть-Ях,Ханты-Мансийский автономный округ — Югра
2225,0.24365256334098548,-0.10632028956345935,-0.2593068218942647,0.6289247105213701,-0.35516725910101005,0.029792988542758303,0.05558738267333685,0.05244383998957641,0.08044974168516772,Радужный,Ханты-Мансийский автономный округ — Югра
2226,0.5821529212032482,-0.3775885719057219,-0.1597772499143582,0.8486358810211491,0.012986465185368576,-0.3863331958810406,0.03179307646679794,0.025481895229716556,-0.008286958268659328,Сургут,Ханты-Мансийский автономный округ — Югра
2227,0.4719164855431706,-0.270518112480379,-0.2109555487603975,0.5668127791569215,-0.09614457505190077,-0.05127121435884887,0.03403134464760365,0.03820370824318373,-0.018981598460835174,Урай,Ханты-Мансийский автономный округ — Югра
2228,0.3886806091984047,-0.29934924096830734,-0.21878419532114565,0.5773290498633501,0.008634363864296243,-0.12990664893279774,0.03708621492843074,0.04452886281284143,0.03796291320963278,Югорск,Ханты-Мансийский автономный округ — Югра
2229,0.39033393452354875,-0.20688890076710076,-0.2092948843353876,0.6998455053132425,-0.26388256618358025,-0.08185582552177918,0.055867563311627726,0.06906148169011071,-0.028645606785223803,Белоярский,Ханты-Мансийский автономный округ — Югра
2230,0.36090387787116085,-0.01068430829698791,-0.23470096839787025,0.04893119550217445,-0.03772423119639149,0.1721016408944691,0.06777684801466706,0.08501839877517707,0.21352930158532554,Березовский,Ханты-Мансийский автономный округ — Югра
2231,0.30779714498374205,-0.12614732527075737,-0.2646905379539303,0.13381080409509677,0.017693538340323167,0.17725684929466246,0.030050236952650366,0.015717320832953685,0.025006350839643126,Кондинский,Ханты-Мансийский автономный округ — Югра
2232,0.364190009978742,-0.1771705013769779,-0.22045263053068673,0.36786924904867896,-0.13567859055491652,0.10335580191929762,0.03230386180726191,0.04194387907439007,0.10014709295140616,Нефтеюганский,Ханты-Мансийский автономный округ — Югра
2233,0.18724329236503726,-0.12001206389479945,-0.261461242904572,0.5033826024567939,-0.2880134399279615,0.10402747277593355,0.041621027858711065,0.03122196211150523,0.08077008938379333,Нижневартовский,Ханты-Мансийский автономный округ — Югра
2234,0.2918435537922655,0.037227884708772675,-0.19349526171307363,0.12059485298481248,-0.2670941233628313,0.24068997588771324,0.03836191928770332,0.048270693024802115,0.1684705902171427,Октябрьский,Ханты-Мансийский автономный округ — Югра
2235,0.3035617219264028,-0.11178284049746717,-0.2744579792330773,0.29804520965485276,0.04102024875013029,-0.014901310169044482,0.030783452371060206,0.027246794280130344,0.058111809452110176,Советский,Ханты-Мансийский автономный округ — Югра
2236,0.343143372817124,-0.2041788350600879,-0.26622349369834586,0.6349519816450985,-0.19513062242768534,-0.03149570195358359,0.04534673350429528,0.02189006084134258,-0.0022470698968386493,Сургутский,Ханты-Мансийский автономный округ — Югра
2237,0.22971301446284645,-0.18275452833974373,-0.44143986448127676,0.6762639860899448,0.17758174492504034,-0.2917280096885715,0.03874623772517115,0.011512872601433383,-0.02694834657684823,Ханты-Мансийский,Ханты-Мансийский автономный округ — Югра
2238,0.7812990024175764,-0.2710598085468929,-0.16124766793871542,0.6012143594995045,0.12462069334841334,-0.3556042478569145,0.06073856347574349,0.08522812564305342,0.1199178999931055,Салехард,Ямало-Ненецкий автономный округ
2241,0.48463803989665033,-0.20365860852874865,-0.2862665130262714,0.618188754583056,-0.3257670597397763,0.13542675521713482,0.05243776500943896,0.06332323674160856,0.12177247452178104,Муравленко,Ямало-Ненецкий автономный округ
2242,0.6065490739388636,-0.4558565115772251,-0.23336104858349804,0.882226125697569,-0.038896179912515816,-0.21618905711893532,0.0645945099737393,0.08157849713467362,0.052727956633706365,Новый Уренгой,Ямало-Ненецкий автономный округ
2243,0.5605640316151564,-0.3029604260678808,-0.23972902310061528,0.7022556177709971,-0.08263952246497552,-0.13900331763213064,0.054516100704440004,0.06594360984754828,0.06976974960113617,Ноябрьск,Ямало-Ненецкий автономный округ
2244,0.5573668347971109,0.19969549114843463,0.01880930978401783,0.4044927879201426,-0.4318684127870836,-0.25320584756011694,0.10325752637841958,0.14202403543813077,0.3008464446189549,Красноселькупский,Ямало-Ненецкий автономный округ
2245,0.5349999456617937,-0.28123808190118366,-0.2372248440617247,0.7821229035629234,-0.28454977361958594,-0.041186875475035835,0.06599819756895058,0.09078507021892697,0.08136532965114467,Надымский,Ямало-Ненецкий автономный округ
2248,0.5382883196179394,-0.12233232779760951,-0.3014323288012952,0.6305773738862176,-0.34591426694379845,0.07702487816187996,0.08017968544887763,0.12057646436711704,0.1634491449914798,Тазовский,Ямало-Ненецкий автономный округ
2249,0.4894352922593373,0.3267387641048108,-0.11718859368693534,-0.13676368824213678,0.14241415309346125,-0.27727730676380463,0.12288054814567356,0.17614594163313566,0.5012391332374025,Шурышкарский,Ямало-Ненецкий автономный округ
2250,0.5843416873999833,0.14022681209875285,-0.010828360260896416,0.6447245642471947,-0.33342244931279735,-0.5027772382668586,0.10634674552251881,0.1689232510705758,0.269402787805968,Ямальский,Ямало-Ненецкий автономный округ
2251,0.2136463698851391,-0.3440630754882739,0.0346555125339863,0.5320261786043842,-0.018242728591655506,-0.266452558553047,0.02819202421810786,-0.006217927277327201,-0.011698870587064092,Ульяновск,Ульяновская область
2252,0.11930577403849892,-0.20509727708315942,-0.016921772017198633,0.3927327666849205,-0.07812018537190864,-0.15467020370725942,0.03121653542204325,-0.005955668989099304,0.004467190216595214,Димитровград,Ульяновская область
2253,-0.1731995592436776,0.0607555749710734,0.20106370725334077,-0.0412184641327778,-0.5001958300913311,0.21751834050508814,0.054795148635086506,-0.03093673116397715,0.0006963303048088584,Новоульяновск,Ульяновская область
2254,-0.2114438922319221,0.20266064251644322,0.2501428573488313,-1.0286988704766962,0.16922404752400402,0.3445946515928134,0.02549933199536501,0.004335821503067762,0.08500957721113862,Базарносызганский,Ульяновская область
2255,-0.2639854392504393,0.12813174567729382,0.15516278278840998,-0.574550950876782,-0.018021445448495117,0.24720119636496785,0.018672280565442703,-0.001236408903344403,0.04049334851461339,Барышский,Ульяновская область
2256,-0.2889322739917963,0.22399454444864605,0.3299269377814012,-0.9610949939459742,0.06194380086357539,0.283153039357746,0.026916779764005895,-0.00624701857897586,0.15033821966606978,Вешкаймский,Ульяновская область
2257,-0.1842962274334671,0.11605057732641245,0.16281480959528502,-0.4481951456473891,0.003167267912944638,0.10408581931814104,0.020695499380436935,0.0023603413217738642,0.006782352158813361,Инзенский,Ульяновская область
2258,-0.3584759620919557,0.08419980650009416,0.15233798703554233,-0.5583791801592782,0.04286429455826779,0.21690042057076941,0.026150784727088452,-0.01927682259454061,0.04674529402640578,Карсунский,Ульяновская область
2259,-0.2568490748512752,0.13095768140327493,0.16688498150050676,-0.4788663322329678,-0.04806041369037769,0.16700741152495766,0.020275797834715416,-0.0027547282678473395,-0.005519322447775199,Кузоватовский,Ульяновская область
2260,-0.2754601648374863,0.3377982699195948,0.3149540053675351,-0.8892509523776617,0.023829615610405048,0.15059238998552063,0.035154574724832854,0.005582973619765397,-0.11455673014297656,Майнский,Ульяновская область
2262,-0.3055193272154187,-0.00993492291553801,0.18429675284342725,-0.6797960752095947,0.28144766126503196,0.1619099125220685,0.028242177903083542,-0.016222060557476565,-0.0034687736684810475,Николаевский,Ульяновская область
2264,-0.1729683126440619,0.07903282098507108,-0.017996990515843154,-0.3101463847457837,-0.09718496574122075,0.2842188485231716,0.02094643280464779,-0.0005432256382144526,0.011700002700966808,Новоспасский,Ульяновская область
2265,-0.3348882043772352,0.03162975664440457,0.263211778536895,-0.8855537707473337,-0.0577882576036142,0.5864238216750431,0.0447047254104897,0.006183030054820089,0.17314814864356443,Павловский,Ульяновская область
2266,-0.25241700567327174,0.16120446572110628,0.28244641371319884,-1.054795599068527,0.10105669421701284,0.448011353922603,0.03575919617967688,-0.012723750550789706,0.205241638573698,Радищевский,Ульяновская область
2267,-0.2794737567102851,0.21267464779231612,0.18221994481036505,-0.7252815034074808,-0.16584050823839525,0.43415074754858923,0.0406096298416004,-0.011478430888601695,0.06982293044020094,Сенгилеевский,Ульяновская область
2268,-0.47209878269992345,0.31734708830291264,0.44325984482169717,-0.8214523580744926,-0.11700144596198381,0.11577019941726173,0.044037771314631484,0.0010573186832643817,0.06185444187331283,Старокулаткинский,Ульяновская область
2269,-0.36067313628684516,0.3003779638963757,0.23789339020273426,-0.8800398247811002,-0.07705010213763563,0.35674190132501943,0.05333132117304086,-0.04774356184977968,-0.10422544057623728,Старомайнский,Ульяновская область
2270,-0.3112795831537052,0.03509102035036151,0.12976138686174793,-0.325357641914373,-0.11202091334218234,0.21044947654984014,0.032431676755550295,-0.021593023576477705,-0.07678700507160519,Сурский,Ульяновская область
2271,-0.32075436475208946,0.3876724742965149,0.4048759157083089,-1.363402267448011,0.1322398721117811,0.376537333836801,0.037376900055199065,0.01560150286725076,0.05325203768426149,Тереньгульский,Ульяновская область
2272,-0.26836158293392715,0.03633839018641366,0.022881522899493245,0.044553882396019595,-0.25856826397411886,0.09271779699758574,0.042392949545177534,-0.008954617132782025,0.02553696679476547,Ульяновский,Ульяновская область
2274,-0.24735403373234358,-0.023248426901104752,0.026376884974405285,-0.04376430662950106,-0.07797753582629197,0.056536712887886253,0.024558293821164253,-0.013874331277730162,-0.07518797903024577,Чердаклинский,Ульяновская область
2275,0.32520444465921594,-0.3851053511801778,-0.002623206749358694,0.688673322587967,0.03069584648090229,-0.3937172826339385,0.03748610898050232,-0.0018777009394586781,-0.04755764089137456,Челябинский,Челябинская область
2276,-0.03003663734845959,0.08531905842202964,0.07360970579014246,-0.037864959985811686,-0.20484412502824792,0.021703649307283024,0.01966586503833569,-0.002486878382366758,-0.02170450520059726,Верхнеуфалейский,Челябинская область
2278,-0.006081492223719047,0.0702520349676189,-0.012541157797118415,0.01923495638659987,-0.2820361620530058,0.1430136570012989,0.023691099751025544,-0.014459466098045862,-0.14115863771270504,Карабашский,Челябинская область
2279,0.2604842955655095,-0.22634695596538335,-0.046067682567461944,0.5000987998383457,-0.03189439499037757,-0.2578664378097287,0.0536592937241284,0.005099062256218941,-0.028393442131492603,Копейский,Челябинская область
2280,0.16140731967235275,-0.17492045198810927,0.02538451067672015,0.27700759056038265,-0.093335532093007,-0.09621278865059318,0.04190755185592353,0.0027937371342176276,-0.04901421232871853,Кыштымский,Челябинская область
2281,0.18570066931465856,-0.33608282898238456,-0.03238136518245769,0.6537892754959302,0.008154647588766273,-0.35555640041446,0.0320134711725712,-0.002834724321508849,-0.025847490147616448,Магнитогорский,Челябинская область
2282,0.2500718156275384,-0.29939923385640455,-0.0212233242153525,0.5421775946171311,-0.060487743819204444,-0.2231439642207759,0.03946777928865745,-0.007456560015718576,-0.03313632182110179,Миасский,Челябинская область
2286,0.03578259983067674,-0.1518151375295235,0.12322061052932777,0.19212422321348688,-0.014760364320852112,-0.21084600338704584,0.04092758621465322,-0.0008395847050413097,-0.021752235311209327,Троицкий,Челябинская область
2287,-0.016106525485488115,-0.026978828600298932,0.013672719465355995,0.13733627965660886,-0.1880436950569099,0.0019368530406386382,0.02694712985520831,0.0009209477337476629,0.041928126247135385,Усть-Катавский,Челябинская область
2288,0.19015210981659458,-0.1958026281248583,-0.021394715108058997,0.4326974365045619,-0.15181621496157585,-0.12576054980467405,0.06675901063322318,0.0007959353666663708,-0.056674904589292883,Чебаркульский,Челябинская область
2289,0.11873309716182212,-0.1460510602902096,0.05894674735053301,0.2674522188008626,-0.0793020882248318,-0.16312248913095923,0.04311164317557612,0.00018806594283741576,-0.03536950188511986,Южноуральский,Челябинская область
2292,-0.18852737350880525,0.1419452117732573,0.12504949562430742,-0.2482591195470898,-0.04005875652802878,-0.04075350281705257,0.02209900040517132,-0.009335544578695351,-0.12070025429860938,Аргаяшский,Челябинская область
2293,0.039941604129335596,0.04948092768181842,0.10372245957546423,-0.004105236598319091,-0.38963349994485036,0.1784586777912808,0.016116469481673133,-0.005708197704205792,0.02233787818060115,Ашинский,Челябинская область
2294,-0.20185631582782224,0.13051692426598036,0.25802685211303045,-0.6922249830007711,-0.0737826971012816,0.3153872322284364,0.034917505757473315,-0.02670983776457772,-0.000363434696444435,Брединский,Челябинская область
2295,-0.1083930000826292,0.010312461519673966,0.015485800444299794,-0.18147215889573765,0.07421760979656482,0.019379615640594445,0.023614695906427792,-0.007586277732680206,-0.018591017008682792,Варненский,Челябинская область
2296,-0.1451867857772565,0.002992472735892963,0.1021570313303377,-0.10018071937797403,-0.15284240135162197,0.08579694516875903,0.03868996385927288,-0.020297828623841396,-0.014773918329196232,Верхнеуральский,Челябинская область
2297,-0.04544947157854251,0.11645899232416769,0.15849407340675933,-0.04875863634184332,-0.4282581468664395,0.13998704598275086,0.018697014515334665,-0.012780044431225305,-0.024790135124772465,Еманжелинский,Челябинская область
2298,-0.06511505144259533,0.12905111995002055,0.15096836979378805,-0.2971816358144943,-0.17652348926068265,0.13160896383676204,0.023919782753752297,-0.008017089378732504,-0.10821040474543127,Еткульский,Челябинская область
2299,-0.1517313822407452,0.043747887552222975,0.07177541217001047,-0.12186754926621629,-0.12757609444949702,0.07184367249887563,0.01426276326179523,-0.010307402358387924,0.019053511311552324,Карталинский,Челябинская область
2300,-0.009808322901022404,0.10663163742387233,0.15780999699577938,-0.2633446557109332,-0.0864279930817458,0.023254342878422225,0.01880256327787725,-0.015339974534722689,-0.014177472875729106,Каслинский,Челябинская область
2301,-0.0683962533721465,0.016236283288231994,0.037675169988154844,-0.07193596076638466,-0.08599190271535222,0.041939738710744544,0.016650432812562083,-0.00219740834253949,0.023303626279631635,Катав-Ивановский,Челябинская область
2302,-0.277435927538031,0.15893923136513352,0.17594425303540473,-0.3267040951227362,-0.13411261474611944,0.06385655397371165,0.0417165287485676,-0.020620564906076316,0.07232341208556776,Кизильский,Челябинская область
2303,0.04764691740288818,0.016357906741422994,0.14005209816201852,-0.02345100151596548,-0.19773392254405422,0.0026982476619725193,0.052588834531032774,-0.023367787377700584,-0.03794009883791817,Коркинский,Челябинская область
2304,-0.1026169066540928,0.2143811335491753,0.014186605437453445,-0.3476619919613395,-0.1121007886521372,0.16911837013224243,0.0341692514568533,-0.008680137633751533,-0.08736403975782292,Красноармейский,Челябинская область
2305,-0.2163073173928356,0.1657725309347117,0.06382325997566284,-0.4248595774721007,0.15549573666155822,-0.02230862159443664,0.02941227243829774,-0.02325303465570287,-0.16853779907939104,Кунашакский,Челябинская область
2307,-0.3173379399387463,0.08854179870643931,0.2376257688066942,-0.3300671415253211,-0.14878100987766008,0.09060391239524244,0.04896224891893189,-0.037833750034136415,-0.025335327894562314,Нагайбакский,Челябинская область
2308,-0.18309892916603587,0.24134593508110877,0.3636260343474273,-0.6894644872490652,-0.14137755393075593,0.1637934002566793,0.015552082961347777,-0.007166158172307331,0.006119659496324463,Нязепетровский,Челябинская область
2309,-0.2771484541619526,0.15449712336338967,0.30780578217250554,-0.347530854526135,-0.31399492305766724,0.137146200553302,0.04177991982761433,-0.016341260390600038,-0.11341621821101973,Октябрьский,Челябинская область
2310,0.009126328551779528,0.02242830352899855,0.07642802683078999,-0.07248219815504969,-0.15208537348879522,0.06363456978945024,0.01718159138418675,-0.009919657351321906,-0.026710638577252244,Пластовский,Челябинская область
2311,0.09656276970345279,-0.07178904381872558,-0.02770948458194687,0.19145318525298036,-0.0899199120941977,-0.06411141625271598,0.03427073258557969,0.004739846655879232,-0.00677917282760417,Саткинский,Челябинская область
2312,0.28119787394603196,-0.4104810518891906,-0.12352893182400987,0.5886444160293841,0.11992526899433942,-0.2366363728051276,0.06498040074572989,-0.011407447878860963,-0.04465129370936142,Сосновский,Челябинская область
2314,-0.1618366567616404,0.1331444581000309,0.00823969569016945,-0.13207193325679195,-0.14156429556497063,0.07017540353695585,0.046403155150286785,-0.022988794655724426,-0.049391418016273725,Увельский,Челябинская область
2315,-0.23533579268609417,0.18311244083881983,0.11862285620452064,-0.4394897072989791,-0.12509366694519578,0.20077140570622887,0.034652256088849795,-0.0206027264418774,0.12841992692679008,Уйский,Челябинская область
2316,-0.1142647699128277,0.14901426371425178,-0.05096790345022134,-0.17925418134544047,-0.1961275078798521,0.21525865746665587,0.06441229424909459,-0.0205406583955173,-0.12572120680316912,Чебаркульский,Челябинская область
2317,-0.16517281380096308,0.15337798067166883,0.16409522157491313,-0.5197538513365833,0.08276963243342901,0.05743434516196664,0.029212768949266985,-0.019734606300048613,-0.008190734759352355,Чесменский,Челябинская область
2318,0.35863301913421175,-0.3212799621656631,-0.06469881006950112,0.6459958983916173,-0.06338179586603247,-0.25871200178502546,0.02709571961435132,-0.006041270121869798,-0.02395807755294362,Ярославль,Ярославская область
2320,0.20630397136020986,-0.23257556623078834,-0.060543815960549384,0.5218126887153323,-0.12875410342139723,-0.16201587459720426,0.026475167751560957,-0.012180495208246702,-0.03276114592804694,Рыбинск,Ярославская область
2321,-0.13449878686817973,0.36236237135821386,0.18338038450592972,-0.8223881671609489,-0.2943458796930763,0.5089146194952774,0.04909699617188325,-0.03917895875800529,0.0021830575190655566,Большесельский,Ярославская область
2322,-0.02013735126005371,0.12539700065757856,0.03380447307019772,-0.4293988435637231,-0.054229540811312815,0.26235023915265354,0.03326905668452218,-0.00011068324197379201,0.05446726278116909,Борисоглебский,Ярославская область
2323,-0.0958113051469558,0.19745525499600114,0.025487603839170758,-1.0777010411002919,0.13874315148610775,0.6539383592844059,0.040500000004503864,-0.02859923310222053,0.032929916309044925,Брейтовский,Ярославская область
2324,-0.05355094784689444,0.10788523026965822,0.10080659377066387,-0.002795490396071206,-0.5188148661263171,0.25084186098746053,0.03142724680199448,-0.0298096309669275,-0.003964955590181428,Гаврилов-Ямский,Ярославская область
2325,-0.11156373172692868,0.21269721888181733,0.04078181921799697,-0.22561074660684496,-0.287342622197203,0.19739765920962835,0.027302406554775796,-0.012993463543234274,0.024274880988455278,Даниловский,Ярославская область
2326,-0.15761758149610258,0.28581200121369654,0.18505502430883447,-0.3984624320955145,-0.3519885808785978,0.2175073159569767,0.020042561882763783,-0.022169994696789774,-0.12811427884368376,Любимский,Ярославская область
2327,-0.004337683546683883,0.08283804099576474,-0.06916768100017624,-0.25781080107177207,-0.2114084099505896,0.3934721795321677,0.03451140098841286,-0.01503603116902393,-0.0034082210425283774,Мышкинский,Ярославская область
2328,-0.1012801293004278,0.053468663322526255,0.009100057533298253,-0.4824431124484754,-0.15105507140538857,0.508852791503433,0.03758608043474804,-0.012309317926848903,-0.011786194806896503,Некоузский,Ярославская область
2329,-0.06463958182021663,0.29841763271825655,0.09254434604828145,-0.41608604440801567,-0.40212413229470684,0.36517152644157896,0.04391035470543246,-0.03362163699251272,-0.03281144304972472,Некрасовский,Ярославская область
2330,-0.15420382756796847,0.21570763186126563,0.13487861010178132,-0.47252969184682375,-0.2996449480525973,0.35951172644176865,0.04261688761629871,-0.02603582982572476,-0.024944087591946107,Первомайский,Ярославская область
2332,-0.1713902334313889,0.28293177943613207,0.21919123814185473,-0.6835273767812059,-0.10152861257034011,0.22085630027895298,0.028192032674372033,-0.0259612516715375,-0.12136687619465654,Пошехонский,Ярославская область
2333,0.09584735592397031,-0.06644258357245386,-0.07527273611809047,0.1420555365159101,-0.11338479411853268,0.05096790579856245,0.02799700645042304,-0.006892144502314383,0.02069375901211251,Ростовский,Ярославская область
2334,0.043767320158943024,-0.0025372986614764317,-0.1768011746904409,0.22487387481298182,-0.17230697746147572,0.06469490450580574,0.08720619974649853,-0.07046559068624487,-0.1267481089906324,Рыбинский,Ярославская область
2335,0.11369376060761605,-0.07576376655527434,0.045059789141337035,0.4078586020816384,-0.37856455687915663,-0.06066673928314964,0.04365241742506901,-0.015660105905657584,-0.018070595850281257,Тутаевский,Ярославская область
2336,0.14166240147115006,-0.05730217862555762,-0.15927606732662178,0.23573250867277837,-0.14074212158866836,0.059511187373464926,0.03333664966594153,0.0015296823673212057,0.00042890144169804856,Угличский,Ярославская область
2337,0.3553516613303305,-0.31336543873557093,-0.15963714178210414,0.5525462116146089,0.011871595047607339,-0.15349189763914836,0.03267014836855554,-0.0032439174398694224,-0.014874890878592062,Ярославский,Ярославская область
2338,0.42007047298586286,-0.07488514393120048,0.06575194627566262,0.504896571877348,-0.03716428396811633,-0.5206757617482999,0.020901664618145313,-0.0041082704872884195,0.010247161104123973,Биробиджан,Еврейская автономная область
2339,0.1094355147852067,0.12033360402611991,-0.18229286872186914,0.524097805609211,-0.014411237359226522,-0.5098039750488412,0.051096008804859185,-0.051294939417082436,-0.07376519074173134,Биробиджанский,Еврейская автономная область
2340,0.22454087441257445,0.11512852214463197,-0.28891316339058953,0.150680123132427,0.041360309467821245,-0.08033246284889618,0.04092084270851529,0.014321221440577172,0.039107012134566965,Ленинский,Еврейская автономная область
2341,0.3568768160502793,0.18251564470168793,-0.18944623832668964,0.2595798468722488,0.012009646452984746,-0.32673557119483726,0.025785394294622174,0.012398023400137884,0.026641235124957124,Облученский,Еврейская автономная область
2342,0.0909187017783748,0.5473032384449813,0.12367380808222955,-0.6641814724758683,0.18291457384024168,-0.2517868193861894,0.03176293018386223,0.0003646189847859027,0.2367196272307126,Октябрьский,Еврейская автономная область
2343,0.2224349052566418,0.1413056230857598,0.02659489734903499,0.283669611469303,0.014806237564527924,-0.5284530409632314,0.048656027739380235,-0.0013942777353301017,-0.03021693358459328,Смидовичский,Еврейская автономная область
2344,1.0206541068242496,-0.4725324091539505,-0.030381028381739412,0.6488976128507792,-0.05344141790192888,-0.15461942890776542,0.10403832345005375,0.13981575079173716,0.24560623840188436,Анадырь,Чукотский автономный округ
2345,0.8510450521179296,0.29036326554910014,0.15147789177419718,0.3842003005407169,-0.16017875189692896,-0.7279393774616904,0.11320055016570604,0.1508878597553016,0.5184990212882444,Эгвекинот,Чукотский автономный округ
2348,0.9149568658962486,-0.014208139138272772,-0.08874783062001562,0.49350515568547576,-0.1452379850382504,-0.3073878723835432,0.10185770063853115,0.1283849506154895,0.32720460293151743,Анадырский,Чукотский автономный округ
2349,0.9864138877740759,0.012197742441547718,0.0991477161083988,0.4426478243963034,-0.18739335958661796,-0.42867659485423726,0.08768373785142562,0.10873862484658674,0.3102452064614671,Билибинский,Чукотский автономный округ
2351,0.5839533911856983,-0.6028722738212283,-0.06173952592384815,1.0305329848679499,0.03167926549130625,-0.4596771221087847,0.0332952241247776,-0.007232569468726339,-0.0770213369138913,Коломна,Санкт-Петербург
2352,0.5601640048372577,-0.6280665497500069,0.024902728850923834,1.0678351805559372,-0.06424396735652534,-0.4625040637949349,0.04478351456624755,-0.014039176904389236,-0.07098675360478086,Сенной,Санкт-Петербург
2353,0.6272036287137173,-0.6594059684211816,-0.0007578506241405955,1.0689836862601108,0.003907976677030208,-0.4748045153864249,0.023633149215777943,-0.007130582523189766,-0.06856362234368622,Адмиралтейский,Санкт-Петербург
2354,0.5526342308924221,-0.5909623488190284,-0.04640363270790684,1.0392328191514162,-0.052243945256479275,-0.41169956386260836,0.02850203249586067,-0.010636323912463164,-0.07324464645103375,Семеновский,Санкт-Петербург
2355,0.6772415555659644,-0.6742937829986498,0.03341636365755909,1.0667835522428295,-0.021958449358304155,-0.46602435503804257,0.04861823076852065,-0.008585433127400196,-0.06487229643714103,Измайловское,Санкт-Петербург
2356,0.47921925076129274,-0.5358777090234538,-0.08674530295198989,0.9531007475121558,0.019625789097193553,-0.41218019612851037,0.026723319559159242,-0.00850645722524244,-0.06842787782336719,Екатерингофский,Санкт-Петербург
2357,0.6203369174192533,-0.645438547543686,0.03764839727410094,1.0743238075621349,-0.027791002237057032,-0.5008193265500992,0.03426036691123453,-0.012507391364681856,-0.08798077062548056,№ 7,Санкт-Петербург
2358,0.614563991556277,-0.6284607906375609,0.03930642874484208,1.0687307055387996,-0.025758101443813224,-0.515894913696873,0.02399369546653624,-0.0069756922119704745,-0.08386690472187837,Васильевский,Санкт-Петербург
2359,0.6674817000999326,-0.6423819645749869,0.021931558548417607,1.0377701120636242,0.023811351434058953,-0.5032077289657201,0.028732842750263603,-0.012360599890736975,-0.0846228852945153,Гавань,Санкт-Петербург
2360,0.679049208679697,-0.6402633558398906,0.007270250436607654,0.9983236981330722,0.03885755995425655,-0.4662648241786494,0.029772100327758604,-0.00234364593371994,-0.07338600724524953,Морской,Санкт-Петербург
2361,0.6805800478090601,-0.6440131091360949,0.04737934801982233,1.0036657160042206,0.020948064920883042,-0.49005669130343715,0.027296702397778514,-0.012054400091231599,-0.08276652878146858,Остров Декабристов,Санкт-Петербург
2362,0.5893762491919687,-0.5474682941657539,-0.17170744741208566,0.6610879585897481,0.07833775420128819,-0.08232664270780204,0.035212723584494815,0.005161472909994543,-0.009759077747845199,Левашово,Санкт-Петербург
2363,0.5797295699067541,-0.5868142924076702,-0.0502895985580592,0.8649266277770357,0.04322295041245994,-0.3331223587183723,0.032315778925074416,0.0011594821828351625,-0.0480228312820891,Парголово,Санкт-Петербург
2364,0.6460752722578196,-0.6492152938553349,0.038576173171239125,1.0025870938839048,-0.04280383392312951,-0.4112208107712863,0.031946495161203244,-0.009881004977043991,-0.08309008233650543,Сампсониевское,Санкт-Петербург
2365,0.6645446126221385,-0.6584165397435873,0.07488724190892924,0.9536732955906975,-0.011738588908752087,-0.42048208034189377,0.03448322488182265,-0.010108185111985413,-0.07799119515920123,Светлановское,Санкт-Петербург
2366,0.5908707174846143,-0.5754633251408486,0.02833649740132832,0.9019175824836831,-0.01873350929683056,-0.3981339169419362,0.02454515781537539,-0.0083698750159276,-0.060551382890818184,Сосновское,Санкт-Петербург
2367,0.5255275460319729,-0.5126074257739621,-0.025216009156279806,0.8193713041219564,0.04313282901339569,-0.38675736969971486,0.03004949228705074,-0.007277984951236734,-0.06447831924284213,№ 15,Санкт-Петербург
2368,0.5221509435517032,-0.5214737789527685,0.005266182131205314,0.8500826647951442,-0.0019220214156492703,-0.3940297180525383,0.032439379295967484,-0.0062334726207331865,-0.07078793686099553,Сергиевское,Санкт-Петербург
2369,0.591374914693657,-0.5734807279715123,0.0369240138811209,0.8688984370951133,0.0034477630823241214,-0.3978661575816518,0.03691808555670906,-0.01047498398949298,-0.05712532213482935,Шувалово-Озерки,Санкт-Петербург
2370,0.703344591520386,-0.6644525283339026,-0.035957801794124944,0.7212737117505563,0.05130754722646924,-0.13424760034360364,0.0465929391552543,-0.003447840138030086,-0.060874523360620346,Лисий Нос,Санкт-Петербург
2371,0.5889370464897786,-0.6395130437684654,-0.11260944053511888,0.8391901320043326,0.12097993508690745,-0.27012425428226056,0.03082929370631216,-0.0018838212249492707,-0.05125801122242583,Лахта-Ольгино,Санкт-Петербург
2372,0.6864976662907781,-0.6322132709595036,0.012649951980298335,0.9596266746609583,0.02969141385098628,-0.43183144102734455,0.02915116521512231,-0.006802164523243337,-0.057235080508729906,№ 65,Санкт-Петербург
2373,0.6745202295177561,-0.6707350185819362,0.035435517103727034,1.0007970024773813,0.008353492428196089,-0.43592766492197343,0.033360128395151165,-0.012084717297648003,-0.06861530576987358,Ланское,Санкт-Петербург
2374,0.631014340144244,-0.5963608389048912,0.04443567064706894,0.9458150143988505,-0.02835520467300867,-0.4276113129626236,0.03208473439013793,-0.011187405557946358,-0.06372966696111788,Комендантский аэродром,Санкт-Петербург
2375,0.6326239316977994,-0.6235899776458171,0.043837984688854637,0.9626523029370802,-0.022910196939889493,-0.4220667845348322,0.03562897075421775,-0.01018855578303964,-0.06516647889128313,Озеро Долгое,Санкт-Петербург
2376,0.6349810858406255,-0.6227992625567801,-0.025409835293453326,0.9357812110530337,0.053317150219653074,-0.40296593491705884,0.02979641368342978,-0.006289706628429463,-0.05709081020037924,Юнтолово,Санкт-Петербург
2377,0.7000340418501595,-0.6498678792610283,-0.012610601730284554,0.9381543177522573,0.06922218099084905,-0.4069746892463977,0.03081027443109744,-0.0024825364414832927,-0.04818405273243701,Коломяги,Санкт-Петербург
2378,0.5709827305980769,-0.5728646052339409,0.02887988168687855,0.9101605587472017,0.0001819813751067212,-0.42843448806985074,0.03232437059082505,-0.010292298104631873,-0.06657312846235586,Гражданка,Санкт-Петербург
2379,0.5901109554832685,-0.585242206266069,0.03739932482155437,0.9460518832594951,-0.03848645010159161,-0.42179922320799473,0.028946457474615172,-0.007671929152899011,-0.07657780287292056,Академическое,Санкт-Петербург
2380,0.5375749283818761,-0.5860901135663391,-0.0456134919132784,0.9099398884633588,0.027243179445013792,-0.36755613392336045,0.03021134804991424,-0.012089400368419137,-0.06596710410967188,Финляндский,Санкт-Петербург
2381,0.5316573041792133,-0.5458895015654676,0.0004463420854031545,0.8857724255385983,-0.006856290576051712,-0.3955496469770889,0.03345862873290332,-0.007138743546503974,-0.06412260426152268,№ 21,Санкт-Петербург
2382,0.6382631766156319,-0.6255011129884908,-0.026097471793299038,0.9339543643864677,0.05311633307167585,-0.39754878417095857,0.02680277914840887,-0.003243824701474477,-0.045818791264700044,Пискаревка,Санкт-Петербург
2383,0.5182341800033193,-0.5229946828530184,-0.07509835671837183,0.8227105512452212,0.07643989214182696,-0.36313407531026504,0.028755846064032684,-0.0028185672810988605,-0.060010822659552154,Северный,Санкт-Петербург
2384,0.5487550618675787,-0.5446910188513684,-0.0265915885040142,0.8961624863954346,0.023562735636203036,-0.4105192861708607,0.029109826789105907,-0.008850018829343442,-0.06754951653715631,Прометей,Санкт-Петербург
2385,0.49996146373853173,-0.517613952442155,-0.014766878429983124,0.9019546320272008,-0.006696793382218809,-0.4249536792674498,0.030300035020938917,-0.011575062789573634,-0.07430622622623055,Княжево,Санкт-Петербург
2386,0.4998233804876607,-0.510958290777142,-0.054034633367279185,0.8532675373379082,0.05485977189840108,-0.4052110565864937,0.029693072574155623,-0.011256990826720806,-0.07231208736990302,Ульянка,Санкт-Петербург
2387,0.5127078246934106,-0.531647828851561,-0.005153647446733652,0.8887651195373656,-0.0049179527043424764,-0.4091223620293354,0.03242673759128848,-0.011379740254207701,-0.077657503251423,Дачное,Санкт-Петербург
2388,0.4903701280492123,-0.5292414843501392,-0.012557577714207532,0.9063547731237976,-0.01862193011803977,-0.4080104524360155,0.031791272020979755,-0.015461325698184517,-0.0880478600430968,Автово,Санкт-Петербург
2389,0.47630927790349725,-0.5161908782770098,-0.0567579140972681,0.9285577301540342,-0.008037582340525984,-0.4096480269338361,0.02753390316752192,-0.014781631939005039,-0.0873070533651515,Нарвский,Санкт-Петербург
2390,0.5117595948440236,-0.5014099785808542,-0.03647366637107927,0.8748286942557225,0.02097060331911116,-0.41999232411750537,0.027495372461051593,-0.014141284614653249,-0.08348048769526624,Красненькая речка,Санкт-Петербург
2391,0.4343767800813074,-0.5009416839983037,-0.12696036602640628,0.8308428074535915,0.07959143950940573,-0.34460886843289146,0.03602558014170004,-0.011352871045405758,-0.09156747252179816,Морские ворота,Санкт-Петербург
2392,0.4349948345884657,-0.43186920143346913,-0.10432481763887086,0.7131042790676393,0.02767539571821394,-0.2666623272081194,0.03136683155678903,-0.012110180476459564,-0.06132899944029776,Колпино,Санкт-Петербург
2393,0.41357742102949596,-0.44137114450740017,-0.1461936116225339,0.6826939776702402,0.012638309526488145,-0.16984420256140154,0.03837712355926974,-0.003254343858706802,-0.07175229859093084,Металлострой,Санкт-Петербург
2395,0.3589380769097866,-0.37076740107106704,-0.14306385680498993,0.5212802736446154,0.014759111873082542,-0.08428479913624719,0.0416967220530919,-0.005584096789860067,-0.06832584096196397,Понтонный,Санкт-Петербург
2398,0.5356149963427703,-0.549754918588714,-0.05299891681620108,0.8023588631732111,0.08424592823001875,-0.34592762749292155,0.02732647233117644,-0.005310486724810826,-0.05573363758976413,Полюстрово,Санкт-Петербург
2399,0.5919051427100518,-0.5955603411017517,-0.009550748409436169,0.9373200733572234,0.045794713814453436,-0.4400803691550945,0.028817860419882955,-0.009500819709699035,-0.061630874804538584,Большая Охта,Санкт-Петербург
2400,0.5833475846773024,-0.5629333191128341,0.029665060159748662,0.9342027279907055,-0.028128623884119186,-0.434882516648108,0.037498157271485706,-0.005552252495671113,-0.06256096852822934,Малая Охта,Санкт-Петербург
2401,0.4877312875214625,-0.5067597054038112,-0.012523061808398147,0.8104066372817496,0.04710939646365686,-0.40030993802780257,0.029875967855242123,-0.012511321450248006,-0.06637274926885461,Пороховые,Санкт-Петербург
2402,0.512707229921692,-0.5257680777555409,-0.04359595775764352,0.8001692238642714,0.06589814169223969,-0.35878000153793194,0.03293146226996895,-0.009405925289811582,-0.06057434623935835,Ржевка,Санкт-Петербург
2403,0.48407305476706314,-0.44663620018917033,-0.10660447178783526,0.6012317038076561,0.08457674584676962,-0.19464444917202517,0.03281358542285116,-0.001959558370463151,-0.04347769003642258,Красное Село,Санкт-Петербург
2404,0.5556917652191714,-0.5239708394727292,-0.02556079351901495,0.8415327477669367,0.04198940345490321,-0.39606718972469945,0.026971142844580832,-0.009427098710574197,-0.06311711132342517,Юго-Запад,Санкт-Петербург
2405,0.6484232437330487,-0.6064122873960848,-0.0018321750576942297,0.8984723297392944,0.04883763817962742,-0.4011421769597481,0.03282754485168307,-0.008065528086356447,-0.06214957125063081,Южно-Приморский,Санкт-Петербург
2406,0.5414728512692392,-0.5208472662021765,-0.07935182165140874,0.8244835647451524,0.0840889579566696,-0.37045010634284203,0.03194253086513367,-0.0055257881985489865,-0.052265268008625965,Сосновая поляна,Санкт-Петербург
2407,0.5101273787023876,-0.49798723174427423,-0.03451321899337192,0.7679528233101262,0.03874478328375116,-0.3362738273508365,0.030254252462213155,-0.007519617110987291,-0.05800648157646515,Урицк,Санкт-Петербург
2408,0.49165174998126915,-0.48006995108942285,-0.07158138491094666,0.7439142784908039,0.06495260570199006,-0.31929221968702914,0.03870379390781352,-0.007088682091310972,-0.050176646353389774,Константиновское,Санкт-Петербург
2409,0.5222261904638206,-0.5149274568729398,-0.09588553329586201,0.692225353674596,0.11854145458661429,-0.26203048958701425,0.035561943303981616,-0.00371615157871504,-0.05937965706755843,Горелово,Санкт-Петербург
2410,0.4713966131769301,-0.46316117573455234,-0.22220182611039632,0.752825426302092,0.02804786538000285,-0.15758696133175262,0.026493958233781312,-0.012603115640790105,-0.05056780437441281,Кронштадт,Санкт-Петербург
2411,0.562097730533704,-0.5577964473209799,-0.10860635524619423,0.6030371120140994,0.08089165431471661,-0.07960263525624887,0.04235340266568434,0.0008302779383323836,-0.0419458843849397,Зеленогорск,Санкт-Петербург
2412,0.6251688646202179,-0.638567390668003,-0.05828977001252594,0.7735765475573272,0.09920075069137028,-0.2379968090627745,0.03459432424656446,-0.007668853488328131,-0.038827731426591315,Сестрорецк,Санкт-Петербург
2416,0.6016770734006968,-0.5865326127952679,0.03820816311002512,0.6600132887292883,0.06294231186503096,-0.2367078224036804,0.032398866109243626,-0.0017129466652382463,-0.04336328195745128,Песочный,Санкт-Петербург
2422,0.47051271439427295,-0.46367966522231524,-0.14434951276070582,0.6444716986697504,0.10297179486395062,-0.20149098704528567,0.030657552645988025,-0.0006016975056564733,-0.04756472527384129,Ломоносов,Санкт-Петербург
2423,0.6735955752499999,-0.6656805349048088,0.09721446746494161,0.9862575825977933,-0.030210950605516002,-0.44965723604701396,0.032197123095669515,-0.01140431125149007,-0.06738143284194005,Московская застава,Санкт-Петербург
2424,0.6059064154846966,-0.6011810521737092,0.03702942506689879,0.9078088610773025,0.022779304539703338,-0.42851321000480164,0.028405244487866296,-0.008268024725347675,-0.063759885729201,Гагаринское,Санкт-Петербург
2425,0.5652400956829691,-0.562495660863585,0.01454398688769463,0.9169445524011072,-0.020606866114675104,-0.4104626838051481,0.028674035622924518,-0.012304117065824682,-0.07954536303688142,Новоизмайловское,Санкт-Петербург
2426,0.6174541740819371,-0.613565533093715,0.035586867953090094,0.8785606834552889,0.035274756637018324,-0.39793344644628686,0.040511790787442464,-0.010020369357451838,-0.06535795699898335,Пулковский меридиан,Санкт-Петербург
2427,0.6685766038814287,-0.6542622878108106,0.07252226257237794,0.9481084491156969,0.011085934748017409,-0.4395310301198885,0.03665016243049043,-0.01039240404113532,-0.06300949768370982,Звездное,Санкт-Петербург
2428,0.5266736531000317,-0.5623747561529596,-0.02926967355916423,0.8674439159560321,0.013743820595504386,-0.3516199783340186,0.033629840025025635,-0.012061248038024996,-0.06871689043567646,Невская застава,Санкт-Петербург
2429,0.5288557867326239,-0.5671441446001456,-0.05916801597920975,0.909972301827049,0.016636241737783736,-0.3623730544800825,0.04579303587092484,-0.011774678846868336,-0.07421709243634633,Ивановский,Санкт-Петербург
2430,0.526756580423961,-0.5436954330046836,-0.08459202989140736,0.8650694317171794,0.05229463788261594,-0.35115327819831016,0.03338819792040303,-0.005507602546442262,-0.06210693553274763,Обуховский,Санкт-Петербург
2431,0.5250291900429491,-0.5487354873455698,-0.07788959463014365,0.8355401902150449,0.04619208885038987,-0.31718386858432684,0.03601718399956811,-0.0061720176908387865,-0.06526474693017037,Рыбацкое,Санкт-Петербург
2432,0.5021231498398034,-0.5223538335452524,-0.1365357510861623,0.8213591773370092,0.1265124153559145,-0.3510586795561154,0.031979383912323314,-0.0033996942964631773,-0.0614114092040016,Народный,Санкт-Петербург
2433,0.5218064870512601,-0.5232420637721807,-0.0746953749667168,0.8427220339676001,0.05920276788060338,-0.36606403460391107,0.03557776509297707,-0.006421717791010455,-0.06336776365189478,№ 54,Санкт-Петербург
2434,0.5775752020984911,-0.5635790051727754,-0.012366997186333106,0.9111414153975591,0.012053609406139087,-0.40932569393919427,0.03429983931797837,-0.0042446350906799974,-0.050838620599155636,Невский,Санкт-Петербург
2435,0.5026983433652628,-0.5067418300404134,-0.04100493602606712,0.8582160192347056,0.03308998216569733,-0.4056359068285276,0.02731820347873805,-0.00431162527018721,-0.05911471082511288,Оккервиль,Санкт-Петербург
2436,0.6185820344640773,-0.5860612525384615,-0.0032188497779986336,0.8938793773483056,0.04117661803456426,-0.40785256456101643,0.03136906744386581,-0.005257943325641445,-0.05047328862544176,Правобережный,Санкт-Петербург
2437,0.6042243217431086,-0.5879607320291058,-0.15733742898030284,0.7479914062009931,0.07876192309890784,-0.14353183978509781,0.03929397390463582,0.0009525427572585713,-0.049681288692106085,Павловск,Санкт-Петербург
2439,0.6703003875897259,-0.6934920815105589,-0.03617549096033754,1.1213040185157042,0.034162002206626095,-0.48787511974603803,0.032206383409842124,-0.008347308056455375,-0.0761756476051653,Введенский,Санкт-Петербург
2440,0.6598709457145702,-0.6800217305271025,0.020615458929244157,1.1512140218070512,-0.03147957697246521,-0.5224048447313326,0.030181799796668393,-0.007845379577180086,-0.08161843486233078,Кронверкское,Санкт-Петербург
2441,0.7430039089812998,-0.724942039590235,0.0011338999656153592,1.1290647184392204,-0.009293746725356988,-0.45803950358384954,0.04167882491952737,0.002156836989688604,-0.07931834070773898,Посадский,Санкт-Петербург
2442,0.7957014815168174,-0.7769571892656169,0.06216342011355552,1.1422641473174673,0.01614630459278103,-0.5056933542527936,0.04213900990584817,-0.0023517103081817092,-0.06534004411995875,Аптекарский остров,Санкт-Петербург
2443,0.7265566551854485,-0.7336528746225027,0.04230208435998711,1.1220822734339106,0.021303467606538784,-0.5141116222725397,0.0451924369629319,-0.006929285426536739,-0.07214865434770878,Петровский,Санкт-Петербург
2444,0.8742687912316754,-0.8358713560294393,0.12013733652766229,1.1284493049928055,0.06718879254993759,-0.5419807495355714,0.04836656492020251,-0.004288083975485857,-0.060238608557556805,Чкаловское,Санкт-Петербург
2445,0.5131995813592515,-0.5353801324806727,-0.08117059327165482,0.7418426274180506,0.07461494395056396,-0.2619835171108927,0.03277521396579519,0.002411223627419893,-0.05062400091665261,Петергоф,Санкт-Петербург
2446,0.5265876059626098,-0.5556804582127574,-0.06064218561384884,0.7489140006027718,0.06726212088537664,-0.26193014915614815,0.03750782578598641,-0.005438761158660747,-0.05665579771628101,Стрельна,Санкт-Петербург
2447,0.6243851649943178,-0.6292054794060566,-0.05485868813378886,0.8241494267093675,0.07186041618285906,-0.27402234684698684,0.028769547832081847,-0.003879526914018494,-0.042922858337004564,Пушкин,Санкт-Петербург
2449,0.5144964939386413,-0.5162461515612783,-0.14245443295388455,0.7856983457573031,0.09701737942430984,-0.286091812161055,0.028806404230765522,-4.3468372675140955e-05,-0.045128243718434304,Шушары,Санкт-Петербург
2450,0.48311904434660163,-0.5277865812746705,-0.026052031476287374,0.8909997959292855,0.02202776279322601,-0.42126561746615837,0.03735177704653624,-0.009170872036545005,-0.07119921405094987,Волковское,Санкт-Петербург
2451,0.5062342126452976,-0.5210670743375297,-0.002287471839990618,0.8269415265266518,0.036562163815529014,-0.4022258156592649,0.024659207835111063,-0.014819398155140958,-0.0749406695963668,№ 72,Санкт-Петербург
2452,0.5068193895758635,-0.5338810399685099,0.004937959053680978,0.8541189252416054,0.027524449189290128,-0.4147769650106721,0.028956214672856254,-0.014090541858200393,-0.0710337146990363,Купчино,Санкт-Петербург
2453,0.5155001029998413,-0.5335850483258214,0.00868240458323416,0.8369564434549018,0.03811433902782768,-0.41224481023474796,0.03219244897157043,-0.01785939887229752,-0.06688550479724727,Георгиевский,Санкт-Петербург
2454,0.5692760892158705,-0.5738955852759255,0.017951752639491465,0.8297386560885953,0.05104314109119686,-0.3869146360379632,0.031372840185806175,-0.01556909107571236,-0.07305446792332841,№ 75,Санкт-Петербург
2455,0.4921023117879238,-0.5140289440990429,0.0233389710550914,0.8019924087267515,0.022784776555985542,-0.39616388373339245,0.030109197651061684,-0.013956576117201339,-0.07631204427257561,Балканский,Санкт-Петербург
2456,0.6899924945102817,-0.6891005091358333,0.058438975579317154,1.0880650668349479,-0.04275353472241672,-0.47672667005062186,0.04317303216477031,0.014895181013998967,-0.01938800214046606,Дворцовый,Санкт-Петербург
2457,0.616543938249709,-0.6508687742586504,0.05675894326528317,1.0729551832417374,-0.022740833951423827,-0.5181811897915533,0.030361995406333917,0.010551103115403563,-0.04056917335817345,№ 78,Санкт-Петербург
2458,0.6754328034788563,-0.6769949261667559,0.07933465821628614,1.0733277156731924,-0.04146131131501992,-0.4962828079023076,0.03248402842235348,-0.006474355379418169,-0.06468572152856981,Литейный,Санкт-Петербург
2459,0.6972655609632682,-0.6852843812958239,0.11173086505755675,1.0433158802266067,-0.030778036578442136,-0.5010609989045037,0.029885814043447027,-0.006867461435817845,-0.06746998633087586,Смольнинское,Санкт-Петербург
2460,0.6525044673635744,-0.6324370634802755,0.01805780905125866,1.0060948924787978,-0.009083800977811918,-0.4447085085665743,0.051811814457102146,-0.0004089778230437953,-0.04102532364929449,Лиговка-Ямская,Санкт-Петербург
2461,0.5980516919832793,-0.6150118488276922,0.04645913975724556,1.0658488430654631,-0.06480047143714274,-0.49457233405247925,0.026046010579355725,-0.0025683748931032424,-0.05898690605681075,Владимирский,Санкт-Петербург
2462,0.6538874998665211,-0.5677307332176617,-0.046537971338971806,0.8651930104351946,0.013799234253182005,-0.32680021162634915,0.03178401662935954,-0.00491648822422049,-0.05929034273358017,Богородское,Москва
2463,0.5352998678737909,-0.47727337569903683,-0.043230114859041956,0.7772318224825631,0.025279284559671916,-0.34408428797876206,0.026476070784497603,-0.0004212193926993087,-0.06144290651355777,Вешняки,Москва
2464,0.6357723922030191,-0.5859924159729273,-0.06211979143674734,0.9104191492974207,0.003655452229099354,-0.3280390656114522,0.029056420278491993,-0.002215395937388324,-0.07537522870308977,Восточное Измайлово,Москва
2465,0.49068463126880585,-0.4364573008609752,-0.09839716172420748,0.5952670002666015,0.024029215728308368,-0.14651842490433414,0.028313064327492782,0.006170730899122438,-0.02319409170230539,Восточный,Москва
2466,0.5651518061840762,-0.49145066081484085,-0.06591227140778101,0.7753293946344608,0.05241985063012874,-0.33246298453657136,0.029237158729670528,-0.003771448996734835,-0.04905595886983449,Гольяново,Москва
2467,0.5887104875777335,-0.49767790613954177,-0.08825457994316682,0.7969652960983313,0.049699673291183445,-0.3228091548014114,0.025477864554305688,-0.007899020085403849,-0.06916294807477064,Ивановское,Москва
2468,0.6497571861475471,-0.6017850147802501,-0.018906396377013506,0.9510737292016312,-0.01735410119256901,-0.3751048883464037,0.03423791010094152,-0.008064564542165753,-0.07623388027238905,Измайлово,Москва
2469,0.6410154660188029,-0.5137920240809114,-0.08679968467975113,0.7530873672387624,0.04237778032545022,-0.2569501102981561,0.029410267694545973,-0.0011742231182570266,-0.03940323799781257,Косино-Ухтомский,Москва
2470,0.6385258666030084,-0.5533795384155928,-0.07909978981722886,0.9047131017113363,0.007577923741382738,-0.34188836871450273,0.033352531944094425,-0.004462725179464407,-0.06367155558530053,Новогиреево,Москва
2471,0.6342314522793561,-0.5188259413238506,-0.07693855169781137,0.8151249461914231,-0.003984519430788184,-0.2774526052335788,0.029214689402562718,-0.004096389662180511,-0.05407854191152143,Новокосино,Москва
2472,0.5157640947370016,-0.47425197627110777,-0.11516764652837676,0.7586572196905412,0.01557859389909185,-0.24689286228475318,0.03123841317907838,-0.007086692387906897,-0.06160873772166927,Метро,Москва
2473,0.5807822990710402,-0.5146362332342821,-0.03521886529202373,0.8029741417332709,-0.00029346210739615114,-0.31490225259417604,0.026710462962257344,-0.007297471976014565,-0.06323045013358171,Перово,Москва
2474,0.5569250532197797,-0.5247712482172887,-0.03755044342780173,0.8437063232187884,0.030341246169674707,-0.3738025492379782,0.029487642077579757,-0.004609207679575807,-0.06615297526504642,Северное Измайлово,Москва
2475,0.6273076062229516,-0.5648329358992202,-0.006838239875843477,0.8725134762968657,-0.011237465026625445,-0.3516815069897831,0.029380434664066965,-0.008773409333718285,-0.06771456677329302,Соколиная гора,Москва
2476,0.7708232266387718,-0.6438855241670254,0.07068605338385912,0.9806803307504985,-0.022894784245539035,-0.4466627472163969,0.037200484473783345,-0.01215053006344391,-0.06514512162276749,Сокольники,Москва
2477,0.661471957021629,-0.6140132685562224,0.005617163523178777,0.9366192615368797,0.0113773163190208,-0.40167714431746315,0.030209443974548705,-0.009303543356555291,-0.06970298009596136,Преображенское,Москва
2478,0.5787800507233204,-0.4527396377421998,-0.11036920925714072,0.6322823351187128,0.03107994784828035,-0.16233010746225776,0.0220787689418435,-0.016806983581337993,-0.051645757307389774,Внуково,Москва
2479,0.9063734733449955,-0.7593430144102107,0.11041387784969549,1.0889618139650832,0.030181086453616612,-0.5322904353527897,0.03280511496696534,-0.0034537292158344592,-0.05105590027995784,Дорогомилово,Москва
2480,0.8918884547260492,-0.6914789296509113,0.060434734169269345,0.9610518416128518,0.02288461528375633,-0.4149689329095722,0.03121592276470048,-0.007522710620457951,-0.05802162840691564,Крылатское,Москва
2481,0.7469679824037261,-0.5933187538065209,0.07259866364954905,0.8395195976558503,-0.00550654729587315,-0.37536963169761073,0.037064175857916486,-0.0046121010233501165,-0.049626881909218566,Кунцево,Москва
2482,0.6889809008257824,-0.5944123344554805,-0.02103862971408016,0.8311242732954672,0.08766294130269159,-0.3654129219232041,0.030452416285719083,-0.005855141337440768,-0.058899363390840266,Можайский,Москва
2483,0.6831280634737791,-0.532831625370748,-0.07511364221205795,0.7709265631464413,0.04113630522845291,-0.2661942722866954,0.03023167632698646,-0.002885474325101889,-0.04841957948223811,Ново-Переделкино,Москва
2484,0.7363252307469429,-0.6541925586840809,-0.07588954185704912,0.9041543612891515,0.11093411234814025,-0.34708304459076705,0.03818594347498759,-0.002564623089626535,-0.0560077799329286,Очаково-Матвеевское,Москва
2485,0.8952814705527518,-0.7361346635230985,0.12094551614070975,1.0552111044766919,0.02097120493169513,-0.5230698335206048,0.033165305099461015,-0.0063618861039256664,-0.0844005356373132,Проспект Вернадского,Москва
2486,0.9959427867783747,-0.8212438808778447,0.11544380100316459,1.1009767460533488,0.031981253186704195,-0.48923459085997795,0.043084302857074194,-0.005847122139064391,-0.08224584270810172,Раменки,Москва
2487,0.7085286364177398,-0.5851746808693247,-0.07934491983364565,0.8633770805347424,0.03187068386666921,-0.2928048351930465,0.03017317878028534,-0.005750553484424696,-0.05836304456911826,Солнцево,Москва
2488,0.8817187598233275,-0.715626212895475,0.10001875817071283,0.989936366587528,0.01626309675502824,-0.45266868011240025,0.036321433464176614,3.1959560152376255e-05,-0.06581931956786387,Тропарево-Никулино,Москва
2489,0.8741440812173655,-0.6927237397882027,0.03374205946000902,0.9779747920218483,0.03855053022251779,-0.4196203134107801,0.041907503826075006,-0.006722803413240126,-0.05274267565592439,Филевский парк,Москва
2490,0.7378769710188844,-0.6040025754022446,0.08320789370852212,0.8761586918796141,0.0016382734808742343,-0.41907895516137167,0.03189240922977609,-0.005454051762943113,-0.058423724837496506,Фили-Давыдково,Москва
2491,0.6671579158994513,-0.5498248752468271,-0.10876068345018376,0.7459341441137789,0.048029083849211784,-0.19745434076058377,0.03293057954587351,-0.0035377081780258632,-0.04056317350525984,Крюково,Москва
2492,0.628883772713703,-0.5278902663744139,-0.06304156547359506,0.7564775058782559,-0.03801791872265329,-0.18960442680219947,0.0254218582873599,0.0025152931492773054,-0.031579419422786525,Матушкино,Москва
2493,0.6262516903125704,-0.5275849001336123,-0.04763309549682417,0.7086571387426385,-0.014172717639797697,-0.1813430969670089,0.030805795122738233,-0.0008908856921873894,-0.03942139499574041,Силино,Москва
2494,0.8465310805718999,-0.7289064416842724,0.0847994576413472,1.045177548848308,0.01020887348830446,-0.47335610978829457,0.03509808015679621,-0.0035805951027471825,-0.06824567674598707,Аэропорт,Москва
2495,0.8576364658914843,-0.7353299809702367,0.057252256402836245,1.0399735937336039,0.04044915713949356,-0.464421697800302,0.040130341958908966,-0.0054291066697434625,-0.05776922999188727,Беговой,Москва
2496,0.6267747705219119,-0.5507207100706407,-0.0760387945333202,0.8229282891730207,0.033059070842620386,-0.29130452690628483,0.0313090359136662,-0.0019030734849361612,-0.06240888703368149,Бескудниковский,Москва
2497,0.7742553503818567,-0.64574520904174,0.058220819385635225,0.9536910677499063,-0.013523440458685032,-0.41471990912972173,0.0325325151113105,-0.0071094495363702714,-0.04837301892349647,Войковский,Москва
2498,0.606942183474444,-0.5255246686531531,-0.12439163964492334,0.7966534625674847,0.05678378245966894,-0.2655976082236826,0.030194988689338318,-0.00312367716804555,-0.058153422627699625,Восточное Дегунино,Москва
2499,0.6433856189825654,-0.5539762867285462,-0.049627583837816604,0.8508732063644557,0.05437249187910768,-0.363718499171807,0.031771307837157196,-0.0060337795582779226,-0.06255949269346191,Головинский,Москва
2500,0.6219799907194518,-0.5378415304842447,-0.1446730656842037,0.7972820107842433,0.06504637891886471,-0.24189046502926437,0.03707977243371024,-0.002941029604812573,-0.04809556613839935,Дмитровский,Москва
2501,0.6386350439419435,-0.5632572285254493,-0.1380202523293471,0.8391961522881277,0.06230213086295607,-0.2622974737908929,0.037715834320836195,-0.001971768269293017,-0.05518254076677365,Западное Дегунино,Москва
2502,0.6542077176790332,-0.5915773409348993,-0.03215466391143157,0.8633836234531991,0.018247123217896084,-0.31997541331936863,0.02768302302646448,-0.00786112160642205,-0.06104279051876064,Коптево,Москва
2503,0.7820681156818093,-0.6303730875964497,0.06960947577762257,0.9044998584181737,-0.009788280894007887,-0.3960246371999445,0.03762120301179951,0.0016066777770674667,-0.05000014355854169,Левобережный,Москва
2504,0.5801296808290485,-0.5124914205729277,-0.15589593872796317,0.6889180249576038,0.07787940091561914,-0.16048673806693806,0.04178528954520884,-0.001514387623794522,-0.026436414456659636,Молжаниновский,Москва
2505,0.7176295301536317,-0.6760267145018858,-0.013017605798189799,0.9924231285415782,0.029505495024002164,-0.39496097476011033,0.033959503692638046,-0.00827316280072162,-0.067273624541288,Савеловский,Москва
2506,0.7913458522208803,-0.693691885597886,0.03287693040355982,1.0781703110040828,-0.0030355013931279893,-0.47639652591123277,0.04064503181801114,-0.008697579337984429,-0.08439916366727962,Сокол,Москва
2507,0.6666404932714347,-0.6315743536207303,-0.01883520043483361,0.9737646766865681,0.00929988192350665,-0.39473167604911613,0.030308784014484128,-0.003915000160268874,-0.0671327861066003,Тимирязевский,Москва
2508,0.7504997466671278,-0.6087956615052491,-0.002927911669509472,0.8809920552295499,0.026117155706406787,-0.3574623092558029,0.02787922211528671,-0.003053630750873393,-0.060676897098742875,Ховрино,Москва
2509,0.9505574927790862,-0.7589661561833623,0.09478934869026358,1.0560569669178759,0.03028636813070525,-0.4842431990500881,0.04063850242684932,-0.006622865943348599,-0.05816835470100271,Хорошевский,Москва
2510,0.7446159621440035,-0.6731363480997717,0.04882298451013365,0.9868813384417247,0.01903317172786641,-0.4436778180745598,0.03224119805212983,-0.0049165179894857065,-0.0713860644859805,Алексеевский,Москва
2511,0.5686455282897723,-0.4642139160976792,-0.12464958401383414,0.7709332001722072,0.06151885351034703,-0.3056652250656465,0.02432441804877704,-0.0033194538915202556,-0.06651278124321876,Алтуфьевский,Москва
2512,0.6388958021308823,-0.5524910929529465,-0.002953910555973105,0.836687372722524,-0.020722983705770155,-0.3225960570024405,0.031622998629586285,-0.0029572453569826442,-0.04376576938189033,Бабушкинский,Москва
2513,0.5707224408360719,-0.4539510117811913,-0.084436372297623,0.7805257604426785,0.002852158001385422,-0.30706720585985553,0.02869508535405911,-0.005264025366624773,-0.06260352476991941,Бибирево,Москва
2514,0.6666756639686685,-0.6057657711678766,-0.016532240507490154,0.9233731776355637,-0.016476609563040274,-0.34667522789176247,0.03444271023044436,-0.0096367223354941,-0.06958611336310742,Бутырский,Москва
2515,0.6505073347507523,-0.5233171913507775,-0.08177435340664209,0.8116944233658906,0.02306518869721123,-0.291744738800289,0.029148816447485158,-0.003504763443096063,-0.04672236639911979,Лианозово,Москва
2516,0.6673119927738066,-0.5518253056297555,-0.06606838669825622,0.7840225154247068,0.05538594684764867,-0.2835914414389488,0.030829601796788494,-0.0018586763468872631,-0.05002039818858939,Лосиноостровский,Москва
2517,0.7462934738062051,-0.6065855925550795,-0.031155934931211954,0.9137661755157755,0.006540794904458654,-0.3446421144285469,0.0337078168173187,-0.0019671009927997676,-0.05154401281185731,Марфино,Москва
2518,0.7363827434679452,-0.6428795806255215,0.0149232420313933,0.9803666917190949,0.00919506490600408,-0.42368208952557546,0.034043119359510404,-0.008703980413715562,-0.0718356262694082,Марьина роща,Москва
2519,0.7719835462384942,-0.688537258963048,0.0019322116940365859,1.0121562575735588,0.009270125001623719,-0.3968980068007771,0.04112747610942797,-0.00863955163333252,-0.06025331780083517,Останкинский,Москва
2520,0.6261533522450513,-0.5614710789402954,-0.04911540198886235,0.887173445404843,-0.006126833471023385,-0.33253680249926737,0.02913648918912891,-0.0056270810899604244,-0.06438011086306046,Отрадное,Москва
2521,0.7212201423779708,-0.6656019809914483,-0.09443271428719492,0.9727568066234991,0.0817751613925966,-0.35657394423205985,0.030161362624952507,-0.004903569913443244,-0.05824239098631271,Ростокино,Москва
2522,0.7409962534773622,-0.6390897763501086,0.004265595254689299,0.9743758594530862,-0.0306874817076264,-0.3709408681446484,0.033077422975692786,-0.009818112670271884,-0.05917683456544368,Свиблово,Москва
2523,0.6267809572696743,-0.5237769353458835,-0.05988681471637689,0.833486942595044,-0.029634296488601386,-0.28226556753878684,0.03275147728753033,-0.0034097179171694116,-0.061009244959318844,Северное Медведково,Москва
2524,0.7110591763446509,-0.6315108335864366,-0.14313455647237666,0.7886190483575327,0.14379084004675893,-0.21984116984008292,0.028072988000702664,-0.00032806375372052,-0.04378175712598501,Северный,Москва
2525,0.6561287043738452,-0.5447975203692544,-0.091009960040204,0.8459232961814388,0.024566274549542633,-0.2967587618161285,0.03316568239506858,0.0004548390671025304,-0.05038535423560261,Южное Медведково,Москва
2526,0.5872756210977675,-0.5199248693648889,-0.16051668154806145,0.8521569112412825,0.10450310735331707,-0.33829513917625476,0.02470865923389096,-0.0028288678548904858,-0.0717976219436142,Ярославский,Москва
2527,0.9670530147306152,-0.7597765264749036,0.08374613013693882,0.9229909851072725,0.09914831765385985,-0.4081855779177718,0.02919629442759466,-0.009429249158514211,-0.034476929626247856,Куркино,Москва
2528,0.7561690067241461,-0.5987264844724429,-0.06399923027831743,0.855879695791391,0.04467454050258646,-0.29990519303782265,0.02891075483528053,-0.007375565832138127,-0.04706234379351456,Митино,Москва
2529,0.671080756579439,-0.5971829717992198,-0.0017109052725695812,0.8750281137612633,0.02390969564230146,-0.36212060382637734,0.04378436420981282,-0.0021332958156978776,-0.06252326803853332,Покровское-Стрешнево,Москва
2530,0.6265755009299446,-0.5336442423440483,-0.07242570644118934,0.8950171634281509,0.0023635602951973165,-0.35338744643271797,0.03033168763352614,-0.002382807713555294,-0.07474011891018884,Северное Тушино,Москва
2531,0.7173876327210036,-0.5411594907240502,-0.026021888311305124,0.8305883254464014,0.037176005076770324,-0.36265962298242255,0.028863089038073525,-0.0119660121276944,-0.06212644448849103,Строгино,Москва
2532,0.8236408756220964,-0.6760957789423895,0.00121751608699866,0.9556544493638012,0.07319302496658164,-0.4160458829695981,0.03627169192567028,-0.005084025896988013,-0.05647180787604874,Хорошево-Мневники,Москва
2533,0.8260197908102137,-0.6580932683541844,0.03039858688755276,0.9784910587321232,0.012208142577423383,-0.42508119133751804,0.037679609414300305,-0.004549206173318961,-0.060227494685642625,Щукино,Москва
2534,0.6328411044999497,-0.5428986404907878,-0.07113575470057963,0.8393533277081618,0.034410731923325145,-0.3218063359347254,0.02689157014902806,-0.007482862815744877,-0.06739069920587282,Южное Тушино,Москва
2535,1.0292397370703907,-0.8555599805975329,0.13316280931723265,1.2276468365753501,0.048242934862179676,-0.6155692716518367,0.0530166332934562,0.010060948109544166,-0.04408718035280875,Арбат,Москва
2536,0.8351268143461302,-0.7070151379567294,0.06555192658262604,1.0710371109576642,-0.024844023405638144,-0.46680654767252716,0.03463424943658572,-0.004751508140340237,-0.06484067607127504,Басманный,Москва
2537,0.8177206024927844,-0.7204233592233781,0.061477179042386386,1.1031922004462578,-0.04404758951575941,-0.46227510224411145,0.05562332856094032,-0.0019351713131055364,-0.05891306708603583,Замоскворечье,Москва
2538,0.7018197503230299,-0.5822516562459368,-0.021697298768993085,0.810204029597629,-0.04387926526032837,-0.2244524808169758,0.03415015717415808,-0.004590498134083927,-0.05465933272472223,Савелки,Москва
2539,0.7250776617629668,-0.6223468937290583,0.02909732578711738,1.002167164943929,-0.02559672523096501,-0.4453975432656279,0.05190734840457773,0.0035903239400646805,-0.04251484061071831,Красносельский,Москва
2540,0.8165852246509342,-0.6969077715567157,0.11062377642201225,1.038493594861743,-0.007575455518867069,-0.5067108157027794,0.035558928551536556,-0.005630071674236052,-0.06363202276568251,Мещанский,Москва
2541,0.9197914869029483,-0.7708038293440724,0.1163321651426163,1.1063786087180907,0.015990449625179665,-0.5299740656364196,0.03829846042170512,-0.00861848677718069,-0.07054315871997947,Пресненский,Москва
2542,0.8073810655721863,-0.681096119009458,0.05732168672679022,1.0132681124653915,-0.0173433696101154,-0.4342269820672137,0.03657880624516295,-0.006652708296629524,-0.056427330735729996,Таганский,Москва
2543,0.8950115700781267,-0.7838269710693179,0.12529686163610196,1.1674072167466552,-0.03012932782809774,-0.5408244509799462,0.03900531443393212,0.00923832116709559,-0.0483894764858143,Тверской,Москва
2544,1.0007501720880385,-0.8173831678319802,0.18026645167877606,1.1145971926688794,-0.011209984825987784,-0.5283471631842935,0.04507713136068937,-0.004078202182580852,-0.061132667363778946,Хамовники,Москва
2545,0.9732661186790712,-0.7836306276746615,0.10653955542977679,1.1603830579762704,-0.027186931671804564,-0.5181817255541865,0.04173296005590056,0.009444443086150667,-0.05115769385271207,Якиманка,Москва
2546,0.6091730548278503,-0.5138859284278477,-0.05639978586578034,0.8069148531090907,0.040244024215861186,-0.3389498345259287,0.02794549472701042,-0.006672385222288191,-0.06187698877439588,Выхино-Жулебино,Москва
2547,0.43895972940075806,-0.41738024458138206,-0.18923427068319518,0.6355982765285991,0.13588744294888613,-0.22694787570751287,0.025502058863163903,-0.0022995466569348997,-0.054116198944883065,Капотня,Москва
2548,0.5555053803548763,-0.5141040631077264,-0.09321333910211917,0.8529118593781084,0.05378122028844153,-0.36145234895131084,0.03614423051584796,-0.0029824632417707977,-0.0585801703130265,Кузьминки,Москва
2549,0.6980904455606689,-0.6142022671924,-0.031243760297548145,0.9685809489841207,-0.0036020994595009626,-0.3816094935292796,0.03421025442787111,-0.006024890997851233,-0.06919637930255489,Лефортово,Москва
2550,0.551946445939048,-0.5125380121869688,-0.15613894286064414,0.8289480073422625,0.08466858757968727,-0.30701631136894264,0.031725631230755724,-0.0042635004008650945,-0.06458321563440365,Люблино,Москва
2551,0.629728770665166,-0.5547843328505302,-0.09375194847983542,0.875116874793596,0.030516221757873385,-0.31917348671570944,0.031710520100669326,-0.0024608123877546775,-0.06068123062967697,Марьино,Москва
2552,0.5811268500086605,-0.5362371039122814,-0.1724559425773414,0.7739137307820569,0.03841312642176394,-0.1657104822088032,0.037804044417296165,0.002416622786495126,-0.040615959595344885,Некрасовка,Москва
2553,0.5622315536100277,-0.5132183602795158,-0.13673467089575367,0.825829147553934,0.06356219411776214,-0.30151498199103166,0.041351719674407546,-0.005758530778202875,-0.06062430623000048,Нижегородский,Москва
2554,0.5300668282339395,-0.4672739858684977,-0.13621176512387517,0.7916680063551471,0.029177308821329517,-0.2794362356787101,0.029684512862071254,-0.0018785934931427883,-0.05657579416359545,Печатники,Москва
2555,0.6647656350706134,-0.566390178369185,-0.07667851295121325,0.8673665505989141,0.02840362389773606,-0.3147781546708574,0.0379549844311638,-0.0030103302520364528,-0.05681915565537721,Рязанский,Москва
2556,0.5758848361590655,-0.5136356539852418,-0.06107593876805959,0.8018007109219846,0.03678300775241983,-0.3259487974157098,0.028371329815478692,-0.0060113079533655744,-0.06077445317145225,Текстильщики,Москва
2557,0.6917756704730454,-0.6056484085825172,-0.034787680934950195,0.946499451255126,0.04557807042033757,-0.4137181036526029,0.03340629644644358,-0.004828751226184165,-0.06376472388752356,Южнопортовый,Москва
2558,0.8437081491861694,-0.6939271728695422,0.07274971470704551,1.0168443852042846,-0.022137943907396946,-0.4356056546289977,0.03190616358807789,-0.005511757863018422,-0.06853133683278283,Академический,Москва
2559,0.924970280795935,-0.6905893335189607,0.17385148811057638,0.9962262758999106,-0.026594109120146814,-0.5149709928659858,0.03280184557943069,-0.004980237118480169,-0.058245434609306944,Гагаринский,Москва
2560,0.6779676917043175,-0.588007307130782,-0.024472318519488778,0.9021422879979067,0.008004155384596348,-0.3597434892268354,0.032300447593997625,-0.006647912119899864,-0.06435856356648428,Зюзино,Москва
2561,0.6843756316200533,-0.5981848936873361,0.02313021942217221,0.9317734592403052,-0.014773165764198662,-0.4040222907055491,0.027559989344079938,-0.00575904510336341,-0.07404682090031689,Коньково,Москва
2562,0.6454427393080368,-0.550048491669507,-0.06032085548063861,0.8639911476737013,0.05740714764221422,-0.37310561966037564,0.030068005496167276,-0.011629279429640685,-0.0736954160267435,Котловка,Москва
2563,0.9061145901774875,-0.6921158946451836,0.14633006838920795,0.954009839475196,-0.032647462491759094,-0.43765322222206876,0.028260958787662972,-0.010991750304758185,-0.06807130852158923,Ломоносовский,Москва
2564,0.8496634469863943,-0.689810784682377,0.0926787177069107,0.9889483424181346,-0.01894136214744957,-0.4349515847898245,0.034631423340254174,0.0003736012197251837,-0.06536261272590844,Обручевский,Москва
2565,0.7319961470953644,-0.6034668702469718,-0.08692709596458882,0.881675241513549,0.04316662720710588,-0.2965245740037006,0.03404903545685921,-0.0002498748380553491,-0.05530249889497537,Северное Бутово,Москва
2566,0.7104526529524818,-0.5980195043884623,0.06139879705189546,0.8371473298219277,0.02934015588971443,-0.3919434498696817,0.029125041693717824,-0.007907728365486219,-0.06524675894160437,Теплый Стан,Москва
2567,0.7966522834336134,-0.6780891335880433,0.04836987969425086,0.9846176658918945,0.01800422910948925,-0.43497931260219785,0.03164775970892075,-0.0062266774413769115,-0.062191960979646556,Черемушки,Москва
2568,0.6870319740738253,-0.5675963756701498,-0.13745895224945057,0.8339307418061305,0.03315222358787203,-0.22410430896900793,0.027807647565075966,-6.183733564135707e-05,-0.04256710887077264,Южное Бутово,Москва
2569,0.6570624591831582,-0.5413292806844228,-0.03614104004547127,0.797720011211512,0.03449167139349352,-0.3168180333697166,0.02939546077033188,-0.004592810574450157,-0.061979441049113536,Ясенево,Москва
2570,0.5808902390392767,-0.49306590727397537,-0.15362080746178125,0.7586547227726596,0.08062709491766347,-0.25467177444917155,0.03135114728990932,-0.0026531612788167624,-0.05712415374979122,Бирюлево Восточное,Москва
2571,0.48440195503428934,-0.4294316647246392,-0.233043945452685,0.7044905730410514,0.13293640871033055,-0.23702804306866213,0.03186387293771943,-0.001751387982146746,-0.061986578330383756,Бирюлево Западное,Москва
2572,0.5926848995212409,-0.4764908755165458,-0.12648152902056906,0.7848201164687464,0.03192053169182744,-0.27584491511806397,0.02874406778895694,-0.007855763537434446,-0.06352967687017941,Братеево,Москва
2573,0.7416344677077292,-0.659333359425959,0.006784413799423017,1.016251377785088,0.015464296826351753,-0.4412434004795089,0.03700140706528774,-0.010010556580064445,-0.06859741302278917,Даниловский,Москва
2574,0.7339573445145341,-0.6331967984792086,0.004106920799823388,0.992213964044915,0.01853534430233635,-0.44373610216247167,0.032400780402086986,-0.009112741830167933,-0.06368040914536606,Донской,Москва
2575,0.602345545658474,-0.4906207643256782,-0.02229827722602712,0.7716452043661258,0.009065025053187589,-0.329867859362213,0.0325981582023605,-0.004850407253103817,-0.05943280030264586,Зябликово,Москва
2576,0.6602954003184471,-0.5651448573269995,-0.11338497192620876,0.9005150710286572,0.05226820855567186,-0.33633012182572547,0.03967846389433556,-7.013037281070981e-05,-0.06140297551956412,Москворечье-Сабурово,Москва
2577,0.6995922627923091,-0.6195832041644588,-0.011445992120573456,0.9029686605022021,0.029320262406131687,-0.3633363981179065,0.03127677851280898,-0.008808902720493506,-0.06616078655394945,Нагатино-Садовники,Москва
2578,0.6870924915994886,-0.5904403160023828,-0.004844995010484317,0.8804640792161026,-0.015270649324044353,-0.33198479037379647,0.035478111176047746,-0.006700936551837307,-0.06281252368854766,Нагатинский затон,Москва
2579,0.6691437923336889,-0.604682830872316,0.012979340554240085,0.8884753435703746,-0.00414383003159328,-0.354704694715311,0.03108441702267787,-0.007046007337127976,-0.06577152987936204,Нагорный,Москва
2580,0.6374938998139843,-0.516037151520637,-0.03907931030888262,0.8183515048002413,0.008760998729850885,-0.33407271319517834,0.02663189758948826,-0.003950486444666446,-0.05401121523959677,Орехово-Борисово Северное,Москва
2581,0.6440437418875916,-0.5309419169326125,-0.07158919373280986,0.8209488779732684,0.032788153290281986,-0.31328259209273396,0.03578191135049317,-0.004398155120958314,-0.05634872066188579,Орехово-Борисово Южное,Москва
2582,0.5639071665004495,-0.4546865413657155,-0.07421005787701972,0.7512851883538844,-0.001835424346879037,-0.28262983625887506,0.030972462310227242,-0.0020689424761648847,-0.06053338480992232,Царицыно,Москва
2583,0.6937043202573475,-0.5739210763329666,0.01833930149834449,0.8951844775980861,-0.02612648424315304,-0.3755528900149164,0.02845156646147211,-0.003515961153432593,-0.0631146307868995,Чертаново Северное,Москва
2584,0.6193713525977943,-0.5334697116100752,-0.04747469942850326,0.8264140070174032,0.03127186423895708,-0.3388181317123877,0.03493244453137025,-0.005405947860689116,-0.06403815014911614,Чертаново Центральное,Москва
2585,0.651896762095605,-0.5438602350321763,-0.12309228576167469,0.833241435484784,0.06665899838915272,-0.2950245845746921,0.030175859833105702,-7.738264703878912e-05,-0.058167997902966485,Чертаново Южное,Москва
2586,0.6209793222706342,-0.5045582311691695,-0.0901215140616045,0.726070318141142,-0.008517828396214955,-0.18494941600875806,0.032800913650787425,-0.0009771997487840005,-0.03571182787324793,Старое Крюково,Москва
2587,0.6591897136848726,-0.5552404023367908,-0.03291046078703299,0.6087970234166639,0.032709556084075296,-0.1154323878715216,0.03150173670909372,-0.008304288487151664,-0.019137931316106267,Троицк,Москва
2588,0.5268203183695352,-0.44578805226128426,-0.16410427336069028,0.6691678601679346,0.02721058917729972,-0.1485627952178677,0.03179543118281019,-0.0022959775534442026,-0.03194164361843085,Щербинка,Москва
2589,0.8590810769013494,-0.7324802632973437,-0.11207983728201582,0.9600768021790325,0.03637657191767951,-0.21396994501195743,0.03350927504535363,-0.0030981262743935423,-0.04632418333962788,Внуковское,Москва
2590,0.6771443965413203,-0.5673535699381986,-0.10686705339853318,0.6567348502137546,0.10362739815259499,-0.14821829652422439,0.0383435230710151,-0.0072191892945902,-0.028650120187135197,Воскресенское,Москва
2591,0.4956610946169677,-0.4116988495491456,-0.1872264899655809,0.32391177718204495,0.021291708719599733,0.191645182118478,0.041501843860246974,-0.00817178107404537,0.014786149585992225,Вороновское,Москва
2592,0.6707646425135373,-0.6093838371081187,-0.13079712272453234,0.6980247355416834,0.12715282047888607,-0.1470732676825234,0.035426677310925726,-0.005884596802640751,-0.03082311206253426,Десеновское,Москва
2593,0.1966531984977251,-0.15604397129938755,-0.002303482031210206,0.20500303036474274,-0.29028620711297526,0.18155395858422482,0.10620953855031526,-0.03513427223001453,0.02987014045259066,Киевский,Москва
2595,0.30422277984270335,-0.28499514647369245,-0.16968666329840754,0.43443731489997056,-0.10575159203316638,0.06391941541069196,0.08030082312014286,-0.02618180470303642,-0.082846360942139,Кокошкино,Москва
2596,0.4738776802119952,-0.40813797866506785,-0.16860586330431468,0.3560280215173007,0.06446490185022287,0.09417424710725376,0.03543607447211407,-0.012727498684285965,-0.006578361162941008,Краснопахорское,Москва
2597,0.5132473269254981,-0.4463797777153111,-0.11971070119454413,0.4868637001738188,0.059740868334758966,-0.04259076109332736,0.04529330117622189,-0.011524612112925436,-0.038353906521492766,Марушкинское,Москва
2598,0.3419028170673033,-0.31734538313776117,-0.1976603321232909,0.16053127834911213,-0.06628959495652682,0.35868736037386145,0.043235628882806354,0.003806341882091354,0.06235026864355157,Михайлово-Ярцевское,Москва
2599,0.7798022356178652,-0.672443404610283,-0.08984171503253412,0.9115911401835413,0.09481643926384498,-0.3061991312991752,0.03393586593591364,-0.004926923378925863,-0.047096626226575365,Московский,Москва
2600,0.5497285728222233,-0.5660862098652475,-0.08310163413870054,0.6829272604377262,0.24496038617751312,-0.34077647410589645,0.052866145302487844,-0.012492163490859798,-0.04553099890479347,Мосрентген,Москва
2601,0.3912623123750467,-0.4322471037774049,-0.2600511138993718,0.2883992105102505,0.08873315698932822,0.25308917868259323,0.04094267488233488,-0.013432250384331304,-0.0691937129448229,Новофедоровское,Москва
2602,0.7103594748025523,-0.5977630379892642,-0.11501261235670551,0.5797544582332059,0.10208899272485024,-0.03114447210669082,0.04249936865178609,-0.008411500459203284,-0.032508017748105265,Первомайское,Москва
2604,0.6024576661248443,-0.5415381428904787,-0.14696253636321086,0.6107058688158183,0.0894771743346587,-0.07375903539139282,0.03862217747713538,-0.010392013658064006,-0.02176047290335892,Рязановское,Москва
2605,0.8141319496091142,-0.7189778976360074,-0.03371631461537167,0.860698266165625,0.06003088134206769,-0.2301116067509187,0.0407387666108349,-0.0022750157272235505,-0.03925123856247178,Сосенское,Москва
2606,0.5511362279918016,-0.5595638970152531,-0.21399580526226716,0.6087492223286756,0.10726749886729614,-0.004533690413055569,0.04551818036864776,-0.0013502057094110602,-0.03274683405237533,Филимонковское,Москва
2607,0.3686762452597519,-0.3280411358964158,-0.22575447945259333,0.23930622016300448,0.0963881655334623,0.15602455815793556,0.06326088841288346,0.0031042801798864907,0.03836606420023111,Щаповское,Москва
2618,-0.06303040252924268,0.22225360599809937,0.0015754576756595677,-0.6008624226329059,-0.010835028460357296,0.3257917159248982,0.02366966060187624,0.002284762479793261,0.09643585051606977,Мантуровский,Костромская область
2619,0.23149368251823935,-0.18210765665493853,-0.09223813028688578,0.2248373300767321,-0.0978280726838436,0.08525985805432933,0.036654593971996996,-0.011645684762399347,0.02324482533647872,Переславль-Залесский,Ярославская область
2620,0.28873217840063176,-0.14270287866921957,-0.1674460123869471,0.42965040769865626,0.0460412655645435,-0.22761945370163797,0.022101111470636658,-0.0059665704666870085,-0.04624828655618026,Соликамский,Пермский край
2621,0.3129510063083718,-0.18907865007560923,-0.2216286326974332,0.6394110264858571,0.0027926439014017332,-0.29357305910882103,0.020217771387079336,-0.0059199351848665165,-0.06665274456619619,Березники,Пермский край
2644,0.4590310660095917,-0.416041661656366,-0.14810284615952693,0.5461682729297611,0.08905637505862891,-0.1331568116671024,0.029832163309672022,-0.007504031904685089,-0.010108304736054027,Серпухов,Московская область
2646,0.46298282602526547,-0.47634673418756623,0.0260089128785763,0.5867925961760275,-0.005818632847853149,-0.19271281351378935,0.025969749703521134,-0.008187783767821569,-0.008893181074819548,Обнинск,Калужская область
2647,0.2455862420127576,-0.29780717360241665,-0.08064666048956272,0.30009627791476484,-0.026638072593146062,0.042918957275755065,0.032830050715388845,-0.0225493464781945,-0.02032862143223439,Боровский,Калужская область
2648,0.45494062852561085,-0.40526106249004573,-0.20794693850763632,0.488273467408908,0.042446383054210036,0.020411479039958418,0.04034959682779927,-0.0006001123604825372,-0.008140402654472393,Лосино-Петровский,Московская область
2649,0.5221047048644225,-0.44688525934743123,-0.13517941678477546,0.5938177660297024,0.05978990345507784,-0.13361966484717827,0.0348948300384958,-0.006575294596128896,-0.01608073153736922,Щёлково,Московская область
2651,0.6446635751016381,-0.603296365605235,-0.09900339301376865,0.7217307979505985,0.12416679915350555,-0.20567450997970638,0.035369040525765845,-0.003963404638315089,-0.0368134828895604,Одинцовский,Московская область
2652,0.4087366713265616,-0.3208959375702634,-0.16935231481089996,0.44919888465737606,0.032547256462655806,-0.05357456023347449,0.034255507190473926,-0.0011933404324697878,0.003801554375824597,Орехово-Зуевский,Московская область
2710,0.1127296024900557,-0.1470252078693834,-0.09112819518050709,0.256628646133897,-0.09172964165727038,0.01117772707865707,0.037678821389285314,-0.0007228939613307764,0.0068271084849439445,Вышневолоцкий,Тверская область
2808,0.45688874729935053,-0.3663897648356043,-0.10741344446485773,0.5223008033856912,0.015396979064746907,-0.125971244644581,0.030404928484133033,-0.001816316341258432,-0.023583807116142497,Коломна,Московская область
2809,0.07400197750571154,-0.13815395635770453,-0.10041651137902469,0.4450688849858469,0.04743428811054292,-0.3160093768542667,0.02681288651756726,0.007082638652332464,-0.04506649324736034,Кунгурский,Пермский край
2813,0.35018573885656085,-0.1583792072356265,-0.2090873441868569,0.2970241797587938,-0.10712174867355857,0.1154874488426436,0.036174177231885554,0.0021589828071328365,-0.00941215689705536,Шатура,Московская область
2814,0.5464246548306642,-0.4895058652473998,-0.11460492992134318,0.6215708870531427,0.07815222984608872,-0.15768899322509472,0.03508955530860198,-0.001592107917703182,-0.04002111977556777,Пушкинский,Московская область
2872,0.49737125372603086,0.1979646497382307,-0.24829669173126753,0.19757327590519422,-0.14672082907465755,-0.06259707633210593,0.08087261859462921,0.10930668813642803,0.3811445928730263,Приуральский,Ямало-Ненецкий автономный округ
2876,0.2862461957761076,-0.6064545828331617,-0.060262731756078124,0.6058743410630364,0.08342493529694377,-0.08465863326534623,0.049709915015473366,0.006616929925956805,0.0067693738456945,Кисловодск,Ставропольский край
2879,0.6348812725494094,-0.3611483808026386,-0.23075157192602994,0.7567045732306047,-0.21946131182345263,-0.0074199801730891095,0.07002489483749194,0.09208634426570499,0.06474377729198084,Губкинский,Ямало-Ненецкий автономный округ
2880,0.6498097749341399,-0.08272714056238674,-0.15519129634764775,0.45855275576337196,-0.127628880353672,-0.15508210999427072,0.05603841032881385,0.07867554068533111,0.1850200765713763,Лабытнанги,Ямало-Ненецкий автономный округ
2881,0.07572524183466285,-0.5274089641701367,0.021208391283366324,0.37568456636596687,0.1605256207126895,-0.09208628568649137,0.052573903927037306,-0.005455561572033525,0.026173481280232374,Предгорный,Ставропольский край
2882,0.5216091263221018,-0.28113527287543033,-0.1780060988427606,0.5783856187271631,-0.19980123415791115,0.018480315654333557,0.06786521212049659,0.08458946835251269,0.11308140913956437,Пуровский,Ямало-Ненецкий автономный округ
2883,0.2266171813741696,-0.13176600713868886,-0.11546481995168457,0.21543177819177473,-0.1250754900745393,0.09479786747853208,0.0396081686293457,-0.017677240042239594,-0.031222283386315792,Кимрский,Тверская область
2884,0.11228346147888812,-0.20070767391743385,-0.09906576531030463,0.18108421824350507,0.02033831241924618,0.03627423707038174,0.036060196514414,-0.0068669528019407915,0.010094234901222132,Ржевский,Тверская область
2885,-0.034146532139326315,-0.05948257031391807,-0.10907317188119064,0.4049207642165579,0.04928295505351384,-0.3477246485695676,0.02729289966549905,0.017116084921471167,-0.08617914036510711,Кудымкарский,Пермский край
2886,0.056439229285590566,0.02005382928807122,-0.13517451622249538,0.2844703099402655,-0.22421482558690842,-0.007211468913538984,0.024702875287220788,-0.006258524637702857,-0.027824718284850485,Губахинский,Пермский край
2887,0.22453004862257045,-0.4146706683612648,-0.01928849676470658,0.65258691509074,0.05335780970002246,-0.33406223115939776,0.02463747301779954,-0.006307020362885135,-0.04745557453847371,Саратов,Саратовская область
3005,0.17555472456092516,-0.17503594992042215,0.03972704496584447,0.08989087711888168,0.06136194893331178,-0.07802059259221993,0.03543337589159817,0.0039471197161540334,0.05381667538746391,Арзамас,Нижегородская область
3007,0.06642953515029437,-0.0883464942841537,-0.07067311116973742,0.03539476871418529,0.028477384562714574,0.03307078068238565,0.02186811661501515,0.004517387598904632,-0.009063507121809774,Прокопьевский,Кемеровская область
3009,0.20963954151254094,-0.33732859698074585,-0.053312888681248595,0.39517800374900985,0.042252821015452545,-0.10886601059707363,0.0325474473290545,-0.010200853827666778,-0.005087192293858567,Тамбов,Тамбовская область
3011,0.12920972667613762,-0.18102548455751685,-0.03370294417542998,0.4489919764548251,-0.05774648406844096,-0.23859373514804205,0.0481342950004697,0.004543869580204622,-0.0011677951577624783,Златоустовский,Челябинская область
3012,-0.15951857714404993,0.14709346442545665,0.2190609288333726,-0.17550110383438808,-0.22130681238387506,-0.031423148535172196,0.022492270583729605,-0.023105023972369947,-0.028773426246182527,Кусинский,Челябинская область
3013,0.5321433057365932,-0.42529687595013493,-0.21811708504687566,0.5565654603634159,0.10759054387183904,-0.08281871473284931,0.03479769118530098,-0.002403801825579347,-0.025028407880916054,Солнечногорск,Московская область
