oktmo,oktmo_stable,year,region_name,municipality,mun_type,wage_total,emp_total,emp_A,emp_B,emp_C,emp_D,emp_E,emp_G,emp_O,emp_P,emp_Q,pop_total
01512000,01512000,2023,Алтайский край,Залесовский муниципальный округ,Муниципальный округ,37480.7,1280.0,,,,41.0,,64.0,239.0,430.0,316.0,
01539000,01539000,2023,Алтайский край,Муниципальный округ город Славгород,Муниципальный округ,40803.8,5590.0,229.0,,366.0,425.0,104.0,319.0,1001.0,1244.0,1013.0,
01541000,01541000,2023,Алтайский край,Муниципальный округ Суетский район,Муниципальный округ,47164.1,692.0,251.0,,,36.0,,,102.0,134.0,,
01558000,01558000,2023,Алтайский край,Муниципальный округ Чарышский район,Муниципальный округ,33473.1,1443.0,171.0,,,87.0,,20.0,284.0,439.0,,
01601000,01601000,2023,Алтайский край,Алейский муниципальный район,Муниципальный район,37511.7,1317.0,303.0,,,,,,154.0,378.0,101.0,
01602000,01602000,2023,Алтайский край,Алтайский муниципальный район,Муниципальный район,37751.4,2863.0,216.0,,14.0,122.0,36.0,138.0,442.0,908.0,475.0,
01603000,01603000,2023,Алтайский край,Баевский муниципальный район,Муниципальный район,39530.3,928.0,,,,57.0,,31.0,219.0,283.0,,
01604000,01604000,2023,Алтайский край,Бийский муниципальный район,Муниципальный район,41386.8,3474.0,1056.0,,366.0,94.0,,78.0,296.0,775.0,439.0,
01605000,01605000,2023,Алтайский край,Благовещенский муниципальный район,Муниципальный район,43992.6,5040.0,325.0,,1206.0,294.0,66.0,177.0,657.0,1113.0,590.0,
01606000,01606000,2023,Алтайский край,Бурлинский муниципальный район,Муниципальный район,37484.4,1083.0,140.0,,,88.0,4.0,19.0,228.0,298.0,,
01607000,01607000,2023,Алтайский край,Быстроистокский муниципальный район,Муниципальный район,37732.5,1023.0,,,,51.0,,20.0,210.0,269.0,,
01608000,01608000,2023,Алтайский край,Волчихинский муниципальный район,Муниципальный район,37006.0,2265.0,296.0,,296.0,117.0,12.0,85.0,317.0,613.0,280.0,
01609000,01609000,2023,Алтайский край,Егорьевский муниципальный район,Муниципальный район,37507.0,1638.0,241.0,,7.0,63.0,,25.0,242.0,430.0,394.0,
01610000,01610000,2023,Алтайский край,Ельцовский муниципальный район,Муниципальный район,34526.5,594.0,,,,39.0,18.0,17.0,128.0,168.0,104.0,
01611000,01611000,2023,Алтайский край,Завьяловский муниципальный район,Муниципальный район,40880.2,2481.0,440.0,,81.0,146.0,,99.0,392.0,603.0,336.0,
01613000,01613000,2023,Алтайский край,Заринский муниципальный район,Муниципальный район,42642.3,1562.0,572.0,,,29.0,,,97.0,458.0,,
01614000,01514000,2023,Алтайский край,Змеиногорский муниципальный район,Муниципальный район,64200.4,3768.0,365.0,,41.0,268.0,,98.0,506.0,597.0,289.0,
01615000,01615000,2023,Алтайский край,Калманский муниципальный район,Муниципальный район,45147.2,1542.0,,,,29.0,,45.0,234.0,387.0,,
01616000,01616000,2023,Алтайский край,Каменский муниципальный район,Муниципальный район,39123.0,7310.0,410.0,,659.0,596.0,158.0,363.0,903.0,1603.0,1249.0,
01617000,01617000,2023,Алтайский край,Ключевский муниципальный район,Муниципальный район,35967.3,1801.0,201.0,,,89.0,,69.0,313.0,613.0,231.0,
01618000,01618000,2023,Алтайский край,Косихинский муниципальный район,Муниципальный район,36921.7,1731.0,,,,92.0,21.0,60.0,310.0,548.0,,
01619000,01619000,2023,Алтайский край,Красногорский муниципальный район,Муниципальный район,33159.9,1839.0,149.0,,,72.0,18.0,53.0,353.0,538.0,247.0,
01620000,01620000,2023,Алтайский край,Краснощёковский муниципальный район,Муниципальный район,45538.1,2034.0,239.0,,24.0,66.0,22.0,128.0,300.0,472.0,222.0,
01621000,01621000,2023,Алтайский край,Крутихинский муниципальный район,Муниципальный район,36048.2,930.0,,,,85.0,,29.0,208.0,298.0,159.0,
01622000,01622000,2023,Алтайский край,Кулундинский муниципальный район,Муниципальный район,46991.8,3139.0,,,209.0,345.0,50.0,115.0,462.0,700.0,343.0,
01623000,01623000,2023,Алтайский край,Курьинский муниципальный район,Муниципальный район,38578.7,1258.0,,,68.0,61.0,10.0,37.0,199.0,290.0,,
01624000,01624000,2023,Алтайский край,Кытмановский муниципальный район,Муниципальный район,39106.0,1699.0,423.0,,,64.0,,23.0,320.0,438.0,227.0,
01625000,01625000,2023,Алтайский край,Локтевский муниципальный район,Муниципальный район,38837.5,2752.0,248.0,,,184.0,,226.0,497.0,672.0,432.0,
01626000,01626000,2023,Алтайский край,Мамонтовский муниципальный район,Муниципальный район,38559.6,2414.0,140.0,,,102.0,53.0,89.0,394.0,679.0,510.0,
01627000,01627000,2023,Алтайский край,Михайловский муниципальный район,Муниципальный район,38029.6,2306.0,377.0,,7.0,161.0,33.0,85.0,350.0,710.0,378.0,
01628000,01628000,2023,Алтайский край,Новичихинский муниципальный район,Муниципальный район,40108.6,1331.0,367.0,,59.0,55.0,29.0,18.0,225.0,271.0,153.0,
01629000,01629000,2023,Алтайский край,Зональный муниципальный район,Муниципальный район,41530.5,3665.0,1297.0,,876.0,60.0,,77.0,345.0,586.0,,
01630000,01630000,2023,Алтайский край,Павловский муниципальный район,Муниципальный район,47369.9,6827.0,1621.0,,1230.0,290.0,75.0,200.0,870.0,1209.0,692.0,
01631000,01631000,2023,Алтайский край,Панкрушихинский муниципальный район,Муниципальный район,41075.8,1386.0,157.0,,,106.0,,31.0,285.0,360.0,216.0,
01632000,01632000,2023,Алтайский край,Первомайский муниципальный район,Муниципальный район,41178.9,5354.0,537.0,,317.0,312.0,60.0,356.0,592.0,1456.0,991.0,
01633000,01633000,2023,Алтайский край,Петропавловский муниципальный район,Муниципальный район,45750.9,2031.0,760.0,,,71.0,,23.0,240.0,343.0,,
01634000,01634000,2023,Алтайский край,Поспелихинский муниципальный район,Муниципальный район,40552.4,3742.0,832.0,,439.0,162.0,111.0,183.0,447.0,696.0,307.0,
01635000,01635000,2023,Алтайский край,Ребрихинский муниципальный район,Муниципальный район,36407.3,2793.0,540.0,,,83.0,33.0,84.0,386.0,898.0,343.0,
01636000,01636000,2023,Алтайский край,Родинский муниципальный район,Муниципальный район,37395.3,1837.0,232.0,,,70.0,31.0,77.0,310.0,644.0,,
01637000,01637000,2023,Алтайский край,Романовский муниципальный район,Муниципальный район,40831.2,1750.0,515.0,,14.0,66.0,,60.0,266.0,371.0,240.0,
01638000,01638000,2023,Алтайский край,Рубцовский муниципальный район,Муниципальный район,60003.6,3010.0,211.0,941.0,23.0,160.0,17.0,,169.0,521.0,60.0,
01640000,01640000,2023,Алтайский край,Смоленский муниципальный район,Муниципальный район,40967.8,2881.0,447.0,,283.0,132.0,,95.0,426.0,756.0,357.0,
01642000,01642000,2023,Алтайский край,Советский муниципальный район,Муниципальный район,44899.7,2560.0,647.0,,299.0,69.0,,40.0,289.0,618.0,,
01643000,01643000,2023,Алтайский край,Солонешенский муниципальный район,Муниципальный район,34644.7,1040.0,,,,62.0,,23.0,246.0,389.0,,
01644000,01644000,2023,Алтайский край,Солтонский муниципальный район,Муниципальный район,33444.7,857.0,34.0,,,43.0,,25.0,201.0,278.0,,
01645000,01645000,2023,Алтайский край,Шелаболихинский муниципальный район,Муниципальный район,37598.0,2051.0,716.0,,148.0,103.0,,,226.0,341.0,232.0,
01646000,01646000,2023,Алтайский край,Табунский муниципальный район,Муниципальный район,35044.3,1344.0,222.0,,196.0,57.0,,25.0,236.0,345.0,,
01647000,01647000,2023,Алтайский край,Тальменский муниципальный район,Муниципальный район,42675.2,5508.0,836.0,,297.0,299.0,,198.0,639.0,1615.0,869.0,
01648000,01648000,2023,Алтайский край,Тогульский муниципальный район,Муниципальный район,40943.1,1392.0,481.0,,44.0,33.0,,35.0,197.0,331.0,,
01649000,01649000,2023,Алтайский край,Топчихинский муниципальный район,Муниципальный район,41598.3,3271.0,617.0,,286.0,108.0,,181.0,808.0,612.0,348.0,
01650000,01650000,2023,Алтайский край,Третьяковский муниципальный район,Муниципальный район,36965.1,1949.0,491.0,,227.0,87.0,23.0,49.0,256.0,402.0,,
01651000,01651000,2023,Алтайский край,Троицкий муниципальный район,Муниципальный район,39950.0,2877.0,159.0,,283.0,142.0,36.0,91.0,483.0,706.0,564.0,
01652000,01652000,2023,Алтайский край,Тюменцевский муниципальный район,Муниципальный район,33529.9,1958.0,405.0,,126.0,53.0,14.0,38.0,316.0,482.0,322.0,
01653000,01653000,2023,Алтайский край,Угловский муниципальный район,Муниципальный район,36735.5,1387.0,221.0,,,111.0,,13.0,274.0,368.0,214.0,
01654000,01654000,2023,Алтайский край,Усть-Калманский муниципальный район,Муниципальный район,40218.6,1743.0,159.0,,171.0,84.0,31.0,51.0,313.0,444.0,209.0,
01655000,01655000,2023,Алтайский край,Усть-Пристанский муниципальный район,Муниципальный район,35063.6,1157.0,53.0,,,71.0,,34.0,259.0,362.0,,
01656000,01656000,2023,Алтайский край,Хабарский муниципальный район,Муниципальный район,37764.6,2359.0,678.0,,210.0,121.0,,63.0,362.0,424.0,,
01657000,01657000,2023,Алтайский край,Целинный муниципальный район,Муниципальный район,42597.2,2546.0,129.0,,734.0,66.0,26.0,58.0,433.0,685.0,217.0,
01659000,01659000,2023,Алтайский край,Шипуновский муниципальный район,Муниципальный район,39260.0,3749.0,249.0,,386.0,162.0,189.0,115.0,705.0,1009.0,444.0,
01660000,01660000,2023,Алтайский край,Немецкий национальный муниципальный район,Муниципальный район,39067.5,2317.0,498.0,,236.0,115.0,22.0,34.0,254.0,692.0,285.0,
01701000,01701000,2023,Алтайский край,Город Барнаул,"Городской округ, городской округ с внутригородским делением",58747.8,156536.0,969.0,,26133.0,5231.0,1343.0,17280.0,21155.0,23908.0,25173.0,
01703000,01703000,2023,Алтайский край,Город Алейск,"Городской округ, городской округ с внутригородским делением",49221.9,5325.0,,,1076.0,277.0,,233.0,1035.0,797.0,836.0,
01704000,01704000,2023,Алтайский край,Город Белокуриха,"Городской округ, городской округ с внутригородским делением",55378.6,5626.0,,,,327.0,,156.0,383.0,399.0,3640.0,
01705000,01705000,2023,Алтайский край,Город Бийск,"Городской округ, городской округ с внутригородским делением",50561.2,39154.0,193.0,,12537.0,2028.0,565.0,3724.0,4364.0,5683.0,4781.0,
01706000,01706000,2023,Алтайский край,Город Заринск,"Городской округ, городской округ с внутригородским делением",53069.6,9658.0,20.0,,4207.0,499.0,161.0,310.0,974.0,1261.0,977.0,
01713000,01713000,2023,Алтайский край,Город Новоалтайск,"Городской округ, городской округ с внутригородским делением",57788.2,17990.0,,,5485.0,864.0,334.0,2249.0,1499.0,2027.0,1224.0,
01716000,01716000,2023,Алтайский край,Город Рубцовск,"Городской округ, городской округ с внутригородским делением",44377.4,23542.0,53.0,,6162.0,1103.0,637.0,1095.0,3487.0,3990.0,4255.0,
01730000,01730000,2023,Алтайский край,Город Яровое,"Городской округ, городской округ с внутригородским делением",39385.2,2216.0,,,,,118.0,136.0,233.0,474.0,465.0,
01755000,01755000,2023,Алтайский край,ЗАТО Сибирский,"Городской округ, городской округ с внутригородским делением",35930.7,1764.0,,,,,,65.0,703.0,330.0,257.0,
03601000,03601000,2023,Краснодарский край,Абинский муниципальный район,Муниципальный район,52059.8,16067.0,1116.0,426.0,4845.0,598.0,385.0,985.0,1062.0,2361.0,1979.0,
03605000,03605000,2023,Краснодарский край,Апшеронский муниципальный район,Муниципальный район,44575.7,9119.0,126.0,,702.0,476.0,271.0,614.0,1566.0,1752.0,1930.0,
03607000,03607000,2023,Краснодарский край,Белоглинский муниципальный район,Муниципальный район,47114.4,4515.0,1133.0,,344.0,60.0,83.0,177.0,484.0,877.0,630.0,
03608000,03608000,2023,Краснодарский край,Белореченский муниципальный район,Муниципальный район,48111.7,14965.0,909.0,,3237.0,679.0,261.0,1336.0,1282.0,2952.0,2036.0,
03610000,03610000,2023,Краснодарский край,Брюховецкий муниципальный район,Муниципальный район,46226.4,6657.0,1652.0,,558.0,24.0,45.0,427.0,683.0,1579.0,868.0,
03612000,03612000,2023,Краснодарский край,Выселковский муниципальный район,Муниципальный район,58559.8,15776.0,5197.0,,2783.0,90.0,121.0,1141.0,593.0,1493.0,2139.0,
03613000,03613000,2023,Краснодарский край,Гулькевичский муниципальный район,Муниципальный район,49731.5,13470.0,1814.0,,3188.0,702.0,,813.0,1040.0,1847.0,1484.0,
03614000,03614000,2023,Краснодарский край,Динской муниципальный район,Муниципальный район,51592.5,18205.0,2512.0,40.0,2740.0,510.0,159.0,2427.0,1313.0,3675.0,1552.0,
03616000,03616000,2023,Краснодарский край,Ейский муниципальный район,Муниципальный район,43955.0,18308.0,1766.0,,1042.0,596.0,513.0,1354.0,2732.0,3545.0,3543.0,
03618000,03618000,2023,Краснодарский край,Кавказский муниципальный район,Муниципальный район,48847.2,18358.0,617.0,,3319.0,645.0,373.0,1424.0,1892.0,2796.0,2886.0,
03619000,03619000,2023,Краснодарский край,Калининский муниципальный район,Муниципальный район,43264.5,4990.0,1510.0,,131.0,,,322.0,665.0,1080.0,689.0,
03620000,03620000,2023,Краснодарский край,Каневской муниципальный район,Муниципальный район,48909.7,16248.0,3865.0,427.0,2192.0,471.0,217.0,1401.0,1136.0,2456.0,1650.0,
03621000,03621000,2023,Краснодарский край,Кореновский муниципальный район,Муниципальный район,50243.3,13321.0,2488.0,,3432.0,413.0,210.0,792.0,1213.0,1809.0,1364.0,
03623000,03623000,2023,Краснодарский край,Красноармейский муниципальный район,Муниципальный район,48659.9,13280.0,2892.0,,913.0,431.0,261.0,1056.0,1014.0,2448.0,1786.0,
03624000,03624000,2023,Краснодарский край,Крыловский муниципальный район,Муниципальный район,44140.0,3865.0,1059.0,,,51.0,,261.0,581.0,768.0,647.0,
03625000,03625000,2023,Краснодарский край,Крымский муниципальный район,Муниципальный район,51081.7,15957.0,685.0,688.0,2273.0,563.0,504.0,1204.0,1576.0,2858.0,1938.0,
03627000,03627000,2023,Краснодарский край,Курганинский муниципальный район,Муниципальный район,41602.5,10969.0,1159.0,,1339.0,155.0,264.0,784.0,1012.0,2638.0,1698.0,
03628000,03628000,2023,Краснодарский край,Кущевский муниципальный район,Муниципальный район,53297.9,11010.0,1361.0,,1766.0,291.0,180.0,435.0,1114.0,2151.0,1635.0,
03630000,03630000,2023,Краснодарский край,Лабинский муниципальный район,Муниципальный район,43990.9,12657.0,1050.0,439.0,972.0,1077.0,309.0,625.0,1115.0,2568.0,2238.0,
03632000,03532000,2023,Краснодарский край,Ленинградский муниципальный район,Муниципальный район,50944.2,9256.0,1121.0,,1326.0,966.0,82.0,475.0,735.0,1820.0,1380.0,
03633000,03633000,2023,Краснодарский край,Мостовский муниципальный район,Муниципальный район,44236.6,6142.0,458.0,,444.0,,165.0,262.0,940.0,1716.0,1320.0,
03634000,03634000,2023,Краснодарский край,Новокубанский муниципальный район,Муниципальный район,47329.7,11930.0,3118.0,,1890.0,517.0,208.0,533.0,982.0,2359.0,1358.0,
03635000,03635000,2023,Краснодарский край,Новопокровский муниципальный район,Муниципальный район,43293.8,4490.0,226.0,,530.0,23.0,262.0,295.0,562.0,1109.0,803.0,
03637000,03637000,2023,Краснодарский край,Отрадненский муниципальный район,Муниципальный район,42928.1,6754.0,713.0,,,235.0,,169.0,789.0,1580.0,2354.0,
03639000,03639000,2023,Краснодарский край,Павловский муниципальный район,Муниципальный район,47154.5,9435.0,2068.0,,1148.0,111.0,99.0,597.0,927.0,1855.0,1211.0,
03641000,03541000,2023,Краснодарский край,Приморско-Ахтарский муниципальный район,Муниципальный район,40858.6,6062.0,301.0,,,187.0,198.0,360.0,1148.0,1323.0,1287.0,
03643000,03643000,2023,Краснодарский край,Северский муниципальный район,Муниципальный район,61314.5,15124.0,510.0,,4310.0,145.0,264.0,991.0,1233.0,2761.0,1902.0,
03645000,03645000,2023,Краснодарский край,Славянский муниципальный район,Муниципальный район,57772.6,23517.0,2869.0,689.0,3008.0,1286.0,241.0,1718.0,1813.0,3162.0,2176.0,
03647000,03647000,2023,Краснодарский край,Староминский муниципальный район,Муниципальный район,46491.1,6288.0,1082.0,,1057.0,78.0,106.0,659.0,582.0,1165.0,628.0,
03649000,03649000,2023,Краснодарский край,Тбилисский муниципальный район,Муниципальный район,46827.6,5768.0,1060.0,,984.0,,129.0,276.0,560.0,1090.0,745.0,
03651000,03651000,2023,Краснодарский край,Темрюкский муниципальный район,Муниципальный район,68076.4,32913.0,2911.0,,4293.0,356.0,676.0,1566.0,1930.0,2938.0,1626.0,
03653000,03653000,2023,Краснодарский край,Тимашевский муниципальный район,Муниципальный район,56855.7,18982.0,1605.0,,4438.0,1488.0,412.0,1105.0,1544.0,2346.0,2116.0,
03654000,03654000,2023,Краснодарский край,Тихорецкий муниципальный район,Муниципальный район,50581.9,20617.0,1336.0,,3029.0,1394.0,455.0,990.0,1854.0,3052.0,2292.0,
03655000,03555000,2023,Краснодарский край,Туапсинский муниципальный район,Муниципальный район,57665.9,29069.0,220.0,,2121.0,537.0,649.0,1588.0,2216.0,2939.0,4840.0,
03656000,03656000,2023,Краснодарский край,Успенский муниципальный район,Муниципальный район,50351.0,5337.0,512.0,62.0,775.0,,120.0,184.0,611.0,1221.0,696.0,
03657000,03657000,2023,Краснодарский край,Усть-Лабинский муниципальный район,Муниципальный район,48832.2,17117.0,2381.0,,2721.0,912.0,241.0,1043.0,2073.0,2846.0,2432.0,
03659000,03659000,2023,Краснодарский край,Щербиновский муниципальный район,Муниципальный район,45673.4,5184.0,1529.0,,106.0,,,176.0,505.0,1077.0,790.0,
03701000,03701000,2023,Краснодарский край,Город Краснодар,"Городской округ, городской округ с внутригородским делением",75785.7,305741.0,3024.0,794.0,15953.0,6780.0,3971.0,60038.0,37552.0,40463.0,36327.0,
03703000,03501000,2023,Краснодарский край,Город-курорт Анапа,"Городской округ, городской округ с внутригородским делением",50869.5,30957.0,238.0,,458.0,652.0,1002.0,3365.0,2490.0,5848.0,9203.0,
03705000,03705000,2023,Краснодарский край,Город Армавир,"Городской округ, городской округ с внутригородским делением",45877.5,29222.0,255.0,,4854.0,1783.0,727.0,3250.0,2867.0,5762.0,4457.0,
03708000,03708000,2023,Краснодарский край,Город-курорт Геленджик,"Городской округ, городской округ с внутригородским делением",57743.6,19414.0,347.0,,436.0,648.0,686.0,1949.0,1526.0,2606.0,5610.0,
03709000,03504000,2023,Краснодарский край,Город Горячий Ключ,"Городской округ, городской округ с внутригородским делением",44218.7,7936.0,146.0,,367.0,220.0,418.0,876.0,1157.0,1528.0,1562.0,
03720000,03720000,2023,Краснодарский край,Город Новороссийск,"Городской округ, городской округ с внутригородским делением",72162.4,69665.0,387.0,,5518.0,2287.0,1475.0,8029.0,7573.0,7839.0,6100.0,
03726000,03726000,2023,Краснодарский край,Город-курорт Сочи,"Городской округ, городской округ с внутригородским делением",67318.2,92740.0,202.0,,1302.0,2855.0,2563.0,11285.0,7832.0,10321.0,21482.0,
03731000,03726000,2023,Краснодарский край,Сириус,"Городской округ, городской округ с внутригородским делением",106446.9,10201.0,,,,,,209.0,137.0,1898.0,212.0,
04545000,04545000,2023,Красноярский край,Пировский муниципальный округ,Муниципальный округ,49974.9,1190.0,,,,,,25.0,331.0,380.0,,
04555000,04555000,2023,Красноярский край,Тюхтетский муниципальный округ,Муниципальный округ,50923.0,1034.0,,,,,,26.0,228.0,340.0,,
04558000,04558000,2023,Красноярский край,Шарыповский муниципальный округ,Муниципальный округ,72164.3,4166.0,426.0,,25.0,1178.0,,9.0,111.0,644.0,419.0,
04601000,04601000,2023,Красноярский край,Абанский муниципальный район,Муниципальный район,48979.7,2509.0,55.0,,,190.0,,62.0,548.0,817.0,412.0,
04603000,04603000,2023,Красноярский край,Ачинский муниципальный район,Муниципальный район,61794.4,2165.0,,,,,,,376.0,579.0,165.0,
04604000,04604000,2023,Красноярский край,Балахтинский муниципальный район,Муниципальный район,55200.7,4159.0,496.0,,,177.0,,62.0,593.0,955.0,552.0,
04605000,04605000,2023,Красноярский край,Березовский муниципальный район,Муниципальный район,63829.9,7389.0,305.0,,998.0,172.0,121.0,318.0,690.0,1151.0,937.0,
04606000,04606000,2023,Красноярский край,Бирилюсский муниципальный район,Муниципальный район,52108.5,1705.0,,,,20.0,,22.0,321.0,411.0,298.0,
04608000,04608000,2023,Красноярский край,Боготольский муниципальный район,Муниципальный район,53974.8,1053.0,,,,,,,57.0,394.0,190.0,
04609000,04609000,2023,Красноярский край,Богучанский муниципальный район,Муниципальный район,75507.9,10439.0,794.0,60.0,2421.0,494.0,165.0,214.0,1749.0,1717.0,963.0,
04610000,04610000,2023,Красноярский край,Большемуртинский муниципальный район,Муниципальный район,53325.8,3461.0,854.0,,234.0,185.0,,88.0,446.0,586.0,487.0,
04611000,04611000,2023,Красноярский край,Большеулуйский муниципальный район,Муниципальный район,90970.3,5327.0,,,,38.0,,55.0,323.0,299.0,239.0,
04613000,04613000,2023,Красноярский край,Дзержинский муниципальный район,Муниципальный район,48888.1,2126.0,179.0,,,108.0,,42.0,380.0,633.0,417.0,
04614000,04614000,2023,Красноярский край,Емельяновский муниципальный район,Муниципальный район,76918.3,12863.0,690.0,,1476.0,441.0,98.0,1437.0,1750.0,1617.0,565.0,
04615000,04615000,2023,Красноярский край,Енисейский муниципальный район,Муниципальный район,66819.4,3725.0,141.0,,,,,,273.0,1061.0,,
04616000,04616000,2023,Красноярский край,Ермаковский муниципальный район,Муниципальный район,49451.8,2739.0,148.0,,,61.0,,67.0,470.0,981.0,494.0,
04617000,04617000,2023,Красноярский край,Идринский муниципальный район,Муниципальный район,48869.5,2134.0,,,,,,28.0,444.0,686.0,433.0,
04618000,04618000,2023,Красноярский край,Иланский муниципальный район,Муниципальный район,65540.4,5926.0,,,97.0,426.0,38.0,105.0,610.0,892.0,464.0,
04619000,04619000,2023,Красноярский край,Ирбейский муниципальный район,Муниципальный район,63167.5,3262.0,41.0,,,35.0,9.0,34.0,439.0,752.0,466.0,
04620000,04620000,2023,Красноярский край,Казачинский муниципальный район,Муниципальный район,48766.5,1789.0,,,,50.0,,43.0,491.0,523.0,268.0,
04621000,04621000,2023,Красноярский край,Канский муниципальный район,Муниципальный район,46069.1,4438.0,1862.0,,382.0,141.0,,184.0,159.0,975.0,,
04622000,04622000,2023,Красноярский край,Каратузский муниципальный район,Муниципальный район,49145.4,2449.0,102.0,,,54.0,,46.0,348.0,863.0,486.0,
04624000,04624000,2023,Красноярский край,Кежемский муниципальный район,Муниципальный район,80173.5,6389.0,1479.0,,1264.0,793.0,,72.0,695.0,890.0,521.0,
04626000,04626000,2023,Красноярский край,Козульский муниципальный район,Муниципальный район,56907.8,2559.0,,,,127.0,,85.0,573.0,471.0,470.0,
04628000,04628000,2023,Красноярский край,Краснотуранский муниципальный район,Муниципальный район,45489.2,3238.0,931.0,,,192.0,,41.0,457.0,776.0,393.0,
04630000,04630000,2023,Красноярский край,Курагинский муниципальный район,Муниципальный район,51439.7,7647.0,1217.0,323.0,72.0,351.0,117.0,171.0,844.0,1801.0,746.0,
04631000,04631000,2023,Красноярский край,Манский муниципальный район,Муниципальный район,47917.8,1919.0,,,,53.0,,37.0,376.0,661.0,318.0,
04633000,04633000,2023,Красноярский край,Минусинский муниципальный район,Муниципальный район,47006.3,3725.0,557.0,,,614.0,,,434.0,1100.0,535.0,
04635000,04635000,2023,Красноярский край,Мотыгинский муниципальный район,Муниципальный район,82637.1,7043.0,141.0,2797.0,1076.0,103.0,,85.0,468.0,734.0,414.0,
04637000,04637000,2023,Красноярский край,Назаровский муниципальный район,Муниципальный район,44502.6,4616.0,2226.0,,458.0,93.0,,69.0,171.0,831.0,,
04639000,04639000,2023,Красноярский край,Нижнеингашский муниципальный район,Муниципальный район,49782.7,5165.0,75.0,,,192.0,44.0,122.0,1257.0,1098.0,1154.0,
04641000,04641000,2023,Красноярский край,Новоселовский муниципальный район,Муниципальный район,49963.0,2548.0,401.0,,,81.0,47.0,53.0,358.0,720.0,358.0,
04643000,04643000,2023,Красноярский край,Партизанский муниципальный район,Муниципальный район,55688.7,1684.0,,,,13.0,,18.0,277.0,437.0,334.0,
04647000,04647000,2023,Красноярский край,Рыбинский муниципальный район,Муниципальный район,61650.4,7442.0,460.0,,,474.0,,187.0,683.0,1253.0,1044.0,
04648000,04648000,2023,Красноярский край,Саянский муниципальный район,Муниципальный район,49405.3,1742.0,,,,108.0,,36.0,429.0,560.0,288.0,
04649000,04649000,2023,Красноярский край,Северо-Енисейский муниципальный район,Муниципальный район,126881.5,15485.0,,5303.0,3286.0,149.0,,111.0,477.0,557.0,300.0,
04650000,04650000,2023,Красноярский край,Эвенкийский муниципальный район,Муниципальный район,111886.4,12771.0,123.0,3657.0,480.0,1147.0,45.0,124.0,883.0,1141.0,769.0,
04651000,04651000,2023,Красноярский край,Сухобузимский муниципальный район,Муниципальный район,48272.4,3212.0,599.0,,,207.0,,69.0,451.0,880.0,630.0,
04652000,04652000,2023,Красноярский край,Тасеевский муниципальный район,Муниципальный район,48877.7,1474.0,,,,,,44.0,247.0,504.0,,
04653000,04653000,2023,Красноярский край,Таймырский Долгано-Ненецкий муниципальный район,Муниципальный район,135004.6,19563.0,177.0,3366.0,150.0,549.0,130.0,182.0,1377.0,2198.0,1136.0,
04654000,04654000,2023,Красноярский край,Туруханский муниципальный район,Муниципальный район,121725.1,17575.0,59.0,6683.0,49.0,1205.0,87.0,34.0,730.0,837.0,521.0,
04656000,04656000,2023,Красноярский край,Ужурский муниципальный район,Муниципальный район,60386.4,8070.0,2662.0,,439.0,286.0,60.0,343.0,680.0,1129.0,656.0,
04657000,04657000,2023,Красноярский край,Уярский муниципальный район,Муниципальный район,52226.8,4454.0,59.0,,424.0,193.0,,97.0,900.0,864.0,534.0,
04659000,04659000,2023,Красноярский край,Шушенский муниципальный район,Муниципальный район,48663.4,5677.0,689.0,,103.0,353.0,136.0,137.0,718.0,1492.0,792.0,
04701000,04701000,2023,Красноярский край,Город Красноярск,"Городской округ, городской округ с внутригородским делением",83947.8,279835.0,2896.0,6073.0,37334.0,8786.0,2506.0,30217.0,31704.0,38775.0,36334.0,
04703000,04703000,2023,Красноярский край,Город Ачинск,"Городской округ, городской округ с внутригородским делением",67165.3,27094.0,,,6803.0,1319.0,420.0,1401.0,2251.0,4419.0,4509.0,
04706000,04706000,2023,Красноярский край,Город Боготол,"Городской округ, городской округ с внутригородским делением",63938.0,6144.0,,,72.0,300.0,,121.0,518.0,634.0,670.0,
04707000,04707000,2023,Красноярский край,Город Бородино,"Городской округ, городской округ с внутригородским делением",66142.0,4218.0,,,,188.0,,133.0,309.0,472.0,572.0,
04709000,04709000,2023,Красноярский край,Город Дивногорск,"Городской округ, городской округ с внутригородским делением",70877.0,6238.0,,,1040.0,913.0,,235.0,534.0,1424.0,897.0,
04712000,04712000,2023,Красноярский край,Город Енисейск,"Городской округ, городской округ с внутригородским делением",62151.0,5011.0,,,64.0,266.0,60.0,171.0,1380.0,737.0,1020.0,
04720000,04720000,2023,Красноярский край,Город Канск,"Городской округ, городской округ с внутригородским делением",54955.9,14813.0,,,994.0,1209.0,,1127.0,2949.0,3111.0,3206.0,
04722000,04722000,2023,Красноярский край,Город Лесосибирск,"Городской округ, городской округ с внутригородским делением",64895.3,13884.0,705.0,,3473.0,1054.0,245.0,708.0,1262.0,2152.0,2054.0,
04723000,04723000,2023,Красноярский край,Город Минусинск,"Городской округ, городской округ с внутригородским делением",57331.2,12865.0,46.0,56.0,1147.0,454.0,361.0,570.0,1762.0,3016.0,3294.0,
04726000,04726000,2023,Красноярский край,Город Назарово,"Городской округ, городской округ с внутригородским делением",58023.4,8916.0,56.0,,929.0,1372.0,240.0,491.0,881.0,1719.0,1575.0,
04729000,04729000,2023,Красноярский край,Город Норильск,"Городской округ, городской округ с внутригородским делением",163553.3,85188.0,,12450.0,20497.0,2968.0,912.0,1775.0,3326.0,6920.0,4771.0,
04733000,04733000,2023,Красноярский край,Город Сосновоборск,"Городской округ, городской округ с внутригородским делением",63408.9,4884.0,,,431.0,494.0,,341.0,871.0,1075.0,834.0,
04740000,04740000,2023,Красноярский край,Город Шарыпово,"Городской округ, городской округ с внутригородским делением",47815.5,6347.0,,,,193.0,,355.0,1102.0,1553.0,1050.0,
04775000,04775000,2023,Красноярский край,Поселок Кедровый,"Городской округ, городской округ с внутригородским делением",47703.4,640.0,,,,,,27.0,75.0,357.0,,
05502000,05502000,2023,Приморский край,Анучинский муниципальный округ,Муниципальный округ,65583.4,1512.0,,,,,,16.0,303.0,372.0,,
05510000,05510000,2023,Приморский край,Кавалеровский муниципальный округ,Муниципальный округ,60049.4,2541.0,,,,,,82.0,472.0,663.0,505.0,
05517000,05517000,2023,Приморский край,Лазовский муниципальный округ,Муниципальный округ,83597.8,3647.0,,,,,,,242.0,383.0,217.0,
05526000,05526000,2023,Приморский край,Октябрьский муниципальный округ,Муниципальный округ,62802.4,3592.0,175.0,,,,,31.0,823.0,835.0,791.0,
05528000,05528000,2023,Приморский край,Ольгинский муниципальный округ,Муниципальный округ,61906.4,1351.0,,,,,,14.0,380.0,334.0,,
05532000,05532000,2023,Приморский край,Пограничный муниципальный округ,Муниципальный округ,56667.3,2676.0,,,3.0,260.0,,26.0,651.0,470.0,455.0,
05534000,05534000,2023,Приморский край,Пожарский муниципальный округ,Муниципальный округ,74774.5,5224.0,48.0,1216.0,,1188.0,,60.0,542.0,701.0,502.0,
05540000,05540000,2023,Приморский край,Тернейский муниципальный округ,Муниципальный округ,68925.5,3826.0,1595.0,,859.0,156.0,,,287.0,421.0,,
05546000,05546000,2023,Приморский край,Ханкайский муниципальный округ,Муниципальный округ,57996.8,2211.0,369.0,,,,,,420.0,634.0,328.0,
05548000,05548000,2023,Приморский край,Хасанский муниципальный округ,Муниципальный округ,69159.1,4955.0,59.0,,677.0,,136.0,58.0,633.0,723.0,517.0,
05550000,05550000,2023,Приморский край,Хорольский муниципальный округ,Муниципальный округ,54942.5,2922.0,36.0,,,,,27.0,641.0,804.0,610.0,
05555000,05555000,2023,Приморский край,Чугуевский муниципальный округ,Муниципальный округ,53068.5,2924.0,176.0,,138.0,,,106.0,689.0,852.0,330.0,
05607000,05607000,2023,Приморский край,Дальнереченский муниципальный район,Муниципальный район,50729.4,630.0,,,,,,,49.0,397.0,,
05612000,05612000,2023,Приморский край,Кировский муниципальный район,Муниципальный район,52690.1,2773.0,59.0,,,,,44.0,373.0,560.0,964.0,
05614000,05514000,2023,Приморский край,Красноармейский муниципальный район,Муниципальный район,67736.0,2729.0,327.0,580.0,,105.0,,,358.0,625.0,289.0,
05620000,05520000,2023,Приморский край,Михайловский муниципальный район,Муниципальный район,66289.7,5708.0,1045.0,942.0,734.0,,,47.0,855.0,836.0,455.0,
05623000,05623000,2023,Приморский край,Надеждинский муниципальный район,Муниципальный район,72739.1,4997.0,,,974.0,,,437.0,928.0,1164.0,486.0,
05630000,05530000,2023,Приморский край,Партизанский муниципальный район,Муниципальный район,55394.6,3896.0,141.0,,83.0,259.0,90.0,18.0,1448.0,872.0,494.0,
05637000,05637000,2023,Приморский край,Спасский муниципальный район,Муниципальный район,61388.4,5816.0,587.0,,2051.0,,,24.0,1080.0,828.0,744.0,
05653000,05553000,2023,Приморский край,Черниговский муниципальный район,Муниципальный район,60211.4,5701.0,,,582.0,352.0,,165.0,1157.0,1174.0,764.0,
05657000,05557000,2023,Приморский край,Шкотовский муниципальный район,Муниципальный район,96334.4,6581.0,,,,,,139.0,564.0,536.0,208.0,
05659000,05559000,2023,Приморский край,Яковлевский муниципальный район,Муниципальный район,53147.1,2155.0,,,9.0,,,252.0,601.0,339.0,326.0,
05701000,05701000,2023,Приморский край,Владивостокский,"Городской округ, городской округ с внутригородским делением",97875.7,170668.0,5130.0,489.0,11749.0,9008.0,2367.0,17443.0,26772.0,19198.0,18498.0,
05703000,05703000,2023,Приморский край,Арсеньевский,"Городской округ, городской округ с внутригородским делением",78837.4,12116.0,,,6541.0,,,281.0,1067.0,1287.0,1374.0,
05705000,05705000,2023,Приморский край,Артемовский,"Городской округ, городской округ с внутригородским делением",74866.5,20107.0,1307.0,,1493.0,839.0,300.0,2256.0,2743.0,2702.0,1783.0,
05706000,05706000,2023,Приморский край,Большой Камень,"Городской округ, городской округ с внутригородским делением",104789.5,13715.0,,,8745.0,,235.0,127.0,1115.0,759.0,637.0,
05707000,05707000,2023,Приморский край,Дальнегорский,"Городской округ, городской округ с внутригородским делением",61750.7,7762.0,,,1713.0,509.0,,197.0,700.0,1088.0,922.0,
05708000,05708000,2023,Приморский край,Дальнереченский,"Городской округ, городской округ с внутригородским делением",70241.1,3754.0,,,160.0,,,322.0,701.0,602.0,650.0,
05711000,05711000,2023,Приморский край,Лесозаводский,"Городской округ, городской округ с внутригородским делением",67739.1,7058.0,,,703.0,759.0,,198.0,998.0,1100.0,1139.0,
05714000,05714000,2023,Приморский край,Находкинский,"Городской округ, городской округ с внутригородским делением",89249.8,31681.0,1702.0,,3979.0,1118.0,636.0,2162.0,2903.0,3352.0,2885.0,
05717000,05717000,2023,Приморский край,Партизанский,"Городской округ, городской округ с внутригородским делением",70381.4,5570.0,137.0,,2.0,780.0,,118.0,914.0,889.0,1055.0,
05720000,05720000,2023,Приморский край,Спасск-Дальний,"Городской округ, городской округ с внутригородским делением",57392.7,6660.0,,,531.0,781.0,,316.0,1408.0,1032.0,999.0,
05723000,05723000,2023,Приморский край,Уссурийский,"Городской округ, городской округ с внутригородским делением",67785.6,34360.0,725.0,,5331.0,1742.0,,2891.0,6747.0,4885.0,4340.0,
05747000,05747000,2023,Приморский край,ЗАТО Фокино,"Городской округ, городской округ с внутригородским делением",61422.3,5785.0,,,,,469.0,108.0,2766.0,593.0,660.0,
07502000,07502000,2023,Ставропольский край,Александровский муниципальный округ,Муниципальный округ,38338.8,4198.0,168.0,,,264.0,,85.0,508.0,1285.0,1030.0,
07503000,07503000,2023,Ставропольский край,Андроповский муниципальный округ,Муниципальный округ,38962.8,2882.0,278.0,,,179.0,,61.0,444.0,860.0,522.0,
07505000,07505000,2023,Ставропольский край,Апанасенковский муниципальный округ,Муниципальный округ,38489.5,5159.0,2073.0,,71.0,204.0,,101.0,435.0,1056.0,806.0,
07507000,07507000,2023,Ставропольский край,Арзгирский муниципальный округ,Муниципальный округ,38145.9,2620.0,374.0,,,158.0,,70.0,333.0,889.0,436.0,
07512000,07512000,2023,Ставропольский край,Буденновский муниципальный округ,Муниципальный округ,45340.5,16286.0,1246.0,,2812.0,1045.0,1235.0,598.0,1524.0,3163.0,2516.0,
07517000,07517000,2023,Ставропольский край,Грачевский муниципальный округ,Муниципальный округ,42035.7,2792.0,334.0,,,191.0,,161.0,375.0,701.0,609.0,
07528000,07528000,2023,Ставропольский край,Кочубеевский муниципальный округ,Муниципальный округ,46483.3,9446.0,1876.0,,866.0,384.0,,309.0,1098.0,1930.0,1785.0,
07530000,07530000,2023,Ставропольский край,Красногвардейский муниципальный округ,Муниципальный округ,49816.0,6174.0,2634.0,,,211.0,26.0,107.0,460.0,1134.0,770.0,
07533000,07533000,2023,Ставропольский край,Курский муниципальный округ,Муниципальный округ,39246.1,5102.0,331.0,,53.0,219.0,,82.0,1144.0,1456.0,759.0,
07536000,07536000,2023,Ставропольский край,Левокумский муниципальный округ,Муниципальный округ,39368.7,3246.0,306.0,,33.0,173.0,,50.0,428.0,1057.0,651.0,
07544000,07544000,2023,Ставропольский край,Новоселицкий муниципальный округ,Муниципальный округ,40853.8,3299.0,1090.0,,36.0,109.0,,61.0,362.0,719.0,573.0,
07548000,07548000,2023,Ставропольский край,Предгорный муниципальный округ,Муниципальный округ,45909.1,9256.0,2062.0,,229.0,426.0,874.0,698.0,803.0,1975.0,1330.0,
07552000,07552000,2023,Ставропольский край,Степновский муниципальный округ,Муниципальный округ,37601.5,2172.0,403.0,,,95.0,,25.0,338.0,487.0,492.0,
07554000,07554000,2023,Ставропольский край,Труновский муниципальный округ,Муниципальный округ,45713.8,3756.0,1295.0,,25.0,140.0,,111.0,376.0,769.0,538.0,
07556000,07556000,2023,Ставропольский край,Туркменский муниципальный округ,Муниципальный округ,37743.7,2830.0,542.0,,,160.0,,28.0,364.0,817.0,,
07558000,07558000,2023,Ставропольский край,Шпаковский муниципальный округ,Муниципальный округ,50199.6,14542.0,1372.0,,869.0,623.0,138.0,3097.0,1063.0,3017.0,1226.0,
07701000,07701000,2023,Ставропольский край,Город Ставрополь,"Городской округ, городской округ с внутригородским делением",60218.6,116616.0,533.0,113.0,11006.0,3240.0,2832.0,11703.0,24571.0,16497.0,17507.0,
07705000,07510000,2023,Ставропольский край,Благодарненский городской округ (с 2018 года),"Городской округ, городской округ с внутригородским делением",44098.5,7645.0,1355.0,,1926.0,283.0,,189.0,549.0,1556.0,951.0,
07707000,07515000,2023,Ставропольский край,Город Георгиевск,"Городской округ, городской округ с внутригородским делением",39909.6,15488.0,1322.0,,1521.0,900.0,1354.0,674.0,1861.0,3753.0,2121.0,
07710000,07710000,2023,Ставропольский край,Город-курорт Ессентуки,"Городской округ, городской округ с внутригородским делением",53007.9,15565.0,,,,833.0,,1317.0,1462.0,2515.0,7601.0,
07712000,07712000,2023,Ставропольский край,Город-курорт Железноводск,"Городской округ, городской округ с внутригородским делением",50097.3,8986.0,,,,880.0,,409.0,768.0,1195.0,4402.0,
07713000,07520000,2023,Ставропольский край,Изобильненский городской округ (с 2018 года),"Городской округ, городской округ с внутригородским делением",56945.6,16812.0,3142.0,,2034.0,1637.0,92.0,790.0,900.0,2098.0,1454.0,
07714000,07522000,2023,Ставропольский край,Ипатовский городской округ (с 2018 года),"Городской округ, городской округ с внутригородским делением",41631.1,8708.0,2236.0,,461.0,531.0,,219.0,641.0,1581.0,1430.0,
07715000,07715000,2023,Ставропольский край,Город-курорт Кисловодск,"Городской округ, городской округ с внутригородским делением",53557.5,16394.0,,,387.0,683.0,240.0,670.0,1057.0,2054.0,9328.0,
07716000,07525000,2023,Ставропольский край,Кировский городской округ (с 2018 года),"Городской округ, городской округ с внутригородским делением",47405.9,6764.0,1471.0,,312.0,264.0,13.0,289.0,657.0,1567.0,1009.0,
07718000,07718000,2023,Ставропольский край,Город Лермонтов,"Городской округ, городской округ с внутригородским делением",53261.6,4152.0,,,688.0,,,855.0,313.0,727.0,733.0,
07721000,07539000,2023,Ставропольский край,Минераловодский городской округ (с 2017 года),"Городской округ, городской округ с внутригородским делением",53145.5,23970.0,605.0,,2342.0,963.0,89.0,1682.0,2492.0,3254.0,2479.0,
07724000,07724000,2023,Ставропольский край,Город Невинномысск,"Городской округ, городской округ с внутригородским делением",58310.0,26377.0,443.0,,9791.0,1044.0,437.0,1758.0,1284.0,2948.0,2104.0,
07725000,07541000,2023,Ставропольский край,Нефтекумский городской округ (с 2018 года),"Городской округ, городской округ с внутригородским делением",46082.3,7692.0,243.0,1537.0,,352.0,21.0,164.0,920.0,1508.0,1069.0,
07726000,07543000,2023,Ставропольский край,Новоалександровский городской округ (с 2018 года),"Городской округ, городской округ с внутригородским делением",45458.0,8771.0,2400.0,,722.0,377.0,19.0,571.0,700.0,1726.0,932.0,
07727000,07727000,2023,Ставропольский край,Город-курорт Пятигорск,"Городской округ, городской округ с внутригородским делением",55713.2,34489.0,217.0,,2121.0,6232.0,551.0,3463.0,3206.0,5297.0,7670.0,
07731000,07546000,2023,Ставропольский край,Петровский городской округ (с 2018 года),"Городской округ, городской округ с внутригородским делением",40774.6,10333.0,977.0,245.0,873.0,419.0,1370.0,338.0,796.0,1903.0,1324.0,
07735000,07550000,2023,Ставропольский край,Советский городской округ (с 2018 года),"Городской округ, городской округ с внутригородским делением",42653.2,8310.0,1629.0,,1523.0,316.0,,301.0,856.0,1905.0,904.0,
08603000,08603000,2023,Хабаровский край,Амурский муниципальный район,Муниципальный район,79647.6,10545.0,51.0,,2736.0,471.0,,133.0,937.0,2510.0,1172.0,
08606000,08606000,2023,Хабаровский край,Аяно-Майский муниципальный район,Муниципальный район,168900.5,1990.0,,1361.0,,,,,66.0,153.0,,
08609000,08509000,2023,Хабаровский край,Бикинский муниципальный район,Муниципальный район,59353.3,3520.0,,,,171.0,,90.0,558.0,785.0,567.0,
08612000,08612000,2023,Хабаровский край,Ванинский муниципальный район,Муниципальный район,100201.5,10219.0,836.0,,516.0,611.0,145.0,126.0,504.0,1204.0,795.0,
08614000,08614000,2023,Хабаровский край,Верхнебуреинский муниципальный район,Муниципальный район,107024.8,9193.0,,3564.0,,430.0,156.0,42.0,549.0,1055.0,407.0,
08617000,08617000,2023,Хабаровский край,Вяземский муниципальный район,Муниципальный район,50213.2,2391.0,,,,,,89.0,287.0,924.0,451.0,
08620000,08620000,2023,Хабаровский край,Комсомольский муниципальный район,Муниципальный район,77860.3,3703.0,165.0,,18.0,,,,589.0,977.0,457.0,
08624000,08624000,2023,Хабаровский край,Муниципальный район имени Лазо,Муниципальный район,51411.3,4969.0,127.0,,,217.0,50.0,127.0,460.0,2137.0,1033.0,
08628000,08628000,2023,Хабаровский край,Нанайский муниципальный район,Муниципальный район,68773.4,4526.0,154.0,,,,,20.0,301.0,746.0,474.0,
08631000,08631000,2023,Хабаровский край,Николаевский муниципальный район,Муниципальный район,93811.5,8243.0,407.0,2740.0,,485.0,125.0,96.0,893.0,1404.0,1066.0,
08634000,08534000,2023,Хабаровский край,Охотский муниципальный район,Муниципальный район,107745.8,3201.0,301.0,1144.0,,302.0,,87.0,191.0,414.0,290.0,
08637000,08637000,2023,Хабаровский край,Муниципальный район имени Полины Осипенко,Муниципальный район,132239.2,2260.0,88.0,,,,,,148.0,211.0,,
08642000,08642000,2023,Хабаровский край,Советско-Гаванский муниципальный район,Муниципальный район,88533.4,5351.0,594.0,,117.0,613.0,201.0,213.0,887.0,1302.0,657.0,
08644000,08644000,2023,Хабаровский край,Солнечный муниципальный район,Муниципальный район,78340.9,5940.0,760.0,980.0,193.0,29.0,,232.0,376.0,1295.0,843.0,
08646000,08646000,2023,Хабаровский край,Тугуро-Чумиканский муниципальный район,Муниципальный район,77529.6,756.0,,,,,,,72.0,127.0,,
08650000,08650000,2023,Хабаровский край,Ульчский муниципальный район,Муниципальный район,70479.0,2876.0,116.0,,,217.0,35.0,,314.0,899.0,538.0,
08655000,08655000,2023,Хабаровский край,Хабаровский муниципальный район,Муниципальный район,67779.7,8318.0,217.0,,338.0,234.0,210.0,247.0,1237.0,2318.0,613.0,
08701000,08701000,2023,Хабаровский край,Город Хабаровск,"Городской округ, городской округ с внутригородским делением",90275.7,176040.0,2852.0,825.0,8398.0,8686.0,1609.0,18277.0,34276.0,19792.0,20290.0,
08709000,08709000,2023,Хабаровский край,Город Комсомольск-на-Амуре,"Городской округ, городской округ с внутригородским делением",80493.4,61841.0,140.0,,20296.0,3075.0,964.0,2250.0,7287.0,8499.0,7281.0,
10505000,10505000,2023,Амурская область,Архаринский муниципальный округ,Муниципальный округ,59548.2,2364.0,141.0,,,132.0,,37.0,251.0,610.0,344.0,
10508000,10508000,2023,Амурская область,Белогорский муниципальный округ,Муниципальный округ,52185.1,2309.0,312.0,,371.0,113.0,17.0,,589.0,515.0,,
10511000,10511000,2023,Амурская область,Благовещенский муниципальный округ,Муниципальный округ,65152.6,2058.0,335.0,,,,,104.0,118.0,448.0,616.0,
10515000,10515000,2023,Амурская область,Бурейский муниципальный округ,Муниципальный округ,70492.1,3847.0,148.0,,62.0,500.0,76.0,130.0,682.0,777.0,485.0,
10521000,10521000,2023,Амурская область,Завитинский муниципальный округ,Муниципальный округ,60704.2,2876.0,80.0,,,89.0,,26.0,621.0,535.0,372.0,
10528000,10528000,2023,Амурская область,Ивановский муниципальный округ,Муниципальный округ,55075.3,3348.0,539.0,,,73.0,,58.0,905.0,681.0,562.0,
10540000,10540000,2023,Амурская область,Ромненский муниципальный округ,Муниципальный округ,52475.7,1022.0,,,,,,,231.0,328.0,169.0,
10547000,10547000,2023,Амурская область,Серышевский муниципальный округ,Муниципальный округ,54397.2,3286.0,141.0,,,96.0,,31.0,1264.0,835.0,350.0,
10549000,10549000,2023,Амурская область,Сковородинский муниципальный округ,Муниципальный округ,94162.3,10219.0,,,196.0,415.0,100.0,87.0,589.0,787.0,401.0,
10551000,10551000,2023,Амурская область,Тамбовский муниципальный округ,Муниципальный округ,61765.0,3852.0,1609.0,,,75.0,,47.0,431.0,822.0,431.0,
10554000,10554000,2023,Амурская область,Тындинский муниципальный округ,Муниципальный округ,123059.9,6075.0,12.0,2322.0,,379.0,,,118.0,622.0,156.0,
10555000,10555000,2023,Амурская область,Шимановский муниципальный округ,Муниципальный округ,113320.1,2383.0,41.0,,,,,,60.0,196.0,,
10625000,10525000,2023,Амурская область,Зейский муниципальный район,Муниципальный район,104312.7,2273.0,,680.0,,,,,64.0,676.0,,
10630000,10630000,2023,Амурская область,Константиновский муниципальный район,Муниципальный район,57586.2,1891.0,556.0,,,64.0,,21.0,229.0,522.0,305.0,
10631000,10531000,2023,Амурская область,Магдагачинский муниципальный район,Муниципальный район,105473.2,10925.0,110.0,2523.0,462.0,139.0,,106.0,418.0,546.0,353.0,
10632000,10532000,2023,Амурская область,Мазановский муниципальный район,Муниципальный район,53243.4,1561.0,79.0,,,55.0,,,360.0,406.0,319.0,
10635000,10635000,2023,Амурская область,Михайловский муниципальный район,Муниципальный район,61195.1,1736.0,204.0,,,,,23.0,407.0,492.0,321.0,
10638000,10638000,2023,Амурская область,Октябрьский муниципальный район,Муниципальный район,63898.2,3415.0,161.0,,,321.0,,35.0,714.0,602.0,426.0,
10642000,10642000,2023,Амурская область,Свободненский муниципальный район,Муниципальный район,186125.9,6285.0,,,574.0,2549.0,,,221.0,472.0,168.0,
10645000,10645000,2023,Амурская область,Селемджинский муниципальный район,Муниципальный район,107736.9,6275.0,57.0,2997.0,,210.0,,7.0,278.0,544.0,243.0,
10701000,10701000,2023,Амурская область,Город Благовещенск,"Городской округ, городской округ с внутригородским делением",77291.3,62721.0,854.0,252.0,3463.0,3647.0,749.0,7256.0,10365.0,8328.0,9337.0,
10710000,10710000,2023,Амурская область,Город Белогорск,"Городской округ, городской округ с внутригородским делением",72611.1,14822.0,54.0,,1398.0,534.0,,659.0,2806.0,1417.0,2261.0,
10712000,10712000,2023,Амурская область,Город Зея,"Городской округ, городской округ с внутригородским делением",86005.0,4847.0,183.0,106.0,,758.0,,162.0,867.0,754.0,894.0,
10720000,10720000,2023,Амурская область,Город Райчихинск,"Городской округ, городской округ с внутригородским делением",54933.2,4099.0,,834.0,,648.0,,104.0,607.0,728.0,714.0,
10730000,10730000,2023,Амурская область,Город Свободный,"Городской округ, городской округ с внутригородским делением",99187.1,23039.0,209.0,,153.0,1350.0,,347.0,1268.0,1435.0,1596.0,
10732000,10732000,2023,Амурская область,Город Тында,"Городской округ, городской округ с внутригородским делением",109617.0,14008.0,,,1017.0,879.0,,146.0,847.0,885.0,831.0,
10740000,10740000,2023,Амурская область,Город Шимановск,"Городской округ, городской округ с внутригородским делением",64919.9,2908.0,,,,124.0,,72.0,512.0,538.0,438.0,
10775000,10775000,2023,Амурская область,Рабочий поселок (поселок городского типа) Прогресс,"Городской округ, городской округ с внутригородским делением",61444.5,1372.0,,,,,,28.0,127.0,316.0,198.0,
11508000,11508000,2023,Архангельская область,Верхнетоемский муниципальный округ,Муниципальный округ,56414.2,1900.0,378.0,,,,,,375.0,647.0,265.0,
11511000,11511000,2023,Архангельская область,Вилегодский муниципальный округ,Муниципальный округ,57524.5,1539.0,,,,54.0,,59.0,267.0,471.0,,
11514000,11514000,2023,Архангельская область,Виноградовский муниципальный округ,Муниципальный округ,55903.5,2161.0,172.0,,,191.0,,97.0,392.0,627.0,300.0,
11518000,11518000,2023,Архангельская область,Каргопольский муниципальный округ,Муниципальный округ,53090.2,2478.0,41.0,,,126.0,,194.0,360.0,839.0,446.0,
11527000,11527000,2023,Архангельская область,Котласский муниципальный округ,Муниципальный округ,84159.6,3472.0,,,,,,67.0,335.0,704.0,406.0,
11538000,11538000,2023,Архангельская область,Лешуконский муниципальный округ,Муниципальный округ,66925.9,1031.0,,,,,,,250.0,251.0,,
11542000,11542000,2023,Архангельская область,Мезенский муниципальный округ,Муниципальный округ,98169.4,2913.0,80.0,,37.0,209.0,,83.0,352.0,359.0,257.0,
11544000,11544000,2023,Архангельская область,Няндомский муниципальный округ,Муниципальный округ,68390.7,5795.0,457.0,,,180.0,,234.0,595.0,1025.0,750.0,
11550000,11550000,2023,Архангельская область,Плесецкий муниципальный округ,Муниципальный округ,61068.2,6913.0,117.0,405.0,81.0,496.0,437.0,328.0,1416.0,1383.0,752.0,
11554000,11554000,2023,Архангельская область,Устьянский муниципальный округ,Муниципальный округ,75095.9,5766.0,728.0,,,223.0,,151.0,537.0,1276.0,675.0,
11556000,11556000,2023,Архангельская область,Холмогорский муниципальный округ,Муниципальный округ,60700.7,2918.0,319.0,,,81.0,,146.0,634.0,848.0,331.0,
11558000,11558000,2023,Архангельская область,Шенкурский муниципальный округ,Муниципальный округ,53830.3,1555.0,,,,,,53.0,356.0,527.0,252.0,
11605000,11605000,2023,Архангельская область,Вельский муниципальный район,Муниципальный район,62033.6,9629.0,830.0,,,463.0,,586.0,1350.0,1985.0,1401.0,
11622000,11622000,2023,Архангельская область,Коношский муниципальный район,Муниципальный район,62546.4,4324.0,,,337.0,153.0,128.0,141.0,811.0,811.0,433.0,
11630000,11530000,2023,Архангельская область,Красноборский муниципальный район,Муниципальный район,57666.4,2065.0,,,,,,56.0,357.0,713.0,412.0,
11635000,11635000,2023,Архангельская область,Ленский муниципальный район,Муниципальный район,79741.0,2579.0,,,,,,99.0,279.0,579.0,229.0,
11646000,11546000,2023,Архангельская область,Онежский муниципальный район,Муниципальный район,62386.2,5540.0,550.0,,741.0,315.0,,135.0,676.0,946.0,516.0,
11648000,11548000,2023,Архангельская область,Пинежский муниципальный район,Муниципальный район,75274.4,5119.0,1894.0,,,233.0,,108.0,649.0,1039.0,452.0,
11652000,11552000,2023,Архангельская область,Приморский муниципальный район,Муниципальный район,76505.2,7198.0,269.0,,,204.0,,206.0,447.0,1022.0,1317.0,
11701000,11701000,2023,Архангельская область без автономного округа,Город Архангельск,"Городской округ, городской округ с внутригородским делением",80965.2,83100.0,1366.0,,4195.0,3083.0,1306.0,7267.0,15042.0,12565.0,13063.0,
11708000,11708000,2023,Архангельская область без автономного округа,Город Коряжма,"Городской округ, городской округ с внутригородским делением",64165.2,11148.0,485.0,,3699.0,,,469.0,856.0,1469.0,749.0,
11710000,11710000,2023,Архангельская область без автономного округа,Котлас,"Городской округ, городской округ с внутригородским делением",68057.4,16757.0,,,1683.0,901.0,378.0,885.0,1779.0,2928.0,2066.0,
11712000,11712000,2023,Архангельская область без автономного округа,Новая Земля,"Городской округ, городской округ с внутригородским делением",126848.2,1060.0,,,,,,,,62.0,,
11715000,11715000,2023,Архангельская область без автономного округа,Город Новодвинск,"Городской округ, городской округ с внутригородским делением",66657.3,9214.0,,,,,,,536.0,1257.0,931.0,
11725000,11725000,2023,Архангельская область без автономного округа,ЗАТО Мирный,"Городской округ, городской округ с внутригородским делением",62518.8,7526.0,,,68.0,,,283.0,1339.0,1183.0,,
11730000,11503000,2023,Архангельская область без автономного округа,Северодвинск,"Городской округ, городской округ с внутригородским делением",84534.7,72049.0,,,,1208.0,,2235.0,5454.0,6712.0,5581.0,
11811000,11811000,2023,Ненецкий автономный округ,Муниципальный район Заполярный район,Муниципальный район,135956.6,14856.0,429.0,7144.0,160.0,,180.0,175.0,467.0,1138.0,325.0,
11851000,11851000,2023,Ненецкий автономный округ,Город Нарьян-Мар,"Городской округ, городской округ с внутригородским делением",102791.3,11284.0,200.0,470.0,253.0,570.0,173.0,297.0,1921.0,1664.0,1340.0,
12605000,12605000,2023,Астраханская область,Ахтубинский муниципальный район,Муниципальный район,46591.3,11689.0,,,577.0,311.0,389.0,631.0,2991.0,2075.0,1174.0,
12610000,12610000,2023,Астраханская область,Володарский муниципальный район,Муниципальный район,33702.0,3544.0,248.0,,,,144.0,86.0,534.0,1411.0,709.0,
12615000,12615000,2023,Астраханская область,Енотаевский муниципальный район,Муниципальный район,67411.6,3597.0,,,,40.0,,118.0,345.0,608.0,498.0,
12620000,12620000,2023,Астраханская область,Икрянинский муниципальный район,Муниципальный район,34476.3,4449.0,289.0,,,,439.0,144.0,463.0,1467.0,1072.0,
12625000,12625000,2023,Астраханская область,Камызякский муниципальный район,Муниципальный район,34113.7,4174.0,340.0,,195.0,54.0,207.0,123.0,491.0,1388.0,989.0,
12630000,12530000,2023,Астраханская область,Красноярский муниципальный район,Муниципальный район,100709.9,12747.0,141.0,1027.0,5747.0,566.0,561.0,98.0,547.0,889.0,484.0,
12635000,12635000,2023,Астраханская область,Лиманский муниципальный район,Муниципальный район,43505.3,3317.0,97.0,,,,128.0,115.0,494.0,917.0,585.0,
12640000,12640000,2023,Астраханская область,Наримановский муниципальный район,Муниципальный район,67655.1,9457.0,194.0,521.0,1908.0,1033.0,101.0,383.0,672.0,1183.0,1401.0,
12642000,12642000,2023,Астраханская область,Приволжский муниципальный район,Муниципальный район,44449.1,3759.0,,,,,,327.0,431.0,1436.0,394.0,
12645000,12645000,2023,Астраханская область,Харабалинский муниципальный район,Муниципальный район,40889.6,4670.0,1210.0,,,,163.0,188.0,484.0,1039.0,709.0,
12650000,12550000,2023,Астраханская область,Черноярский муниципальный район,Муниципальный район,48866.1,3022.0,90.0,,,96.0,101.0,70.0,318.0,619.0,361.0,
12701000,12701000,2023,Астраханская область,Город Астрахань,"Городской округ, городской округ с внутригородским делением",56972.7,104431.0,,3473.0,5001.0,4737.0,,8262.0,19420.0,16295.0,19388.0,
12719000,12719000,2023,Астраханская область,ЗАТО Знаменск,"Городской округ, городской округ с внутригородским делением",37204.6,5562.0,,,384.0,,,113.0,2347.0,802.0,759.0,
14610000,14610000,2023,Белгородская область,Белгородский муниципальный район,Муниципальный район,53120.2,19870.0,3444.0,,3085.0,386.0,,2378.0,933.0,4757.0,1474.0,
14615000,14615000,2023,Белгородская область,Борисовский муниципальный район,Муниципальный район,51116.9,6497.0,1237.0,,1416.0,185.0,,258.0,421.0,879.0,1105.0,
14625000,14625000,2023,Белгородская область,Вейделевский муниципальный район,Муниципальный район,45658.4,3559.0,1073.0,,,170.0,,79.0,340.0,830.0,481.0,
14630000,14630000,2023,Белгородская область,Волоконовский муниципальный район,Муниципальный район,49024.7,5427.0,1586.0,,680.0,263.0,48.0,174.0,482.0,1016.0,473.0,
14638000,14638000,2023,Белгородская область,Ивнянский муниципальный район,Муниципальный район,49498.2,4688.0,1500.0,,679.0,182.0,,93.0,388.0,821.0,417.0,
14640000,14640000,2023,Белгородская область,Корочанский муниципальный район,Муниципальный район,55864.5,9213.0,1688.0,,3028.0,222.0,89.0,233.0,540.0,1324.0,728.0,
14641000,14641000,2023,Белгородская область,Красненский муниципальный район,Муниципальный район,45323.0,2218.0,718.0,,,138.0,,,333.0,461.0,303.0,
14642000,14642000,2023,Белгородская область,Красногвардейский муниципальный район,Муниципальный район,52696.8,7576.0,2009.0,,807.0,215.0,,181.0,499.0,1353.0,861.0,
14643000,14643000,2023,Белгородская область,Краснояружский муниципальный район,Муниципальный район,50332.1,3752.0,1386.0,,342.0,134.0,,82.0,281.0,622.0,307.0,
14646000,14646000,2023,Белгородская область,Прохоровский муниципальный район,Муниципальный район,52382.3,6270.0,1915.0,,949.0,196.0,,208.0,418.0,843.0,489.0,
14648000,14648000,2023,Белгородская область,Ракитянский муниципальный район,Муниципальный район,56548.5,8049.0,1963.0,,1582.0,201.0,88.0,237.0,598.0,1091.0,538.0,
14650000,14650000,2023,Белгородская область,Ровеньский муниципальный район,Муниципальный район,41322.7,4580.0,1128.0,,511.0,173.0,,93.0,397.0,953.0,497.0,
14654000,14654000,2023,Белгородская область,Чернянский муниципальный район,Муниципальный район,48823.9,5373.0,1095.0,,523.0,217.0,,179.0,570.0,1251.0,624.0,
14701000,14701000,2023,Белгородская область,Город Белгород,"Городской округ, городской округ с внутригородским делением",63142.3,103021.0,1363.0,,18022.0,3710.0,1109.0,9386.0,12326.0,18111.0,13611.0,
14710000,14510000,2023,Белгородская область,Алексеевский,"Городской округ, городской округ с внутригородским делением",57242.8,18435.0,1561.0,,5656.0,473.0,187.0,1826.0,1119.0,2174.0,1194.0,
14720000,14520000,2023,Белгородская область,Валуйский,"Городской округ, городской округ с внутригородским делением",49398.6,14535.0,696.0,,3836.0,665.0,186.0,607.0,1576.0,2293.0,1430.0,
14725000,14725000,2023,Белгородская область,Грайворонский,"Городской округ, городской округ с внутригородским делением",44732.4,5079.0,1097.0,,,181.0,,139.0,721.0,1013.0,914.0,
14730000,14730000,2023,Белгородская область,Губкинский,"Городской округ, городской округ с внутригородским делением",62124.2,32361.0,1023.0,11826.0,2677.0,1193.0,686.0,1151.0,1576.0,3458.0,2238.0,
14735000,14535000,2023,Белгородская область,Новооскольский,"Городской округ, городской округ с внутригородским делением",56395.1,11125.0,2777.0,,2786.0,316.0,148.0,337.0,712.0,1463.0,795.0,
14740000,14740000,2023,Белгородская область,Старооскольский,"Городской округ, городской округ с внутригородским делением",60938.0,62190.0,2559.0,5309.0,17611.0,1834.0,1002.0,5101.0,2759.0,7732.0,5381.0,
14750000,14550000,2023,Белгородская область,Шебекинский,"Городской округ, городской округ с внутригородским делением",50436.8,15828.0,2684.0,,4397.0,557.0,278.0,750.0,1225.0,2702.0,1665.0,
14755000,14555000,2023,Белгородская область,Яковлевский,"Городской округ, городской округ с внутригородским делением",59177.5,14362.0,1298.0,2243.0,2948.0,481.0,168.0,945.0,742.0,1963.0,1276.0,
15501000,15501000,2023,Брянская область,Стародубский,Муниципальный округ,43457.6,6290.0,1579.0,,1356.0,274.0,,182.0,624.0,849.0,546.0,
15502000,15502000,2023,Брянская область,Жуковский,Муниципальный округ,40261.5,5149.0,153.0,,855.0,240.0,,466.0,847.0,824.0,956.0,
15604000,15604000,2023,Брянская область,Брасовский муниципальный район,Муниципальный район,38770.2,3165.0,499.0,,488.0,110.0,,176.0,454.0,500.0,309.0,
15608000,15608000,2023,Брянская область,Брянский муниципальный район,Муниципальный район,52777.7,9371.0,1146.0,,883.0,219.0,,1364.0,779.0,1608.0,1085.0,
15610000,15610000,2023,Брянская область,Выгоничский муниципальный район,Муниципальный район,58365.9,8920.0,706.0,,5794.0,300.0,,132.0,207.0,739.0,253.0,
15611000,15611000,2023,Брянская область,Гордеевский муниципальный район,Муниципальный район,34148.2,851.0,,,,49.0,,28.0,161.0,229.0,166.0,
15612000,15612000,2023,Брянская область,Дубровский муниципальный район,Муниципальный район,34777.9,2537.0,97.0,,331.0,133.0,,172.0,530.0,352.0,421.0,
15616000,15616000,2023,Брянская область,Дятьковский муниципальный район,Муниципальный район,43367.2,7501.0,377.0,,2651.0,403.0,134.0,515.0,614.0,1285.0,803.0,
15620000,15620000,2023,Брянская область,Жирятинский муниципальный район,Муниципальный район,46958.2,1226.0,536.0,,,59.0,,18.0,140.0,163.0,83.0,
15623000,15623000,2023,Брянская область,Злынковский муниципальный район,Муниципальный район,34049.5,1320.0,,,,70.0,,94.0,210.0,363.0,343.0,
15624000,15624000,2023,Брянская область,Карачевский муниципальный район,Муниципальный район,56289.4,6551.0,200.0,,2418.0,255.0,,595.0,798.0,676.0,815.0,
15626000,15626000,2023,Брянская область,Клетнянский муниципальный район,Муниципальный район,35025.3,1526.0,108.0,,,77.0,,88.0,227.0,341.0,285.0,
15628000,15628000,2023,Брянская область,Климовский муниципальный район,Муниципальный район,39928.7,3821.0,867.0,,,175.0,,174.0,546.0,970.0,533.0,
15630000,15630000,2023,Брянская область,Клинцовский муниципальный район,Муниципальный район,42301.9,2805.0,170.0,,,,,494.0,134.0,484.0,386.0,
15632000,15632000,2023,Брянская область,Комаричский муниципальный район,Муниципальный район,37112.5,2284.0,581.0,,,60.0,,82.0,263.0,388.0,240.0,
15634000,15634000,2023,Брянская область,Красногорский муниципальный район,Муниципальный район,32640.3,1210.0,,,,67.0,,52.0,200.0,336.0,282.0,
15636000,15636000,2023,Брянская область,Мглинский муниципальный район,Муниципальный район,35142.4,1658.0,124.0,,,107.0,,65.0,204.0,429.0,309.0,
15638000,15638000,2023,Брянская область,Навлинский муниципальный район,Муниципальный район,43416.4,2681.0,277.0,,,144.0,,141.0,403.0,531.0,484.0,
15642000,15642000,2023,Брянская область,Погарский муниципальный район,Муниципальный район,43800.7,3778.0,211.0,,1060.0,156.0,,190.0,393.0,679.0,533.0,
15644000,15644000,2023,Брянская область,Почепский муниципальный район,Муниципальный район,42024.8,5135.0,847.0,,690.0,253.0,,221.0,703.0,870.0,621.0,
15646000,15646000,2023,Брянская область,Рогнединский муниципальный район,Муниципальный район,41784.2,914.0,,,,49.0,,,158.0,159.0,,
15648000,15648000,2023,Брянская область,Севский муниципальный район,Муниципальный район,50741.0,2632.0,781.0,,,118.0,,90.0,332.0,375.0,250.0,
15652000,15652000,2023,Брянская область,Суземский муниципальный район,Муниципальный район,42994.7,2224.0,425.0,,,104.0,,79.0,274.0,381.0,376.0,
15654000,15654000,2023,Брянская область,Суражский муниципальный район,Муниципальный район,48746.9,3323.0,103.0,,785.0,117.0,88.0,101.0,375.0,799.0,393.0,
15656000,15656000,2023,Брянская область,Трубчевский муниципальный район,Муниципальный район,40181.1,5566.0,929.0,,1221.0,259.0,,167.0,511.0,945.0,778.0,
15658000,15658000,2023,Брянская область,Унечский муниципальный район,Муниципальный район,50280.2,5976.0,406.0,,885.0,320.0,127.0,224.0,646.0,893.0,722.0,
15701000,15701000,2023,Брянская область,Город Брянск,"Городской округ, городской округ с внутригородским делением",55590.4,111910.0,246.0,,24463.0,4699.0,1502.0,9727.0,14200.0,14720.0,14030.0,
15710000,15710000,2023,Брянская область,Город Фокино,"Городской округ, городской округ с внутригородским делением",54081.1,1942.0,,,900.0,70.0,,75.0,72.0,382.0,,
15715000,15715000,2023,Брянская область,Город Клинцы,"Городской округ, городской округ с внутригородским делением",39985.3,10306.0,28.0,,2482.0,619.0,,828.0,1243.0,1613.0,1908.0,
15720000,15720000,2023,Брянская область,Новозыбковский,"Городской округ, городской округ с внутригородским делением",37899.5,6556.0,132.0,,770.0,381.0,106.0,572.0,830.0,1375.0,1107.0,
15725000,15725000,2023,Брянская область,Город Сельцо,"Городской округ, городской округ с внутригородским делением",80350.6,3438.0,,,,,,125.0,252.0,351.0,326.0,
17605000,17605000,2023,Владимирская область,Александровский муниципальный район,Муниципальный район,52800.3,14804.0,,199.0,3115.0,971.0,249.0,1783.0,1338.0,2323.0,1836.0,
17610000,17610000,2023,Владимирская область,Вязниковский муниципальный район,Муниципальный район,40268.2,11801.0,218.0,,4865.0,212.0,262.0,531.0,1523.0,1800.0,1023.0,
17615000,17615000,2023,Владимирская область,Гороховецкий муниципальный район,Муниципальный район,50534.8,3052.0,36.0,,798.0,,,186.0,266.0,432.0,463.0,
17620000,17620000,2023,Владимирская область,Гусь-Хрустальный муниципальный район,Муниципальный район,48147.3,5033.0,,,2204.0,45.0,,218.0,215.0,944.0,284.0,
17625000,17625000,2023,Владимирская область,Камешковский муниципальный район,Муниципальный район,53401.8,4195.0,,,,58.0,,198.0,375.0,726.0,617.0,
17630000,17630000,2023,Владимирская область,Киржачский муниципальный район,Муниципальный район,63559.6,8703.0,,,4391.0,202.0,,1027.0,663.0,923.0,529.0,
17635000,17635000,2023,Владимирская область,Ковровский муниципальный район,Муниципальный район,43250.8,4882.0,,,1215.0,75.0,,122.0,525.0,749.0,429.0,
17640000,17640000,2023,Владимирская область,Кольчугинский муниципальный район,Муниципальный район,53756.3,8251.0,303.0,,2708.0,254.0,309.0,476.0,762.0,1404.0,964.0,
17642000,17542000,2023,Владимирская область,Меленковский муниципальный район,Муниципальный район,40868.6,4832.0,508.0,,1238.0,57.0,111.0,190.0,476.0,636.0,747.0,
17644000,17644000,2023,Владимирская область,Муромский муниципальный район,Муниципальный район,40557.4,882.0,230.0,,,,,,56.0,295.0,,
17646000,17646000,2023,Владимирская область,Петушинский муниципальный район,Муниципальный район,68462.1,11920.0,,,4959.0,369.0,,728.0,1279.0,1575.0,914.0,
17648000,17648000,2023,Владимирская область,Селивановский муниципальный район,Муниципальный район,43500.1,2099.0,,,,,,115.0,328.0,345.0,472.0,
17650000,17550000,2023,Владимирская область,Собинский муниципальный район,Муниципальный район,59855.3,11826.0,880.0,,4236.0,175.0,,504.0,600.0,1402.0,1136.0,
17652000,17652000,2023,Владимирская область,Судогодский муниципальный район,Муниципальный район,45776.5,5703.0,125.0,,1582.0,77.0,,326.0,737.0,994.0,389.0,
17654000,17654000,2023,Владимирская область,Суздальский муниципальный район,Муниципальный район,51039.7,6173.0,338.0,,869.0,230.0,135.0,509.0,505.0,1159.0,1146.0,
17656000,17656000,2023,Владимирская область,Юрьев-Польский муниципальный район,Муниципальный район,49084.8,5114.0,757.0,,1516.0,79.0,96.0,247.0,438.0,858.0,,
17701000,17701000,2023,Владимирская область,Город Владимир,"Городской округ, городской округ с внутригородским делением",61288.3,98452.0,1343.0,,17036.0,4459.0,,10373.0,16028.0,11670.0,11858.0,
17720000,17720000,2023,Владимирская область,Город Гусь-Хрустальный,"Городской округ, городской округ с внутригородским делением",51096.1,11777.0,,,4407.0,530.0,305.0,712.0,1325.0,1369.0,1571.0,
17725000,17725000,2023,Владимирская область,Город Ковров,"Городской округ, городской округ с внутригородским делением",60408.0,40618.0,,,23271.0,,,1765.0,1846.0,3325.0,3118.0,
17735000,17735000,2023,Владимирская область,Округ Муром,"Городской округ, городской округ с внутригородским делением",53801.1,29389.0,11.0,,12747.0,1226.0,546.0,1541.0,1581.0,3269.0,3071.0,
18602000,18602000,2023,Волгоградская область,Алексеевский муниципальный район,Муниципальный район,47446.1,2859.0,517.0,,,,5.0,126.0,424.0,404.0,452.0,
18604000,18604000,2023,Волгоградская область,Быковский муниципальный район,Муниципальный район,40147.0,2212.0,207.0,125.0,,,92.0,115.0,333.0,637.0,418.0,
18605000,18605000,2023,Волгоградская область,Городищенский муниципальный район,Муниципальный район,53591.1,10052.0,678.0,,1843.0,1020.0,243.0,1874.0,885.0,1202.0,587.0,
18606000,18606000,2023,Волгоградская область,Даниловский муниципальный район,Муниципальный район,38757.1,1643.0,,,,,40.0,59.0,278.0,275.0,386.0,
18608000,18608000,2023,Волгоградская область,Дубовский муниципальный район,Муниципальный район,56717.5,2942.0,,,,,77.0,182.0,369.0,651.0,411.0,
18610000,18610000,2023,Волгоградская область,Еланский муниципальный район,Муниципальный район,44298.1,4125.0,518.0,,965.0,230.0,48.0,181.0,588.0,670.0,569.0,
18612000,18612000,2023,Волгоградская область,Жирновский муниципальный район,Муниципальный район,47690.6,5724.0,160.0,388.0,210.0,396.0,145.0,250.0,397.0,1047.0,926.0,
18614000,18614000,2023,Волгоградская область,Иловлинский муниципальный район,Муниципальный район,46818.3,3471.0,585.0,,498.0,69.0,74.0,167.0,435.0,585.0,483.0,
18616000,18616000,2023,Волгоградская область,Калачевский муниципальный район,Муниципальный район,42881.6,6936.0,687.0,,42.0,376.0,190.0,384.0,551.0,1081.0,1706.0,
18618000,18618000,2023,Волгоградская область,Камышинский муниципальный район,Муниципальный район,48629.2,5033.0,,,747.0,111.0,97.0,85.0,641.0,681.0,982.0,
18620000,18620000,2023,Волгоградская область,Киквидзенский муниципальный район,Муниципальный район,38124.7,1460.0,,,,,26.0,74.0,248.0,314.0,416.0,
18622000,18622000,2023,Волгоградская область,Клетский муниципальный район,Муниципальный район,45363.7,2391.0,803.0,,62.0,,16.0,59.0,466.0,350.0,352.0,
18624000,18624000,2023,Волгоградская область,Котельниковский муниципальный район,Муниципальный район,69754.6,7216.0,36.0,,2343.0,255.0,82.0,254.0,597.0,1077.0,533.0,
18626000,18626000,2023,Волгоградская область,Котовский муниципальный район,Муниципальный район,47446.2,4981.0,77.0,418.0,477.0,286.0,110.0,237.0,772.0,760.0,840.0,
18630000,18630000,2023,Волгоградская область,Ленинский муниципальный район,Муниципальный район,35943.1,3115.0,100.0,,386.0,,80.0,136.0,773.0,765.0,666.0,
18634000,18634000,2023,Волгоградская область,Нехаевский муниципальный район,Муниципальный район,39969.5,1190.0,125.0,,,,8.0,44.0,274.0,281.0,304.0,
18636000,18636000,2023,Волгоградская область,Николаевский муниципальный район,Муниципальный район,40479.4,3727.0,889.0,,45.0,248.0,74.0,139.0,731.0,560.0,460.0,
18638000,18638000,2023,Волгоградская область,Новоаннинский муниципальный район,Муниципальный район,42393.3,4346.0,487.0,,273.0,,18.0,270.0,549.0,729.0,759.0,
18640000,18640000,2023,Волгоградская область,Новониколаевский муниципальный район,Муниципальный район,43787.3,2503.0,404.0,,,,,126.0,282.0,546.0,393.0,
18642000,18642000,2023,Волгоградская область,Октябрьский муниципальный район,Муниципальный район,44882.8,1917.0,,,,,26.0,101.0,352.0,462.0,410.0,
18643000,18643000,2023,Волгоградская область,Ольховский муниципальный район,Муниципальный район,53710.0,2018.0,,18.0,,,,129.0,294.0,378.0,328.0,
18645000,18645000,2023,Волгоградская область,Палласовский муниципальный район,Муниципальный район,38905.2,3982.0,478.0,,,250.0,,176.0,473.0,919.0,872.0,
18646000,18646000,2023,Волгоградская область,Кумылженский муниципальный район,Муниципальный район,38756.9,1599.0,,,,,32.0,70.0,287.0,471.0,335.0,
18647000,18647000,2023,Волгоградская область,Руднянский муниципальный район,Муниципальный район,38424.7,1813.0,240.0,,,,48.0,76.0,274.0,323.0,283.0,
18649000,18649000,2023,Волгоградская область,Светлоярский муниципальный район,Муниципальный район,50467.1,3523.0,271.0,,646.0,47.0,152.0,215.0,400.0,738.0,474.0,
18650000,18650000,2023,Волгоградская область,Серафимовичский муниципальный район,Муниципальный район,39081.3,2056.0,,,,192.0,51.0,91.0,314.0,493.0,586.0,
18651000,18651000,2023,Волгоградская область,Среднеахтубинский муниципальный район,Муниципальный район,55501.8,6234.0,671.0,,1882.0,282.0,114.0,412.0,660.0,1060.0,608.0,
18652000,18652000,2023,Волгоградская область,Старополтавский муниципальный район,Муниципальный район,39385.9,1775.0,214.0,,,,,65.0,256.0,467.0,517.0,
18653000,18653000,2023,Волгоградская область,Суровикинский муниципальный район,Муниципальный район,36634.3,4804.0,232.0,,325.0,451.0,90.0,245.0,777.0,826.0,929.0,
18654000,18654000,2023,Волгоградская область,Урюпинский муниципальный район,Муниципальный район,45851.9,1856.0,410.0,,,42.0,39.0,,161.0,549.0,,
18656000,18656000,2023,Волгоградская область,Фроловский муниципальный район,Муниципальный район,37672.6,1219.0,,,,,32.0,,200.0,413.0,,
18658000,18658000,2023,Волгоградская область,Чернышковский муниципальный район,Муниципальный район,40694.0,1619.0,256.0,,,,36.0,85.0,268.0,270.0,330.0,
18701000,18701000,2023,Волгоградская область,Город-герой Волгоград,"Городской округ, городской округ с внутригородским делением",59328.7,225688.0,1384.0,627.0,35572.0,7843.0,2620.0,26874.0,29822.0,27943.0,28452.0,
18710000,18710000,2023,Волгоградская область,Город Волжский,"Городской округ, городской округ с внутригородским делением",57695.2,56328.0,944.0,348.0,25612.0,2701.0,1075.0,4727.0,2995.0,5752.0,6412.0,
18715000,18715000,2023,Волгоградская область,Город Камышин,"Городской округ, городской округ с внутригородским делением",42500.5,17922.0,159.0,,5481.0,1699.0,430.0,1067.0,1575.0,2347.0,2921.0,
18720000,18520000,2023,Волгоградская область,Город Михайловка,"Городской округ, городской округ с внутригородским делением",44342.3,12121.0,460.0,,2035.0,1407.0,251.0,968.0,789.0,2150.0,2179.0,
18725000,18725000,2023,Волгоградская область,Город Урюпинск,"Городской округ, городской округ с внутригородским делением",40781.2,6992.0,81.0,,765.0,1146.0,,493.0,973.0,986.0,1344.0,
18728000,18728000,2023,Волгоградская область,Город Фролово,"Городской округ, городской округ с внутригородским делением",43909.9,5595.0,,411.0,434.0,328.0,,360.0,797.0,613.0,830.0,
19500000,CD,2023,Вологодская область,Муниципальные округа Вологодской области,Муниципальный округ,52639.7,68461.0,7652.0,,8252.0,4427.0,1021.0,2551.0,8439.0,11652.0,8926.0,
19505000,19505000,2023,Вологодская область,Бабаевский муниципальный округ,Муниципальный округ,60549.3,4689.0,305.0,,62.0,192.0,44.0,144.0,433.0,671.0,416.0,
19508000,19508000,2023,Вологодская область,Бабушкинский муниципальный округ,Муниципальный округ,46377.2,1174.0,,,,,,45.0,188.0,276.0,254.0,
19510000,19510000,2023,Вологодская область,Белозерский муниципальный округ,Муниципальный округ,49311.6,2894.0,416.0,,449.0,149.0,,104.0,554.0,459.0,369.0,
19514000,19514000,2023,Вологодская область,Великоустюгский муниципальный округ,Муниципальный округ,47792.4,9893.0,642.0,,1354.0,778.0,,404.0,1386.0,1999.0,1717.0,
19516000,19516000,2023,Вологодская область,Верховажский муниципальный округ,Муниципальный округ,46414.8,1850.0,187.0,,,154.0,,120.0,274.0,441.0,253.0,
19518000,19518000,2023,Вологодская область,Вожегодский муниципальный округ,Муниципальный округ,51194.7,1634.0,,,,,,57.0,284.0,238.0,248.0,
19520000,19520000,2023,Вологодская область,Вологодский муниципальный округ,Муниципальный округ,52374.6,7633.0,2863.0,,215.0,216.0,152.0,203.0,531.0,1171.0,1009.0,
19524000,19524000,2023,Вологодская область,Грязовецкий муниципальный округ,Муниципальный округ,60791.6,7597.0,1150.0,,978.0,393.0,206.0,166.0,587.0,832.0,550.0,
19526000,19526000,2023,Вологодская область,Кадуйский муниципальный округ,Муниципальный округ,64212.2,2885.0,136.0,,249.0,526.0,,120.0,346.0,498.0,215.0,
19530000,19530000,2023,Вологодская область,Кичменгско-Городецкий муниципальный округ,Муниципальный округ,41364.8,1685.0,,,,,,99.0,244.0,391.0,337.0,
19532000,19532000,2023,Вологодская область,Междуреченский муниципальный округ,Муниципальный округ,43424.2,812.0,160.0,,,69.0,,,127.0,153.0,137.0,
19536000,19536000,2023,Вологодская область,Нюксенский муниципальный округ,Муниципальный округ,65125.5,1792.0,,,,58.0,,53.0,159.0,344.0,164.0,
19538000,19538000,2023,Вологодская область,Сокольский муниципальный округ,Муниципальный округ,51232.8,9979.0,162.0,,3471.0,691.0,182.0,432.0,1261.0,1533.0,1259.0,
19540000,19540000,2023,Вологодская область,Сямженский муниципальный округ,Муниципальный округ,51772.7,1257.0,223.0,,,73.0,,59.0,199.0,218.0,189.0,
19542000,19542000,2023,Вологодская область,Тарногский муниципальный округ,Муниципальный округ,46248.5,1399.0,78.0,,,119.0,,96.0,235.0,417.0,264.0,
19546000,19546000,2023,Вологодская область,Тотемский муниципальный округ,Муниципальный округ,53940.3,4312.0,617.0,,202.0,262.0,,151.0,566.0,727.0,425.0,
19548000,19548000,2023,Вологодская область,Усть-Кубинский муниципальный округ,Муниципальный округ,47032.4,838.0,45.0,,,40.0,,32.0,148.0,163.0,176.0,
19550000,19550000,2023,Вологодская область,Устюженский муниципальный округ,Муниципальный округ,44615.7,1942.0,98.0,,,177.0,,90.0,364.0,466.0,412.0,
19552000,19552000,2023,Вологодская область,Харовский муниципальный округ,Муниципальный округ,47231.8,2168.0,,,,240.0,,78.0,334.0,354.0,326.0,
19554000,19554000,2023,Вологодская область,Чагодощенский муниципальный округ,Муниципальный округ,54119.5,2029.0,,,747.0,74.0,36.0,80.0,220.0,301.0,204.0,
19600000,CD,2023,Вологодская область,Муниципальные районы Вологодской области,Муниципальный район,53713.3,22872.0,3476.0,206.0,2561.0,1033.0,253.0,987.0,3026.0,3880.0,1862.0,
19612000,19512000,2023,Вологодская область,Вашкинский муниципальный район,Муниципальный район,46030.3,1026.0,157.0,,,58.0,,25.0,161.0,204.0,172.0,
19622000,19622000,2023,Вологодская область,Вытегорский муниципальный район,Муниципальный район,57707.6,5011.0,1481.0,,,288.0,,184.0,510.0,738.0,309.0,
19628000,19528000,2023,Вологодская область,Кирилловский муниципальный район,Муниципальный район,47364.2,2717.0,308.0,,,118.0,,223.0,567.0,366.0,416.0,
19634000,19534000,2023,Вологодская область,Никольский муниципальный район,Муниципальный район,41036.5,2673.0,356.0,,,172.0,,180.0,352.0,640.0,423.0,
19656000,19656000,2023,Вологодская область,Череповецкий муниципальный район,Муниципальный район,64616.8,3796.0,499.0,,309.0,82.0,,185.0,304.0,1055.0,,
19658000,19658000,2023,Вологодская область,Шекснинский муниципальный район,Муниципальный район,53402.6,7648.0,674.0,,2023.0,315.0,124.0,189.0,1132.0,877.0,517.0,
19700000,CD,2023,Вологодская область,Городские округа Вологодской области,"Городской округ, городской округ с внутригородским делением",71947.8,166025.0,1410.0,,46339.0,5582.0,2746.0,12549.0,17050.0,19403.0,18192.0,
19701000,19701000,2023,Вологодская область,Город Вологда,"Городской округ, городской округ с внутригородским делением",64505.5,82579.0,1194.0,,11795.0,3343.0,905.0,8361.0,12565.0,10998.0,10115.0,
19730000,19730000,2023,Вологодская область,Город Череповец,"Городской округ, городской округ с внутригородским делением",79312.7,83446.0,216.0,,34544.0,2240.0,1841.0,4188.0,4485.0,8405.0,8077.0,
20602000,20602000,2023,Воронежская область,Аннинский муниципальный район,Муниципальный район,45097.1,5838.0,1442.0,,681.0,197.0,,220.0,510.0,966.0,902.0,
20604000,20604000,2023,Воронежская область,Бобровский муниципальный район,Муниципальный район,51222.0,9482.0,2488.0,,1394.0,232.0,,508.0,552.0,1599.0,1513.0,
20605000,20605000,2023,Воронежская область,Богучарский муниципальный район,Муниципальный район,41940.1,4367.0,188.0,,298.0,162.0,106.0,286.0,798.0,919.0,635.0,
20608000,20608000,2023,Воронежская область,Бутурлиновский муниципальный район,Муниципальный район,42530.0,5869.0,894.0,,668.0,219.0,41.0,277.0,686.0,1281.0,1055.0,
20610000,20610000,2023,Воронежская область,Верхнемамонский муниципальный район,Муниципальный район,45412.5,2734.0,832.0,,108.0,72.0,,141.0,290.0,584.0,547.0,
20611000,20611000,2023,Воронежская область,Верхнехавский муниципальный район,Муниципальный район,49480.6,3439.0,528.0,,803.0,125.0,,122.0,271.0,577.0,,
20612000,20612000,2023,Воронежская область,Воробьёвский муниципальный район,Муниципальный район,43882.4,2171.0,466.0,,136.0,99.0,,56.0,216.0,459.0,509.0,
20613000,20613000,2023,Воронежская область,Грибановский муниципальный район,Муниципальный район,42942.3,3580.0,406.0,,430.0,121.0,,192.0,714.0,783.0,613.0,
20615000,20615000,2023,Воронежская область,Калачеевский муниципальный район,Муниципальный район,44779.9,6450.0,913.0,,1027.0,246.0,92.0,319.0,588.0,1109.0,1102.0,
20617000,20617000,2023,Воронежская область,Каменский муниципальный район,Муниципальный район,45875.7,2605.0,371.0,,,80.0,,181.0,244.0,440.0,,
20619000,20619000,2023,Воронежская область,Кантемировский муниципальный район,Муниципальный район,46671.1,4261.0,738.0,,,152.0,,262.0,494.0,826.0,599.0,
20620000,20620000,2023,Воронежская область,Каширский муниципальный район,Муниципальный район,53667.1,2107.0,,,,60.0,27.0,192.0,311.0,505.0,426.0,
20621000,20621000,2023,Воронежская область,Лискинский муниципальный район,Муниципальный район,55591.1,25015.0,4075.0,98.0,5420.0,627.0,352.0,1332.0,1186.0,2757.0,2322.0,
20623000,20623000,2023,Воронежская область,Нижнедевицкий муниципальный район,Муниципальный район,55360.7,2215.0,863.0,,,74.0,,86.0,311.0,324.0,364.0,
20625000,20625000,2023,Воронежская область,Новоусманский муниципальный район,Муниципальный район,54892.4,10747.0,823.0,,1423.0,245.0,114.0,2305.0,718.0,2225.0,1042.0,
20627000,20627000,2023,Воронежская область,Новохопёрский муниципальный район,Муниципальный район,44111.8,5460.0,926.0,,1115.0,134.0,56.0,158.0,488.0,1149.0,846.0,
20629000,20629000,2023,Воронежская область,Ольховатский муниципальный район,Муниципальный район,47464.7,3264.0,510.0,,,84.0,,134.0,292.0,554.0,383.0,
20631000,20631000,2023,Воронежская область,Острогожский муниципальный район,Муниципальный район,48063.8,7601.0,1004.0,,792.0,294.0,190.0,298.0,724.0,1481.0,1305.0,
20633000,20633000,2023,Воронежская область,Павловский муниципальный район,Муниципальный район,52518.7,11499.0,2087.0,,1782.0,260.0,131.0,600.0,603.0,1523.0,1448.0,
20635000,20635000,2023,Воронежская область,Панинский муниципальный район,Муниципальный район,44685.4,3335.0,312.0,,513.0,92.0,28.0,105.0,935.0,481.0,482.0,
20637000,20637000,2023,Воронежская область,Петропавловский муниципальный район,Муниципальный район,41692.6,1339.0,,,,115.0,,41.0,267.0,351.0,,
20639000,20639000,2023,Воронежская область,Поворинский муниципальный район,Муниципальный район,47259.3,4402.0,191.0,,783.0,183.0,72.0,210.0,419.0,677.0,642.0,
20641000,20641000,2023,Воронежская область,Подгоренский муниципальный район,Муниципальный район,46885.1,3507.0,593.0,,941.0,110.0,,77.0,316.0,514.0,459.0,
20643000,20643000,2023,Воронежская область,Рамонский муниципальный район,Муниципальный район,65383.6,15996.0,1108.0,,4538.0,165.0,13.0,5169.0,499.0,1177.0,954.0,
20645000,20645000,2023,Воронежская область,Репьёвский муниципальный район,Муниципальный район,45451.7,1343.0,,,,76.0,,50.0,196.0,270.0,369.0,
20647000,20647000,2023,Воронежская область,Россошанский муниципальный район,Муниципальный район,50217.6,17878.0,1273.0,,5168.0,585.0,324.0,797.0,1305.0,2477.0,1947.0,
20649000,20649000,2023,Воронежская область,Семилукский муниципальный район,Муниципальный район,54994.7,9737.0,671.0,,2764.0,252.0,,886.0,973.0,1633.0,1064.0,
20651000,20651000,2023,Воронежская область,Таловский муниципальный район,Муниципальный район,44373.9,4796.0,1334.0,,64.0,159.0,50.0,120.0,379.0,1012.0,633.0,
20654000,20654000,2023,Воронежская область,Терновский муниципальный район,Муниципальный район,42614.2,1888.0,230.0,,,99.0,,65.0,290.0,426.0,375.0,
20656000,20656000,2023,Воронежская область,Хохольский муниципальный район,Муниципальный район,49396.0,4100.0,544.0,,845.0,157.0,,159.0,361.0,551.0,998.0,
20658000,20658000,2023,Воронежская область,Эртильский муниципальный район,Муниципальный район,43628.2,3261.0,558.0,,770.0,115.0,39.0,92.0,328.0,509.0,579.0,
20701000,20701000,2023,Воронежская область,Город Воронеж,"Городской округ, городской округ с внутригородским делением",65730.1,258348.0,1475.0,,46229.0,7800.0,2363.0,32164.0,22835.0,36396.0,34499.0,
20710000,20710000,2023,Воронежская область,Борисоглебский,"Городской округ, городской округ с внутригородским делением",44075.4,13093.0,,,3762.0,528.0,,870.0,1404.0,2869.0,1906.0,
20727000,20727000,2023,Воронежская область,Город Нововоронеж,"Городской округ, городской округ с внутригородским делением",78582.8,12602.0,,,44.0,5960.0,250.0,424.0,813.0,1130.0,740.0,
22502000,22502000,2023,Нижегородская область,Ардатовский муниципальный округ,Муниципальный округ,45503.9,3836.0,270.0,,633.0,138.0,34.0,182.0,471.0,773.0,489.0,
22505000,22505000,2023,Нижегородская область,Балахнинский муниципальный округ,Муниципальный округ,50509.3,14066.0,,,6072.0,873.0,287.0,685.0,716.0,2518.0,1455.0,
22507000,22507000,2023,Нижегородская область,Богородский муниципальный округ,Муниципальный округ,44806.2,7594.0,,,1694.0,399.0,146.0,669.0,610.0,1932.0,1023.0,
22509000,22509000,2023,Нижегородская область,Большеболдинский муниципальный округ,Муниципальный округ,44374.6,1768.0,125.0,,,71.0,,60.0,246.0,407.0,265.0,
22510000,22510000,2023,Нижегородская область,Большемурашкинский муниципальный округ,Муниципальный округ,44934.2,1737.0,344.0,,,91.0,28.0,64.0,167.0,433.0,302.0,
22512000,22512000,2023,Нижегородская область,Бутурлинский муниципальный округ,Муниципальный округ,42892.3,1910.0,,,,86.0,,88.0,223.0,500.0,483.0,
22514000,22514000,2023,Нижегородская область,Вадский муниципальный округ,Муниципальный округ,62346.4,3590.0,518.0,,,61.0,,68.0,474.0,655.0,374.0,
22515000,22515000,2023,Нижегородская область,Варнавинский муниципальный округ,Муниципальный округ,35441.7,2785.0,,,,183.0,,55.0,711.0,458.0,592.0,
22517000,22517000,2023,Нижегородская область,Вачский муниципальный округ,Муниципальный округ,39573.6,2031.0,,,,89.0,,114.0,231.0,491.0,479.0,
22518000,22518000,2023,Нижегородская область,Ветлужский муниципальный округ,Муниципальный округ,37144.8,2328.0,,,235.0,,,119.0,223.0,680.0,605.0,
22519000,22519000,2023,Нижегородская область,Вознесенский муниципальный округ,Муниципальный округ,39256.1,1793.0,,,,61.0,,59.0,269.0,463.0,382.0,
22520000,22520000,2023,Нижегородская область,Володарский муниципальный округ,Муниципальный округ,50994.8,10167.0,1121.0,,,432.0,,388.0,4092.0,1355.0,1047.0,
22522000,22522000,2023,Нижегородская область,Воскресенский муниципальный округ,Муниципальный округ,39339.1,2050.0,,,,75.0,,114.0,309.0,539.0,434.0,
22526000,22526000,2023,Нижегородская область,Гагинский муниципальный округ,Муниципальный округ,39867.3,1883.0,416.0,,16.0,79.0,,56.0,283.0,349.0,284.0,
22528000,22528000,2023,Нижегородская область,Городецкий муниципальный округ,Муниципальный округ,47181.2,19864.0,592.0,,7286.0,925.0,394.0,944.0,1202.0,2903.0,2795.0,
22530000,22530000,2023,Нижегородская область,Дальнеконстантиновский муниципальный округ,Муниципальный округ,45860.9,2465.0,282.0,,68.0,109.0,26.0,137.0,394.0,610.0,425.0,
22532000,22532000,2023,Нижегородская область,Дивеевский муниципальный округ,Муниципальный округ,42746.7,2144.0,205.0,,,140.0,,115.0,341.0,555.0,405.0,
22533000,22533000,2023,Нижегородская область,Княгининский муниципальный округ,Муниципальный округ,49470.6,2836.0,,,707.0,113.0,,96.0,272.0,757.0,261.0,
22534000,22534000,2023,Нижегородская область,Ковернинский муниципальный округ,Муниципальный округ,42719.5,3146.0,642.0,,609.0,106.0,,103.0,328.0,639.0,397.0,
22535000,22535000,2023,Нижегородская область,Краснобаковский муниципальный округ,Муниципальный округ,37775.3,3513.0,,,,159.0,47.0,157.0,935.0,746.0,667.0,
22536000,22536000,2023,Нижегородская область,Краснооктябрьский муниципальный округ,Муниципальный округ,34375.2,1264.0,,,,61.0,,46.0,241.0,195.0,323.0,
22537000,22537000,2023,Нижегородская область,Кстовский муниципальный округ,Муниципальный округ,70340.2,26081.0,154.0,,6690.0,947.0,474.0,4389.0,1975.0,3262.0,1739.0,
22539000,22539000,2023,Нижегородская область,Лукояновский муниципальный округ,Муниципальный округ,37174.1,4161.0,173.0,,,142.0,52.0,199.0,853.0,856.0,737.0,
22540000,22540000,2023,Нижегородская область,Лысковский муниципальный округ,Муниципальный округ,40693.1,7326.0,561.0,,1824.0,273.0,115.0,331.0,786.0,1209.0,1048.0,
22542000,22542000,2023,Нижегородская область,Павловский муниципальный округ,Муниципальный округ,58700.8,21150.0,1347.0,,8963.0,632.0,343.0,958.0,1294.0,2756.0,2226.0,
22545000,22545000,2023,Нижегородская область,Пильнинский муниципальный округ,Муниципальный округ,47631.6,3203.0,282.0,,226.0,92.0,,100.0,334.0,682.0,563.0,
22546000,22546000,2023,Нижегородская область,Починковский муниципальный округ,Муниципальный округ,44046.8,4694.0,458.0,,292.0,184.0,,410.0,390.0,748.0,657.0,
22548000,22548000,2023,Нижегородская область,Сергачский муниципальный округ,Муниципальный округ,51830.0,6909.0,337.0,,665.0,428.0,78.0,381.0,605.0,775.0,740.0,
22549000,22549000,2023,Нижегородская область,Сеченовский муниципальный округ,Муниципальный округ,45891.1,2430.0,154.0,,,137.0,,82.0,345.0,562.0,387.0,
22550000,22550000,2023,Нижегородская область,Сосновский муниципальный округ,Муниципальный округ,43361.1,3051.0,,,,147.0,28.0,100.0,249.0,557.0,513.0,
22551000,22551000,2023,Нижегородская область,Спасский муниципальный округ,Муниципальный округ,37217.9,1482.0,,,,76.0,,52.0,256.0,387.0,305.0,
22552000,22552000,2023,Нижегородская область,Тонкинский муниципальный округ,Муниципальный округ,37211.0,1195.0,,,,112.0,,33.0,206.0,273.0,362.0,
22553000,22553000,2023,Нижегородская область,Тоншаевский муниципальный округ,Муниципальный округ,37418.8,3065.0,26.0,,633.0,60.0,,142.0,904.0,511.0,388.0,
22554000,22554000,2023,Нижегородская область,Уренский муниципальный округ,Муниципальный округ,41856.6,4566.0,176.0,,730.0,272.0,,280.0,757.0,972.0,810.0,
22556000,22556000,2023,Нижегородская область,Шарангский муниципальный округ,Муниципальный округ,38475.2,1708.0,,,,,,124.0,207.0,458.0,421.0,
22557000,22557000,2023,Нижегородская область,Шатковский муниципальный округ,Муниципальный округ,40502.2,3637.0,,,434.0,120.0,59.0,129.0,405.0,757.0,994.0,
22701000,22701000,2023,Нижегородская область,Город Нижний Новгород,"Городской округ, городской округ с внутригородским делением",76098.7,385703.0,797.0,,75745.0,10880.0,4821.0,49446.0,36727.0,43393.0,35339.0,
22703000,22703000,2023,Нижегородская область,Город Арзамас,"Городской округ, городской округ с внутригородским делением",57160.2,38150.0,183.0,,17123.0,973.0,369.0,1586.0,1845.0,4850.0,3878.0,
22704000,22704000,2023,Нижегородская область,ЗАТО город Саров,"Городской округ, городской округ с внутригородским делением",58162.8,13819.0,,,,,,,,,,
22712000,22712000,2023,Нижегородская область,Город Бор,"Городской округ, городской округ с внутригородским делением",56674.9,24602.0,1128.0,,8323.0,461.0,504.0,1485.0,1862.0,3496.0,2621.0,
22715000,22715000,2023,Нижегородская область,Город Выкса,"Городской округ, городской округ с внутригородским делением",74002.4,29518.0,369.0,,16208.0,520.0,260.0,921.0,861.0,2724.0,1695.0,
22719000,22719000,2023,Нижегородская область,Воротынский,"Городской округ, городской округ с внутригородским делением",44702.0,2496.0,,,,236.0,,132.0,346.0,529.0,560.0,
22721000,22721000,2023,Нижегородская область,Город Дзержинск,"Городской округ, городской округ с внутригородским делением",63929.8,50534.0,140.0,,19323.0,1603.0,801.0,6903.0,2772.0,5993.0,4620.0,
22727000,22727000,2023,Нижегородская область,Город Кулебаки,"Городской округ, городской округ с внутригородским делением",56417.2,9403.0,,,5164.0,117.0,,294.0,467.0,1487.0,730.0,
22730000,22730000,2023,Нижегородская область,Навашинский,"Городской округ, городской округ с внутригородским делением",54256.6,5085.0,,,2108.0,207.0,,160.0,243.0,624.0,499.0,
22734000,22734000,2023,Нижегородская область,Город Первомайск,"Городской округ, городской округ с внутригородским делением",50009.9,5392.0,,,,126.0,,126.0,186.0,460.0,387.0,
22737000,22737000,2023,Нижегородская область,Семеновский,"Городской округ, городской округ с внутригородским делением",41859.8,8100.0,153.0,,1933.0,399.0,143.0,379.0,1456.0,1490.0,1049.0,
22739000,22739000,2023,Нижегородская область,Перевозский,"Городской округ, городской округ с внутригородским делением",43381.5,2022.0,,,69.0,101.0,,143.0,297.0,635.0,308.0,
22749000,22749000,2023,Нижегородская область,Сокольский,"Городской округ, городской округ с внутригородским делением",47651.7,2009.0,,,,79.0,,89.0,245.0,467.0,320.0,
22755000,22755000,2023,Нижегородская область,Город Чкаловск,"Городской округ, городской округ с внутригородским делением",43342.9,3009.0,,,732.0,107.0,35.0,165.0,328.0,645.0,541.0,
22758000,22758000,2023,Нижегородская область,Город Шахунья,"Городской округ, городской округ с внутригородским делением",42310.1,5722.0,,,914.0,263.0,,366.0,497.0,1130.0,988.0,
24601000,24601000,2023,Ивановская область,Вичугский муниципальный район,Муниципальный район,31533.5,1289.0,,,,,46.0,64.0,49.0,494.0,,
24602000,24602000,2023,Ивановская область,Верхнеландеховский муниципальный район,Муниципальный район,32342.1,327.0,,,,,,,76.0,75.0,,
24603000,24603000,2023,Ивановская область,Гаврилово-Посадский муниципальный район,Муниципальный район,39552.9,1732.0,444.0,,,86.0,55.0,60.0,259.0,315.0,172.0,
24605000,24605000,2023,Ивановская область,Заволжский муниципальный район,Муниципальный район,34564.8,1304.0,,,,83.0,64.0,65.0,214.0,360.0,300.0,
24607000,24607000,2023,Ивановская область,Ивановский муниципальный район,Муниципальный район,52033.2,7718.0,117.0,,2127.0,695.0,82.0,985.0,187.0,746.0,1145.0,
24609000,24609000,2023,Ивановская область,Ильинский муниципальный район,Муниципальный район,35612.4,844.0,,,,43.0,,26.0,98.0,132.0,172.0,
24611000,24611000,2023,Ивановская область,Кинешемский муниципальный район,Муниципальный район,39095.1,3871.0,,,1374.0,90.0,71.0,60.0,374.0,449.0,1005.0,
24613000,24613000,2023,Ивановская область,Комсомольский муниципальный район,Муниципальный район,46664.6,1538.0,,,,296.0,57.0,85.0,322.0,351.0,210.0,
24614000,24614000,2023,Ивановская область,Лежневский муниципальный район,Муниципальный район,47128.0,2834.0,,,234.0,67.0,,92.0,141.0,464.0,256.0,
24615000,24615000,2023,Ивановская область,Лухский муниципальный район,Муниципальный район,35729.8,498.0,,,,,,18.0,109.0,115.0,123.0,
24617000,24617000,2023,Ивановская область,Палехский муниципальный район,Муниципальный район,38909.2,1184.0,,,,,,42.0,160.0,228.0,179.0,
24619000,24619000,2023,Ивановская область,Пестяковский муниципальный район,Муниципальный район,36857.2,596.0,,,,,,31.0,161.0,103.0,110.0,
24620000,24620000,2023,Ивановская область,Приволжский муниципальный район,Муниципальный район,42798.7,3124.0,,,,162.0,120.0,120.0,424.0,536.0,776.0,
24621000,24621000,2023,Ивановская область,Пучежский муниципальный район,Муниципальный район,35715.8,1787.0,157.0,,,71.0,56.0,63.0,278.0,275.0,478.0,
24623000,24623000,2023,Ивановская область,Родниковский муниципальный район,Муниципальный район,35720.7,3898.0,,,1075.0,193.0,125.0,176.0,402.0,791.0,596.0,
24625000,24625000,2023,Ивановская область,Савинский муниципальный район,Муниципальный район,38868.1,1002.0,,,,32.0,,54.0,160.0,230.0,149.0,
24629000,24629000,2023,Ивановская область,Тейковский муниципальный район,Муниципальный район,34608.6,589.0,,,,44.0,13.0,16.0,102.0,219.0,,
24631000,24631000,2023,Ивановская область,Фурмановский муниципальный район,Муниципальный район,44632.0,5597.0,,,2314.0,443.0,,226.0,502.0,844.0,539.0,
24633000,24633000,2023,Ивановская область,Шуйский муниципальный район,Муниципальный район,34512.1,1103.0,,,229.0,,,27.0,62.0,423.0,,
24635000,24635000,2023,Ивановская область,Южский муниципальный район,Муниципальный район,39999.7,2012.0,,,,,,109.0,784.0,489.0,310.0,
24637000,24637000,2023,Ивановская область,Юрьевецкий муниципальный район,Муниципальный район,35415.9,1275.0,,,,,,61.0,185.0,380.0,276.0,
24701000,24701000,2023,Ивановская область,Иваново,"Городской округ, городской округ с внутригородским делением",51303.2,77299.0,285.0,,13623.0,3993.0,658.0,7391.0,11809.0,12882.0,11820.0,
24703000,24703000,2023,Ивановская область,Вичуга,"Городской округ, городской округ с внутригородским делением",32515.6,4210.0,,,,203.0,115.0,254.0,637.0,824.0,927.0,
24705000,24705000,2023,Ивановская область,Кинешма,"Городской округ, городской округ с внутригородским делением",38188.8,11023.0,,,2215.0,805.0,,677.0,1657.0,2048.0,1913.0,
24706000,24706000,2023,Ивановская область,Кохма,"Городской округ, городской округ с внутригородским делением",40774.4,2706.0,,,838.0,,,261.0,349.0,601.0,376.0,
24707000,24707000,2023,Ивановская область,Тейково,"Городской округ, городской округ с внутригородским делением",37174.5,5220.0,,,860.0,484.0,139.0,259.0,1276.0,821.0,619.0,
24711000,24711000,2023,Ивановская область,Шуя,"Городской округ, городской округ с внутригородским делением",44356.1,8792.0,,,2368.0,605.0,134.0,517.0,992.0,1579.0,1913.0,
25601000,25601000,2023,Иркутская область,Балаганский муниципальный район,Муниципальный район,56063.5,1334.0,56.0,,,21.0,,19.0,217.0,605.0,186.0,
25602000,25602000,2023,Иркутская область,Бодайбинский муниципальный район,Муниципальный район,129480.4,15861.0,60.0,9792.0,273.0,800.0,129.0,101.0,509.0,826.0,415.0,
25604000,25604000,2023,Иркутская область,Братский муниципальный район,Муниципальный район,76529.5,9929.0,1115.0,,609.0,540.0,131.0,219.0,807.0,2263.0,1026.0,
25605000,25605000,2023,Иркутская область,Аларский муниципальный район,Муниципальный район,53784.8,3231.0,22.0,,,77.0,,36.0,671.0,1247.0,596.0,
25606000,25606000,2023,Иркутская область,Жигаловский муниципальный район,Муниципальный район,118757.1,21495.0,83.0,2764.0,114.0,415.0,,128.0,261.0,722.0,,
25607000,25607000,2023,Иркутская область,Баяндаевский муниципальный район,Муниципальный район,54876.0,1609.0,21.0,,,51.0,,17.0,358.0,687.0,275.0,
25608000,25608000,2023,Иркутская область,Заларинский муниципальный район,Муниципальный район,56023.3,4757.0,92.0,,,171.0,39.0,76.0,644.0,1487.0,964.0,
25609000,25609000,2023,Иркутская область,Боханский муниципальный район,Муниципальный район,51166.3,3151.0,69.0,,,56.0,22.0,53.0,472.0,1576.0,520.0,
25610000,25610000,2023,Иркутская область,Зиминский муниципальный район,Муниципальный район,53170.0,2238.0,,,,,35.0,,346.0,679.0,,
25612000,25612000,2023,Иркутская область,Иркутский муниципальный район,Муниципальный район,55622.4,11953.0,332.0,45.0,628.0,270.0,27.0,623.0,1649.0,4548.0,1406.0,
25614000,25614000,2023,Иркутская область,Казачинско-Ленский муниципальный район,Муниципальный район,100721.9,11351.0,436.0,479.0,1170.0,127.0,,60.0,485.0,792.0,321.0,
25616000,25616000,2023,Иркутская область,Катангский муниципальный район,Муниципальный район,127045.0,6802.0,89.0,3595.0,,137.0,,,203.0,243.0,90.0,
25618000,25618000,2023,Иркутская область,Качугский муниципальный район,Муниципальный район,55390.7,2700.0,134.0,,,120.0,,,507.0,1105.0,358.0,
25620000,25620000,2023,Иркутская область,Киренский муниципальный район,Муниципальный район,97991.1,7583.0,458.0,1106.0,600.0,141.0,,89.0,443.0,1063.0,414.0,
25622000,25622000,2023,Иркутская область,Куйтунский муниципальный район,Муниципальный район,53008.6,4088.0,355.0,,,116.0,,63.0,510.0,1511.0,830.0,
25624000,25624000,2023,Иркутская область,Мамско-Чуйский муниципальный район,Муниципальный район,84569.8,883.0,33.0,,,,,,196.0,232.0,,
25626000,25626000,2023,Иркутская область,Нижнеилимский муниципальный район,Муниципальный район,80748.3,13144.0,1168.0,,1561.0,660.0,119.0,314.0,900.0,1924.0,1202.0,
25628000,25628000,2023,Иркутская область,Нижнеудинский муниципальный район,Муниципальный район,63481.5,13520.0,230.0,229.0,1589.0,758.0,14.0,187.0,1396.0,2888.0,1830.0,
25629000,25629000,2023,Иркутская область,Нукутский муниципальный район,Муниципальный район,54393.7,2354.0,159.0,,,45.0,,,309.0,975.0,349.0,
25630000,25630000,2023,Иркутская область,Ольхонский муниципальный район,Муниципальный район,54476.2,1282.0,78.0,,,40.0,,25.0,270.0,447.0,206.0,
25631000,25631000,2023,Иркутская область,Осинский муниципальный район,Муниципальный район,53612.8,2537.0,52.0,,,74.0,9.0,25.0,415.0,1199.0,474.0,
25634000,25634000,2023,Иркутская область,Слюдянский муниципальный район,Муниципальный район,63667.4,8079.0,37.0,350.0,323.0,317.0,65.0,278.0,788.0,1787.0,741.0,
25636000,25636000,2023,Иркутская область,Тайшетский муниципальный район,Муниципальный район,73323.6,17171.0,245.0,,2245.0,714.0,52.0,1204.0,2191.0,3034.0,1920.0,
25638000,25638000,2023,Иркутская область,Тулунский муниципальный район,Муниципальный район,64309.3,4122.0,,1435.0,,97.0,,,174.0,1284.0,,
25640000,25640000,2023,Иркутская область,Усольский муниципальный район,Муниципальный район,65974.5,8347.0,1908.0,,791.0,102.0,55.0,370.0,936.0,1805.0,,
25642000,25542000,2023,Иркутская область,Усть-Илимский муниципальный район,Муниципальный район,100369.3,4203.0,2070.0,,,120.0,,,218.0,590.0,,
25644000,25644000,2023,Иркутская область,Усть-Кутский муниципальный район,Муниципальный район,111565.5,32847.0,1218.0,9503.0,2740.0,773.0,45.0,395.0,996.0,1919.0,1068.0,
25646000,25646000,2023,Иркутская область,Усть-Удинский муниципальный район,Муниципальный район,52037.4,2081.0,126.0,,,58.0,,,344.0,958.0,258.0,
25648000,25648000,2023,Иркутская область,Черемховский муниципальный район,Муниципальный район,55628.9,3531.0,,,207.0,56.0,,148.0,311.0,1386.0,,
25650000,25550000,2023,Иркутская область,Чунский муниципальный район,Муниципальный район,55782.0,5083.0,180.0,,404.0,161.0,,73.0,622.0,1560.0,924.0,
25655000,25655000,2023,Иркутская область,Шелеховский муниципальный район,Муниципальный район,74924.9,12328.0,105.0,,4799.0,317.0,239.0,573.0,835.0,2205.0,1252.0,
25657000,25657000,2023,Иркутская область,Эхирит-Булагатский муниципальный район,Муниципальный район,51495.6,5960.0,253.0,,544.0,133.0,,320.0,1113.0,1997.0,893.0,
25701000,25701000,2023,Иркутская область,Город Иркутск,"Городской округ, городской округ с внутригородским делением",86085.3,190163.0,805.0,4942.0,21957.0,5946.0,1516.0,20726.0,23811.0,26336.0,25308.0,
25703000,25703000,2023,Иркутская область,Ангарский,"Городской округ, городской округ с внутригородским делением",68084.9,52594.0,618.0,,14811.0,3052.0,733.0,3778.0,3832.0,8117.0,6019.0,
25714000,25714000,2023,Иркутская область,Город Братск,"Городской округ, городской округ с внутригородским делением",80434.6,48466.0,1104.0,,12683.0,3006.0,761.0,2990.0,4004.0,8721.0,5912.0,
25720000,25720000,2023,Иркутская область,Зиминское,"Городской округ, городской округ с внутригородским делением",67145.3,6471.0,42.0,,787.0,165.0,33.0,189.0,766.0,1270.0,817.0,
25726000,25726000,2023,Иркутская область,Город Саянск,"Городской округ, городской округ с внутригородским делением",57879.7,11067.0,942.0,,3330.0,641.0,,363.0,911.0,1707.0,1847.0,
25732000,25732000,2023,Иркутская область,Город Тулун,"Городской округ, городской округ с внутригородским делением",60440.7,8314.0,63.0,,,435.0,19.0,303.0,1348.0,1882.0,1692.0,
25736000,25736000,2023,Иркутская область,Город Усолье-Сибирское,"Городской округ, городской округ с внутригородским делением",56915.3,12601.0,72.0,,1758.0,949.0,296.0,683.0,1477.0,3177.0,2495.0,
25738000,25738000,2023,Иркутская область,Город Усть-Илимск,"Городской округ, городской округ с внутригородским делением",78234.3,16203.0,298.0,,4292.0,1124.0,199.0,501.0,1452.0,2724.0,2378.0,
25745000,25745000,2023,Иркутская область,Город Черемхово,"Городской округ, городской округ с внутригородским делением",60060.8,11658.0,91.0,1614.0,381.0,510.0,221.0,403.0,1196.0,2148.0,2590.0,
25746000,25746000,2023,Иркутская область,Город Свирск,"Городской округ, городской округ с внутригородским делением",50303.5,2209.0,,,830.0,17.0,,37.0,83.0,635.0,,
26605000,26605000,2023,Республика Ингушетия,Назрановский муниципальный район,Муниципальный район,27802.2,6709.0,21.0,,,,,,317.0,4908.0,834.0,
26610000,26610000,2023,Республика Ингушетия,Сунженский муниципальный район,Муниципальный район,31408.0,3307.0,646.0,,,,,,156.0,1782.0,277.0,
26615000,26615000,2023,Республика Ингушетия,Малгобекский муниципальный район,Муниципальный район,26466.1,3756.0,68.0,,,,,,169.0,2939.0,214.0,
26620000,26620000,2023,Республика Ингушетия,Джейрахский муниципальный район,Муниципальный район,31784.3,625.0,,,,,,,132.0,225.0,,
26700000,CD,2023,Республика Ингушетия,Городские округа Республики Ингушетии,"Городской округ, городской округ с внутригородским делением",40129.7,39757.0,459.0,765.0,94.0,1097.0,549.0,725.0,10332.0,11365.0,7996.0,
26701000,26701000,2023,Республика Ингушетия,Город Магас,"Городской округ, городской округ с внутригородским делением",55062.9,10442.0,,,,,,34.0,6436.0,2024.0,545.0,
26706000,26706000,2023,Республика Ингушетия,Город Назрань,"Городской округ, городской округ с внутригородским делением",36347.7,16501.0,89.0,,,,,399.0,1876.0,4640.0,4635.0,
26710000,26710000,2023,Республика Ингушетия,Город Карабулак,"Городской округ, городской округ с внутригородским делением",34037.1,2518.0,,,84.0,,,,454.0,1167.0,,
26715000,26715000,2023,Республика Ингушетия,Город Малгобек,"Городской округ, городской округ с внутригородским делением",30262.4,4763.0,,,,,,,530.0,1770.0,1186.0,
26720000,26610000,2023,Республика Ингушетия,Город Сунжа,"Городской округ, городской округ с внутригородским делением",34491.5,5532.0,176.0,,,,,280.0,1036.0,1764.0,1212.0,
27503000,27503000,2023,Калининградская область,Багратионовский,Муниципальный округ,53507.1,4215.0,117.0,,1759.0,,62.0,104.0,918.0,641.0,333.0,
27506000,27506000,2023,Калининградская область,Гвардейский,Муниципальный округ,49752.6,2824.0,,,346.0,85.0,144.0,128.0,709.0,569.0,240.0,
27507000,27507000,2023,Калининградская область,Гурьевский,Муниципальный округ,64567.3,10981.0,520.0,,2395.0,348.0,207.0,1511.0,739.0,1683.0,822.0,
27510000,27510000,2023,Калининградская область,Зеленоградский,Муниципальный округ,66213.2,5907.0,57.0,,1114.0,46.0,262.0,215.0,750.0,704.0,630.0,
27513000,27513000,2023,Калининградская область,Краснознаменский,Муниципальный округ,55755.8,767.0,,,,,25.0,23.0,129.0,193.0,149.0,
27514000,27514000,2023,Калининградская область,Неманский,Муниципальный округ,51568.9,1640.0,,,134.0,,42.0,47.0,306.0,452.0,248.0,
27515000,27515000,2023,Калининградская область,Нестеровский,Муниципальный округ,50979.2,1575.0,340.0,55.0,,,38.0,38.0,412.0,347.0,124.0,
27516000,27516000,2023,Калининградская область,Озерский,Муниципальный округ,49945.8,1432.0,706.0,,,,,34.0,150.0,258.0,140.0,
27518000,27518000,2023,Калининградская область,Полесский,Муниципальный округ,46332.1,1600.0,,,280.0,,43.0,51.0,240.0,480.0,287.0,
27519000,27519000,2023,Калининградская область,Правдинский,Муниципальный округ,58706.7,2723.0,643.0,,281.0,50.0,,43.0,196.0,423.0,302.0,
27527000,27527000,2023,Калининградская область,Славский,Муниципальный округ,42133.6,1367.0,237.0,,,,17.0,51.0,195.0,344.0,347.0,
27539000,27539000,2023,Калининградская область,Черняховский,Муниципальный округ,49461.9,5874.0,,,937.0,273.0,107.0,309.0,953.0,1037.0,1066.0,
27701000,27701000,2023,Калининградская область,Город Калининград,"Городской округ, городской округ с внутригородским делением",67801.2,113936.0,1856.0,492.0,15885.0,5537.0,1626.0,9397.0,17916.0,15488.0,13444.0,
27705000,27705000,2023,Калининградская область,Балтийский,"Городской округ, городской округ с внутригородским делением",42064.6,7325.0,,,381.0,767.0,,187.0,3896.0,616.0,591.0,
27709000,27709000,2023,Калининградская область,Гусевский,"Городской округ, городской округ с внутригородским делением",43367.9,5184.0,,,931.0,,140.0,205.0,1561.0,966.0,589.0,
27711000,27711000,2023,Калининградская область,Ладушкинский,"Городской округ, городской округ с внутригородским делением",47373.7,338.0,,,,,,24.0,43.0,69.0,73.0,
27712000,27712000,2023,Калининградская область,Мамоновский,"Городской округ, городской округ с внутригородским делением",46436.2,578.0,,,112.0,,22.0,46.0,94.0,161.0,,
27717000,27717000,2023,Калининградская область,Пионерский,"Городской округ, городской округ с внутригородским делением",58816.4,2005.0,,,515.0,,,77.0,201.0,276.0,621.0,
27725000,27725000,2023,Калининградская область,Светловский,"Городской округ, городской округ с внутригородским делением",86483.2,5396.0,,,1723.0,350.0,,269.0,370.0,560.0,248.0,
27730000,27730000,2023,Калининградская область,Советский,"Городской округ, городской округ с внутригородским делением",47935.7,5835.0,,,1982.0,191.0,,239.0,689.0,823.0,1105.0,
27734000,27734000,2023,Калининградская область,Светлогорский,"Городской округ, городской округ с внутригородским делением",54860.1,3576.0,,,,,35.0,162.0,611.0,392.0,1487.0,
27740000,27740000,2023,Калининградская область,Янтарный,"Городской округ, городской округ с внутригородским делением",77989.2,1426.0,,,,,,34.0,54.0,105.0,,
28502000,28502000,2023,Тверская область,Андреапольский,Муниципальный округ,40828.3,1786.0,,,,108.0,,57.0,359.0,398.0,271.0,
28506000,28506000,2023,Тверская область,Бельский,Муниципальный округ,37703.5,670.0,,,,,,22.0,129.0,180.0,151.0,
28510000,28510000,2023,Тверская область,Весьегонский,Муниципальный округ,37967.0,1129.0,102.0,,,88.0,,59.0,187.0,326.0,214.0,
28514000,28514000,2023,Тверская область,Жарковский,Муниципальный округ,34026.2,675.0,,,,58.0,,21.0,132.0,153.0,111.0,
28516000,28516000,2023,Тверская область,Западнодвинский,Муниципальный округ,38152.2,2052.0,70.0,,,,,100.0,531.0,458.0,273.0,
28518000,28518000,2023,Тверская область,Зубцовский,Муниципальный округ,44647.9,1804.0,159.0,,,91.0,,107.0,253.0,519.0,242.0,
28526000,28526000,2023,Тверская область,Кесовогорский,Муниципальный округ,69657.2,5734.0,,,,66.0,,90.0,131.0,240.0,149.0,
28528000,28528000,2023,Тверская область,Кимрский,Муниципальный округ,48260.2,7147.0,,,1515.0,,,416.0,964.0,1529.0,912.0,
28532000,28532000,2023,Тверская область,Краснохолмский,Муниципальный округ,38926.4,1319.0,,,,,,32.0,439.0,264.0,156.0,
28536000,28536000,2023,Тверская область,Лесной,Муниципальный округ,36594.0,559.0,,,,,,,98.0,180.0,130.0,
28538000,28538000,2023,Тверская область,Лихославльский,Муниципальный округ,43062.2,3336.0,,,1242.0,,,184.0,423.0,702.0,260.0,
28540000,28540000,2023,Тверская область,Максатихинский,Муниципальный округ,37841.2,1425.0,,,,,,68.0,242.0,486.0,215.0,
28542000,28542000,2023,Тверская область,Молоковский,Муниципальный округ,36728.6,480.0,,,,,,,112.0,113.0,124.0,
28544000,28544000,2023,Тверская область,Оленинский,Муниципальный округ,32232.2,1372.0,38.0,,,112.0,36.0,73.0,166.0,438.0,220.0,
28546000,28546000,2023,Тверская область,Пеновский,Муниципальный округ,35791.8,734.0,,,,,,33.0,163.0,217.0,135.0,
28547000,28547000,2023,Тверская область,Рамешковский,Муниципальный округ,42725.4,1207.0,,,,,,46.0,240.0,343.0,219.0,
28548000,28548000,2023,Тверская область,Ржевский,Муниципальный округ,51322.1,13382.0,752.0,,3564.0,594.0,,549.0,1684.0,1848.0,1357.0,
28549000,28549000,2023,Тверская область,Сандовский,Муниципальный округ,37497.3,610.0,,,,60.0,,24.0,133.0,163.0,157.0,
28550000,28550000,2023,Тверская область,Селижаровский,Муниципальный округ,39613.2,1168.0,,,,102.0,,32.0,179.0,363.0,164.0,
28551000,28551000,2023,Тверская область,Сонковский,Муниципальный округ,36302.4,907.0,,,,48.0,,,125.0,229.0,147.0,
28552000,28552000,2023,Тверская область,Спировский,Муниципальный округ,35453.5,1157.0,,,,96.0,,32.0,207.0,367.0,186.0,
28553000,28553000,2023,Тверская область,Старицкий,Муниципальный округ,43060.5,2776.0,13.0,,,97.0,,145.0,297.0,783.0,262.0,
28604000,28504000,2023,Тверская область,Бежецкий муниципальный район (с 2024 г. преобразован в Бежецкий муниципальный округ),Муниципальный район,46815.9,6608.0,1296.0,,921.0,424.0,149.0,230.0,1068.0,1030.0,665.0,
28608000,28508000,2023,Тверская область,Бологовский муниципальный район (с 2024 г. преобразован в Бологовский муниципальный округ),Муниципальный район,48969.7,8041.0,,,599.0,518.0,96.0,213.0,954.0,1124.0,538.0,
28620000,28520000,2023,Тверская область,Калининский муниципальный район (с 2024 г. преобразован в Калининский муниципальный округ),Муниципальный район,60649.5,10519.0,1057.0,,3391.0,,,1660.0,635.0,1477.0,820.0,
28622000,28522000,2023,Тверская область,Калязинский муниципальный район (с 2024 г. преобразован в Калязинский муниципальный округ),Муниципальный район,42802.7,2334.0,,,264.0,161.0,100.0,118.0,234.0,597.0,534.0,
28630000,28530000,2023,Тверская область,Конаковский муниципальный район (с 2024 г. преобразован в Конаковский муниципальный округ),Муниципальный район,59351.2,14320.0,1028.0,,4205.0,905.0,253.0,648.0,858.0,2333.0,1606.0,
28634000,28534000,2023,Тверская область,Кувшиновский муниципальный район (с 2024 г. преобразован в Кувшиновский муниципальный округ),Муниципальный район,52338.8,1936.0,,,,92.0,,53.0,207.0,402.0,181.0,
28654000,28654000,2023,Тверская область,Торжокский муниципальный район,Муниципальный район,49758.5,1917.0,207.0,,,184.0,58.0,,59.0,482.0,258.0,
28655000,28555000,2023,Тверская область,Торопецкий муниципальный район (с 2024 г. преобразован в Торопецкий муниципальный округ),Муниципальный район,40301.0,4041.0,,,1204.0,126.0,37.0,152.0,945.0,716.0,427.0,
28657000,28557000,2023,Тверская область,Фировский муниципальный район (с 2024 г. преобразован в Фировский муниципальный округ),Муниципальный район,36851.8,808.0,,,,,,31.0,168.0,291.0,132.0,
28701000,28701000,2023,Тверская область,Город Тверь,"Городской округ, городской округ с внутригородским делением",65117.7,116604.0,306.0,,26578.0,4803.0,,12668.0,13463.0,14109.0,14209.0,
28714000,28714000,2023,Тверская область,Вышневолоцкий,"Городской округ, городской округ с внутригородским делением",42874.9,11485.0,230.0,,2342.0,,,652.0,1271.0,2142.0,1752.0,
28750000,28750000,2023,Тверская область,Город Торжок,"Городской округ, городской округ с внутригородским делением",52482.9,10386.0,,,3331.0,372.0,187.0,418.0,1431.0,1319.0,976.0,
28751000,28751000,2023,Тверская область,Удомельский,"Городской округ, городской округ с внутригородским делением",83991.5,9543.0,,,,4655.0,181.0,295.0,625.0,883.0,798.0,
28752000,28752000,2023,Тверская область,Осташковский,"Городской округ, городской округ с внутригородским делением",52059.9,4625.0,104.0,,1696.0,243.0,71.0,257.0,580.0,741.0,,
28758000,28758000,2023,Тверская область,Кашинский,"Городской округ, городской округ с внутригородским делением",44298.4,4505.0,60.0,,848.0,,,130.0,568.0,801.0,796.0,
28759000,28759000,2023,Тверская область,Нелидовский,"Городской округ, городской округ с внутригородским делением",38418.2,4204.0,,,742.0,420.0,151.0,245.0,814.0,617.0,736.0,
29602000,29602000,2023,Калужская область,Бабынинский муниципальный район,Муниципальный район,57015.2,3297.0,126.0,,1571.0,,54.0,154.0,352.0,573.0,221.0,
29604000,29604000,2023,Калужская область,Барятинский муниципальный район,Муниципальный район,51689.2,755.0,,,,,,29.0,173.0,140.0,,
29606000,29606000,2023,Калужская область,Боровский муниципальный район,Муниципальный район,81045.5,21043.0,,,13652.0,,170.0,1786.0,1018.0,1491.0,747.0,
29608000,29608000,2023,Калужская область,Дзержинский муниципальный район,Муниципальный район,56799.9,10930.0,1255.0,515.0,4135.0,421.0,200.0,393.0,1007.0,1066.0,956.0,
29610000,29610000,2023,Калужская область,Думиничский муниципальный район,Муниципальный район,36368.2,1183.0,,,148.0,,,64.0,248.0,323.0,,
29612000,29612000,2023,Калужская область,Жиздринский муниципальный район,Муниципальный район,37786.9,863.0,,,,,,43.0,211.0,284.0,,
29613000,29613000,2023,Калужская область,Жуковский муниципальный район,Муниципальный район,67526.2,8440.0,445.0,,1997.0,169.0,160.0,476.0,620.0,1123.0,411.0,
29614000,29614000,2023,Калужская область,Кировский муниципальный район,Муниципальный район,47223.2,6979.0,,,1878.0,346.0,,288.0,724.0,1053.0,1034.0,
29615000,29615000,2023,Калужская область,Износковский муниципальный район,Муниципальный район,42898.1,486.0,,,,,,31.0,178.0,144.0,,
29616000,29616000,2023,Калужская область,Козельский муниципальный район,Муниципальный район,47241.9,6322.0,226.0,,1891.0,324.0,,234.0,1010.0,1097.0,462.0,
29618000,29618000,2023,Калужская область,Куйбышевский муниципальный район,Муниципальный район,44320.7,957.0,,,,,,35.0,184.0,217.0,,
29620000,29620000,2023,Калужская область,Людиновский муниципальный район,Муниципальный район,49532.2,9653.0,,,3827.0,395.0,,257.0,718.0,1141.0,661.0,
29623000,29623000,2023,Калужская область,Малоярославецкий муниципальный район,Муниципальный район,63799.8,9903.0,295.0,,4357.0,319.0,121.0,1022.0,691.0,1438.0,549.0,
29625000,29625000,2023,Калужская область,Медынский муниципальный район,Муниципальный район,43497.5,2789.0,,,898.0,,,237.0,288.0,284.0,,
29627000,29627000,2023,Калужская область,Мещовский муниципальный район,Муниципальный район,40820.5,786.0,,,,,,59.0,196.0,298.0,28.0,
29629000,29629000,2023,Калужская область,Мосальский муниципальный район,Муниципальный район,41633.8,881.0,157.0,,,,,42.0,195.0,219.0,,
29632000,29632000,2023,Калужская область,Перемышльский муниципальный район,Муниципальный район,46989.3,1482.0,,,,,,59.0,274.0,420.0,,
29634000,29634000,2023,Калужская область,Спас-Деменский муниципальный район,Муниципальный район,41609.6,935.0,,,,,,29.0,168.0,170.0,,
29636000,29636000,2023,Калужская область,Сухиничский муниципальный район,Муниципальный район,44693.9,3909.0,443.0,,404.0,,,169.0,677.0,602.0,561.0,
29638000,29638000,2023,Калужская область,Тарусский муниципальный район,Муниципальный район,50502.3,1959.0,,,169.0,236.0,,130.0,406.0,390.0,,
29642000,29642000,2023,Калужская область,Ульяновский муниципальный район,Муниципальный район,47759.6,600.0,,,,,,32.0,163.0,130.0,,
29644000,29644000,2023,Калужская область,Ферзиковский муниципальный район,Муниципальный район,58046.4,2228.0,641.0,,444.0,,13.0,67.0,342.0,448.0,,
29646000,29646000,2023,Калужская область,Хвастовичский муниципальный район,Муниципальный район,39380.3,1075.0,212.0,,,,,44.0,199.0,261.0,,
29650000,29650000,2023,Калужская область,Юхновский муниципальный район,Муниципальный район,41311.2,1545.0,,,,,,74.0,302.0,340.0,,
29701000,29701000,2023,Калужская область,Город Калуга,"Городской округ, городской округ с внутригородским делением",65669.2,111525.0,555.0,2.0,33680.0,4899.0,1556.0,10182.0,13574.0,10648.0,12797.0,
29715000,29715000,2023,Калужская область,Город Обнинск,"Городской округ, городской округ с внутригородским делением",86589.2,29302.0,,,9004.0,817.0,226.0,2134.0,1218.0,4394.0,3177.0,
30501000,30501000,2023,Камчатский край,Алеутский муниципальный округ,Муниципальный округ,118868.8,275.0,,,,,,,36.0,,,
30604000,30504000,2023,Камчатский край,Быстринский муниципальный район,Муниципальный район,109504.4,1124.0,,217.0,,109.0,26.0,,155.0,204.0,98.0,
30607000,30607000,2023,Камчатский край,Елизовский муниципальный район,Муниципальный район,104995.7,16935.0,752.0,,470.0,1026.0,236.0,350.0,2910.0,3042.0,2084.0,
30610000,30510000,2023,Камчатский край,Мильковский муниципальный район,Муниципальный район,88089.6,2227.0,25.0,,,315.0,66.0,8.0,590.0,520.0,290.0,
30613000,30613000,2023,Камчатский край,Соболевский муниципальный район,Муниципальный район,210789.3,2583.0,910.0,302.0,516.0,,14.0,60.0,127.0,132.0,74.0,
30616000,30616000,2023,Камчатский край,Усть-Большерецкий муниципальный район,Муниципальный район,142828.7,3483.0,807.0,,1047.0,333.0,44.0,,370.0,357.0,174.0,
30619000,30519000,2023,Камчатский край,Усть-Камчатский муниципальный район,Муниципальный район,100644.7,2619.0,119.0,,,357.0,45.0,,519.0,614.0,271.0,
30701000,30701000,2023,Камчатский край,Петропавловск-Камчатский,"Городской округ, городской округ с внутригородским делением",132021.4,55647.0,7214.0,515.0,2808.0,3452.0,911.0,2663.0,12722.0,7163.0,6394.0,
30824000,30824000,2023,Камчатский край,Карагинский муниципальный район,Муниципальный район,216798.7,3310.0,440.0,,1284.0,352.0,,,154.0,268.0,134.0,
30827000,30827000,2023,Камчатский край,Олюторский муниципальный район,Муниципальный район,118713.0,1527.0,53.0,,,,,,184.0,354.0,153.0,
30829000,30829000,2023,Камчатский край,Пенжинский муниципальный район,Муниципальный район,136968.8,1988.0,43.0,,,,,,146.0,237.0,87.0,
30832000,30532000,2023,Камчатский край,Тигильский муниципальный район,Муниципальный район,102885.4,1152.0,,,,,,,149.0,267.0,237.0,
30851000,30851000,2023,Камчатский край,Поселок Палана,"Городской округ, городской округ с внутригородским делением",97365.3,1088.0,,,,,,,175.0,254.0,273.0,
32501000,32501000,2023,Кемеровская область,Беловский муниципальный округ,Муниципальный округ,84135.1,12413.0,,7035.0,100.0,136.0,,301.0,269.0,809.0,637.0,
32502000,32502000,2023,Кемеровская область,Гурьевский муниципальный округ,Муниципальный округ,63985.3,6569.0,,1845.0,28.0,281.0,,291.0,687.0,1137.0,1039.0,
32504000,32504000,2023,Кемеровская область,Ижморский муниципальный округ,Муниципальный округ,47315.5,1590.0,,,,73.0,,51.0,322.0,398.0,281.0,
32507000,32507000,2023,Кемеровская область,Кемеровский муниципальный округ,Муниципальный округ,78691.2,15602.0,751.0,8369.0,258.0,518.0,,726.0,601.0,1369.0,815.0,
32510000,32510000,2023,Кемеровская область,Крапивинский муниципальный округ,Муниципальный округ,47217.0,3125.0,,,,279.0,,126.0,474.0,712.0,714.0,
32513000,32513000,2023,Кемеровская область,Ленинск-Кузнецкий муниципальный округ,Муниципальный округ,71888.4,4704.0,257.0,897.0,40.0,127.0,,14.0,224.0,623.0,549.0,
32516000,32516000,2023,Кемеровская область,Мариинский муниципальный округ,Муниципальный округ,45788.2,9634.0,,,1354.0,536.0,,372.0,1833.0,1457.0,1658.0,
32519000,32519000,2023,Кемеровская область,Новокузнецкий муниципальный округ,Муниципальный округ,98115.2,29145.0,1496.0,13583.0,1978.0,779.0,200.0,962.0,560.0,1293.0,429.0,
32522000,32522000,2023,Кемеровская область,Прокопьевский муниципальный округ,Муниципальный округ,90215.6,22563.0,432.0,13578.0,461.0,535.0,,164.0,481.0,1384.0,947.0,
32525000,32525000,2023,Кемеровская область,Промышленновский муниципальный округ,Муниципальный округ,51912.5,6280.0,594.0,,407.0,400.0,,237.0,658.0,1372.0,902.0,
32528000,32528000,2023,Кемеровская область,Тисульский муниципальный округ,Муниципальный округ,58358.3,3473.0,,,,173.0,,91.0,476.0,596.0,680.0,
32531000,32531000,2023,Кемеровская область,Топкинский муниципальный округ,Муниципальный округ,56833.6,7112.0,,,1660.0,523.0,36.0,320.0,654.0,1183.0,710.0,
32534000,32534000,2023,Кемеровская область,Тяжинский муниципальный округ,Муниципальный округ,44868.5,3498.0,,,,370.0,54.0,113.0,553.0,880.0,671.0,
32537000,32537000,2023,Кемеровская область,Чебулинский муниципальный округ,Муниципальный округ,43965.5,3187.0,916.0,,214.0,266.0,,58.0,664.0,436.0,306.0,
32540000,32540000,2023,Кемеровская область,Юргинский муниципальный округ,Муниципальный округ,48398.8,2274.0,,,,404.0,,,147.0,523.0,277.0,
32543000,32543000,2023,Кемеровская область,Яйский муниципальный округ,Муниципальный округ,47515.0,3329.0,,,304.0,284.0,23.0,120.0,609.0,660.0,472.0,
32546000,32546000,2023,Кемеровская область,Яшкинский муниципальный округ,Муниципальный округ,55554.9,5835.0,433.0,,2230.0,362.0,99.0,134.0,406.0,890.0,569.0,
32627000,32627000,2023,Кемеровская область,Таштагольский муниципальный район,Муниципальный район,60700.5,10590.0,,3424.0,99.0,823.0,110.0,325.0,1082.0,1707.0,1220.0,
32701000,32701000,2023,Кемеровская область,Кемеровский,"Городской округ, городской округ с внутригородским делением",77793.8,135830.0,107.0,1069.0,17669.0,6519.0,1549.0,14768.0,19115.0,18972.0,19123.0,
32704000,32704000,2023,Кемеровская область,Анжеро-Судженский,"Городской округ, городской округ с внутригородским делением",54175.5,13794.0,,721.0,1955.0,1172.0,242.0,657.0,1607.0,2197.0,2554.0,
32707000,32707000,2023,Кемеровская область,Беловский,"Городской округ, городской округ с внутригородским делением",71657.3,28803.0,,6394.0,1324.0,2528.0,611.0,2204.0,2114.0,3335.0,3081.0,
32710000,32710000,2023,Кемеровская область,Березовский,"Городской округ, городской округ с внутригородским делением",64498.2,7402.0,,2141.0,255.0,612.0,178.0,371.0,773.0,1177.0,732.0,
32715000,32715000,2023,Кемеровская область,Калтанский,"Городской округ, городской округ с внутригородским делением",70769.5,6230.0,,1933.0,149.0,891.0,110.0,204.0,425.0,843.0,850.0,
32716000,32716000,2023,Кемеровская область,Киселевский,"Городской округ, городской округ с внутригородским делением",68025.3,16367.0,,4296.0,950.0,1453.0,274.0,878.0,984.0,2436.0,1790.0,
32719000,32719000,2023,Кемеровская область,Ленинск-Кузнецкий,"Городской округ, городской округ с внутригородским делением",69133.2,23812.0,,,3154.0,1734.0,,1249.0,2064.0,2383.0,3178.0,
32725000,32725000,2023,Кемеровская область,Междуреченский,"Городской округ, городской округ с внутригородским делением",76520.8,29018.0,,9765.0,1614.0,1534.0,399.0,1253.0,1333.0,2810.0,1986.0,
32728000,32728000,2023,Кемеровская область,Мысковский,"Городской округ, городской округ с внутригородским делением",68218.9,9258.0,,1962.0,176.0,1347.0,209.0,383.0,516.0,1262.0,1350.0,
32731000,32731000,2023,Кемеровская область,Новокузнецкий,"Городской округ, городской округ с внутригородским делением",71643.2,123095.0,212.0,5880.0,29852.0,4153.0,3025.0,9629.0,7407.0,17109.0,14053.0,
32732000,32732000,2023,Кемеровская область,Полысаевский,"Городской округ, городской округ с внутригородским делением",72218.1,5006.0,,2074.0,,304.0,9.0,254.0,192.0,823.0,525.0,
32734000,32734000,2023,Кемеровская область,Осинниковский,"Городской округ, городской округ с внутригородским делением",63422.8,8105.0,,,747.0,600.0,278.0,402.0,719.0,1575.0,1027.0,
32737000,32737000,2023,Кемеровская область,Прокопьевский,"Городской округ, городской округ с внутригородским делением",57334.1,26038.0,,2405.0,1179.0,2279.0,685.0,1555.0,2574.0,4420.0,5102.0,
32740000,32740000,2023,Кемеровская область,Тайгинский,"Городской округ, городской округ с внутригородским делением",64184.6,5540.0,,,52.0,261.0,,181.0,357.0,610.0,524.0,
32749000,32749000,2023,Кемеровская область,Юргинский,"Городской округ, городской округ с внутригородским делением",47192.9,13192.0,28.0,,2234.0,360.0,277.0,860.0,2357.0,2838.0,2349.0,
33502000,33502000,2023,Кировская область,Арбажский,Муниципальный округ,36843.6,865.0,,,,,,67.0,214.0,180.0,145.0,
33503000,33503000,2023,Кировская область,Афанасьевский,Муниципальный округ,35727.4,1854.0,,,,112.0,,219.0,339.0,593.0,241.0,
33506000,33506000,2023,Кировская область,Богородский,Муниципальный округ,44539.5,691.0,,,,30.0,,23.0,187.0,118.0,120.0,
33507000,33507000,2023,Кировская область,Верхнекамский,Муниципальный округ,38390.9,5436.0,155.0,,1658.0,257.0,,142.0,1577.0,770.0,493.0,
33516000,33516000,2023,Кировская область,Кикнурский,Муниципальный округ,33736.7,960.0,,,,68.0,,89.0,195.0,227.0,150.0,
33521000,33521000,2023,Кировская область,Лебяжский,Муниципальный округ,34858.0,810.0,,,,52.0,,32.0,222.0,201.0,173.0,
33522000,33522000,2023,Кировская область,Лузский,Муниципальный округ,39712.7,2132.0,58.0,,,48.0,,108.0,447.0,520.0,262.0,
33524000,33524000,2023,Кировская область,Мурашинский,Муниципальный округ,54618.2,2891.0,344.0,,772.0,48.0,,115.0,273.0,262.0,192.0,
33526000,33526000,2023,Кировская область,Немский,Муниципальный округ,42903.2,1534.0,759.0,,,35.0,,46.0,204.0,226.0,109.0,
33529000,33529000,2023,Кировская область,Опаринский,Муниципальный округ,39868.8,1196.0,182.0,,,33.0,,23.0,257.0,315.0,195.0,
33531000,33531000,2023,Кировская область,Пижанский,Муниципальный округ,39568.8,1713.0,558.0,,120.0,85.0,,50.0,237.0,315.0,162.0,
33533000,33533000,2023,Кировская область,Санчурский,Муниципальный округ,34227.0,1249.0,,,,78.0,,92.0,247.0,312.0,204.0,
33534000,33534000,2023,Кировская область,Свечинский,Муниципальный округ,37609.1,844.0,,,,35.0,,44.0,195.0,234.0,142.0,
33540000,33540000,2023,Кировская область,Унинский,Муниципальный округ,37662.5,1129.0,36.0,,44.0,42.0,,39.0,216.0,333.0,230.0,
33543000,33543000,2023,Кировская область,Фаленский,Муниципальный округ,38699.8,1281.0,129.0,,73.0,50.0,,60.0,284.0,280.0,184.0,
33605000,33605000,2023,Кировская область,Белохолуницкий муниципальный район,Муниципальный район,37998.9,2445.0,61.0,,,78.0,,129.0,359.0,628.0,495.0,
33608000,33608000,2023,Кировская область,Верхошижемский муниципальный район,Муниципальный район,41425.2,1134.0,210.0,,,28.0,,52.0,235.0,268.0,199.0,
33610000,33610000,2023,Кировская область,Вятскополянский муниципальный район,Муниципальный район,36269.1,2429.0,,,,141.0,,116.0,129.0,868.0,234.0,
33612000,33612000,2023,Кировская область,Даровской муниципальный район,Муниципальный район,37379.5,1565.0,126.0,,181.0,42.0,,198.0,283.0,338.0,187.0,
33614000,33614000,2023,Кировская область,Зуевский муниципальный район,Муниципальный район,44463.1,3722.0,813.0,,329.0,217.0,,151.0,459.0,557.0,419.0,
33617000,33617000,2023,Кировская область,Кильмезский муниципальный район,Муниципальный район,35515.5,1338.0,,,8.0,62.0,,61.0,318.0,446.0,197.0,
33618000,33618000,2023,Кировская область,Кирово-Чепецкий муниципальный район,Муниципальный район,45571.5,3179.0,686.0,,319.0,92.0,,62.0,138.0,723.0,856.0,
33619000,33619000,2023,Кировская область,Котельничский муниципальный район,Муниципальный район,38664.8,1312.0,,,121.0,43.0,,59.0,88.0,351.0,,
33620000,33620000,2023,Кировская область,Куменский муниципальный район,Муниципальный район,48371.8,4157.0,1517.0,,255.0,146.0,29.0,130.0,396.0,585.0,796.0,
33623000,33623000,2023,Кировская область,Малмыжский муниципальный район,Муниципальный район,38327.0,3312.0,496.0,,,108.0,,92.0,492.0,830.0,636.0,
33625000,33625000,2023,Кировская область,Нагорский муниципальный район,Муниципальный район,38612.5,1021.0,36.0,,,36.0,,47.0,298.0,298.0,169.0,
33627000,33627000,2023,Кировская область,Нолинский муниципальный район,Муниципальный район,36952.4,2652.0,154.0,,133.0,120.0,,143.0,525.0,746.0,397.0,
33628000,33628000,2023,Кировская область,Омутнинский муниципальный район,Муниципальный район,45423.3,9802.0,28.0,,4323.0,342.0,148.0,293.0,1639.0,1408.0,907.0,
33630000,33630000,2023,Кировская область,Оричевский муниципальный район,Муниципальный район,41998.7,4839.0,687.0,,762.0,176.0,146.0,207.0,585.0,942.0,720.0,
33632000,33632000,2023,Кировская область,Подосиновский муниципальный район,Муниципальный район,41294.8,2172.0,,,524.0,71.0,,43.0,304.0,400.0,465.0,
33635000,33635000,2023,Кировская область,Слободской муниципальный район,Муниципальный район,43945.2,3824.0,339.0,,994.0,102.0,20.0,221.0,196.0,980.0,572.0,
33636000,33636000,2023,Кировская область,Советский муниципальный район,Муниципальный район,39694.1,5101.0,1010.0,,830.0,188.0,43.0,217.0,584.0,982.0,713.0,
33637000,33637000,2023,Кировская область,Сунский муниципальный район,Муниципальный район,43673.9,1268.0,572.0,,9.0,35.0,,39.0,216.0,158.0,114.0,
33638000,33638000,2023,Кировская область,Тужинский муниципальный район,Муниципальный район,34531.6,893.0,,,,63.0,,114.0,216.0,166.0,211.0,
33641000,33641000,2023,Кировская область,Уржумский муниципальный район,Муниципальный район,39628.4,4046.0,638.0,,250.0,178.0,13.0,181.0,659.0,803.0,714.0,
33645000,33645000,2023,Кировская область,Орловский муниципальный район,Муниципальный район,40906.8,2064.0,499.0,,84.0,50.0,,115.0,267.0,619.0,217.0,
33647000,33647000,2023,Кировская область,Шабалинский муниципальный район,Муниципальный район,37885.4,1132.0,,,,43.0,,70.0,297.0,281.0,160.0,
33649000,33649000,2023,Кировская область,Юрьянский муниципальный район,Муниципальный район,49649.2,3539.0,151.0,,451.0,76.0,35.0,502.0,488.0,565.0,710.0,
33650000,33650000,2023,Кировская область,Яранский муниципальный район,Муниципальный район,38166.3,3274.0,213.0,,33.0,331.0,,191.0,580.0,698.0,559.0,
33701000,33701000,2023,Кировская область,Город Киров,"Городской округ, городской округ с внутригородским делением",59430.6,133995.0,1281.0,56.0,37059.0,5672.0,1208.0,11361.0,14343.0,18437.0,16897.0,
33704000,33704000,2023,Кировская область,Город Вятские Поляны,"Городской округ, городской округ с внутригородским делением",44959.4,7531.0,18.0,,3047.0,459.0,,348.0,770.0,1101.0,755.0,
33707000,33707000,2023,Кировская область,Город Кирово-Чепецк,"Городской округ, городской округ с внутригородским делением",56079.2,18886.0,7.0,,8495.0,814.0,301.0,1131.0,2257.0,2058.0,1828.0,
33710000,33710000,2023,Кировская область,Город Котельнич,"Городской округ, городской округ с внутригородским делением",40889.9,4956.0,26.0,,764.0,386.0,90.0,294.0,878.0,728.0,771.0,
33713000,33713000,2023,Кировская область,Город Слободской,"Городской округ, городской округ с внутригородским делением",45984.0,7638.0,,,2245.0,478.0,,462.0,948.0,1167.0,885.0,
33787000,33787000,2023,Кировская область,ЗАТО Первомайский,"Городской округ, городской округ с внутригородским делением",37364.9,1043.0,,,,,,22.0,414.0,215.0,,
34512000,34512000,2023,Костромская область,Кологривский муниципальный округ,Муниципальный округ,33152.7,797.0,,,,,,21.0,205.0,164.0,200.0,
34522000,34522000,2023,Костромская область,Межевской муниципальный округ,Муниципальный округ,36495.1,470.0,,,,29.0,,15.0,117.0,116.0,77.0,
34524000,34524000,2023,Костромская область,Нейский муниципальный округ,Муниципальный округ,41381.0,1925.0,142.0,,,142.0,,81.0,619.0,360.0,269.0,
34534000,34534000,2023,Костромская область,Парфеньевский муниципальный округ,Муниципальный округ,35769.7,670.0,,,,26.0,,8.0,146.0,246.0,101.0,
34536000,34536000,2023,Костромская область,Поназыревский муниципальный округ,Муниципальный округ,37363.5,788.0,,,,54.0,,20.0,256.0,164.0,,
34538000,34538000,2023,Костромская область,Пыщугский муниципальный округ,Муниципальный округ,35698.0,580.0,,,,48.0,,24.0,139.0,134.0,,
34602000,34502000,2023,Костромская область,Антроповский муниципальный район,Муниципальный район,37218.7,826.0,,,,60.0,,26.0,163.0,180.0,123.0,
34604000,34604000,2023,Костромская область,Буйский муниципальный район,Муниципальный район,35140.3,747.0,,,,,,,35.0,233.0,,
34606000,34606000,2023,Костромская область,Вохомский муниципальный район,Муниципальный район,35801.9,1450.0,18.0,,9.0,141.0,,52.0,231.0,308.0,201.0,
34608000,34608000,2023,Костромская область,Галичский муниципальный район,Муниципальный район,50763.1,1045.0,,,,,,,35.0,252.0,,
34610000,34510000,2023,Костромская область,Кадыйский муниципальный район,Муниципальный район,35046.8,945.0,,,,,,50.0,209.0,241.0,219.0,
34614000,34614000,2023,Костромская область,Костромской муниципальный район,Муниципальный район,42303.6,5810.0,330.0,,619.0,,,567.0,444.0,1643.0,1119.0,
34616000,34616000,2023,Костромская область,Красносельский муниципальный район,Муниципальный район,64271.8,4249.0,,,2174.0,149.0,,272.0,419.0,575.0,207.0,
34618000,34518000,2023,Костромская область,Макарьевский муниципальный район,Муниципальный район,34250.4,1383.0,,,3.0,,,43.0,327.0,382.0,254.0,
34626000,34626000,2023,Костромская область,Муниципальный район город Нерехта и Нерехтский район,Муниципальный район,44505.2,4924.0,4.0,,1655.0,270.0,117.0,258.0,462.0,790.0,735.0,
34628000,34528000,2023,Костромская область,Октябрьский муниципальный район,Муниципальный район,35094.0,464.0,,,,39.0,,,120.0,142.0,,
34630000,34530000,2023,Костромская область,Островский муниципальный район,Муниципальный район,37307.8,1529.0,,,,111.0,,50.0,389.0,356.0,322.0,
34632000,34532000,2023,Костромская область,Павинский муниципальный район,Муниципальный район,34064.1,497.0,,,,51.0,,,127.0,136.0,77.0,
34640000,34540000,2023,Костромская область,Солигаличский муниципальный район,Муниципальный район,41554.7,1454.0,,,,63.0,17.0,41.0,214.0,317.0,195.0,
34642000,34642000,2023,Костромская область,Судиславский муниципальный район,Муниципальный район,45955.7,2134.0,37.0,,568.0,91.0,36.0,75.0,295.0,376.0,433.0,
34644000,34644000,2023,Костромская область,Сусанинский муниципальный район,Муниципальный район,39964.1,1389.0,5.0,,,76.0,23.0,14.0,146.0,208.0,294.0,
34646000,34646000,2023,Костромская область,Чухломский муниципальный район,Муниципальный район,33380.7,1168.0,,,,102.0,,55.0,247.0,386.0,132.0,
34648000,34648000,2023,Костромская область,Шарьинский муниципальный район,Муниципальный район,39399.7,679.0,,,,39.0,,,45.0,252.0,,
34701000,34701000,2023,Костромская область,Город Кострома,"Городской округ, городской округ с внутригородским делением",55348.3,64152.0,460.0,,11591.0,3225.0,910.0,4897.0,10079.0,9357.0,8207.0,
34705000,34705000,2023,Костромская область,Город Буй,"Городской округ, городской округ с внутригородским делением",51687.6,6948.0,140.0,,1450.0,422.0,142.0,193.0,691.0,793.0,580.0,
34706000,34706000,2023,Костромская область,Город Волгореченск,"Городской округ, городской округ с внутригородским делением",58862.5,5400.0,,,2651.0,850.0,,122.0,268.0,474.0,,
34708000,34708000,2023,Костромская область,Город Галич,"Городской округ, городской округ с внутригородским делением",46317.2,4661.0,19.0,,1723.0,261.0,,187.0,575.0,569.0,498.0,
34714000,34520000,2023,Костромская область,Город Мантурово,"Городской округ, городской округ с внутригородским делением",44323.5,3336.0,,,502.0,210.0,,126.0,431.0,577.0,405.0,
34730000,34730000,2023,Костромская область,Город Шарья,"Городской округ, городской округ с внутригородским делением",45564.2,6277.0,90.0,,1034.0,471.0,,352.0,831.0,1270.0,1003.0,
35604000,35604000,2023,Республика Крым,Бахчисарайский муниципальный район,Муниципальный район,42943.5,10383.0,1353.0,,1017.0,,542.0,258.0,966.0,2948.0,1701.0,
35607000,35607000,2023,Республика Крым,Белогорский муниципальный район,Муниципальный район,37543.5,6244.0,,,,257.0,,991.0,640.0,1830.0,1118.0,
35611000,35611000,2023,Республика Крым,Джанкойский муниципальный район,Муниципальный район,32273.5,4192.0,,,,,,208.0,336.0,2075.0,57.0,
35616000,35616000,2023,Республика Крым,Кировский муниципальный район,Муниципальный район,40552.9,4159.0,664.0,,,,,184.0,570.0,1354.0,796.0,
35620000,35620000,2023,Республика Крым,Красногвардейский муниципальный район,Муниципальный район,39888.4,10331.0,1967.0,,1076.0,395.0,271.0,788.0,785.0,2106.0,1472.0,
35623000,35623000,2023,Республика Крым,Красноперекопский муниципальный район,Муниципальный район,33655.9,1454.0,257.0,,,,,29.0,40.0,786.0,,
35627000,35627000,2023,Республика Крым,Ленинский муниципальный район,Муниципальный район,40997.3,5500.0,286.0,,,325.0,331.0,226.0,775.0,1596.0,766.0,
35631000,35631000,2023,Республика Крым,Нижнегорский муниципальный район,Муниципальный район,38465.8,4333.0,585.0,,121.0,,,168.0,634.0,1343.0,674.0,
35635000,35635000,2023,Республика Крым,Первомайский муниципальный район,Муниципальный район,38190.8,2920.0,637.0,,,,,46.0,486.0,897.0,412.0,
35639000,35639000,2023,Республика Крым,Раздольненский муниципальный район,Муниципальный район,38371.9,3118.0,353.0,,,,172.0,74.0,526.0,926.0,476.0,
35643000,35643000,2023,Республика Крым,Сакский муниципальный район,Муниципальный район,40904.6,4058.0,92.0,98.0,,,311.0,222.0,144.0,2041.0,,
35647000,35647000,2023,Республика Крым,Симферопольский муниципальный район,Муниципальный район,42951.0,13988.0,565.0,,721.0,651.0,1279.0,572.0,714.0,4660.0,2435.0,
35652000,35652000,2023,Республика Крым,Советский муниципальный район,Муниципальный район,38138.5,2735.0,,,,,,91.0,494.0,1111.0,480.0,
35656000,35656000,2023,Республика Крым,Черноморский муниципальный район,Муниципальный район,45130.5,4806.0,,320.0,,,,1671.0,473.0,1043.0,439.0,
35701000,35701000,2023,Республика Крым,Симферополь,"Городской округ, городской округ с внутригородским делением",59612.2,112564.0,778.0,95.0,5130.0,4876.0,878.0,11571.0,16670.0,18384.0,15407.0,
35703000,35703000,2023,Республика Крым,Алушта,"Городской округ, городской округ с внутригородским делением",43585.7,8633.0,,,,,,493.0,594.0,1312.0,2786.0,
35706000,35706000,2023,Республика Крым,Армянск,"Городской округ, городской округ с внутригородским делением",46647.6,4959.0,,,,,,162.0,334.0,726.0,313.0,
35709000,35709000,2023,Республика Крым,Джанкой,"Городской округ, городской округ с внутригородским делением",48326.5,9691.0,,,1926.0,726.0,223.0,480.0,818.0,1026.0,1741.0,
35712000,35712000,2023,Республика Крым,Евпатория,"Городской округ, городской округ с внутригородским делением",40539.5,18990.0,87.0,,769.0,1214.0,,1173.0,2603.0,3420.0,6065.0,
35715000,35715000,2023,Республика Крым,Керчь,"Городской округ, городской округ с внутригородским делением",48878.9,21965.0,,,4610.0,,,975.0,1915.0,3648.0,3163.0,
35718000,35718000,2023,Республика Крым,Красноперекопск,"Городской округ, городской округ с внутригородским делением",45730.1,7805.0,,,3238.0,,,220.0,962.0,596.0,807.0,
35721000,35721000,2023,Республика Крым,Саки,"Городской округ, городской округ с внутригородским делением",42737.1,7527.0,,,449.0,,438.0,353.0,804.0,750.0,3158.0,
35723000,35723000,2023,Республика Крым,Судак,"Городской округ, городской округ с внутригородским делением",44549.3,4967.0,,,315.0,,,299.0,520.0,852.0,815.0,
35726000,35726000,2023,Республика Крым,Феодосия,"Городской округ, городской округ с внутригородским делением",42433.1,18174.0,,,1544.0,887.0,,3030.0,3250.0,2466.0,2349.0,
35729000,35729000,2023,Республика Крым,Ялта,"Городской округ, городской округ с внутригородским делением",54890.6,30515.0,,,1166.0,,,1376.0,2373.0,5758.0,8719.0,
36602000,36602000,2023,Самарская область,Алексеевский муниципальный район,Муниципальный район,42225.0,1436.0,,,,116.0,,58.0,180.0,296.0,385.0,
36604000,36604000,2023,Самарская область,Безенчукский муниципальный район,Муниципальный район,49182.6,7437.0,720.0,,1274.0,246.0,185.0,370.0,474.0,1040.0,954.0,
36606000,36606000,2023,Самарская область,Богатовский муниципальный район,Муниципальный район,44399.6,2297.0,,,,55.0,,94.0,244.0,455.0,380.0,
36608000,36608000,2023,Самарская область,Большеглушицкий муниципальный район,Муниципальный район,44128.0,2668.0,342.0,,,122.0,,119.0,308.0,538.0,489.0,
36610000,36610000,2023,Самарская область,Большечерниговский муниципальный район,Муниципальный район,44991.3,2888.0,,156.0,229.0,91.0,85.0,374.0,288.0,557.0,388.0,
36612000,36612000,2023,Самарская область,Борский муниципальный район,Муниципальный район,40190.3,2459.0,,,,150.0,39.0,108.0,464.0,661.0,511.0,
36614000,36614000,2023,Самарская область,Волжский муниципальный район,Муниципальный район,62623.7,23033.0,101.0,,5841.0,,277.0,3268.0,1611.0,3445.0,1207.0,
36615000,36615000,2023,Самарская область,Елховский муниципальный район,Муниципальный район,42812.7,1128.0,,82.0,,,,38.0,319.0,220.0,277.0,
36616000,36616000,2023,Самарская область,Исаклинский муниципальный район,Муниципальный район,37799.6,1660.0,,,,86.0,,57.0,237.0,392.0,423.0,
36617000,36617000,2023,Самарская область,Камышлинский муниципальный район,Муниципальный район,44155.6,1311.0,,,,80.0,,32.0,172.0,374.0,308.0,
36618000,36618000,2023,Самарская область,Кинельский муниципальный район,Муниципальный район,57438.8,3648.0,287.0,318.0,969.0,305.0,13.0,64.0,95.0,885.0,,
36620000,36620000,2023,Самарская область,Кинель-Черкасский муниципальный район,Муниципальный район,47965.1,6303.0,927.0,81.0,,260.0,,221.0,616.0,1293.0,1054.0,
36622000,36622000,2023,Самарская область,Клявлинский муниципальный район,Муниципальный район,44425.0,2086.0,220.0,,,137.0,,52.0,300.0,392.0,463.0,
36624000,36624000,2023,Самарская область,Кошкинский муниципальный район,Муниципальный район,44997.1,3293.0,264.0,417.0,375.0,163.0,76.0,111.0,294.0,600.0,510.0,
36626000,36626000,2023,Самарская область,Красноармейский муниципальный район,Муниципальный район,46489.5,2455.0,271.0,,,122.0,,50.0,266.0,514.0,484.0,
36628000,36628000,2023,Самарская область,Красноярский муниципальный район,Муниципальный район,55120.9,9165.0,261.0,220.0,709.0,401.0,208.0,1641.0,1106.0,1363.0,1179.0,
36630000,36630000,2023,Самарская область,Нефтегорский муниципальный район,Муниципальный район,45902.8,6517.0,128.0,933.0,1249.0,296.0,161.0,201.0,590.0,794.0,699.0,
36632000,36632000,2023,Самарская область,Пестравский муниципальный район,Муниципальный район,49520.2,2494.0,,129.0,,114.0,,57.0,280.0,433.0,625.0,
36634000,36634000,2023,Самарская область,Похвистневский муниципальный район,Муниципальный район,40462.9,2073.0,,65.0,,,,27.0,117.0,751.0,269.0,
36636000,36636000,2023,Самарская область,Приволжский муниципальный район,Муниципальный район,41899.9,3106.0,529.0,,,154.0,132.0,137.0,356.0,680.0,801.0,
36638000,36638000,2023,Самарская область,Сергиевский муниципальный район,Муниципальный район,58162.0,9750.0,485.0,2888.0,87.0,394.0,248.0,294.0,711.0,1217.0,1817.0,
36640000,36640000,2023,Самарская область,Ставропольский муниципальный район,Муниципальный район,58785.2,10329.0,783.0,,1301.0,289.0,40.0,2152.0,376.0,1605.0,926.0,
36642000,36642000,2023,Самарская область,Сызранский муниципальный район,Муниципальный район,47508.4,3216.0,464.0,,,7.0,,77.0,361.0,619.0,479.0,
36644000,36644000,2023,Самарская область,Хворостянский муниципальный район,Муниципальный район,44332.4,2141.0,204.0,,,70.0,41.0,40.0,291.0,470.0,483.0,
36646000,36646000,2023,Самарская область,Челно-Вершинский муниципальный район,Муниципальный район,40471.9,2008.0,,,,111.0,29.0,58.0,297.0,416.0,403.0,
36648000,36648000,2023,Самарская область,Шенталинский муниципальный район,Муниципальный район,41690.0,2011.0,61.0,,,114.0,24.0,55.0,286.0,442.0,471.0,
36650000,36650000,2023,Самарская область,Шигонский муниципальный район,Муниципальный район,52768.8,3398.0,123.0,,,80.0,,97.0,338.0,518.0,950.0,
36701000,36701000,2023,Самарская область,Самара,"Городской округ, городской округ с внутригородским делением",69148.7,329396.0,1031.0,6468.0,63365.0,11398.0,3700.0,30346.0,30559.0,36233.0,36787.0,
36704000,36704000,2023,Самарская область,Жигулевск,"Городской округ, городской округ с внутригородским делением",51977.0,10943.0,,,3556.0,1565.0,,465.0,689.0,1472.0,1209.0,
36708000,36708000,2023,Самарская область,Кинель,"Городской округ, городской округ с внутригородским делением",51658.9,10869.0,88.0,,508.0,,,1086.0,828.0,1690.0,1164.0,
36713000,36713000,2023,Самарская область,Новокуйбышевск,"Городской округ, городской округ с внутригородским делением",59934.7,27739.0,,,9300.0,976.0,,1118.0,1390.0,2540.0,2448.0,
36718000,36718000,2023,Самарская область,Октябрьск,"Городской округ, городской округ с внутригородским делением",54241.1,4341.0,,,,109.0,,103.0,270.0,576.0,451.0,
36724000,36724000,2023,Самарская область,Отрадный,"Городской округ, городской округ с внутригородским делением",64203.6,12968.0,,4520.0,2416.0,525.0,242.0,414.0,626.0,1269.0,958.0,
36727000,36727000,2023,Самарская область,Похвистнево,"Городской округ, городской округ с внутригородским делением",47933.0,5466.0,106.0,451.0,91.0,314.0,99.0,293.0,652.0,832.0,1149.0,
36735000,36735000,2023,Самарская область,Сызрань,"Городской округ, городской округ с внутригородским делением",54529.4,39500.0,,,13130.0,1556.0,,2143.0,3444.0,5213.0,5123.0,
36740000,36740000,2023,Самарская область,Тольятти,"Городской округ, городской округ с внутригородским делением",62133.1,145672.0,,,62491.0,3145.0,,13567.0,8401.0,16934.0,14762.0,
36750000,36750000,2023,Самарская область,Чапаевск,"Городской округ, городской округ с внутригородским делением",50026.6,13403.0,,,4726.0,1109.0,203.0,662.0,1071.0,1696.0,1676.0,
37502000,37502000,2023,Курганская область,Альменевский муниципальный округ,Муниципальный округ,35249.4,988.0,,,,67.0,,22.0,180.0,345.0,185.0,
37504000,37504000,2023,Курганская область,Белозерский муниципальный округ,Муниципальный округ,37578.6,1729.0,,,,135.0,,59.0,356.0,412.0,273.0,
37509000,37509000,2023,Курганская область,Звериноголовский муниципальный округ,Муниципальный округ,33807.4,1051.0,,,,54.0,,52.0,181.0,309.0,255.0,
37510000,37510000,2023,Курганская область,Каргапольский муниципальный округ,Муниципальный округ,41304.0,3371.0,70.0,,359.0,111.0,,161.0,432.0,1060.0,578.0,
37514000,37514000,2023,Курганская область,Кетовский муниципальный округ,Муниципальный округ,39448.0,6709.0,542.0,,1087.0,102.0,,217.0,992.0,1898.0,935.0,
37516000,37516000,2023,Курганская область,Куртамышский муниципальный округ,Муниципальный округ,38512.8,3778.0,534.0,,16.0,232.0,,178.0,539.0,1037.0,693.0,
37518000,37518000,2023,Курганская область,Лебяжьевский муниципальный округ,Муниципальный округ,38072.7,1540.0,9.0,,,146.0,13.0,75.0,277.0,490.0,237.0,
37520000,37520000,2023,Курганская область,Макушинский муниципальный округ,Муниципальный округ,43644.1,2402.0,,,,175.0,,99.0,378.0,629.0,296.0,
37522000,37522000,2023,Курганская область,Мишкинский муниципальный округ,Муниципальный округ,39381.4,2350.0,218.0,,,140.0,,87.0,290.0,552.0,462.0,
37524000,37524000,2023,Курганская область,Мокроусовский муниципальный округ,Муниципальный округ,35697.1,1285.0,10.0,,,115.0,,39.0,203.0,398.0,218.0,
37526000,37526000,2023,Курганская область,Петуховский муниципальный округ,Муниципальный округ,39253.0,2199.0,,,,134.0,,159.0,465.0,500.0,411.0,
37528000,37528000,2023,Курганская область,Половинский муниципальный округ,Муниципальный округ,35896.8,1311.0,,,,64.0,,52.0,201.0,377.0,284.0,
37532000,37532000,2023,Курганская область,Сафакулевский муниципальный округ,Муниципальный округ,33796.7,1486.0,262.0,,,72.0,,40.0,246.0,353.0,258.0,
37534000,37534000,2023,Курганская область,Целинный муниципальный округ,Муниципальный округ,34903.4,1608.0,136.0,,,149.0,,53.0,280.0,506.0,259.0,
37536000,37536000,2023,Курганская область,Частоозерский муниципальный округ,Муниципальный округ,36129.4,661.0,,,,64.0,,12.0,137.0,187.0,110.0,
37538000,37538000,2023,Курганская область,Шадринский муниципальный округ,Муниципальный округ,36537.8,2312.0,350.0,,,75.0,,,233.0,682.0,,
37540000,37540000,2023,Курганская область,Шатровский муниципальный округ,Муниципальный округ,35430.6,1985.0,81.0,,,146.0,,69.0,305.0,382.0,254.0,
37542000,37542000,2023,Курганская область,Шумихинский муниципальный округ,Муниципальный округ,44076.2,3509.0,,,181.0,324.0,,192.0,526.0,664.0,468.0,
37544000,37544000,2023,Курганская область,Щучанский муниципальный округ,Муниципальный округ,43147.6,3739.0,224.0,,488.0,141.0,,115.0,768.0,848.0,457.0,
37546000,37546000,2023,Курганская область,Юргамышский муниципальный округ,Муниципальный округ,49800.6,3573.0,206.0,,336.0,86.0,,108.0,621.0,723.0,416.0,
37606000,37506000,2023,Курганская область,Варгашинский муниципальный район,Муниципальный район,45596.3,2739.0,42.0,,302.0,156.0,,116.0,384.0,579.0,282.0,
37608000,37508000,2023,Курганская область,Далматовский муниципальный район,Муниципальный район,48041.3,4906.0,,,516.0,211.0,54.0,189.0,528.0,936.0,737.0,
37612000,37512000,2023,Курганская область,Катайский муниципальный район,Муниципальный район,41386.8,3320.0,82.0,,754.0,110.0,54.0,162.0,433.0,768.0,481.0,
37630000,37530000,2023,Курганская область,Притобольный муниципальный район,Муниципальный район,39295.2,1343.0,93.0,,,110.0,,52.0,264.0,421.0,188.0,
37701000,37701000,2023,Курганская область,Город Курган,"Городской округ, городской округ с внутригородским делением",60705.4,92108.0,395.0,,29637.0,3606.0,1145.0,6296.0,11359.0,10568.0,11674.0,
37705000,37705000,2023,Курганская область,Город Шадринск,"Городской округ, городской округ с внутригородским делением",52654.7,16864.0,69.0,,5649.0,978.0,193.0,908.0,1324.0,2872.0,2547.0,
38602000,38602000,2023,Курская область,Беловский муниципальный район,Муниципальный район,44000.1,3022.0,914.0,,337.0,,,67.0,268.0,662.0,475.0,
38603000,38603000,2023,Курская область,Большесолдатский муниципальный район,Муниципальный район,47836.6,2186.0,700.0,,264.0,54.0,,,215.0,473.0,263.0,
38604000,38604000,2023,Курская область,Глушковский муниципальный район,Муниципальный район,39233.0,3660.0,850.0,,470.0,80.0,27.0,94.0,385.0,1015.0,490.0,
38606000,38606000,2023,Курская область,Горшеченский муниципальный район,Муниципальный район,48874.6,4430.0,1210.0,,1441.0,63.0,,104.0,289.0,547.0,261.0,
38608000,38608000,2023,Курская область,Дмитриевский муниципальный район,Муниципальный район,46750.2,2439.0,909.0,,,45.0,40.0,65.0,293.0,604.0,179.0,
38610000,38610000,2023,Курская область,Железногорский муниципальный район,Муниципальный район,51740.4,3197.0,1336.0,,475.0,57.0,,207.0,97.0,543.0,190.0,
38612000,38612000,2023,Курская область,Золотухинский муниципальный район,Муниципальный район,45492.8,3137.0,519.0,,608.0,61.0,25.0,104.0,325.0,730.0,287.0,
38614000,38614000,2023,Курская область,Касторенский муниципальный район,Муниципальный район,52252.4,3944.0,595.0,,1382.0,100.0,42.0,75.0,327.0,605.0,238.0,
38616000,38616000,2023,Курская область,Конышевский муниципальный район,Муниципальный район,50028.8,2286.0,,,,28.0,,32.0,211.0,271.0,151.0,
38618000,38618000,2023,Курская область,Кореневский муниципальный район,Муниципальный район,46531.9,3079.0,740.0,,,50.0,16.0,77.0,244.0,711.0,304.0,
38620000,38620000,2023,Курская область,Курский муниципальный район,Муниципальный район,50314.6,10779.0,2349.0,,560.0,53.0,229.0,1015.0,693.0,1514.0,2759.0,
38621000,38621000,2023,Курская область,Курчатовский муниципальный район,Муниципальный район,47434.5,1915.0,195.0,,,35.0,48.0,84.0,206.0,592.0,,
38622000,38622000,2023,Курская область,Льговский муниципальный район,Муниципальный район,38384.8,814.0,203.0,,,,,,34.0,448.0,,
38623000,38623000,2023,Курская область,Мантуровский муниципальный район,Муниципальный район,55850.6,2228.0,681.0,,,46.0,,29.0,308.0,510.0,193.0,
38624000,38624000,2023,Курская область,Медвенский муниципальный район,Муниципальный район,59054.0,3478.0,804.0,,302.0,66.0,,60.0,255.0,722.0,230.0,
38626000,38626000,2023,Курская область,Обоянский муниципальный район,Муниципальный район,43627.0,4132.0,885.0,,,96.0,41.0,199.0,396.0,1178.0,487.0,
38628000,38628000,2023,Курская область,Октябрьский муниципальный район,Муниципальный район,55589.9,5766.0,,,,41.0,,112.0,317.0,707.0,292.0,
38630000,38630000,2023,Курская область,Поныровский муниципальный район,Муниципальный район,40530.7,1577.0,171.0,,,40.0,,54.0,245.0,428.0,278.0,
38632000,38632000,2023,Курская область,Пристенский муниципальный район,Муниципальный район,50812.2,3137.0,1108.0,,,65.0,,64.0,298.0,542.0,237.0,
38634000,38634000,2023,Курская область,Рыльский муниципальный район,Муниципальный район,42265.9,5234.0,701.0,,633.0,134.0,118.0,210.0,578.0,1570.0,552.0,
38636000,38636000,2023,Курская область,Советский муниципальный район,Муниципальный район,48003.1,3441.0,567.0,,,119.0,30.0,71.0,267.0,702.0,332.0,
38638000,38638000,2023,Курская область,Солнцевский муниципальный район,Муниципальный район,43261.0,1901.0,340.0,,,50.0,,34.0,277.0,562.0,325.0,
38640000,38640000,2023,Курская область,Суджанский муниципальный район,Муниципальный район,48421.9,5346.0,947.0,,558.0,196.0,81.0,117.0,689.0,1103.0,600.0,
38642000,38642000,2023,Курская область,Тимский муниципальный район,Муниципальный район,40096.6,1413.0,86.0,,,46.0,22.0,47.0,219.0,435.0,238.0,
38644000,38644000,2023,Курская область,Фатежский муниципальный район,Муниципальный район,47443.1,3476.0,1162.0,,,50.0,35.0,107.0,360.0,828.0,318.0,
38646000,38646000,2023,Курская область,Хомутовский муниципальный район,Муниципальный район,42300.2,1523.0,396.0,,,62.0,29.0,33.0,203.0,436.0,156.0,
38648000,38648000,2023,Курская область,Черемисиновский муниципальный район,Муниципальный район,43770.3,1658.0,250.0,,,42.0,22.0,104.0,208.0,326.0,297.0,
38650000,38650000,2023,Курская область,Щигровский муниципальный район,Муниципальный район,50410.5,1411.0,508.0,,,,,33.0,48.0,522.0,165.0,
38701000,38701000,2023,Курская область,Город Курск,"Городской округ, городской округ с внутригородским делением",55159.0,109524.0,398.0,,22087.0,5530.0,1255.0,11587.0,14206.0,18029.0,14279.0,
38705000,38705000,2023,Курская область,Город Железногорск,"Городской округ, городской округ с внутригородским делением",57442.6,29149.0,41.0,,7411.0,703.0,407.0,1408.0,1226.0,3372.0,1821.0,
38708000,38708000,2023,Курская область,Город Курчатов,"Городской округ, городской округ с внутригородским делением",86659.9,28444.0,,,1018.0,6432.0,320.0,573.0,757.0,1129.0,1143.0,
38710000,38710000,2023,Курская область,Город Льгов,"Городской округ, городской округ с внутригородским делением",41923.5,3599.0,200.0,,187.0,98.0,30.0,185.0,704.0,779.0,519.0,
38715000,38715000,2023,Курская область,Город Щигры,"Городской округ, городской округ с внутригородским делением",41079.2,3548.0,,,930.0,129.0,68.0,216.0,502.0,481.0,595.0,
40300000,CD,2023,Санкт-Петербург,Внутригородские муниципальные образования города федерального значения Санкт-Петербурга (см. также 40 900 000),Внутригородская территория города федерального значения,133104.4,,,,,,,,,,,
40301000,40301000,2023,Санкт-Петербург,Муниципальный округ Коломна,Внутригородская территория города федерального значения,96012.4,18116.0,,,8127.0,,,143.0,1404.0,3616.0,1242.0,
40302000,40302000,2023,Санкт-Петербург,Муниципальный округ Сенной округ,Внутригородская территория города федерального значения,124518.4,15081.0,,,1648.0,,,1588.0,768.0,2213.0,839.0,
40303000,40303000,2023,Санкт-Петербург,Муниципальный округ Адмиралтейский округ,Внутригородская территория города федерального значения,143223.4,44461.0,,202.0,1416.0,,,2460.0,9016.0,2357.0,1123.0,
40304000,40304000,2023,Санкт-Петербург,Муниципальный округ Семеновский,Внутригородская территория города федерального значения,108807.3,34172.0,,,2296.0,,,975.0,857.0,1229.0,1811.0,
40305000,40305000,2023,Санкт-Петербург,Муниципальный округ Измайловское,Внутригородская территория города федерального значения,90000.5,20888.0,,,2133.0,282.0,,6487.0,980.0,3845.0,340.0,
40306000,40306000,2023,Санкт-Петербург,Муниципальный округ Екатерингофский,Внутригородская территория города федерального значения,107140.2,18736.0,138.0,,3460.0,,,2991.0,548.0,1146.0,2549.0,
40307000,40307000,2023,Санкт-Петербург,Муниципальный округ № 7,Внутригородская территория города федерального значения,117201.5,45221.0,,,7509.0,,,1932.0,1484.0,11898.0,3876.0,
40308000,40308000,2023,Санкт-Петербург,Муниципальный округ Васильевский,Внутригородская территория города федерального значения,114321.0,14409.0,,,2413.0,,,1311.0,37.0,1654.0,1389.0,
40309000,40309000,2023,Санкт-Петербург,Муниципальный округ Гавань,Внутригородская территория города федерального значения,156137.4,12901.0,,,2004.0,,,705.0,193.0,1116.0,1166.0,
40310000,40310000,2023,Санкт-Петербург,Муниципальный округ Морской,Внутригородская территория города федерального значения,110451.6,2183.0,,,68.0,,,,24.0,533.0,,
40311000,40311000,2023,Санкт-Петербург,Муниципальный округ Остров Декабристов,Внутригородская территория города федерального значения,128834.7,9466.0,,,1466.0,,,1084.0,693.0,1353.0,659.0,
40312000,40312000,2023,Санкт-Петербург,Поселок Левашово,Внутригородская территория города федерального значения,110715.7,1070.0,,,400.0,,,64.0,118.0,83.0,,
40313000,40313000,2023,Санкт-Петербург,Поселок Парголово,Внутригородская территория города федерального значения,86729.3,8317.0,,,2448.0,,,2356.0,27.0,1606.0,,
40314000,40314000,2023,Санкт-Петербург,Муниципальный округ Сампсониевское,Внутригородская территория города федерального значения,120649.1,45339.0,,,10025.0,470.0,,5173.0,1908.0,4423.0,8713.0,
40315000,40315000,2023,Санкт-Петербург,Муниципальный округ Светлановское,Внутригородская территория города федерального значения,102331.3,34048.0,,,5873.0,881.0,,2645.0,1234.0,2610.0,3437.0,
40316000,40316000,2023,Санкт-Петербург,Муниципальный округ Сосновское,Внутригородская территория города федерального значения,97151.9,7359.0,,,,,,14.0,47.0,1535.0,5117.0,
40317000,40317000,2023,Санкт-Петербург,Муниципальный округ № 15,Внутригородская территория города федерального значения,95064.4,5254.0,,,1096.0,,,1240.0,,1479.0,,
40318000,40318000,2023,Санкт-Петербург,Муниципальный округ Сергиевское,Внутригородская территория города федерального значения,105843.9,11323.0,,,4723.0,,,1636.0,171.0,1662.0,421.0,
40319000,40319000,2023,Санкт-Петербург,Муниципальный округ Шувалово-Озерки,Внутригородская территория города федерального значения,79521.7,7574.0,,,,,,3547.0,23.0,2579.0,962.0,
40320000,40320000,2023,Санкт-Петербург,Поселок Лисий Нос,Внутригородская территория города федерального значения,92611.2,2898.0,,,,,,,,147.0,,
40321000,40321000,2023,Санкт-Петербург,Муниципальный округ Лахта-Ольгино,Внутригородская территория города федерального значения,422447.9,7550.0,,,949.0,,,3924.0,,292.0,240.0,
40322000,40322000,2023,Санкт-Петербург,Муниципальный округ № 65,Внутригородская территория города федерального значения,104618.4,22515.0,,,2053.0,,,8091.0,300.0,3750.0,2022.0,
40323000,40323000,2023,Санкт-Петербург,Муниципальный округ Ланское,Внутригородская территория города федерального значения,138094.9,19826.0,,,1720.0,,,1394.0,976.0,4552.0,1723.0,
40324000,40324000,2023,Санкт-Петербург,Муниципальный округ Комендантский аэродром,Внутригородская территория города федерального значения,102761.1,15732.0,,,491.0,,,3548.0,34.0,1805.0,1307.0,
40325000,40325000,2023,Санкт-Петербург,Муниципальный округ Озеро Долгое,Внутригородская территория города федерального значения,94561.9,20650.0,,,768.0,,,5932.0,1152.0,2095.0,1087.0,
40326000,40326000,2023,Санкт-Петербург,Муниципальный округ Юнтолово,Внутригородская территория города федерального значения,114457.1,11377.0,,,1672.0,,,1264.0,265.0,2358.0,,
40327000,40327000,2023,Санкт-Петербург,Муниципальный округ Коломяги,Внутригородская территория города федерального значения,103794.8,13015.0,,,3591.0,,,349.0,43.0,1960.0,5671.0,
40328000,40328000,2023,Санкт-Петербург,Муниципальный округ Гражданка,Внутригородская территория города федерального значения,116938.8,14830.0,,,6762.0,,,2990.0,,1525.0,,
40329000,40329000,2023,Санкт-Петербург,Муниципальный округ Академическое,Внутригородская территория города федерального значения,104739.1,16274.0,,,974.0,,,56.0,306.0,7160.0,4133.0,
40330000,40330000,2023,Санкт-Петербург,Муниципальный округ Финляндский округ,Внутригородская территория города федерального значения,119120.1,47415.0,201.0,,13401.0,1062.0,,3767.0,2634.0,2416.0,3581.0,
40331000,40331000,2023,Санкт-Петербург,Муниципальный округ № 21,Внутригородская территория города федерального значения,84824.0,5381.0,,,401.0,,,403.0,56.0,1348.0,848.0,
40332000,40332000,2023,Санкт-Петербург,Муниципальный округ Пискаревка,Внутригородская территория города федерального значения,91451.8,8462.0,,,1158.0,,,1526.0,158.0,2419.0,1295.0,
40333000,40333000,2023,Санкт-Петербург,Муниципальный округ Северный,Внутригородская территория города федерального значения,72291.8,3140.0,,,,,,541.0,,1264.0,,
40334000,40334000,2023,Санкт-Петербург,Муниципальный округ Прометей,Внутригородская территория города федерального значения,68345.2,4848.0,,,,,,239.0,41.0,1848.0,,
40335000,40335000,2023,Санкт-Петербург,Муниципальный округ Княжево,Внутригородская территория города федерального значения,106334.1,11433.0,,,468.0,,,4043.0,268.0,1684.0,928.0,
40336000,40336000,2023,Санкт-Петербург,Муниципальный округ Ульянка,Внутригородская территория города федерального значения,74268.3,4286.0,,,,,,177.0,22.0,2266.0,1343.0,
40337000,40337000,2023,Санкт-Петербург,Муниципальный округ Дачное,Внутригородская территория города федерального значения,71937.7,2458.0,,,,,,40.0,,1521.0,,
40338000,40338000,2023,Санкт-Петербург,Муниципальный округ Автово,Внутригородская территория города федерального значения,112190.5,17575.0,,,5553.0,297.0,,806.0,137.0,1436.0,242.0,
40339000,40339000,2023,Санкт-Петербург,Муниципальный округ Нарвский округ,Внутригородская территория города федерального значения,101636.6,35583.0,,,14374.0,214.0,216.0,2521.0,1958.0,1485.0,1887.0,
40340000,40340000,2023,Санкт-Петербург,Муниципальный округ Красненькая речка,Внутригородская территория города федерального значения,75609.3,1307.0,,,,,,118.0,32.0,783.0,,
40341000,40341000,2023,Санкт-Петербург,Муниципальный округ Морские ворота,Внутригородская территория города федерального значения,109844.4,10353.0,,,887.0,,,276.0,1720.0,1279.0,41.0,
40342000,40342000,2023,Санкт-Петербург,Город Колпино,Внутригородская территория города федерального значения,88590.4,31774.0,,,11677.0,274.0,,3684.0,2248.0,4634.0,3547.0,
40343000,40343000,2023,Санкт-Петербург,Поселок Металлострой,Внутригородская территория города федерального значения,99644.1,8009.0,,,3641.0,,,443.0,195.0,810.0,,
40344000,40344000,2023,Санкт-Петербург,Поселок Петро-Славянка,Внутригородская территория города федерального значения,127716.6,535.0,,,23.0,,,227.0,34.0,,,
40345000,40345000,2023,Санкт-Петербург,Поселок Понтонный,Внутригородская территория города федерального значения,104965.3,3845.0,,,2629.0,,,,94.0,335.0,,
40346000,40346000,2023,Санкт-Петербург,Поселок Саперный,Внутригородская территория города федерального значения,66182.9,553.0,,,544.0,,,,,,,
40347000,40347000,2023,Санкт-Петербург,Поселок Усть-Ижора,Внутригородская территория города федерального значения,94248.6,217.0,,,,,,,,,,
40348000,40348000,2023,Санкт-Петербург,Муниципальный округ Полюстрово,Внутригородская территория города федерального значения,94170.1,9744.0,,,1846.0,,,1156.0,178.0,1480.0,946.0,
40349000,40349000,2023,Санкт-Петербург,Муниципальный округ Большая Охта,Внутригородская территория города федерального значения,116860.5,13083.0,,,2032.0,,,2355.0,1428.0,1457.0,1243.0,
40350000,40350000,2023,Санкт-Петербург,Муниципальный округ Малая Охта,Внутригородская территория города федерального значения,124597.4,19252.0,,,2018.0,,,5083.0,216.0,1898.0,1092.0,
40351000,40351000,2023,Санкт-Петербург,Муниципальный округ Пороховые,Внутригородская территория города федерального значения,87142.8,9190.0,,,1023.0,,,1514.0,39.0,2992.0,1663.0,
40352000,40352000,2023,Санкт-Петербург,Муниципальный округ Ржевка,Внутригородская территория города федерального значения,99200.6,14686.0,,,7451.0,,,1099.0,570.0,1620.0,723.0,
40353000,40353000,2023,Санкт-Петербург,Город Красное Село,Внутригородская территория города федерального значения,87129.9,7527.0,,,2811.0,,,494.0,884.0,1578.0,,
40354000,40354000,2023,Санкт-Петербург,Муниципальный округ Юго-Запад,Внутригородская территория города федерального значения,71088.2,3620.0,,,,,,1452.0,26.0,1716.0,,
40355000,40355000,2023,Санкт-Петербург,Муниципальный округ Южно-Приморский,Внутригородская территория города федерального значения,77791.6,10602.0,,,,,,4140.0,,3600.0,1828.0,
40356000,40356000,2023,Санкт-Петербург,Муниципальный округ Сосновая поляна,Внутригородская территория города федерального значения,98652.8,6898.0,,,1625.0,,,380.0,,3146.0,,
40357000,40357000,2023,Санкт-Петербург,Муниципальный округ Урицк,Внутригородская территория города федерального значения,87031.7,6943.0,,,,,,284.0,1477.0,1236.0,3517.0,
40358000,40358000,2023,Санкт-Петербург,Муниципальный округ Константиновское,Внутригородская территория города федерального значения,70455.0,3784.0,,,,,,,207.0,1192.0,991.0,
40359000,40359000,2023,Санкт-Петербург,Муниципальный округ Горелово,Внутригородская территория города федерального значения,83219.8,2926.0,,,588.0,,,704.0,49.0,355.0,,
40360000,40360000,2023,Санкт-Петербург,Город Кронштадт,Внутригородская территория города федерального значения,72359.5,6447.0,,,963.0,,,105.0,1480.0,1357.0,1220.0,
40361000,40361000,2023,Санкт-Петербург,Город Зеленогорск,Внутригородская территория города федерального значения,74594.5,2273.0,,,,,,,144.0,420.0,1119.0,
40362000,40362000,2023,Санкт-Петербург,Город Сестрорецк,Внутригородская территория города федерального значения,92974.0,9137.0,,,1464.0,,,221.0,878.0,1230.0,3381.0,
40363000,40363000,2023,Санкт-Петербург,Поселок Белоостров,Внутригородская территория города федерального значения,83220.3,29.0,,,,,,,,,,
40364000,40364000,2023,Санкт-Петербург,Поселок Комарово,Внутригородская территория города федерального значения,63989.3,333.0,,,,,,,137.0,,,
40365000,40365000,2023,Санкт-Петербург,Поселок Молодежное,Внутригородская территория города федерального значения,71334.1,261.0,,,,,,,,,,
40366000,40366000,2023,Санкт-Петербург,Поселок Песочный,Внутригородская территория города федерального значения,131887.7,3465.0,,,,,,,16.0,199.0,3055.0,
40367000,40367000,2023,Санкт-Петербург,Поселок Репино,Внутригородская территория города федерального значения,59038.8,341.0,,,,,,,,,,
40368000,40368000,2023,Санкт-Петербург,Поселок Серово,Внутригородская территория города федерального значения,83257.1,,,,,,,,,,,
40369000,40369000,2023,Санкт-Петербург,Поселок Смолячково,Внутригородская территория города федерального значения,68982.5,590.0,,,,,,,,,590.0,
40370000,40370000,2023,Санкт-Петербург,Поселок Солнечное,Внутригородская территория города федерального значения,83972.6,388.0,,,,,,,,,,
40371000,40371000,2023,Санкт-Петербург,Поселок Ушково,Внутригородская территория города федерального значения,76085.7,437.0,,,,,,,,,363.0,
40372000,40372000,2023,Санкт-Петербург,Город Ломоносов,Внутригородская территория города федерального значения,79271.6,7063.0,,,1104.0,,,66.0,1646.0,1203.0,1073.0,
40373000,40373000,2023,Санкт-Петербург,Муниципальный округ Московская застава,Внутригородская территория города федерального значения,131293.0,65876.0,357.0,486.0,10279.0,1774.0,1311.0,15853.0,2033.0,2493.0,2077.0,
40374000,40374000,2023,Санкт-Петербург,Муниципальный округ Гагаринское,Внутригородская территория города федерального значения,96937.4,12375.0,,,719.0,,,2980.0,66.0,2054.0,1062.0,
40375000,40375000,2023,Санкт-Петербург,Муниципальный округ Новоизмайловское,Внутригородская территория города федерального значения,110568.7,18562.0,,,1414.0,,,1643.0,549.0,1912.0,2854.0,
40376000,40376000,2023,Санкт-Петербург,Муниципальный округ Пулковский меридиан,Внутригородская территория города федерального значения,130804.4,27640.0,,,1479.0,,,3733.0,813.0,2608.0,729.0,
40377000,40377000,2023,Санкт-Петербург,Муниципальный округ Звездное,Внутригородская территория города федерального значения,123839.8,17202.0,,,2212.0,,,3330.0,405.0,1581.0,1821.0,
40378000,40378000,2023,Санкт-Петербург,Муниципальный округ Невская застава,Внутригородская территория города федерального значения,110544.7,29478.0,,,7057.0,750.0,285.0,4497.0,1189.0,858.0,711.0,
40379000,40379000,2023,Санкт-Петербург,Муниципальный округ Ивановский,Внутригородская территория города федерального значения,80825.5,9514.0,,,3707.0,154.0,,156.0,313.0,517.0,359.0,
40380000,40380000,2023,Санкт-Петербург,Муниципальный округ Обуховский,Внутригородская территория города федерального значения,85683.0,7966.0,,,2650.0,,,407.0,819.0,1837.0,1413.0,
40381000,40381000,2023,Санкт-Петербург,Муниципальный округ Рыбацкое,Внутригородская территория города федерального значения,101354.8,16051.0,,,8760.0,,,1237.0,819.0,1196.0,743.0,
40382000,40382000,2023,Санкт-Петербург,Муниципальный округ Народный,Внутригородская территория города федерального значения,97480.5,10037.0,,,1474.0,,,1761.0,289.0,2142.0,2874.0,
40383000,40383000,2023,Санкт-Петербург,Муниципальный округ № 54,Внутригородская территория города федерального значения,73724.0,3535.0,,,,,,1311.0,38.0,1219.0,,
40384000,40384000,2023,Санкт-Петербург,Муниципальный округ Невский округ,Внутригородская территория города федерального значения,89041.6,3528.0,,,,,,899.0,,1710.0,496.0,
40385000,40385000,2023,Санкт-Петербург,Муниципальный округ Оккервиль,Внутригородская территория города федерального значения,81558.0,2491.0,,,,,,154.0,,1582.0,622.0,
40386000,40386000,2023,Санкт-Петербург,Муниципальный округ Правобережный,Внутригородская территория города федерального значения,106101.6,8257.0,,,217.0,,,615.0,681.0,1660.0,3628.0,
40387000,40387000,2023,Санкт-Петербург,Город Павловск,Внутригородская территория города федерального значения,75953.7,2509.0,,,,,,,,929.0,866.0,
40388000,40388000,2023,Санкт-Петербург,Поселок Тярлево,Внутригородская территория города федерального значения,85492.7,396.0,,,,,,,,,,
40389000,40389000,2023,Санкт-Петербург,Муниципальный округ Введенский,Внутригородская территория города федерального значения,130446.4,8194.0,,,532.0,,,535.0,325.0,844.0,,
40390000,40390000,2023,Санкт-Петербург,Муниципальный округ Кронверкское,Внутригородская территория города федерального значения,141096.7,9069.0,,,313.0,,,536.0,21.0,2561.0,,
40391000,40391000,2023,Санкт-Петербург,Муниципальный округ Посадский,Внутригородская территория города федерального значения,121117.9,22802.0,,,894.0,,,5172.0,1142.0,798.0,784.0,
40392000,40392000,2023,Санкт-Петербург,Муниципальный округ Аптекарский остров,Внутригородская территория города федерального значения,127516.6,22517.0,,,1480.0,,,2270.0,237.0,4666.0,4980.0,
40393000,40393000,2023,Санкт-Петербург,Муниципальный округ округ Петровский,Внутригородская территория города федерального значения,92380.0,6462.0,,,2023.0,,,749.0,291.0,695.0,365.0,
40394000,40394000,2023,Санкт-Петербург,Муниципальный округ Чкаловское,Внутригородская территория города федерального значения,153946.7,24450.0,,,1702.0,,,2981.0,3492.0,2740.0,3831.0,
40395000,40395000,2023,Санкт-Петербург,Город Петергоф,Внутригородская территория города федерального значения,85371.4,14873.0,,,1619.0,,,395.0,935.0,2215.0,2976.0,
40396000,40396000,2023,Санкт-Петербург,Поселок Стрельна,Внутригородская территория города федерального значения,159771.4,5234.0,,,3328.0,,,,247.0,467.0,,
40397000,40397000,2023,Санкт-Петербург,Город Пушкин,Внутригородская территория города федерального значения,84280.2,18526.0,,,1065.0,,,347.0,1397.0,5263.0,5085.0,
40398000,40398000,2023,Санкт-Петербург,Поселок Александровская,Внутригородская территория города федерального значения,69661.8,106.0,,,,,,,,,,
40901000,40901000,2023,Санкт-Петербург,Поселок Шушары,Внутригородская территория города федерального значения,93923.0,15073.0,,,1543.0,,,5894.0,,2917.0,,
40902000,40902000,2023,Санкт-Петербург,Муниципальный округ Волковское,Внутригородская территория города федерального значения,95332.9,27729.0,,,5324.0,,22.0,2967.0,1316.0,3453.0,2982.0,
40903000,40903000,2023,Санкт-Петербург,Муниципальный округ № 72,Внутригородская территория города федерального значения,85205.8,5695.0,,,495.0,,,73.0,475.0,1755.0,,
40904000,40904000,2023,Санкт-Петербург,Муниципальный округ Купчино,Внутригородская территория города федерального значения,87376.4,4720.0,,,,,,682.0,,1487.0,2198.0,
40905000,40905000,2023,Санкт-Петербург,Муниципальный округ Георгиевский,Внутригородская территория города федерального значения,85072.1,3208.0,,,,,,,,2046.0,916.0,
40906000,40906000,2023,Санкт-Петербург,Муниципальный округ Александровский,Внутригородская территория города федерального значения,92495.6,9392.0,,,1713.0,,,3673.0,370.0,1215.0,1286.0,
40907000,40907000,2023,Санкт-Петербург,Муниципальный округ Балканский,Внутригородская территория города федерального значения,103205.6,5635.0,,,,,,1139.0,,1870.0,2216.0,
40908000,40908000,2023,Санкт-Петербург,Муниципальный округ Дворцовый округ,Внутригородская территория города федерального значения,133991.8,27292.0,,,459.0,,,1090.0,1626.0,1687.0,3102.0,
40909000,40909000,2023,Санкт-Петербург,Муниципальный округ № 78,Внутригородская территория города федерального значения,117840.6,23201.0,,,113.0,,,1671.0,1170.0,7556.0,604.0,
40910000,40910000,2023,Санкт-Петербург,Муниципальный округ Литейный округ,Внутригородская территория города федерального значения,112787.0,30464.0,,,1300.0,,,3380.0,3589.0,3062.0,9396.0,
40911000,40911000,2023,Санкт-Петербург,Муниципальный округ Смольнинское,Внутригородская территория города федерального значения,122485.6,88840.0,,329.0,3884.0,74.0,8400.0,4516.0,19067.0,3350.0,6623.0,
40912000,40912000,2023,Санкт-Петербург,Муниципальный округ Лиговка-Ямская,Внутригородская территория города федерального значения,101042.6,19730.0,,,1408.0,218.0,,1836.0,2177.0,846.0,3438.0,
40913000,40913000,2023,Санкт-Петербург,Муниципальный округ Владимирский округ,Внутригородская территория города федерального значения,139207.2,21356.0,,,619.0,,,3417.0,1047.0,1650.0,848.0,
41603000,41603000,2023,Ленинградская область,Бокситогорский муниципальный район,Муниципальный район,63511.6,9693.0,287.0,,3504.0,488.0,186.0,448.0,699.0,1417.0,1025.0,
41606000,41606000,2023,Ленинградская область,Волосовский муниципальный район,Муниципальный район,57428.7,6640.0,908.0,,968.0,,,534.0,632.0,1319.0,791.0,
41609000,41609000,2023,Ленинградская область,Волховский муниципальный район,Муниципальный район,64265.0,19893.0,840.0,,4878.0,449.0,419.0,1516.0,1108.0,2524.0,2274.0,
41612000,41612000,2023,Ленинградская область,Всеволожский муниципальный район,Муниципальный район,81884.5,71751.0,1655.0,184.0,15427.0,1986.0,741.0,15616.0,5541.0,10143.0,5508.0,
41615000,41615000,2023,Ленинградская область,Выборгский муниципальный район,Муниципальный район,77711.2,41111.0,1335.0,2040.0,7412.0,5185.0,1056.0,2458.0,3755.0,4799.0,3951.0,
41618000,41518000,2023,Ленинградская область,Гатчинский муниципальный район,Муниципальный район,69875.3,47082.0,1078.0,7.0,10925.0,1231.0,578.0,3709.0,2716.0,5551.0,8836.0,
41621000,41621000,2023,Ленинградская область,Кингисеппский муниципальный район,Муниципальный район,99515.0,32678.0,428.0,,4768.0,699.0,254.0,1599.0,2403.0,2030.0,1514.0,
41624000,41624000,2023,Ленинградская область,Киришский муниципальный район,Муниципальный район,73700.4,19604.0,349.0,,7138.0,1248.0,,1442.0,1267.0,1845.0,1336.0,
41625000,41625000,2023,Ленинградская область,Кировский муниципальный район,Муниципальный район,74531.1,20820.0,3489.0,52.0,4765.0,1229.0,247.0,1434.0,1616.0,2679.0,1308.0,
41627000,41627000,2023,Ленинградская область,Лодейнопольский муниципальный район,Муниципальный район,49754.0,4945.0,310.0,,,165.0,,318.0,512.0,882.0,1080.0,
41630000,41630000,2023,Ленинградская область,Ломоносовский муниципальный район,Муниципальный район,98019.2,19497.0,1027.0,,7263.0,312.0,224.0,3693.0,1109.0,1935.0,330.0,
41633000,41633000,2023,Ленинградская область,Лужский муниципальный район,Муниципальный район,59305.0,10088.0,577.0,,1845.0,80.0,317.0,1079.0,1295.0,1817.0,1736.0,
41636000,41636000,2023,Ленинградская область,Подпорожский муниципальный район,Муниципальный район,51335.7,3969.0,,,526.0,18.0,153.0,277.0,500.0,854.0,815.0,
41639000,41639000,2023,Ленинградская область,Приозерский муниципальный район,Муниципальный район,59358.4,11334.0,1253.0,,1219.0,59.0,,834.0,1207.0,1815.0,1090.0,
41642000,41642000,2023,Ленинградская область,Сланцевский муниципальный район,Муниципальный район,61018.6,5849.0,293.0,,1246.0,326.0,313.0,428.0,544.0,1018.0,1007.0,
41645000,41645000,2023,Ленинградская область,Тихвинский муниципальный район,Муниципальный район,63599.6,17883.0,344.0,,8672.0,814.0,,968.0,907.0,2009.0,1816.0,
41648000,41648000,2023,Ленинградская область,Тосненский муниципальный район,Муниципальный район,68022.4,24403.0,796.0,18.0,5859.0,612.0,348.0,4333.0,2166.0,2702.0,1726.0,
41754000,41754000,2023,Ленинградская область,Сосновоборский,"Городской округ, городской округ с внутригородским делением",103584.8,23721.0,,,1711.0,6505.0,644.0,955.0,731.0,1809.0,1088.0,
42603000,42503000,2023,Липецкая область,Воловский муниципальный район,Муниципальный район,42462.7,1623.0,292.0,,,,,71.0,265.0,349.0,350.0,
42606000,42606000,2023,Липецкая область,Грязинский муниципальный район,Муниципальный район,62490.2,14904.0,780.0,,5659.0,787.0,406.0,738.0,899.0,1533.0,1986.0,
42609000,42609000,2023,Липецкая область,Данковский муниципальный район,Муниципальный район,48452.8,6689.0,1742.0,,989.0,210.0,,317.0,570.0,1093.0,636.0,
42612000,42612000,2023,Липецкая область,Добринский муниципальный район,Муниципальный район,53817.6,4551.0,1430.0,,,105.0,72.0,159.0,491.0,776.0,656.0,
42615000,42515000,2023,Липецкая область,Добровский муниципальный район,Муниципальный район,43185.2,3761.0,1024.0,,65.0,,,177.0,411.0,725.0,702.0,
42618000,42618000,2023,Липецкая область,Долгоруковский муниципальный район,Муниципальный район,46928.4,2702.0,692.0,,,,,95.0,312.0,547.0,384.0,
42621000,42621000,2023,Липецкая область,Елецкий муниципальный район,Муниципальный район,55476.7,5405.0,2163.0,,407.0,,,54.0,186.0,892.0,596.0,
42624000,42624000,2023,Липецкая область,Задонский муниципальный район,Муниципальный район,52298.9,5878.0,1435.0,,447.0,,,275.0,588.0,919.0,1001.0,
42627000,42527000,2023,Липецкая область,Измалковский муниципальный район,Муниципальный район,44710.7,2372.0,582.0,,,,,172.0,298.0,522.0,,
42630000,42630000,2023,Липецкая область,Краснинский муниципальный район,Муниципальный район,52090.7,2413.0,509.0,,,,,103.0,255.0,394.0,300.0,
42633000,42633000,2023,Липецкая область,Лебедянский муниципальный район,Муниципальный район,54595.9,10816.0,1681.0,,4164.0,477.0,155.0,1125.0,613.0,1070.0,698.0,
42636000,42636000,2023,Липецкая область,Лев-Толстовский муниципальный район,Муниципальный район,49613.2,2816.0,848.0,,,60.0,,127.0,284.0,508.0,,
42640000,42540000,2023,Липецкая область,Липецкий муниципальный район,Муниципальный район,56959.7,10396.0,1899.0,,4047.0,87.0,,581.0,270.0,1160.0,793.0,
42642000,42542000,2023,Липецкая область,Становлянский муниципальный район,Муниципальный район,49907.3,2645.0,429.0,,,,,122.0,427.0,467.0,,
42645000,42645000,2023,Липецкая область,Тербунский муниципальный район,Муниципальный район,50957.1,4598.0,803.0,,1154.0,,,201.0,467.0,770.0,,
42648000,42648000,2023,Липецкая область,Усманский муниципальный район,Муниципальный район,66275.0,7177.0,2045.0,,479.0,154.0,,287.0,945.0,1501.0,1018.0,
42652000,42652000,2023,Липецкая область,Хлевенский муниципальный район,Муниципальный район,47635.9,3137.0,451.0,,,,,263.0,383.0,592.0,357.0,
42656000,42656000,2023,Липецкая область,Чаплыгинский муниципальный район,Муниципальный район,49601.2,5025.0,910.0,,683.0,,,349.0,500.0,841.0,618.0,
42701000,42701000,2023,Липецкая область,Город Липецк,"Городской округ, городской округ с внутригородским делением",64336.9,127940.0,963.0,,40997.0,4473.0,559.0,11810.0,13538.0,14950.0,14922.0,
42715000,42715000,2023,Липецкая область,Город Елец,"Городской округ, городской округ с внутригородским делением",50984.5,23136.0,,472.0,6557.0,1024.0,437.0,1412.0,2229.0,3194.0,3078.0,
44502000,44502000,2023,Магаданская область,Ольский,Муниципальный округ,99260.3,1931.0,,,,,,,431.0,504.0,323.0,
44504000,44504000,2023,Магаданская область,Омсукчанский,Муниципальный округ,171492.2,3454.0,,1897.0,,,,,271.0,221.0,98.0,
44507000,44507000,2023,Магаданская область,Северо-Эвенский,Муниципальный округ,171429.5,1848.0,,1077.0,,,,,186.0,174.0,,
44510000,44510000,2023,Магаданская область,Среднеканский,Муниципальный округ,134394.7,2317.0,,,,260.0,,9.0,162.0,102.0,97.0,
44513000,44513000,2023,Магаданская область,Сусуманский,Муниципальный округ,160517.1,4196.0,,2357.0,,659.0,,33.0,224.0,242.0,201.0,
44516000,44516000,2023,Магаданская область,Тенькинский,Муниципальный округ,151190.9,7032.0,,4499.0,,283.0,,,220.0,163.0,118.0,
44519000,44519000,2023,Магаданская область,Хасынский,Муниципальный округ,110002.5,1830.0,,221.0,,182.0,84.0,22.0,440.0,366.0,241.0,
44522000,44522000,2023,Магаданская область,Ягоднинский,Муниципальный округ,148808.2,4529.0,,2202.0,,785.0,27.0,,287.0,284.0,445.0,
44701000,44701000,2023,Магаданская область,Город Магадан,"Городской округ, городской округ с внутригородским делением",135145.6,31086.0,829.0,,496.0,1947.0,,1358.0,6862.0,4221.0,4127.0,
45301000,45301000,2023,Москва,Муниципальный округ Богородское,Внутригородская территория города федерального значения,124334.2,8335.0,,,1068.0,,,729.0,82.0,1329.0,1331.0,
45302000,45302000,2023,Москва,Муниципальный округ Вешняки,Внутригородская территория города федерального значения,137381.9,9750.0,,,754.0,,,355.0,,1803.0,4254.0,
45303000,45303000,2023,Москва,Муниципальный округ Восточное Измайлово,Внутригородская территория города федерального значения,119198.1,9712.0,,,186.0,,,1859.0,755.0,1086.0,4734.0,
45304000,45304000,2023,Москва,Муниципальный округ Восточный,Внутригородская территория города федерального значения,82585.0,1708.0,,,,,,11.0,432.0,639.0,,
45305000,45305000,2023,Москва,Муниципальный округ Гольяново,Внутригородская территория города федерального значения,116151.2,18615.0,,,2207.0,,,4621.0,165.0,2042.0,898.0,
45306000,45306000,2023,Москва,Муниципальный округ Ивановское,Внутригородская территория города федерального значения,99120.4,3381.0,,,262.0,,,128.0,47.0,1339.0,564.0,
45307000,45307000,2023,Москва,Муниципальный округ Измайлово,Внутригородская территория города федерального значения,107651.9,11013.0,,,218.0,,,390.0,3774.0,2183.0,710.0,
45308000,45308000,2023,Москва,Муниципальный округ Косино-Ухтомский,Внутригородская территория города федерального значения,94810.4,6125.0,,,510.0,,,1266.0,,1318.0,554.0,
45309000,45309000,2023,Москва,Муниципальный округ Новогиреево,Внутригородская территория города федерального значения,96451.3,8814.0,,,327.0,,,2337.0,103.0,1084.0,2198.0,
45310000,45310000,2023,Москва,Муниципальный округ Новокосино,Внутригородская территория города федерального значения,106365.5,3831.0,,,244.0,,,154.0,51.0,1627.0,684.0,
45311000,45311000,2023,Москва,Муниципальный округ Метрогородок,Внутригородская территория города федерального значения,93860.7,11275.0,,,3134.0,,,1320.0,,916.0,1874.0,
45312000,45312000,2023,Москва,Муниципальный округ Перово,Внутригородская территория города федерального значения,116765.6,24183.0,,,6029.0,,,2622.0,481.0,1362.0,5140.0,
45313000,45313000,2023,Москва,Муниципальный округ Северное Измайлово,Внутригородская территория города федерального значения,93910.9,3907.0,,,,,,488.0,267.0,1650.0,272.0,
45314000,45314000,2023,Москва,Муниципальный округ Соколиная гора,Внутригородская территория города федерального значения,141015.2,48626.0,,,12271.0,1138.0,,2624.0,126.0,3075.0,4177.0,
45315000,45315000,2023,Москва,Муниципальный округ Сокольники,Внутригородская территория города федерального значения,152076.1,24879.0,,,1278.0,273.0,,4126.0,869.0,2558.0,5801.0,
45316000,45316000,2023,Москва,Муниципальный округ Преображенское,Внутригородская территория города федерального значения,165967.1,33438.0,,,1918.0,,,3482.0,3985.0,1079.0,3156.0,
45317000,45317000,2023,Москва,Муниципальный округ Внуково,Внутригородская территория города федерального значения,136211.2,13604.0,,,176.0,,,464.0,610.0,,,
45318000,45318000,2023,Москва,Муниципальный округ Дорогомилово,Внутригородская территория города федерального значения,171022.7,45200.0,,1035.0,1731.0,558.0,,5043.0,1290.0,1382.0,3646.0,
45319000,45319000,2023,Москва,Муниципальный округ Крылатское,Внутригородская территория города федерального значения,228246.3,21471.0,,,1288.0,,,4375.0,1867.0,1439.0,1686.0,
45320000,45320000,2023,Москва,Муниципальный округ Кунцево,Внутригородская территория города федерального значения,140429.1,25055.0,,,2910.0,,,5730.0,552.0,3117.0,5950.0,
45321000,45321000,2023,Москва,Муниципальный округ Можайский,Внутригородская территория города федерального значения,188558.6,44886.0,,283.0,5704.0,1677.0,314.0,8107.0,1331.0,3732.0,2053.0,
45322000,45322000,2023,Москва,Муниципальный округ Ново-Переделкино,Внутригородская территория города федерального значения,123471.4,7685.0,,,1174.0,,,927.0,,2103.0,1156.0,
45323000,45323000,2023,Москва,Муниципальный округ Очаково-Матвеевское,Внутригородская территория города федерального значения,118511.2,32840.0,,,4581.0,389.0,,3843.0,1674.0,1336.0,3017.0,
45324000,45324000,2023,Москва,Муниципальный округ Проспект Вернадского,Внутригородская территория города федерального значения,213258.8,24012.0,,378.0,4108.0,,,4058.0,454.0,3152.0,2178.0,
45325000,45325000,2023,Москва,Муниципальный округ Раменки,Внутригородская территория города федерального значения,138988.7,47896.0,,195.0,345.0,,,5672.0,5111.0,18328.0,2807.0,
45326000,45326000,2023,Москва,Муниципальный округ Солнцево,Внутригородская территория города федерального значения,111895.7,12601.0,,,2167.0,1018.0,,1441.0,674.0,1967.0,2290.0,
45327000,45327000,2023,Москва,Муниципальный округ Тропарево-Никулино,Внутригородская территория города федерального значения,146107.0,28557.0,,,195.0,9169.0,,1064.0,,9443.0,535.0,
45328000,45328000,2023,Москва,Муниципальный округ Филевский парк,Внутригородская территория города федерального значения,126075.3,47291.0,,8.0,5466.0,482.0,,4776.0,2898.0,938.0,6245.0,
45329000,45329000,2023,Москва,Муниципальный округ Фили-Давыдково,Внутригородская территория города федерального значения,143673.6,12838.0,,,111.0,,,3534.0,565.0,2464.0,884.0,
45330000,45330000,2023,Москва,Муниципальный округ Крюково,Внутригородская территория города федерального значения,97905.9,6742.0,,,212.0,,,320.0,276.0,2112.0,585.0,
45331000,45331000,2023,Москва,Муниципальный округ Матушкино,Внутригородская территория города федерального значения,113361.5,9754.0,,,3572.0,,,267.0,178.0,888.0,632.0,
45332000,45332000,2023,Москва,Муниципальный округ Силино,Внутригородская территория города федерального значения,133477.2,5898.0,,,2308.0,,,742.0,1098.0,12.0,,
45333000,45333000,2023,Москва,Муниципальный округ Аэропорт,Внутригородская территория города федерального значения,201783.7,35513.0,,,713.0,,,6195.0,768.0,2156.0,2436.0,
45334000,45334000,2023,Москва,Муниципальный округ Беговой,Внутригородская территория города федерального значения,163214.2,56723.0,,203.0,4988.0,,,12096.0,448.0,1403.0,6180.0,
45335000,45335000,2023,Москва,Муниципальный округ Бескудниковский,Внутригородская территория города федерального значения,147852.8,4830.0,,,250.0,,,242.0,,1086.0,1003.0,
45336000,45336000,2023,Москва,Муниципальный округ Войковский,Внутригородская территория города федерального значения,189602.1,42542.0,,236.0,4560.0,,,6539.0,4631.0,2516.0,1975.0,
45337000,45337000,2023,Москва,Муниципальный округ Восточное Дегунино,Внутригородская территория города федерального значения,111179.9,7801.0,,,2713.0,,,1031.0,435.0,1090.0,884.0,
45338000,45338000,2023,Москва,Муниципальный округ Головинский,Внутригородская территория города федерального значения,130589.9,21902.0,,,1935.0,,,5188.0,886.0,1890.0,510.0,
45339000,45339000,2023,Москва,Муниципальный округ Дмитровский,Внутригородская территория города федерального значения,113643.1,7619.0,,,231.0,,,284.0,71.0,1003.0,,
45340000,45340000,2023,Москва,Муниципальный округ Западное Дегунино,Внутригородская территория города федерального значения,97175.7,9524.0,,,2345.0,,,2527.0,,1100.0,1728.0,
45341000,45341000,2023,Москва,Муниципальный округ Коптево,Внутригородская территория города федерального значения,180621.8,10549.0,,,1415.0,,,1295.0,,1800.0,600.0,
45342000,45342000,2023,Москва,Муниципальный округ Левобережный,Внутригородская территория города федерального значения,115172.0,9452.0,,,47.0,,,2245.0,154.0,706.0,1351.0,
45343000,45343000,2023,Москва,Муниципальный округ Молжаниновский,Внутригородская территория города федерального значения,146983.8,1425.0,,,345.0,,,174.0,,485.0,,
45344000,45344000,2023,Москва,Муниципальный округ Савеловский,Внутригородская территория города федерального значения,192543.9,71375.0,,,2914.0,,,10309.0,65.0,936.0,1248.0,
45345000,45345000,2023,Москва,Муниципальный округ Сокол,Внутригородская территория города федерального значения,126054.3,28676.0,,,11277.0,69.0,,666.0,,5298.0,,
45346000,45346000,2023,Москва,Муниципальный округ Тимирязевский,Внутригородская территория города федерального значения,198241.3,19243.0,,,327.0,,,2683.0,1182.0,3223.0,1541.0,
45347000,45347000,2023,Москва,Муниципальный округ Ховрино,Внутригородская территория города федерального значения,90752.0,19284.0,,,575.0,,,12634.0,,1429.0,430.0,
45348000,45348000,2023,Москва,Муниципальный округ Хорошевский,Внутригородская территория города федерального значения,155605.4,95864.0,,80.0,3548.0,,,10539.0,4664.0,4828.0,681.0,
45349000,45349000,2023,Москва,Муниципальный округ Алексеевский,Внутригородская территория города федерального значения,133920.9,30627.0,,,2006.0,324.0,,3512.0,3546.0,3115.0,1869.0,
45350000,45350000,2023,Москва,Муниципальный округ Алтуфьевский,Внутригородская территория города федерального значения,110908.8,7989.0,,,189.0,,,305.0,,621.0,488.0,
45351000,45351000,2023,Москва,Муниципальный округ Бабушкинский,Внутригородская территория города федерального значения,115376.0,12430.0,,,912.0,,,1093.0,519.0,1225.0,3442.0,
45352000,45352000,2023,Москва,Муниципальный округ Бибирево,Внутригородская территория города федерального значения,96744.9,3953.0,,,,,,197.0,87.0,1846.0,,
45353000,45353000,2023,Москва,Муниципальный округ Бутырский,Внутригородская территория города федерального значения,181375.0,22250.0,,,5316.0,569.0,,2218.0,885.0,927.0,270.0,
45354000,45354000,2023,Москва,Муниципальный округ Лианозово,Внутригородская территория города федерального значения,111316.4,7030.0,,,622.0,,,324.0,478.0,1141.0,1587.0,
45355000,45355000,2023,Москва,Муниципальный округ Лосиноостровский,Внутригородская территория города федерального значения,99340.9,4910.0,,,219.0,,,291.0,,1266.0,1291.0,
45356000,45356000,2023,Москва,Муниципальный округ Марфино,Внутригородская территория города федерального значения,123575.7,4172.0,,,404.0,,,250.0,33.0,538.0,683.0,
45357000,45357000,2023,Москва,Муниципальный округ Марьина роща,Внутригородская территория города федерального значения,158231.6,32081.0,,,3569.0,,,5464.0,344.0,3902.0,3735.0,
45358000,45358000,2023,Москва,Муниципальный округ Останкинский,Внутригородская территория города федерального значения,135269.4,58099.0,,,2849.0,268.0,,26290.0,245.0,1010.0,184.0,
45359000,45359000,2023,Москва,Муниципальный округ Отрадное,Внутригородская территория города федерального значения,115435.0,25389.0,,,1156.0,,,6994.0,364.0,2301.0,1656.0,
45360000,45360000,2023,Москва,Муниципальный округ Ростокино,Внутригородская территория города федерального значения,134827.2,12261.0,,,263.0,,,1197.0,,4150.0,2370.0,
45361000,45361000,2023,Москва,Муниципальный округ Свиблово,Внутригородская территория города федерального значения,123690.9,10154.0,,,2257.0,,,3421.0,,1116.0,,
45362000,45362000,2023,Москва,Муниципальный округ Северное Медведково,Внутригородская территория города федерального значения,108108.8,5726.0,,,655.0,,,410.0,,1531.0,510.0,
45363000,45363000,2023,Москва,Муниципальный округ Северный,Внутригородская территория города федерального значения,122739.2,3234.0,,,,,,576.0,,1295.0,,
45364000,45364000,2023,Москва,Муниципальный округ Южное Медведково,Внутригородская территория города федерального значения,100840.0,5064.0,,,1534.0,,,679.0,166.0,1283.0,,
45365000,45365000,2023,Москва,Муниципальный округ Ярославский,Внутригородская территория города федерального значения,115221.2,12277.0,,,341.0,,,1591.0,3436.0,2846.0,1437.0,
45366000,45366000,2023,Москва,Муниципальный округ Куркино,Внутригородская территория города федерального значения,107615.1,3812.0,,,793.0,,,219.0,,1201.0,829.0,
45367000,45367000,2023,Москва,Муниципальный округ Митино,Внутригородская территория города федерального значения,114847.9,7999.0,,,199.0,,,923.0,58.0,3384.0,1749.0,
45368000,45368000,2023,Москва,Муниципальный округ Покровское-Стрешнево,Внутригородская территория города федерального значения,134426.7,21330.0,,,7214.0,71.0,425.0,1222.0,796.0,1274.0,3103.0,
45369000,45369000,2023,Москва,Муниципальный округ Северное Тушино,Внутригородская территория города федерального значения,112203.2,6743.0,,,497.0,,,558.0,,1404.0,1453.0,
45370000,45370000,2023,Москва,Муниципальный округ Строгино,Внутригородская территория города федерального значения,114563.1,11066.0,,,355.0,,119.0,1041.0,3361.0,2118.0,509.0,
45371000,45371000,2023,Москва,Муниципальный округ Хорошево-Мневники,Внутригородская территория города федерального значения,126169.9,34998.0,,,466.0,,,8118.0,1081.0,2900.0,4081.0,
45372000,45372000,2023,Москва,Муниципальный округ Щукино,Внутригородская территория города федерального значения,142606.9,36013.0,,191.0,2366.0,,,3750.0,3152.0,2295.0,6048.0,
45373000,45373000,2023,Москва,Муниципальный округ Южное Тушино,Внутригородская территория города федерального значения,132242.4,13384.0,,,1256.0,,,2257.0,1155.0,1239.0,1888.0,
45374000,45374000,2023,Москва,Муниципальный округ Арбат,Внутригородская территория города федерального значения,221229.7,58511.0,,198.0,529.0,174.0,,3762.0,15762.0,2005.0,3609.0,
45375000,45375000,2023,Москва,Муниципальный округ Басманный,Внутригородская территория города федерального значения,163636.0,184099.0,,1019.0,3869.0,5388.0,15721.0,15082.0,14075.0,15693.0,6599.0,
45376000,45376000,2023,Москва,Муниципальный округ Замоскворечье,Внутригородская территория города федерального значения,197689.8,136694.0,,493.0,10134.0,3529.0,5309.0,28093.0,2719.0,5754.0,4304.0,
45377000,45377000,2023,Москва,Муниципальный округ Савелки,Внутригородская территория города федерального значения,125514.6,6522.0,,,590.0,,,222.0,305.0,1150.0,2644.0,
45378000,45378000,2023,Москва,Муниципальный округ Красносельский,Внутригородская территория города федерального значения,209765.0,117299.0,114.0,27.0,4798.0,906.0,,7617.0,11683.0,1909.0,2944.0,
45379000,45379000,2023,Москва,Муниципальный округ Мещанский,Внутригородская территория города федерального значения,160785.8,203984.0,,210.0,2085.0,40.0,33.0,20037.0,16870.0,5054.0,18378.0,
45380000,45380000,2023,Москва,Муниципальный округ Пресненский,Внутригородская территория города федерального значения,215044.5,181182.0,6.0,2141.0,5164.0,2075.0,99.0,25629.0,14023.0,8233.0,10600.0,
45381000,45381000,2023,Москва,Муниципальный округ Таганский,Внутригородская территория города федерального значения,175070.8,85123.0,30.0,43.0,1708.0,1222.0,134.0,10696.0,11323.0,4645.0,5471.0,
45382000,45382000,2023,Москва,Муниципальный округ Тверской,Внутригородская территория города федерального значения,209572.8,205324.0,113.0,356.0,4813.0,625.0,1340.0,18703.0,44066.0,6788.0,7870.0,
45383000,45383000,2023,Москва,Муниципальный округ Хамовники,Внутригородская территория города федерального значения,188890.4,133823.0,219.0,777.0,1023.0,1144.0,133.0,9018.0,14119.0,12018.0,13458.0,
45384000,45384000,2023,Москва,Муниципальный округ Якиманка,Внутригородская территория города федерального значения,239561.4,76683.0,,3878.0,2658.0,183.0,1227.0,6936.0,11546.0,2839.0,5691.0,
45385000,45385000,2023,Москва,Муниципальный округ Выхино-Жулебино,Внутригородская территория города федерального значения,121331.8,28024.0,,,1649.0,4501.0,,4358.0,3220.0,4005.0,3631.0,
45386000,45386000,2023,Москва,Муниципальный округ Капотня,Внутригородская территория города федерального значения,151485.1,8469.0,,,3215.0,,,566.0,,,,
45387000,45387000,2023,Москва,Муниципальный округ Кузьминки,Внутригородская территория города федерального значения,101944.1,6440.0,,,,,,503.0,,2588.0,1625.0,
45388000,45388000,2023,Москва,Муниципальный округ Лефортово,Внутригородская территория города федерального значения,143186.6,58782.0,,,3731.0,69.0,,6554.0,1853.0,3870.0,2754.0,
45389000,45389000,2023,Москва,Муниципальный округ Люблино,Внутригородская территория города федерального значения,90955.5,20163.0,,,406.0,,,836.0,1284.0,2697.0,3892.0,
45390000,45390000,2023,Москва,Муниципальный округ Марьино,Внутригородская территория города федерального значения,94656.9,24200.0,,,327.0,,,12573.0,1127.0,3310.0,2441.0,
45391000,45391000,2023,Москва,Муниципальный округ Некрасовка,Внутригородская территория города федерального значения,128539.5,5486.0,,,171.0,,,362.0,,2042.0,,
45392000,45392000,2023,Москва,Муниципальный округ Нижегородский,Внутригородская территория города федерального значения,168112.8,54890.0,,4.0,5043.0,,,22063.0,1085.0,538.0,,
45393000,45393000,2023,Москва,Муниципальный округ Печатники,Внутригородская территория города федерального значения,133108.2,21079.0,,,5612.0,133.0,,3796.0,1719.0,1062.0,636.0,
45394000,45394000,2023,Москва,Муниципальный округ Рязанский,Внутригородская территория города федерального значения,104882.4,22075.0,,,1313.0,,,8412.0,52.0,1472.0,298.0,
45395000,45395000,2023,Москва,Муниципальный округ Текстильщики,Внутригородская территория города федерального значения,131929.4,22289.0,,495.0,1001.0,,,2688.0,567.0,1201.0,6020.0,
45396000,45396000,2023,Москва,Муниципальный округ Южнопортовый,Внутригородская территория города федерального значения,145465.5,18438.0,,,1469.0,,,3584.0,267.0,1074.0,2681.0,
45397000,45397000,2023,Москва,Муниципальный округ Академический,Внутригородская территория города федерального значения,293914.3,105188.0,,1818.0,1612.0,3435.0,,3879.0,3467.0,1778.0,3155.0,
45398000,45398000,2023,Москва,Муниципальный округ Гагаринский,Внутригородская территория города федерального значения,178306.6,32548.0,,,597.0,,,3254.0,792.0,4036.0,1353.0,
45901000,45901000,2023,Москва,Муниципальный округ Зюзино,Внутригородская территория города федерального значения,110317.1,28347.0,,,451.0,,,10886.0,2064.0,2099.0,758.0,
45902000,45902000,2023,Москва,Муниципальный округ Коньково,Внутригородская территория города федерального значения,136704.0,49585.0,,,4396.0,732.0,,8438.0,312.0,7886.0,2194.0,
45903000,45903000,2023,Москва,Муниципальный округ Котловка,Внутригородская территория города федерального значения,149512.0,10946.0,,,1571.0,,,3750.0,,368.0,701.0,
45904000,45904000,2023,Москва,Муниципальный округ Ломоносовский,Внутригородская территория города федерального значения,143862.4,9383.0,,115.0,281.0,,,1025.0,,2473.0,1331.0,
45905000,45905000,2023,Москва,Муниципальный округ Обручевский,Внутригородская территория города федерального значения,149903.7,31778.0,,8.0,516.0,185.0,,3104.0,146.0,7055.0,6930.0,
45906000,45906000,2023,Москва,Муниципальный округ Северное Бутово,Внутригородская территория города федерального значения,118261.2,4374.0,,,,,,908.0,,1450.0,737.0,
45907000,45907000,2023,Москва,Муниципальный округ Теплый Стан,Внутригородская территория города федерального значения,108483.7,6293.0,,,76.0,,,490.0,580.0,2766.0,694.0,
45908000,45908000,2023,Москва,Муниципальный округ Черемушки,Внутригородская территория города федерального значения,199587.2,67468.0,,1659.0,3884.0,,,7821.0,1336.0,2563.0,2336.0,
45909000,45909000,2023,Москва,Муниципальный округ Южное Бутово,Внутригородская территория города федерального значения,102528.6,12656.0,,,657.0,53.0,,1774.0,,4453.0,1987.0,
45910000,45910000,2023,Москва,Муниципальный округ Ясенево,Внутригородская территория города федерального значения,124786.3,15936.0,,,1023.0,863.0,,1123.0,965.0,2044.0,1109.0,
45911000,45911000,2023,Москва,Муниципальный округ Бирюлево Восточное,Внутригородская территория города федерального значения,99382.1,9560.0,,,1152.0,,,3911.0,,1860.0,304.0,
45912000,45912000,2023,Москва,Муниципальный округ Бирюлево Западное,Внутригородская территория города федерального значения,108517.8,6911.0,,,1721.0,,461.0,888.0,,782.0,915.0,
45913000,45913000,2023,Москва,Муниципальный округ Братеево,Внутригородская территория города федерального значения,97966.6,4002.0,,,,,,880.0,,1203.0,648.0,
45914000,45914000,2023,Москва,Муниципальный округ Даниловский,Внутригородская территория города федерального значения,174730.8,97423.0,,44.0,5550.0,9293.0,,10720.0,6431.0,2970.0,1253.0,
45915000,45915000,2023,Москва,Муниципальный округ Донской,Внутригородская территория города федерального значения,171922.1,56040.0,,631.0,1688.0,,,8161.0,650.0,2682.0,9771.0,
45916000,45916000,2023,Москва,Муниципальный округ Зябликово,Внутригородская территория города федерального значения,149148.7,5582.0,,,,,,125.0,,1929.0,2502.0,
45917000,45917000,2023,Москва,Муниципальный округ Москворечье-Сабурово,Внутригородская территория города федерального значения,124460.0,26566.0,,,1686.0,107.0,,2648.0,4018.0,2930.0,6942.0,
45918000,45918000,2023,Москва,Муниципальный округ Нагатино-Садовники,Внутригородская территория города федерального значения,140219.1,32820.0,,,6009.0,,,8616.0,871.0,1343.0,4875.0,
45919000,45919000,2023,Москва,Муниципальный округ Нагатинский затон,Внутригородская территория города федерального значения,90189.2,6855.0,,,,,,855.0,,1287.0,402.0,
45920000,45920000,2023,Москва,Муниципальный округ Нагорный,Внутригородская территория города федерального значения,180445.8,20544.0,,18.0,1191.0,,,3776.0,294.0,1843.0,1063.0,
45921000,45921000,2023,Москва,Муниципальный округ Орехово-Борисово Северное,Внутригородская территория города федерального значения,108302.6,8138.0,,,,,,655.0,146.0,1365.0,1709.0,
45922000,45922000,2023,Москва,Муниципальный округ Орехово-Борисово Южное,Внутригородская территория города федерального значения,103100.1,9866.0,,,,,,707.0,251.0,2111.0,1011.0,
45923000,45923000,2023,Москва,Муниципальный округ Царицыно,Внутригородская территория города федерального значения,105259.2,12694.0,,,2577.0,,423.0,2522.0,74.0,1416.0,3209.0,
45924000,45924000,2023,Москва,Муниципальный округ Чертаново Северное,Внутригородская территория города федерального значения,151554.7,10553.0,,,570.0,,,1588.0,,1481.0,4.0,
45925000,45925000,2023,Москва,Муниципальный округ Чертаново Центральное,Внутригородская территория города федерального значения,109404.0,8224.0,,,1048.0,,,1825.0,,1089.0,823.0,
45926000,45926000,2023,Москва,Муниципальный округ Чертаново Южное,Внутригородская территория города федерального значения,125516.7,11284.0,,,1479.0,,,3318.0,53.0,1691.0,723.0,
45927000,45927000,2023,Москва,Муниципальный округ Старое Крюково,Внутригородская территория города федерального значения,128776.8,12331.0,,,4778.0,,,488.0,1153.0,2240.0,163.0,
45931000,45931000,2023,Москва,Городской округ Троицк,Внутригородская территория города федерального значения,108499.6,9894.0,,,466.0,351.0,,550.0,1977.0,1127.0,1530.0,
45932000,45932000,2023,Москва,Городской округ Щербинка,Внутригородская территория города федерального значения,127559.9,7505.0,,,2654.0,,,1779.0,144.0,1001.0,269.0,
45941000,45941000,2023,Москва,Поселение Внуковское,Внутригородская территория города федерального значения,118747.7,2722.0,,,,,,666.0,,,101.0,
45942000,45942000,2023,Москва,Поселение Воскресенское,Внутригородская территория города федерального значения,90931.3,851.0,,,,,,209.0,,,,
45943000,45943000,2023,Москва,Поселение Вороновское,Внутригородская территория города федерального значения,104463.2,4017.0,,,,,,,1325.0,,677.0,
45944000,45944000,2023,Москва,Поселение Десеновское,Внутригородская территория города федерального значения,94985.5,3008.0,,,,,,73.0,,1028.0,,
45945000,45945000,2023,Москва,Поселение Киевский,Внутригородская территория города федерального значения,94893.5,3052.0,,,,,,,,658.0,,
45946000,45946000,2023,Москва,Поселение Кленовское,Внутригородская территория города федерального значения,77016.9,508.0,,,,,,,,,,
45947000,45947000,2023,Москва,Поселение Кокошкино,Внутригородская территория города федерального значения,148016.3,520.0,,,,,,,,,,
45948000,45948000,2023,Москва,Поселение Краснопахорское,Внутригородская территория города федерального значения,106844.5,1579.0,,,499.0,,,,,,,
45949000,45949000,2023,Москва,Поселение Марушкинское,Внутригородская территория города федерального значения,97345.2,2660.0,,,340.0,,,1450.0,,,,
45951000,45951000,2023,Москва,Поселение Михайлово-Ярцевское,Внутригородская территория города федерального значения,93667.3,4428.0,,,,,,,,125.0,,
45952000,45952000,2023,Москва,Поселение Московский,Внутригородская территория города федерального значения,193894.7,22666.0,,,1821.0,393.0,,6338.0,,1675.0,792.0,
45953000,45953000,2023,Москва,Поселение «Мосрентген»,Внутригородская территория города федерального значения,105013.2,3346.0,,,190.0,,,659.0,542.0,665.0,,
45954000,45954000,2023,Москва,Поселение Новофедоровское,Внутригородская территория города федерального значения,81933.5,233.0,,,,,,,,,,
45955000,45955000,2023,Москва,Поселение Первомайское,Внутригородская территория города федерального значения,105665.4,1038.0,,,,,,62.0,,290.0,,
45956000,45956000,2023,Москва,Поселение Роговское,Внутригородская территория города федерального значения,99287.0,527.0,,,,,,,,,,
45957000,45957000,2023,Москва,Поселение Рязановское,Внутригородская территория города федерального значения,176897.9,3319.0,,,,,,202.0,,746.0,,
45958000,45958000,2023,Москва,Поселение Сосенское,Внутригородская территория города федерального значения,142615.6,20027.0,,,988.0,743.0,,3266.0,760.0,2548.0,3230.0,
45959000,45959000,2023,Москва,Поселение Филимонковское,Внутригородская территория города федерального значения,92737.3,785.0,,,,,,,,,,
45961000,45961000,2023,Москва,Поселение Щаповское,Внутригородская территория города федерального значения,84560.0,1795.0,,,810.0,,,38.0,,,,
46704000,46704000,2023,Московская область,Балашиха,"Городской округ, городской округ с внутригородским делением",86622.4,61641.0,,,8734.0,1165.0,1882.0,14115.0,3433.0,10627.0,8140.0,
46705000,46705000,2023,Московская область,Бронницы,"Городской округ, городской округ с внутригородским делением",69765.3,5496.0,,,1669.0,,,659.0,379.0,768.0,,
46707000,46707000,2023,Московская область,Ленинский,"Городской округ, городской округ с внутригородским делением",99489.7,42214.0,,,4836.0,681.0,377.0,11541.0,1743.0,4580.0,2602.0,
46708000,46708000,2023,Московская область,Волоколамский,"Городской округ, городской округ с внутригородским делением",66102.7,8876.0,692.0,,1071.0,745.0,209.0,643.0,1440.0,1319.0,988.0,
46709000,46709000,2023,Московская область,Домодедово,"Городской округ, городской округ с внутригородским делением",98184.7,65354.0,778.0,,4596.0,1550.0,1113.0,15609.0,2466.0,4426.0,5041.0,
46710000,46710000,2023,Московская область,Воскресенск,"Городской округ, городской округ с внутригородским делением",74513.3,23254.0,252.0,,6850.0,715.0,714.0,2458.0,1449.0,3082.0,2082.0,
46711000,46711000,2023,Московская область,Дзержинский,"Городской округ, городской округ с внутригородским делением",91279.6,12068.0,,,3687.0,787.0,665.0,1672.0,205.0,954.0,721.0,
46715000,46715000,2023,Московская область,Дмитровский,"Городской округ, городской округ с внутригородским делением",76323.5,39110.0,1639.0,,10641.0,1482.0,1215.0,5466.0,1854.0,4521.0,3422.0,
46716000,46716000,2023,Московская область,Долгопрудный,"Городской округ, городской округ с внутригородским делением",117128.7,21222.0,,,4812.0,,332.0,4849.0,273.0,4466.0,1535.0,
46718000,46718000,2023,Московская область,Дубна,"Городской округ, городской округ с внутригородским делением",98390.0,17702.0,,,7504.0,275.0,372.0,846.0,1309.0,2020.0,1592.0,
46722000,46722000,2023,Московская область,Егорьевск,"Городской округ, городской округ с внутригородским делением",70495.4,20276.0,190.0,,7624.0,563.0,927.0,1309.0,1726.0,2865.0,2579.0,
46725000,46725000,2023,Московская область,Жуковский,"Городской округ, городской округ с внутригородским делением",100376.7,27627.0,,,2419.0,309.0,,2886.0,2071.0,2622.0,2162.0,
46728000,46728000,2023,Московская область,Сергиево-Посадский,"Городской округ, городской округ с внутригородским делением",75172.2,48783.0,239.0,,14277.0,1997.0,2524.0,3309.0,2481.0,5825.0,6101.0,
46729000,46729000,2023,Московская область,Зарайск,"Городской округ, городской округ с внутригородским делением",54965.2,5449.0,854.0,,769.0,,,301.0,558.0,1018.0,599.0,
46733000,46733000,2023,Московская область,Истра,"Городской округ, городской округ с внутригородским делением",93404.9,36659.0,363.0,,8076.0,666.0,638.0,8969.0,1268.0,4176.0,2231.0,
46734000,46734000,2023,Московская область,Королев,"Городской округ, городской округ с внутригородским делением",100514.8,47612.0,,,10504.0,2541.0,447.0,3497.0,2359.0,5343.0,4446.0,
46735000,46735000,2023,Московская область,Кашира,"Городской округ, городской округ с внутригородским делением",70270.0,15165.0,1554.0,,3548.0,517.0,934.0,1219.0,1283.0,1549.0,943.0,
46737000,46737000,2023,Московская область,Клин,"Городской округ, городской округ с внутригородским делением",69842.4,22225.0,,,7720.0,604.0,542.0,2053.0,1449.0,2703.0,2531.0,
46738000,46738000,2023,Московская область,Коломна,"Городской округ, городской округ с внутригородским делением",72830.8,47141.0,1085.0,,11150.0,3273.0,1474.0,4341.0,2850.0,5483.0,4804.0,
46739000,46739000,2023,Московская область,Котельники,"Городской округ, городской округ с внутригородским делением",103526.5,10858.0,,,1039.0,,,5110.0,614.0,822.0,373.0,
46740000,46740000,2023,Московская область,Лобня,"Городской округ, городской округ с внутригородским делением",124486.4,24355.0,,,2760.0,229.0,422.0,2593.0,560.0,1772.0,1015.0,
46741000,46741000,2023,Московская область,Лыткарино,"Городской округ, городской округ с внутригородским делением",93063.4,11618.0,,,4587.0,,,1110.0,242.0,1135.0,513.0,
46742000,46742000,2023,Московская область,Лосино-Петровский,"Городской округ, городской округ с внутригородским делением",67355.0,6492.0,,,2444.0,187.0,,582.0,199.0,1225.0,812.0,
46744000,46744000,2023,Московская область,Красногорск,"Городской округ, городской округ с внутригородским делением",116060.7,93319.0,,,8964.0,4530.0,724.0,15537.0,13734.0,6994.0,10901.0,
46745000,46745000,2023,Московская область,Можайский,"Городской округ, городской округ с внутригородским делением",62005.2,12245.0,830.0,,2850.0,475.0,393.0,965.0,1943.0,1555.0,1342.0,
46746000,46746000,2023,Московская область,Мытищи,"Городской округ, городской округ с внутригородским делением",93877.4,75059.0,37.0,,12534.0,2599.0,779.0,20800.0,4234.0,9732.0,6484.0,
46747000,46747000,2023,Московская область,Луховицы,"Городской округ, городской округ с внутригородским делением",77869.4,14403.0,1680.0,,4086.0,,,802.0,538.0,1834.0,1158.0,
46748000,46748000,2023,Московская область,Люберцы,"Городской округ, городской округ с внутригородским делением",95882.0,57859.0,,,8609.0,1127.0,848.0,10559.0,3159.0,7689.0,7580.0,
46750000,46750000,2023,Московская область,Наро-Фоминский,"Городской округ, городской округ с внутригородским делением",74749.2,27914.0,664.0,,6853.0,1118.0,712.0,4785.0,2290.0,3311.0,3013.0,
46751000,46751000,2023,Московская область,Богородский,"Городской округ, городской округ с внутригородским делением",88119.4,56676.0,608.0,,15876.0,4123.0,416.0,13851.0,3869.0,4378.0,3870.0,
46752000,46752000,2023,Московская область,Лотошино,"Городской округ, городской округ с внутригородским делением",51628.3,1968.0,165.0,,,,,139.0,327.0,421.0,,
46755000,46755000,2023,Московская область,Одинцовский,"Городской округ, городской округ с внутригородским делением",102437.9,99417.0,2971.0,,11072.0,5214.0,1201.0,22555.0,4887.0,11346.0,10336.0,
46757000,46757000,2023,Московская область,Орехово-Зуевский,"Городской округ, городской округ с внутригородским делением",70848.8,39549.0,286.0,,12409.0,1250.0,1494.0,3776.0,2175.0,5343.0,6029.0,
46758000,46758000,2023,Московская область,Пушкинский,"Городской округ, городской округ с внутригородским делением",73857.3,50659.0,1716.0,,9935.0,938.0,859.0,12234.0,2182.0,6003.0,4989.0,
46759000,46759000,2023,Московская область,Павлово-Посадский,"Городской округ, городской округ с внутригородским делением",72580.1,13501.0,,,3995.0,1164.0,,1248.0,778.0,1732.0,1285.0,
46760000,46760000,2023,Московская область,Подольск,"Городской округ, городской округ с внутригородским делением",147439.8,94640.0,,,21590.0,4381.0,992.0,22761.0,3600.0,7218.0,6867.0,
46762000,46762000,2023,Московская область,Пущино,"Городской округ, городской округ с внутригородским делением",75689.1,3397.0,,,,,,371.0,82.0,486.0,,
46764000,46764000,2023,Московская область,Реутов,"Городской округ, городской округ с внутригородским делением",87814.7,19566.0,,,1806.0,225.0,142.0,3394.0,3348.0,2474.0,1308.0,
46766000,46766000,2023,Московская область,Рузский,"Городской округ, городской округ с внутригородским делением",77927.4,16371.0,24.0,834.0,3002.0,,540.0,1555.0,1508.0,1784.0,3334.0,
46767000,46767000,2023,Московская область,Протвино,"Городской округ, городской округ с внутригородским делением",74037.2,8069.0,,,1771.0,,,306.0,764.0,699.0,448.0,
46768000,46768000,2023,Московская область,Раменский,"Городской округ, городской округ с внутригородским делением",82690.5,57358.0,2191.0,134.0,12108.0,1959.0,1292.0,11963.0,2289.0,6789.0,3988.0,
46770000,46770000,2023,Московская область,Серпухов,"Городской округ, городской округ с внутригородским делением",74089.1,32888.0,218.0,,11798.0,884.0,575.0,2648.0,2361.0,4623.0,3233.0,
46771000,46771000,2023,Московская область,Солнечногорск,"Городской округ, городской округ с внутригородским делением",83300.6,36763.0,95.0,,7322.0,756.0,836.0,8481.0,2149.0,3763.0,4228.0,
46772000,46772000,2023,Московская область,Серебряные Пруды,"Городской округ, городской округ с внутригородским делением",60610.8,4142.0,276.0,,,,,293.0,804.0,540.0,,
46776000,46776000,2023,Московская область,Ступино,"Городской округ, городской округ с внутригородским делением",79652.0,34265.0,763.0,,13189.0,1100.0,,2784.0,1817.0,3086.0,3082.0,
46778000,46778000,2023,Московская область,Талдомский,"Городской округ, городской округ с внутригородским делением",71718.4,7255.0,88.0,,1692.0,187.0,,601.0,479.0,1086.0,986.0,
46780000,46780000,2023,Московская область,Фрязино,"Городской округ, городской округ с внутригородским делением",109113.8,16515.0,,,10923.0,198.0,,1086.0,279.0,1220.0,653.0,
46781000,46781000,2023,Московская область,Черноголовка,"Городской округ, городской округ с внутригородским делением",120913.9,9949.0,,,1447.0,,,5176.0,117.0,492.0,55.0,
46783000,46783000,2023,Московская область,Химки,"Городской округ, городской округ с внутригородским делением",111442.0,103567.0,,,11014.0,449.0,2092.0,20116.0,8893.0,7832.0,5099.0,
46784000,46784000,2023,Московская область,Чехов,"Городской округ, городской округ с внутригородским делением",75162.3,24876.0,178.0,,5353.0,,,3921.0,1671.0,3075.0,4655.0,
46786000,46786000,2023,Московская область,Шатура,"Городской округ, городской округ с внутригородским делением",62910.2,12689.0,351.0,,2452.0,1239.0,882.0,952.0,1533.0,1879.0,1787.0,
46787000,46787000,2023,Московская область,Шаховская,"Городской округ, городской округ с внутригородским делением",62235.9,3397.0,,,367.0,,,472.0,341.0,780.0,,
46788000,46659000,2023,Московская область,Щёлково,"Городской округ, городской округ с внутригородским делением",85691.3,36073.0,,76.0,11512.0,1341.0,321.0,4646.0,3409.0,4727.0,3668.0,
46790000,46790000,2023,Московская область,Электросталь,"Городской округ, городской округ с внутригородским делением",118347.4,29142.0,,,12717.0,740.0,448.0,3787.0,1556.0,3328.0,2296.0,
46791000,46759000,2023,Московская область,Электрогорск,"Городской округ, городской округ с внутригородским делением",62289.8,3286.0,,,1527.0,,,245.0,117.0,426.0,276.0,
47515000,47515000,2023,Мурманская область,Печенгский муниципальный округ,Муниципальный округ,95301.2,10042.0,266.0,,1410.0,591.0,,393.0,921.0,1275.0,831.0,
47517000,47517000,2023,Мурманская область,Ковдорский муниципальный округ,Муниципальный округ,97098.6,6755.0,,,191.0,343.0,,217.0,273.0,665.0,474.0,
47519000,47519000,2023,Мурманская область,Город Апатиты,Муниципальный округ,87323.0,12790.0,,,1346.0,1205.0,,756.0,1162.0,1870.0,2250.0,
47522000,47522000,2023,Мурманская область,Город Кировск,Муниципальный округ,127682.0,15665.0,,,372.0,179.0,,424.0,702.0,1098.0,1383.0,
47524000,47524000,2023,Мурманская область,Город Мончегорск,Муниципальный округ,98750.0,14682.0,,,,,,538.0,747.0,1850.0,1641.0,
47526000,47526000,2023,Мурманская область,Город Оленегорск,Муниципальный округ,82524.5,7540.0,,,197.0,566.0,,398.0,1235.0,1155.0,762.0,
47528000,47528000,2023,Мурманская область,Город Полярные Зори,Муниципальный округ,132930.5,6659.0,,,,3431.0,,194.0,422.0,714.0,568.0,
47605000,47605000,2023,Мурманская область,Кольский муниципальный район,Муниципальный район,120926.2,24644.0,1109.0,,845.0,1521.0,279.0,822.0,2245.0,1841.0,1094.0,
47608000,47608000,2023,Мурманская область,Кандалакшский муниципальный район,Муниципальный район,80232.4,11698.0,,,1382.0,1190.0,140.0,565.0,1325.0,1939.0,1556.0,
47610000,47610000,2023,Мурманская область,Ловозерский муниципальный район,Муниципальный район,72529.9,3185.0,,,,183.0,,83.0,725.0,504.0,205.0,
47620000,47620000,2023,Мурманская область,Терский муниципальный район,Муниципальный район,78231.1,1079.0,,,,35.0,,56.0,144.0,224.0,123.0,
47701000,47701000,2023,Мурманская область,Город-герой Мурманск,"Городской округ, городской округ с внутригородским делением",109287.2,84486.0,4224.0,962.0,5607.0,3618.0,1262.0,6182.0,13370.0,10894.0,10261.0,
47730000,47730000,2023,Мурманская область,ЗАТО город Североморск,"Городской округ, городской округ с внутригородским делением",72637.4,14400.0,,,181.0,1247.0,249.0,444.0,6976.0,2016.0,1798.0,
47731000,47731000,2023,Мурманская область,ЗАТО город Островной,"Городской округ, городской округ с внутригородским делением",85653.4,371.0,,,,,,,134.0,34.0,,
47733000,47733000,2023,Мурманская область,ЗАТО город Заозерск,"Городской округ, городской округ с внутригородским делением",70841.5,2245.0,,,,220.0,,62.0,1009.0,323.0,291.0,
47735000,47735000,2023,Мурманская область,ЗАТО поселок Видяево,"Городской округ, городской округ с внутригородским делением",70592.9,1174.0,,,,,,16.0,454.0,236.0,,
47737000,47737000,2023,Мурманская область,ЗАТО Александровск,"Городской округ, городской округ с внутригородским делением",78149.8,10787.0,,,2348.0,723.0,283.0,250.0,3053.0,1685.0,1233.0,
49510000,49510000,2023,Новгородская область,Волотовский,Муниципальный округ,41059.2,434.0,,,,,,19.0,86.0,77.0,68.0,
49523000,49523000,2023,Новгородская область,Марёвский,Муниципальный округ,38384.7,515.0,,,,,,,159.0,69.0,86.0,
49538000,49538000,2023,Новгородская область,Солецкий,Муниципальный округ,38609.1,1685.0,,,,125.0,,149.0,503.0,227.0,267.0,
49545000,49545000,2023,Новгородская область,Хвойнинский,Муниципальный округ,49000.8,2590.0,166.0,,97.0,163.0,,218.0,300.0,307.0,288.0,
49603000,49503000,2023,Новгородская область,Батецкий муниципальный район,Муниципальный район,40818.3,615.0,,,,,,28.0,161.0,112.0,48.0,
49606000,49606000,2023,Новгородская область,Боровичский муниципальный район,Муниципальный район,49728.0,14488.0,,,5604.0,1070.0,,724.0,1450.0,1590.0,1809.0,
49608000,49608000,2023,Новгородская область,Валдайский муниципальный район,Муниципальный район,50895.4,5424.0,221.0,,558.0,463.0,,231.0,652.0,581.0,657.0,
49612000,49512000,2023,Новгородская область,Демянский муниципальный район,Муниципальный район,42154.1,1499.0,90.0,,,76.0,,58.0,335.0,270.0,231.0,
49614000,49514000,2023,Новгородская область,Крестецкий муниципальный район,Муниципальный район,57767.9,2457.0,588.0,,,94.0,,127.0,240.0,320.0,150.0,
49616000,49616000,2023,Новгородская область,Любытинский муниципальный район,Муниципальный район,48257.3,1326.0,79.0,,,58.0,,52.0,241.0,141.0,219.0,
49620000,49620000,2023,Новгородская область,Маловишерский муниципальный район,Муниципальный район,51863.5,2157.0,,,,103.0,,114.0,376.0,313.0,396.0,
49624000,49524000,2023,Новгородская область,Мошенской муниципальный район,Муниципальный район,37055.3,725.0,,,,,,26.0,178.0,137.0,126.0,
49625000,49625000,2023,Новгородская область,Новгородский муниципальный район,Муниципальный район,53982.6,8941.0,1091.0,,1929.0,444.0,,1602.0,1221.0,1056.0,464.0,
49628000,49628000,2023,Новгородская область,Окуловский муниципальный район,Муниципальный район,53354.9,4508.0,51.0,,1653.0,203.0,,420.0,851.0,533.0,414.0,
49630000,49630000,2023,Новгородская область,Парфинский муниципальный район,Муниципальный район,41023.4,2112.0,,,678.0,,,64.0,519.0,249.0,166.0,
49632000,49532000,2023,Новгородская область,Пестовский муниципальный район,Муниципальный район,44328.4,2368.0,,,21.0,,,144.0,416.0,465.0,355.0,
49634000,49634000,2023,Новгородская область,Поддорский муниципальный район,Муниципальный район,38233.6,493.0,,,,,,12.0,121.0,63.0,117.0,
49639000,49639000,2023,Новгородская область,Старорусский муниципальный район,Муниципальный район,48315.7,7616.0,32.0,,2219.0,667.0,,305.0,945.0,1053.0,1399.0,
49647000,49547000,2023,Новгородская область,Холмский муниципальный район,Муниципальный район,42670.8,637.0,,,,71.0,,40.0,164.0,84.0,91.0,
49650000,49650000,2023,Новгородская область,Чудовский муниципальный район,Муниципальный район,56712.2,3402.0,,,1091.0,206.0,,274.0,360.0,464.0,226.0,
49655000,49655000,2023,Новгородская область,Шимский муниципальный район,Муниципальный район,50678.1,1437.0,,,,107.0,,62.0,317.0,198.0,293.0,
49701000,49701000,2023,Новгородская область,Великий Новгород,"Городской округ, городской округ с внутригородским делением",62694.8,62041.0,210.0,,14742.0,2988.0,996.0,6161.0,8099.0,7677.0,7243.0,
50603000,50603000,2023,Новосибирская область,Баганский муниципальный район,Муниципальный район,43568.8,2900.0,594.0,,,114.0,,55.0,254.0,1001.0,306.0,
50604000,50604000,2023,Новосибирская область,Барабинский муниципальный район,Муниципальный район,54331.7,8789.0,116.0,,464.0,723.0,119.0,247.0,666.0,1680.0,1009.0,
50606000,50606000,2023,Новосибирская область,Болотнинский муниципальный район,Муниципальный район,48692.5,4455.0,,,,169.0,79.0,97.0,484.0,1174.0,675.0,
50608000,50608000,2023,Новосибирская область,Венгеровский муниципальный район,Муниципальный район,44699.4,2865.0,462.0,,,,,47.0,394.0,984.0,479.0,
50610000,50610000,2023,Новосибирская область,Доволенский муниципальный район,Муниципальный район,41826.5,2593.0,167.0,,7.0,116.0,47.0,60.0,343.0,838.0,522.0,
50613000,50613000,2023,Новосибирская область,Здвинский муниципальный район,Муниципальный район,46176.6,2199.0,221.0,,281.0,115.0,22.0,45.0,291.0,591.0,323.0,
50615000,50615000,2023,Новосибирская область,Искитимский муниципальный район,Муниципальный район,60110.3,12237.0,1970.0,1442.0,3845.0,274.0,61.0,292.0,459.0,2315.0,641.0,
50617000,50617000,2023,Новосибирская область,Карасукский муниципальный район,Муниципальный район,50870.5,9088.0,449.0,,807.0,744.0,128.0,284.0,678.0,1967.0,946.0,
50619000,50619000,2023,Новосибирская область,Каргатский муниципальный район,Муниципальный район,44773.7,2987.0,583.0,,18.0,145.0,,104.0,362.0,813.0,411.0,
50621000,50621000,2023,Новосибирская область,Колыванский муниципальный район,Муниципальный район,48725.9,3657.0,626.0,,142.0,48.0,38.0,154.0,544.0,1100.0,324.0,
50623000,50623000,2023,Новосибирская область,Коченевский муниципальный район,Муниципальный район,53807.9,5716.0,796.0,,822.0,129.0,106.0,254.0,738.0,1115.0,675.0,
50625000,50625000,2023,Новосибирская область,Кочковский муниципальный район,Муниципальный район,46554.6,2106.0,400.0,,,87.0,17.0,40.0,232.0,573.0,309.0,
50627000,50627000,2023,Новосибирская область,Краснозерский муниципальный район,Муниципальный район,48759.4,4174.0,801.0,,32.0,57.0,11.0,127.0,540.0,1205.0,705.0,
50630000,50630000,2023,Новосибирская область,Куйбышевский муниципальный район,Муниципальный район,51386.6,9631.0,35.0,,1773.0,679.0,193.0,356.0,1289.0,2502.0,1421.0,
50632000,50632000,2023,Новосибирская область,Купинский муниципальный район,Муниципальный район,45843.5,4802.0,259.0,,380.0,152.0,46.0,144.0,511.0,1448.0,595.0,
50634000,50634000,2023,Новосибирская область,Кыштовский муниципальный район,Муниципальный район,44944.0,1595.0,,,,,,39.0,264.0,655.0,340.0,
50636000,50636000,2023,Новосибирская область,Маслянинский муниципальный район,Муниципальный район,54424.0,4230.0,1331.0,,,64.0,30.0,90.0,327.0,1060.0,553.0,
50638000,50638000,2023,Новосибирская область,Мошковский муниципальный район,Муниципальный район,55579.5,5186.0,,,,162.0,61.0,184.0,498.0,1490.0,1242.0,
50640000,50640000,2023,Новосибирская область,Новосибирский муниципальный район,Муниципальный район,69145.8,31857.0,1642.0,,6814.0,423.0,166.0,9978.0,2271.0,3889.0,1943.0,
50642000,50642000,2023,Новосибирская область,Ордынский муниципальный район,Муниципальный район,50150.9,5249.0,761.0,,236.0,288.0,54.0,210.0,712.0,1284.0,635.0,
50644000,50644000,2023,Новосибирская область,Северный муниципальный район,Муниципальный район,42768.5,1338.0,,,,20.0,,26.0,255.0,364.0,263.0,
50648000,50648000,2023,Новосибирская область,Сузунский муниципальный район,Муниципальный район,43292.4,5065.0,1020.0,,501.0,204.0,61.0,126.0,481.0,1127.0,619.0,
50650000,50650000,2023,Новосибирская область,Татарский муниципальный район,Муниципальный район,48832.0,6815.0,621.0,,420.0,652.0,,275.0,604.0,1577.0,871.0,
50652000,50652000,2023,Новосибирская область,Тогучинский муниципальный район,Муниципальный район,48823.7,9103.0,589.0,370.0,1819.0,223.0,,274.0,985.0,2069.0,1204.0,
50654000,50654000,2023,Новосибирская область,Убинский муниципальный район,Муниципальный район,42038.4,2299.0,134.0,,,84.0,91.0,46.0,478.0,584.0,384.0,
50655000,50655000,2023,Новосибирская область,Усть-Таркский муниципальный район,Муниципальный район,43499.3,2067.0,416.0,,24.0,,,33.0,283.0,656.0,318.0,
50656000,50656000,2023,Новосибирская область,Чановский муниципальный район,Муниципальный район,50346.1,4336.0,200.0,,,125.0,40.0,105.0,533.0,1209.0,952.0,
50657000,50657000,2023,Новосибирская область,Черепановский муниципальный район,Муниципальный район,49608.5,6807.0,537.0,,750.0,661.0,,231.0,657.0,1701.0,882.0,
50658000,50658000,2023,Новосибирская область,Чистоозерный муниципальный район,Муниципальный район,41844.1,2485.0,,,43.0,100.0,,71.0,554.0,798.0,392.0,
50659000,50659000,2023,Новосибирская область,Чулымский муниципальный район,Муниципальный район,50802.1,3792.0,,,,533.0,,97.0,429.0,832.0,499.0,
50701000,50701000,2023,Новосибирская область,Город Новосибирск,"Городской округ, городской округ с внутригородским делением",78754.6,390768.0,698.0,875.0,62823.0,10877.0,4174.0,46833.0,35712.0,52697.0,45110.0,
50708000,50708000,2023,Новосибирская область,Город Бердск,"Городской округ, городской округ с внутригородским делением",59108.5,15161.0,,,3766.0,556.0,288.0,1039.0,949.0,3093.0,2021.0,
50712000,50712000,2023,Новосибирская область,Город Искитим,"Городской округ, городской округ с внутригородским делением",63523.8,12245.0,,574.0,3203.0,295.0,202.0,700.0,1051.0,1836.0,1736.0,
50717000,50717000,2023,Новосибирская область,Город Обь,"Городской округ, городской округ с внутригородским делением",85436.2,10841.0,,,87.0,91.0,,566.0,803.0,778.0,748.0,
50740000,50740000,2023,Новосибирская область,Рабочий поселок Кольцово,"Городской округ, городской округ с внутригородским делением",108127.2,6501.0,,,860.0,,,643.0,133.0,723.0,558.0,
52601000,52601000,2023,Омская область,Азовский немецкий национальный муниципальный район,Муниципальный район,42797.7,3048.0,905.0,,22.0,161.0,,83.0,367.0,725.0,307.0,
52603000,52603000,2023,Омская область,Большереченский муниципальный район,Муниципальный район,38308.6,3540.0,232.0,,,101.0,42.0,139.0,430.0,807.0,772.0,
52606000,52606000,2023,Омская область,Большеуковский муниципальный район,Муниципальный район,37931.5,1201.0,,,,,,38.0,253.0,300.0,226.0,
52609000,52609000,2023,Омская область,Горьковский муниципальный район,Муниципальный район,38158.6,2131.0,120.0,,,167.0,,54.0,366.0,570.0,,
52612000,52612000,2023,Омская область,Знаменский муниципальный район,Муниципальный район,36328.9,1937.0,,,,155.0,,66.0,334.0,563.0,328.0,
52615000,52615000,2023,Омская область,Исилькульский муниципальный район,Муниципальный район,39115.7,6523.0,1078.0,,181.0,313.0,69.0,225.0,775.0,1408.0,887.0,
52618000,52618000,2023,Омская область,Калачинский муниципальный район,Муниципальный район,44316.1,6382.0,153.0,,975.0,509.0,144.0,355.0,623.0,1350.0,854.0,
52621000,52621000,2023,Омская область,Колосовский муниципальный район,Муниципальный район,37661.2,1677.0,,,,137.0,,64.0,271.0,463.0,334.0,
52623000,52623000,2023,Омская область,Кормиловский муниципальный район,Муниципальный район,43827.5,3740.0,886.0,,269.0,154.0,99.0,103.0,364.0,705.0,481.0,
52626000,52626000,2023,Омская область,Крутинский муниципальный район,Муниципальный район,39091.7,2245.0,308.0,,,150.0,,56.0,305.0,485.0,494.0,
52629000,52629000,2023,Омская область,Любинский муниципальный район,Муниципальный район,42098.2,5007.0,435.0,,916.0,165.0,69.0,166.0,511.0,1089.0,879.0,
52630000,52630000,2023,Омская область,Марьяновский муниципальный район,Муниципальный район,42555.1,3528.0,545.0,,389.0,225.0,,112.0,349.0,730.0,619.0,
52632000,52632000,2023,Омская область,Москаленский муниципальный район,Муниципальный район,40236.4,3880.0,838.0,,209.0,165.0,60.0,97.0,405.0,1008.0,478.0,
52634000,52634000,2023,Омская область,Муромцевский муниципальный район,Муниципальный район,37206.0,3003.0,193.0,,,190.0,56.0,96.0,424.0,964.0,517.0,
52636000,52636000,2023,Омская область,Называевский муниципальный район,Муниципальный район,39803.2,2770.0,24.0,,7.0,219.0,,107.0,479.0,753.0,448.0,
52639000,52639000,2023,Омская область,Нижнеомский муниципальный район,Муниципальный район,36850.3,1822.0,62.0,,,138.0,,64.0,306.0,552.0,,
52641000,52641000,2023,Омская область,Нововаршавский муниципальный район,Муниципальный район,43091.4,3228.0,334.0,,,232.0,28.0,101.0,361.0,777.0,376.0,
52642000,52642000,2023,Омская область,Одесский муниципальный район,Муниципальный район,40403.3,2368.0,219.0,,,116.0,,83.0,336.0,626.0,338.0,
52643000,52643000,2023,Омская область,Оконешниковский муниципальный район,Муниципальный район,38834.5,1625.0,120.0,,,112.0,39.0,62.0,302.0,439.0,,
52644000,52644000,2023,Омская область,Омский муниципальный район,Муниципальный район,46499.1,17048.0,2020.0,,3541.0,374.0,382.0,491.0,606.0,3000.0,1910.0,
52646000,52646000,2023,Омская область,Павлоградский муниципальный район,Муниципальный район,40605.4,3169.0,1067.0,,62.0,142.0,,78.0,310.0,600.0,339.0,
52648000,52648000,2023,Омская область,Полтавский муниципальный район,Муниципальный район,40185.3,2947.0,281.0,,259.0,137.0,,95.0,326.0,781.0,392.0,
52650000,52650000,2023,Омская область,Русско-Полянский муниципальный район,Муниципальный район,37986.9,2730.0,598.0,,16.0,128.0,,106.0,354.0,720.0,352.0,
52651000,52651000,2023,Омская область,Саргатский муниципальный район,Муниципальный район,38608.0,2154.0,74.0,,,200.0,,99.0,317.0,704.0,325.0,
52652000,52652000,2023,Омская область,Седельниковский муниципальный район,Муниципальный район,38022.3,1521.0,11.0,,,80.0,,60.0,277.0,490.0,263.0,
52653000,52653000,2023,Омская область,Таврический муниципальный район,Муниципальный район,40466.7,4190.0,69.0,,,153.0,181.0,170.0,567.0,1055.0,917.0,
52654000,52654000,2023,Омская область,Тарский муниципальный район,Муниципальный район,42255.4,6898.0,37.0,,138.0,502.0,125.0,297.0,881.0,1637.0,1740.0,
52655000,52655000,2023,Омская область,Тевризский муниципальный район,Муниципальный район,38426.7,1970.0,,,,133.0,,58.0,331.0,611.0,,
52656000,52656000,2023,Омская область,Тюкалинский муниципальный район,Муниципальный район,39643.1,3092.0,,,,171.0,,105.0,555.0,838.0,454.0,
52657000,52657000,2023,Омская область,Усть-Ишимский муниципальный район,Муниципальный район,37630.7,1609.0,,,,97.0,,11.0,323.0,505.0,,
52658000,52658000,2023,Омская область,Черлакский муниципальный район,Муниципальный район,38004.7,3079.0,199.0,,,159.0,,152.0,464.0,928.0,507.0,
52659000,52659000,2023,Омская область,Шербакульский муниципальный район,Муниципальный район,39311.5,2866.0,589.0,,,77.0,,78.0,375.0,786.0,399.0,
52701000,52701000,2023,Омская область,Город Омск,"Городской округ, городской округ с внутригородским делением",65738.2,274819.0,751.0,,60645.0,9682.0,2656.0,23457.0,27583.0,38427.0,36123.0,
53604000,53604000,2023,Оренбургская область,Адамовский муниципальный район,Муниципальный район,35791.4,2397.0,395.0,,,102.0,37.0,98.0,278.0,727.0,291.0,
53605000,53605000,2023,Оренбургская область,Акбулакский муниципальный район,Муниципальный район,34131.3,2662.0,,,,118.0,17.0,96.0,900.0,853.0,246.0,
53606000,53606000,2023,Оренбургская область,Александровский муниципальный район,Муниципальный район,47189.1,1853.0,,,,80.0,,46.0,231.0,471.0,211.0,
53607000,53607000,2023,Оренбургская область,Асекеевский муниципальный район,Муниципальный район,42576.3,1677.0,,137.0,,,25.0,46.0,222.0,552.0,274.0,
53610000,53610000,2023,Оренбургская область,Беляевский муниципальный район,Муниципальный район,40904.8,1676.0,173.0,,,24.0,21.0,43.0,254.0,468.0,260.0,
53611000,53611000,2023,Оренбургская область,Бугурусланский муниципальный район,Муниципальный район,47137.4,1209.0,,,,,,37.0,75.0,505.0,,
53612000,53612000,2023,Оренбургская область,Бузулукский муниципальный район,Муниципальный район,48704.2,2069.0,148.0,,82.0,65.0,,53.0,130.0,847.0,,
53615000,53615000,2023,Оренбургская область,Грачёвский муниципальный район,Муниципальный район,42798.3,1584.0,,,,,,81.0,139.0,425.0,201.0,
53617000,53617000,2023,Оренбургская область,Домбаровский муниципальный район,Муниципальный район,47076.3,1988.0,,,,60.0,31.0,70.0,222.0,666.0,199.0,
53619000,53619000,2023,Оренбургская область,Илекский муниципальный район,Муниципальный район,39659.6,2434.0,311.0,,,,40.0,86.0,276.0,764.0,545.0,
53622000,53622000,2023,Оренбургская область,Кваркенский муниципальный район,Муниципальный район,45553.4,1830.0,,,,32.0,,51.0,230.0,607.0,232.0,
53623000,53623000,2023,Оренбургская область,Красногвардейский муниципальный район,Муниципальный район,37889.8,1446.0,,,,,7.0,60.0,231.0,738.0,,
53625000,53625000,2023,Оренбургская область,Курманаевский муниципальный район,Муниципальный район,44895.3,1636.0,,,,,,37.0,200.0,450.0,239.0,
53627000,53627000,2023,Оренбургская область,Матвеевский муниципальный район,Муниципальный район,36824.1,1095.0,,,,29.0,,31.0,179.0,403.0,183.0,
53630000,53630000,2023,Оренбургская область,Новоорский муниципальный район,Муниципальный район,59217.2,3450.0,21.0,,,867.0,,204.0,249.0,927.0,455.0,
53631000,53631000,2023,Оренбургская область,Новосергиевский муниципальный район,Муниципальный район,48473.3,5340.0,402.0,,208.0,78.0,130.0,203.0,451.0,1169.0,623.0,
53633000,53633000,2023,Оренбургская область,Октябрьский муниципальный район,Муниципальный район,46124.8,3083.0,655.0,,,,,97.0,297.0,650.0,410.0,
53634000,53634000,2023,Оренбургская область,Оренбургский муниципальный район,Муниципальный район,66136.1,17721.0,1146.0,433.0,4698.0,188.0,161.0,1522.0,505.0,2930.0,771.0,
53636000,53636000,2023,Оренбургская область,Первомайский муниципальный район,Муниципальный район,43354.0,2350.0,,,,,16.0,82.0,364.0,847.0,366.0,
53637000,53637000,2023,Оренбургская область,Переволоцкий муниципальный район,Муниципальный район,44425.0,2917.0,309.0,163.0,132.0,42.0,61.0,122.0,339.0,802.0,340.0,
53638000,53638000,2023,Оренбургская область,Пономарёвский муниципальный район,Муниципальный район,34361.7,1201.0,,,,,,64.0,220.0,464.0,211.0,
53640000,53640000,2023,Оренбургская область,Сакмарский муниципальный район,Муниципальный район,44228.1,3558.0,1105.0,,,30.0,51.0,124.0,413.0,845.0,488.0,
53641000,53641000,2023,Оренбургская область,Саракташский муниципальный район,Муниципальный район,42778.3,3984.0,543.0,,,,32.0,141.0,474.0,1358.0,645.0,
53642000,53642000,2023,Оренбургская область,Светлинский муниципальный район,Муниципальный район,36878.3,1084.0,,,,,15.0,68.0,119.0,437.0,153.0,
53643000,53643000,2023,Оренбургская область,Северный муниципальный район,Муниципальный район,51159.0,1898.0,429.0,,,22.0,,54.0,145.0,410.0,214.0,
53651000,53651000,2023,Оренбургская область,Ташлинский муниципальный район,Муниципальный район,48508.9,3909.0,923.0,520.0,,33.0,,113.0,276.0,792.0,342.0,
53652000,53652000,2023,Оренбургская область,Тоцкий муниципальный район,Муниципальный район,38444.7,3156.0,51.0,,,55.0,14.0,130.0,879.0,839.0,700.0,
53653000,53653000,2023,Оренбургская область,Тюльганский муниципальный район,Муниципальный район,35998.4,1994.0,,,,,,49.0,220.0,885.0,306.0,
53656000,53656000,2023,Оренбургская область,Шарлыкский муниципальный район,Муниципальный район,40621.4,1743.0,,,,,,99.0,374.0,495.0,336.0,
53701000,53701000,2023,Оренбургская область,Город Оренбург,"Городской округ, городской округ с внутригородским делением",67632.3,151976.0,847.0,8201.0,15261.0,8308.0,1996.0,12209.0,23488.0,20436.0,22009.0,
53704000,53502000,2023,Оренбургская область,Абдулинский,"Городской округ, городской округ с внутригородским делением",54194.1,4180.0,,,332.0,113.0,41.0,166.0,412.0,648.0,531.0,
53708000,53708000,2023,Оренбургская область,Город Бугуруслан,"Городской округ, городской округ с внутригородским делением",53870.5,7960.0,,212.0,482.0,1133.0,118.0,377.0,677.0,1951.0,1238.0,
53712000,53712000,2023,Оренбургская область,Город Бузулук,"Городской округ, городской округ с внутригородским делением",66660.6,27865.0,58.0,12109.0,1138.0,1763.0,434.0,1045.0,1478.0,2571.0,2839.0,
53713000,53503000,2023,Оренбургская область,Гайский,"Городской округ, городской округ с внутригородским делением",68250.5,13195.0,,,1451.0,605.0,775.0,346.0,488.0,1271.0,1205.0,
53714000,53504000,2023,Оренбургская область,Кувандыкский,"Городской округ, городской округ с внутригородским делением",43356.3,4797.0,,,327.0,176.0,40.0,206.0,545.0,931.0,607.0,
53715000,53715000,2023,Оренбургская область,Город Медногорск,"Городской округ, городской округ с внутригородским делением",52875.3,4470.0,,,2128.0,367.0,27.0,161.0,109.0,624.0,503.0,
53720000,53720000,2023,Оренбургская область,Город Новотроицк,"Городской округ, городской округ с внутригородским делением",62326.5,24601.0,,,13816.0,888.0,413.0,662.0,1543.0,2324.0,1957.0,
53723000,53723000,2023,Оренбургская область,Город Орск,"Городской округ, городской округ с внутригородским делением",55690.3,39364.0,161.0,1401.0,10336.0,2435.0,681.0,2054.0,3108.0,6146.0,5549.0,
53725000,53505000,2023,Оренбургская область,Соль-Илецкий,"Городской округ, городской округ с внутригородским делением",42281.7,8468.0,117.0,,,312.0,150.0,420.0,1769.0,1823.0,1027.0,
53727000,53506000,2023,Оренбургская область,Сорочинский,"Городской округ, городской округ с внутригородским делением",41547.0,5713.0,,141.0,407.0,353.0,102.0,302.0,377.0,1237.0,1010.0,
53732000,53507000,2023,Оренбургская область,Ясненский,"Городской округ, городской округ с внутригородским делением",52307.2,4184.0,,,60.0,,,195.0,311.0,618.0,512.0,
53755000,53755000,2023,Оренбургская область,ЗАТО поселок Комаровский,"Городской округ, городской округ с внутригородским делением",40665.5,1496.0,,,,,,,,,,
54501000,54501000,2023,Орловская область,Орловский,Муниципальный округ,56347.1,13169.0,1598.0,,2924.0,349.0,,1358.0,296.0,2087.0,1470.0,
54604000,54604000,2023,Орловская область,Болховский муниципальный район,Муниципальный район,38893.9,2704.0,97.0,,,92.0,,103.0,279.0,813.0,506.0,
54608000,54608000,2023,Орловская область,Верховский муниципальный район,Муниципальный район,43305.6,2439.0,267.0,,,165.0,,115.0,338.0,524.0,283.0,
54610000,54610000,2023,Орловская область,Глазуновский муниципальный район,Муниципальный район,42026.2,1567.0,333.0,,,66.0,,51.0,216.0,397.0,193.0,
54612000,54612000,2023,Орловская область,Дмитровский муниципальный район,Муниципальный район,47900.0,1712.0,578.0,,,62.0,,57.0,284.0,397.0,217.0,
54615000,54615000,2023,Орловская область,Должанский муниципальный район,Муниципальный район,44731.8,1843.0,366.0,,34.0,71.0,,46.0,231.0,370.0,234.0,
54618000,54618000,2023,Орловская область,Залегощенский муниципальный район,Муниципальный район,40854.5,2137.0,567.0,,,104.0,,79.0,239.0,468.0,271.0,
54620000,54620000,2023,Орловская область,Знаменский муниципальный район,Муниципальный район,39478.9,554.0,,,,47.0,,,112.0,168.0,,
54623000,54623000,2023,Орловская область,Колпнянский муниципальный район,Муниципальный район,50453.4,1777.0,350.0,,,112.0,,70.0,243.0,327.0,213.0,
54624000,54624000,2023,Орловская область,Краснозоренский муниципальный район,Муниципальный район,45073.1,1195.0,,,,40.0,,25.0,121.0,250.0,,
54625000,54625000,2023,Орловская область,Кромской муниципальный район,Муниципальный район,44957.4,4820.0,736.0,,1651.0,138.0,,110.0,642.0,705.0,314.0,
54626000,54626000,2023,Орловская область,Корсаковский муниципальный район,Муниципальный район,41041.8,565.0,96.0,,,29.0,,,106.0,150.0,129.0,
54629000,54629000,2023,Орловская область,Ливенский муниципальный район,Муниципальный район,50268.4,4155.0,2160.0,,676.0,,,103.0,86.0,917.0,69.0,
54632000,54632000,2023,Орловская область,Малоархангельский муниципальный район,Муниципальный район,39875.1,1682.0,373.0,,,69.0,,122.0,244.0,349.0,,
54636000,54636000,2023,Орловская область,Мценский муниципальный район,Муниципальный район,47704.3,3007.0,734.0,,775.0,,,68.0,108.0,504.0,484.0,
54639000,54639000,2023,Орловская область,Новодеревеньковский муниципальный район,Муниципальный район,44308.7,1775.0,623.0,,,62.0,20.0,88.0,217.0,314.0,230.0,
54643000,54643000,2023,Орловская область,Новосильский муниципальный район,Муниципальный район,41340.5,1004.0,115.0,,,88.0,,48.0,246.0,233.0,,
54650000,54650000,2023,Орловская область,Покровский муниципальный район,Муниципальный район,47609.8,2233.0,944.0,,,116.0,,67.0,233.0,415.0,313.0,
54652000,54652000,2023,Орловская область,Свердловский муниципальный район,Муниципальный район,43072.0,2584.0,530.0,,,78.0,,170.0,243.0,470.0,289.0,
54653000,54653000,2023,Орловская область,Сосковский муниципальный район,Муниципальный район,40064.1,768.0,,,,47.0,,,153.0,195.0,,
54654000,54654000,2023,Орловская область,Троснянский муниципальный район,Муниципальный район,50069.5,1291.0,473.0,,,68.0,,37.0,177.0,353.0,110.0,
54655000,54655000,2023,Орловская область,Урицкий муниципальный район,Муниципальный район,36234.6,3293.0,200.0,,872.0,157.0,,155.0,581.0,558.0,430.0,
54657000,54657000,2023,Орловская область,Хотынецкий муниципальный район,Муниципальный район,45569.6,1490.0,405.0,,,67.0,,74.0,227.0,334.0,136.0,
54659000,54659000,2023,Орловская область,Шаблыкинский муниципальный район,Муниципальный район,49676.8,1365.0,686.0,,,51.0,,27.0,146.0,205.0,,
54701000,54701000,2023,Орловская область,Город Орёл,"Городской округ, городской округ с внутригородским делением",52693.8,78549.0,850.0,,9969.0,3223.0,974.0,7886.0,10580.0,14625.0,10877.0,
54705000,54705000,2023,Орловская область,Город Ливны,"Городской округ, городской округ с внутригородским делением",43617.5,12681.0,574.0,,5209.0,626.0,216.0,571.0,1176.0,1504.0,1451.0,
54710000,54710000,2023,Орловская область,Город Мценск,"Городской округ, городской округ с внутригородским делением",42411.9,8526.0,119.0,,2849.0,516.0,204.0,523.0,1090.0,1541.0,1126.0,
56603000,56603000,2023,Пензенская область,Башмаковский муниципальный район,Муниципальный район,51914.5,2783.0,803.0,,,,20.0,95.0,248.0,463.0,,
56606000,56606000,2023,Пензенская область,Спасский муниципальный район,Муниципальный район,40991.8,1033.0,,,,,,90.0,188.0,349.0,,
56609000,56609000,2023,Пензенская область,Бековский муниципальный район,Муниципальный район,39036.6,2631.0,701.0,,861.0,28.0,,73.0,232.0,328.0,222.0,
56612000,56612000,2023,Пензенская область,Белинский муниципальный район,Муниципальный район,39640.7,3402.0,400.0,,942.0,113.0,,95.0,396.0,635.0,378.0,
56613000,56613000,2023,Пензенская область,Бессоновский муниципальный район,Муниципальный район,49601.2,6603.0,1974.0,,1081.0,135.0,46.0,394.0,632.0,871.0,892.0,
56615000,56615000,2023,Пензенская область,Вадинский муниципальный район,Муниципальный район,39653.2,706.0,,,,,,24.0,134.0,171.0,,
56618000,56618000,2023,Пензенская область,Городищенский муниципальный район,Муниципальный район,39753.0,3360.0,,,778.0,,65.0,157.0,510.0,775.0,673.0,
56623000,56623000,2023,Пензенская область,Земетчинский муниципальный район,Муниципальный район,44156.9,2368.0,561.0,,510.0,37.0,,90.0,317.0,374.0,,
56626000,56626000,2023,Пензенская область,Иссинский муниципальный район,Муниципальный район,41724.1,1025.0,121.0,,,,,77.0,118.0,184.0,,
56629000,56629000,2023,Пензенская область,Каменский муниципальный район,Муниципальный район,46619.8,6166.0,832.0,,748.0,712.0,16.0,408.0,671.0,1069.0,763.0,
56631000,56631000,2023,Пензенская область,Камешкирский муниципальный район,Муниципальный район,35446.3,971.0,,,,28.0,,47.0,242.0,293.0,170.0,
56633000,56633000,2023,Пензенская область,Колышлейский муниципальный район,Муниципальный район,41908.2,2552.0,840.0,,,51.0,,77.0,323.0,482.0,429.0,
56640000,56640000,2023,Пензенская область,Кузнецкий муниципальный район,Муниципальный район,43105.1,1812.0,187.0,,,,,139.0,102.0,724.0,,
56642000,56642000,2023,Пензенская область,Лопатинский муниципальный район,Муниципальный район,38739.1,1035.0,,,,,,34.0,206.0,209.0,,
56643000,56643000,2023,Пензенская область,Лунинский муниципальный район,Муниципальный район,38109.0,1583.0,191.0,,,,14.0,75.0,328.0,334.0,,
56644000,56644000,2023,Пензенская область,Малосердобинский муниципальный район,Муниципальный район,35223.4,659.0,,,,,,33.0,146.0,204.0,,
56645000,56645000,2023,Пензенская область,Мокшанский муниципальный район,Муниципальный район,40374.0,3134.0,430.0,,620.0,61.0,21.0,120.0,333.0,577.0,638.0,
56647000,56647000,2023,Пензенская область,Наровчатский муниципальный район,Муниципальный район,39938.5,1077.0,413.0,,,,,45.0,221.0,221.0,,
56649000,56649000,2023,Пензенская область,Неверкинский муниципальный район,Муниципальный район,34240.5,1033.0,,,,,,41.0,237.0,399.0,,
56651000,56651000,2023,Пензенская область,Нижнеломовский муниципальный район,Муниципальный район,53120.5,12595.0,4291.0,,3206.0,548.0,169.0,1053.0,554.0,860.0,1029.0,
56653000,56653000,2023,Пензенская область,Никольский муниципальный район,Муниципальный район,43257.2,3350.0,227.0,,795.0,130.0,,166.0,449.0,506.0,372.0,
56654000,56654000,2023,Пензенская область,Пачелмский муниципальный район,Муниципальный район,39618.5,1089.0,242.0,,,37.0,,47.0,192.0,308.0,,
56655000,56655000,2023,Пензенская область,Пензенский муниципальный район,Муниципальный район,49596.1,7470.0,840.0,,616.0,83.0,218.0,1073.0,370.0,1644.0,1163.0,
56656000,56656000,2023,Пензенская область,Сердобский муниципальный район,Муниципальный район,40958.0,7172.0,852.0,,687.0,727.0,142.0,261.0,1186.0,1001.0,1058.0,
56657000,56657000,2023,Пензенская область,Сосновоборский муниципальный район,Муниципальный район,33115.2,1055.0,,,,,,62.0,200.0,344.0,,
56658000,56658000,2023,Пензенская область,Тамалинский муниципальный район,Муниципальный район,41552.7,1396.0,281.0,,,87.0,,155.0,219.0,271.0,,
56659000,56659000,2023,Пензенская область,Шемышейский муниципальный район,Муниципальный район,34459.7,1217.0,38.0,,,,,57.0,287.0,327.0,,
56701000,56701000,2023,Пензенская область,Город Пенза,"Городской округ, городской округ с внутригородским делением",55836.4,125017.0,1891.0,,25803.0,4153.0,1373.0,10219.0,16009.0,17940.0,17170.0,
56705000,56705000,2023,Пензенская область,Город Кузнецк,"Городской округ, городской округ с внутригородским делением",43534.2,12061.0,,,1443.0,1065.0,,816.0,2334.0,2352.0,1960.0,
56734000,56734000,2023,Пензенская область,ЗАТО город Заречный,"Городской округ, городской округ с внутригородским делением",51582.2,8175.0,,,2237.0,,,274.0,980.0,1458.0,1161.0,
57502000,57502000,2023,Пермский край,Александровский муниципальный округ,Муниципальный округ,48168.1,3781.0,,357.0,585.0,659.0,100.0,183.0,439.0,587.0,389.0,
57503000,57503000,2023,Пермский край,Бардымский муниципальный округ,Муниципальный округ,54410.0,3213.0,,239.0,,124.0,,152.0,451.0,880.0,320.0,
57506000,57506000,2023,Пермский край,Березовский муниципальный округ,Муниципальный округ,52774.7,2101.0,,,,68.0,,97.0,303.0,387.0,208.0,
57508000,57508000,2023,Пермский край,Большесосновский муниципальный округ,Муниципальный округ,44242.0,1535.0,,,,72.0,,68.0,298.0,500.0,182.0,
57513000,57513000,2023,Пермский край,Гайнский муниципальный округ,Муниципальный округ,53014.8,1453.0,300.0,,,,,44.0,269.0,416.0,,
57516000,57516000,2023,Пермский край,Губахинский муниципальный округ,Муниципальный округ,57670.7,11340.0,,,4685.0,331.0,,419.0,1598.0,951.0,1095.0,
57518000,57518000,2023,Пермский край,Еловский муниципальный округ,Муниципальный округ,40955.6,1228.0,,,,70.0,,48.0,255.0,312.0,223.0,
57522000,57522000,2023,Пермский край,Карагайский муниципальный округ,Муниципальный округ,42146.4,2708.0,593.0,,17.0,,,115.0,459.0,756.0,359.0,
57524000,57524000,2023,Пермский край,Кишертский муниципальный округ,Муниципальный округ,41784.9,1492.0,256.0,,,48.0,,35.0,303.0,302.0,215.0,
57525000,57525000,2023,Пермский край,Косинский муниципальный округ,Муниципальный округ,49227.6,795.0,,,,,,17.0,205.0,256.0,,
57526000,57526000,2023,Пермский край,Кочевский муниципальный округ,Муниципальный округ,55904.4,1294.0,,,,,,39.0,307.0,372.0,172.0,
57528000,57528000,2023,Пермский край,Кудымкарский муниципальный округ,Муниципальный округ,44144.9,7497.0,418.0,,,493.0,83.0,394.0,1447.0,1764.0,1692.0,
57529000,57529000,2023,Пермский край,Куединский муниципальный округ,Муниципальный округ,42973.6,4507.0,456.0,692.0,1035.0,152.0,18.0,140.0,478.0,784.0,337.0,
57530000,57530000,2023,Пермский край,Кунгурский муниципальный округ,Муниципальный округ,47374.5,16306.0,1248.0,429.0,3081.0,944.0,349.0,859.0,2559.0,2509.0,1748.0,
57538000,57538000,2023,Пермский край,Ординский муниципальный округ,Муниципальный округ,45344.4,2128.0,296.0,259.0,,76.0,,84.0,360.0,385.0,411.0,
57546000,57546000,2023,Пермский край,Пермский муниципальный округ,Муниципальный округ,59854.4,17090.0,1382.0,209.0,3033.0,250.0,132.0,2002.0,1208.0,3223.0,1953.0,
57548000,57548000,2023,Пермский край,Сивинский муниципальный округ,Муниципальный округ,41816.7,1848.0,523.0,,,87.0,,99.0,270.0,442.0,200.0,
57552000,57552000,2023,Пермский край,Уинский муниципальный округ,Муниципальный округ,42824.8,1041.0,,80.0,,35.0,,57.0,287.0,284.0,122.0,
57555000,57555000,2023,Пермский край,Частинский муниципальный округ,Муниципальный округ,50475.7,1716.0,,326.0,,101.0,,49.0,313.0,469.0,,
57559000,57559000,2023,Пермский край,Юрлинский муниципальный округ,Муниципальный округ,38841.8,1018.0,59.0,,,,,53.0,213.0,369.0,,
57560000,57560000,2023,Пермский край,Юсьвинский муниципальный округ,Муниципальный округ,40779.2,1919.0,329.0,,,62.0,,74.0,320.0,576.0,227.0,
57701000,57701000,2023,Пермский край,Пермский,"Городской округ, городской округ с внутригородским делением",74374.9,271849.0,647.0,1916.0,79495.0,8998.0,2634.0,23819.0,26019.0,27880.0,26555.0,
57708000,57504000,2023,Пермский край,Город Березники,"Городской округ, городской округ с внутригородским делением",73277.5,50847.0,41.0,945.0,23834.0,1293.0,467.0,1920.0,2731.0,3763.0,3309.0,
57712000,57512000,2023,Пермский край,Верещагинский,"Городской округ, городской округ с внутригородским делением",43388.6,5569.0,,,,200.0,105.0,235.0,676.0,1202.0,632.0,
57714000,57514000,2023,Пермский край,Горнозаводский,"Городской округ, городской округ с внутригородским делением",58807.4,4534.0,,615.0,,181.0,,187.0,348.0,592.0,357.0,
57718000,57517000,2023,Пермский край,Добрянский,"Городской округ, городской округ с внутригородским делением",71009.6,10328.0,100.0,1785.0,842.0,1150.0,174.0,519.0,833.0,1320.0,1022.0,
57719000,57523000,2023,Пермский край,Город Кизел,"Городской округ, городской округ с внутригородским делением",42261.7,2638.0,48.0,,,242.0,,133.0,634.0,408.0,432.0,
57720000,57531000,2023,Пермский край,Краснокамский,"Городской округ, городской округ с внутригородским делением",62407.5,11967.0,,81.0,5305.0,476.0,287.0,919.0,1072.0,1524.0,1147.0,
57726000,57532000,2023,Пермский край,Лысьвенский,"Городской округ, городской округ с внутригородским делением",48786.6,12755.0,,,6017.0,467.0,276.0,574.0,1106.0,1742.0,1382.0,
57727000,57534000,2023,Пермский край,Нытвенский,"Городской округ, городской округ с внутригородским делением",48573.8,6976.0,735.0,,2583.0,270.0,160.0,307.0,591.0,1042.0,582.0,
57728000,57540000,2023,Пермский край,Осинский,"Городской округ, городской округ с внутригородским делением",57139.0,5465.0,,927.0,,238.0,,297.0,581.0,927.0,578.0,
57729000,57542000,2023,Пермский край,Оханский,"Городской округ, городской округ с внутригородским делением",38577.5,1882.0,,,,62.0,,78.0,420.0,425.0,457.0,
57730000,57550000,2023,Пермский край,Соликамский,"Городской округ, городской округ с внутригородским делением",60698.5,30006.0,69.0,410.0,16070.0,803.0,282.0,1140.0,2979.0,2705.0,2384.0,
57731000,57551000,2023,Пермский край,Суксунский,"Городской округ, городской округ с внутригородским делением",55881.9,3022.0,,,,77.0,,146.0,372.0,531.0,727.0,
57735000,57735000,2023,Пермский край,Чайковский,"Городской округ, городской округ с внутригородским делением",60209.5,20255.0,748.0,171.0,4081.0,1458.0,457.0,916.0,1497.0,3114.0,2467.0,
57756000,57556000,2023,Пермский край,Чердынский,"Городской округ, городской округ с внутригородским делением",41341.9,2561.0,151.0,,,64.0,62.0,96.0,841.0,424.0,302.0,
57757000,57557000,2023,Пермский край,Чернушинский,"Городской округ, городской округ с внутригородским делением",62981.6,9461.0,,2597.0,509.0,457.0,169.0,511.0,856.0,1363.0,791.0,
57758000,57558000,2023,Пермский край,Чусовской,"Городской округ, городской округ с внутригородским делением",49621.6,13831.0,900.0,383.0,3667.0,945.0,240.0,611.0,1991.0,1438.0,1289.0,
57759000,57520000,2023,Пермский край,Ильинский,"Городской округ, городской округ с внутригородским делением",44293.3,2049.0,,,,123.0,,80.0,352.0,570.0,258.0,
57760000,57527000,2023,Пермский край,Красновишерский,"Городской округ, городской округ с внутригородским делением",44447.8,2518.0,,188.0,155.0,,,121.0,381.0,573.0,412.0,
57761000,57536000,2023,Пермский край,Октябрьский,"Городской округ, городской округ с внутригородским делением",49690.6,3527.0,177.0,232.0,,116.0,,135.0,513.0,753.0,443.0,
57762000,57544000,2023,Пермский край,Очерский,"Городской округ, городской округ с внутригородским делением",52377.4,3901.0,156.0,,1106.0,,,185.0,563.0,606.0,263.0,
57763000,57763000,2023,Пермский край,ЗАТО Звездный,"Городской округ, городской округ с внутригородским делением",51468.3,932.0,,,,,,48.0,116.0,458.0,66.0,
58604000,58504000,2023,Псковская область,Бежаницкий муниципальный район,Муниципальный район,41114.3,2050.0,355.0,,,243.0,,280.0,283.0,240.0,239.0,
58606000,58606000,2023,Псковская область,Великолукский муниципальный район,Муниципальный район,45851.5,2079.0,174.0,,,91.0,,226.0,235.0,404.0,403.0,
58608000,58608000,2023,Псковская область,Гдовский муниципальный район,Муниципальный район,37518.8,1262.0,,,46.0,125.0,15.0,128.0,315.0,260.0,215.0,
58610000,58610000,2023,Псковская область,Дедовичский муниципальный район,Муниципальный район,44571.3,2182.0,,,,402.0,,142.0,274.0,380.0,206.0,
58612000,58512000,2023,Псковская область,Дновский муниципальный район,Муниципальный район,52583.4,3107.0,,,1049.0,139.0,47.0,117.0,218.0,257.0,174.0,
58614000,58514000,2023,Псковская область,Красногородский муниципальный район,Муниципальный район,32832.3,939.0,,,,50.0,,70.0,120.0,302.0,250.0,
58616000,58616000,2023,Псковская область,Куньинский муниципальный район,Муниципальный район,39196.7,763.0,,,,91.0,,48.0,151.0,168.0,141.0,
58618000,58518000,2023,Псковская область,Локнянский муниципальный район,Муниципальный район,34804.6,931.0,,,,80.0,,81.0,159.0,242.0,218.0,
58620000,58520000,2023,Псковская область,Невельский муниципальный район,Муниципальный район,36928.4,3522.0,,,,211.0,,226.0,491.0,435.0,507.0,
58623000,58523000,2023,Псковская область,Новоржевский муниципальный район,Муниципальный район,33266.8,948.0,,,,82.0,,111.0,139.0,175.0,178.0,
58626000,58626000,2023,Псковская область,Новосокольнический муниципальный район,Муниципальный район,44148.7,1922.0,258.0,,,118.0,,150.0,209.0,358.0,198.0,
58629000,58529000,2023,Псковская область,Опочецкий муниципальный район,Муниципальный район,37438.7,2423.0,,,,282.0,,263.0,472.0,575.0,506.0,
58633000,58633000,2023,Псковская область,Островский муниципальный район,Муниципальный район,39250.9,4494.0,172.0,,553.0,457.0,,301.0,921.0,667.0,703.0,
58637000,58637000,2023,Псковская область,Палкинский муниципальный район,Муниципальный район,37997.8,862.0,,,,54.0,,38.0,132.0,189.0,202.0,
58640000,58540000,2023,Псковская область,Печорский муниципальный район,Муниципальный район,44270.1,3188.0,,,,133.0,,199.0,703.0,473.0,440.0,
58643000,58543000,2023,Псковская область,Плюсский муниципальный район,Муниципальный район,43154.7,993.0,,,,100.0,,139.0,138.0,157.0,164.0,
58647000,58547000,2023,Псковская область,Порховский муниципальный район,Муниципальный район,39175.3,3284.0,215.0,,,253.0,,185.0,381.0,549.0,755.0,
58649000,58649000,2023,Псковская область,Псковский муниципальный район,Муниципальный район,44189.9,5570.0,1397.0,,510.0,229.0,108.0,546.0,686.0,923.0,714.0,
58650000,58650000,2023,Псковская область,Пустошкинский муниципальный район,Муниципальный район,37889.2,937.0,,,,68.0,,100.0,152.0,199.0,146.0,
58651000,58651000,2023,Псковская область,Пушкиногорский муниципальный район,Муниципальный район,40762.5,1823.0,,,,88.0,,131.0,295.0,234.0,202.0,
58653000,58553000,2023,Псковская область,Пыталовский муниципальный район,Муниципальный район,45957.8,1622.0,,,,69.0,,107.0,622.0,392.0,158.0,
58654000,58654000,2023,Псковская область,Себежский муниципальный район,Муниципальный район,44082.8,3000.0,33.0,,,161.0,,331.0,1033.0,550.0,321.0,
58656000,58556000,2023,Псковская область,Струго-Красненский муниципальный район,Муниципальный район,37528.2,1423.0,,,,182.0,,180.0,375.0,260.0,224.0,
58658000,58558000,2023,Псковская область,Усвятский муниципальный район,Муниципальный район,33984.2,409.0,,,,42.0,,62.0,102.0,95.0,66.0,
58701000,58701000,2023,Псковская область,Город Псков,"Городской округ, городской округ с внутригородским делением",54130.0,51084.0,327.0,,7997.0,2582.0,,4977.0,8645.0,7102.0,6095.0,
58710000,58710000,2023,Псковская область,Город Великие Луки,"Городской округ, городской округ с внутригородским делением",48198.8,27818.0,,,12290.0,921.0,464.0,1891.0,1797.0,3089.0,2565.0,
60601000,60601000,2023,Ростовская область,Азовский муниципальный район,Муниципальный район,44143.3,7716.0,765.0,,448.0,79.0,187.0,592.0,775.0,2473.0,1509.0,
60602000,60602000,2023,Ростовская область,Аксайский муниципальный район,Муниципальный район,66337.5,31749.0,384.0,,6272.0,515.0,410.0,8278.0,2725.0,3028.0,1745.0,
60605000,60605000,2023,Ростовская область,Багаевский муниципальный район,Муниципальный район,51163.5,3795.0,229.0,,,114.0,,178.0,443.0,1100.0,588.0,
60606000,60606000,2023,Ростовская область,Белокалитвинский муниципальный район,Муниципальный район,45891.0,14689.0,236.0,,3942.0,473.0,709.0,769.0,1016.0,3061.0,2035.0,
60607000,60607000,2023,Ростовская область,Боковский муниципальный район,Муниципальный район,37167.3,1674.0,100.0,,,69.0,,52.0,221.0,595.0,,
60608000,60608000,2023,Ростовская область,Верхнедонской муниципальный район,Муниципальный район,40304.1,1977.0,214.0,,,,,70.0,249.0,648.0,347.0,
60609000,60609000,2023,Ростовская область,Веселовский муниципальный район,Муниципальный район,45557.2,3264.0,1380.0,,,,,96.0,401.0,632.0,418.0,
60612000,60612000,2023,Ростовская область,Волгодонской муниципальный район,Муниципальный район,40332.7,2180.0,,,,,,71.0,282.0,856.0,462.0,
60613000,60613000,2023,Ростовская область,Дубовский муниципальный район,Муниципальный район,40362.2,2219.0,227.0,,,,110.0,63.0,307.0,674.0,494.0,
60615000,60615000,2023,Ростовская область,Егорлыкский муниципальный район,Муниципальный район,41620.4,3648.0,,,341.0,101.0,,205.0,450.0,1010.0,939.0,
60617000,60617000,2023,Ростовская область,Заветинский муниципальный район,Муниципальный район,38190.9,1528.0,,,,,,35.0,311.0,493.0,433.0,
60618000,60618000,2023,Ростовская область,Зерноградский муниципальный район,Муниципальный район,44451.4,8495.0,1794.0,,264.0,536.0,256.0,562.0,752.0,1873.0,1120.0,
60619000,60619000,2023,Ростовская область,Зимовниковский муниципальный район,Муниципальный район,42328.9,4494.0,867.0,,17.0,135.0,88.0,249.0,564.0,1126.0,586.0,
60622000,60622000,2023,Ростовская область,Кагальницкий муниципальный район,Муниципальный район,46732.2,3950.0,1199.0,,,112.0,,270.0,338.0,873.0,476.0,
60623000,60623000,2023,Ростовская область,Каменский муниципальный район,Муниципальный район,43139.7,4750.0,579.0,189.0,70.0,73.0,,275.0,353.0,1129.0,656.0,
60624000,60624000,2023,Ростовская область,Кашарский муниципальный район,Муниципальный район,42365.1,2793.0,487.0,,106.0,65.0,,66.0,397.0,792.0,599.0,
60625000,60625000,2023,Ростовская область,Константиновский муниципальный район,Муниципальный район,36825.5,3850.0,,,,126.0,102.0,235.0,604.0,1425.0,541.0,
60626000,60626000,2023,Ростовская область,Красносулинский муниципальный район,Муниципальный район,58025.9,13180.0,235.0,3286.0,2131.0,310.0,237.0,548.0,914.0,1887.0,1443.0,
60627000,60627000,2023,Ростовская область,Куйбышевский муниципальный район,Муниципальный район,44827.6,1464.0,,,,,,31.0,205.0,496.0,324.0,
60630000,60630000,2023,Ростовская область,Мартыновский муниципальный район,Муниципальный район,37151.0,3199.0,424.0,,,,,119.0,416.0,1257.0,566.0,
60631000,60631000,2023,Ростовская область,Матвеево-Курганский муниципальный район,Муниципальный район,45356.9,5032.0,762.0,,259.0,,92.0,180.0,510.0,1463.0,776.0,
60632000,60632000,2023,Ростовская область,Миллеровский муниципальный район,Муниципальный район,47349.6,11843.0,1691.0,,1574.0,1080.0,276.0,704.0,1011.0,1944.0,1477.0,
60633000,60633000,2023,Ростовская область,Милютинский муниципальный район,Муниципальный район,43165.0,1695.0,352.0,,,,,44.0,216.0,488.0,293.0,
60634000,60634000,2023,Ростовская область,Морозовский муниципальный район,Муниципальный район,45065.2,6788.0,625.0,,1852.0,,,358.0,799.0,1068.0,724.0,
60635000,60635000,2023,Ростовская область,Мясниковский муниципальный район,Муниципальный район,57664.1,7703.0,730.0,,910.0,188.0,242.0,2317.0,667.0,1386.0,478.0,
60636000,60636000,2023,Ростовская область,Неклиновский муниципальный район,Муниципальный район,43807.6,7995.0,1647.0,,131.0,,237.0,384.0,794.0,2127.0,1538.0,
60640000,60640000,2023,Ростовская область,Обливский муниципальный район,Муниципальный район,39174.8,1844.0,170.0,,,72.0,12.0,114.0,338.0,472.0,376.0,
60641000,60641000,2023,Ростовская область,Октябрьский муниципальный район,Муниципальный район,52899.0,10495.0,1109.0,,1682.0,,279.0,1711.0,625.0,2414.0,837.0,
60642000,60642000,2023,Ростовская область,Орловский муниципальный район,Муниципальный район,41763.3,4224.0,388.0,,399.0,157.0,192.0,243.0,407.0,1029.0,655.0,
60644000,60644000,2023,Ростовская область,Песчанокопский муниципальный район,Муниципальный район,45298.0,3308.0,623.0,,,112.0,,150.0,364.0,766.0,565.0,
60645000,60645000,2023,Ростовская область,Пролетарский муниципальный район,Муниципальный район,43728.4,4208.0,907.0,,333.0,113.0,116.0,147.0,430.0,955.0,588.0,
60647000,60647000,2023,Ростовская область,Ремонтненский муниципальный район,Муниципальный район,37753.7,2164.0,269.0,,,,,66.0,391.0,576.0,476.0,
60648000,60648000,2023,Ростовская область,Родионово-Несветайский муниципальный район,Муниципальный район,46419.1,2595.0,,,,,,94.0,327.0,686.0,626.0,
60650000,60650000,2023,Ростовская область,Сальский муниципальный район,Муниципальный район,46226.9,16119.0,843.0,,1660.0,1255.0,150.0,846.0,1040.0,3353.0,2599.0,
60651000,60651000,2023,Ростовская область,Семикаракорский муниципальный район,Муниципальный район,43603.0,7398.0,1780.0,,1105.0,285.0,118.0,316.0,534.0,1338.0,845.0,
60652000,60652000,2023,Ростовская область,Советский муниципальный район,Муниципальный район,36182.3,704.0,,,,,,13.0,124.0,225.0,234.0,
60653000,60653000,2023,Ростовская область,Тарасовский муниципальный район,Муниципальный район,41302.2,3471.0,333.0,,20.0,93.0,,140.0,389.0,1136.0,687.0,
60654000,60654000,2023,Ростовская область,Тацинский муниципальный район,Муниципальный район,43189.8,4101.0,273.0,,359.0,88.0,104.0,127.0,371.0,1008.0,660.0,
60655000,60655000,2023,Ростовская область,Усть-Донецкий муниципальный район,Муниципальный район,46113.8,3523.0,567.0,,,,247.0,152.0,393.0,760.0,682.0,
60656000,60656000,2023,Ростовская область,Целинский муниципальный район,Муниципальный район,50697.6,4198.0,1214.0,,102.0,,69.0,418.0,421.0,899.0,510.0,
60657000,60657000,2023,Ростовская область,Цимлянский муниципальный район,Муниципальный район,50135.8,5603.0,555.0,,1024.0,846.0,,240.0,404.0,1121.0,697.0,
60658000,60658000,2023,Ростовская область,Чертковский муниципальный район,Муниципальный район,45013.3,3893.0,647.0,,,99.0,,176.0,515.0,1031.0,691.0,
60659000,60659000,2023,Ростовская область,Шолоховский муниципальный район,Муниципальный район,40231.0,3728.0,73.0,,,200.0,92.0,121.0,556.0,811.0,684.0,
60701000,60701000,2023,Ростовская область,Город Ростов-на-Дону,"Городской округ, городской округ с внутригородским делением",72212.6,284381.0,489.0,150.0,34511.0,8449.0,2844.0,35234.0,41384.0,33796.0,34114.0,
60704000,60704000,2023,Ростовская область,Город Азов,"Городской округ, городской округ с внутригородским делением",51159.1,16570.0,,,5375.0,1445.0,,1437.0,1246.0,2447.0,1856.0,
60707000,60707000,2023,Ростовская область,Город Батайск,"Городской округ, городской округ с внутригородским делением",55324.8,19252.0,,,2188.0,803.0,344.0,2926.0,1051.0,3108.0,1911.0,
60712000,60712000,2023,Ростовская область,Город Волгодонск,"Городской округ, городской округ с внутригородским делением",62502.8,34638.0,128.0,,10534.0,5282.0,,2395.0,1791.0,4696.0,3607.0,
60715000,60715000,2023,Ростовская область,Город Гуково,"Городской округ, городской округ с внутригородским делением",41530.1,6211.0,,,497.0,495.0,462.0,480.0,533.0,1502.0,1283.0,
60717000,60717000,2023,Ростовская область,Город Донецк,"Городской округ, городской округ с внутригородским делением",37121.7,4489.0,,,850.0,414.0,,394.0,462.0,1068.0,776.0,
60718000,60718000,2023,Ростовская область,Город Зверево,"Городской округ, городской округ с внутригородским делением",55915.7,4501.0,,,,,150.0,247.0,352.0,486.0,817.0,
60719000,60719000,2023,Ростовская область,Город Каменск-Шахтинский,"Городской округ, городской округ с внутригородским делением",54299.8,18587.0,,,6381.0,1532.0,341.0,930.0,1597.0,2258.0,2139.0,
60727000,60727000,2023,Ростовская область,Город Новочеркасск,"Городской округ, городской округ с внутригородским делением",52435.2,34957.0,,,11905.0,2956.0,515.0,1777.0,2972.0,5566.0,4172.0,
60730000,60730000,2023,Ростовская область,Город Новошахтинск,"Городской округ, городской округ с внутригородским делением",49825.8,11810.0,,,2101.0,663.0,400.0,801.0,1123.0,2375.0,1665.0,
60737000,60737000,2023,Ростовская область,Город Таганрог,"Городской округ, городской округ с внутригородским делением",56546.8,52579.0,,,19168.0,1886.0,1623.0,3678.0,2800.0,7194.0,6153.0,
60740000,60740000,2023,Ростовская область,Город Шахты,"Городской округ, городской округ с внутригородским делением",51462.1,31432.0,,55.0,10008.0,2254.0,1311.0,2610.0,2716.0,4488.0,5206.0,
61602000,61602000,2023,Рязанская область,Ермишинский муниципальный район,Муниципальный район,42973.6,841.0,,,,,,46.0,98.0,305.0,,
61604000,61604000,2023,Рязанская область,Захаровский муниципальный район,Муниципальный район,42297.1,1056.0,343.0,,,,,41.0,109.0,352.0,,
61606000,61606000,2023,Рязанская область,Кадомский муниципальный район,Муниципальный район,33649.6,695.0,,,,,,27.0,152.0,300.0,,
61608000,61608000,2023,Рязанская область,Касимовский муниципальный район,Муниципальный район,51666.2,5061.0,607.0,,990.0,,46.0,47.0,149.0,1019.0,613.0,
61610000,61610000,2023,Рязанская область,Клепиковский муниципальный район,Муниципальный район,43462.4,3066.0,62.0,,,,31.0,147.0,466.0,910.0,457.0,
61612000,61612000,2023,Рязанская область,Кораблинский муниципальный район,Муниципальный район,43636.5,2455.0,546.0,,,,,140.0,400.0,597.0,,
61615000,61615000,2023,Рязанская область,Милославский муниципальный район,Муниципальный район,38962.2,1322.0,,,,,,41.0,269.0,417.0,,
61617000,61617000,2023,Рязанская область,Михайловский муниципальный район,Муниципальный район,50677.0,4279.0,,,1411.0,47.0,103.0,226.0,510.0,1188.0,221.0,
61620000,61620000,2023,Рязанская область,Александро-Невский муниципальный район,Муниципальный район,43784.0,2024.0,828.0,,24.0,,,88.0,123.0,583.0,,
61623000,61623000,2023,Рязанская область,Пителинский муниципальный район,Муниципальный район,45638.6,780.0,,,,,,19.0,112.0,139.0,,
61625000,61625000,2023,Рязанская область,Пронский муниципальный район,Муниципальный район,46419.3,5228.0,261.0,,626.0,1406.0,,198.0,443.0,1150.0,,
61626000,61526000,2023,Рязанская область,Путятинский муниципальный район,Муниципальный район,58497.1,830.0,,,,,,43.0,75.0,238.0,,
61627000,61627000,2023,Рязанская область,Рыбновский муниципальный район,Муниципальный район,66319.4,8620.0,989.0,,,,,1950.0,522.0,1060.0,838.0,
61630000,61530000,2023,Рязанская область,Ряжский муниципальный район,Муниципальный район,40863.6,4814.0,440.0,,1283.0,,,209.0,724.0,954.0,461.0,
61634000,61634000,2023,Рязанская область,Рязанский муниципальный район,Муниципальный район,57592.0,10641.0,2156.0,,1999.0,,190.0,1029.0,648.0,2219.0,,
61637000,61637000,2023,Рязанская область,Сапожковский муниципальный район,Муниципальный район,43440.8,1512.0,,,,,,40.0,115.0,210.0,,
61640000,61640000,2023,Рязанская область,Сараевский муниципальный район,Муниципальный район,44262.9,2441.0,574.0,,,,,68.0,401.0,530.0,,
61642000,61542000,2023,Рязанская область,Сасовский муниципальный район,Муниципальный район,32463.8,1253.0,,,,,,60.0,129.0,449.0,,
61644000,61644000,2023,Рязанская область,Скопинский муниципальный район,Муниципальный район,52936.0,3390.0,231.0,,1444.0,,,,385.0,654.0,,
61646000,61646000,2023,Рязанская область,Спасский муниципальный район,Муниципальный район,41006.0,3193.0,154.0,,564.0,,49.0,143.0,423.0,793.0,633.0,
61648000,61648000,2023,Рязанская область,Старожиловский муниципальный район,Муниципальный район,47671.4,2888.0,962.0,,,,,52.0,154.0,562.0,270.0,
61650000,61650000,2023,Рязанская область,Ухоловский муниципальный район,Муниципальный район,37109.8,864.0,,,,,,31.0,137.0,323.0,,
61653000,61653000,2023,Рязанская область,Чучковский муниципальный район,Муниципальный район,40250.2,844.0,,,,,,,88.0,192.0,,
61656000,61656000,2023,Рязанская область,Шацкий муниципальный район,Муниципальный район,42046.3,3348.0,671.0,,,,,145.0,432.0,941.0,692.0,
61658000,61658000,2023,Рязанская область,Шиловский муниципальный район,Муниципальный район,43213.8,5239.0,82.0,,843.0,224.0,84.0,242.0,601.0,1212.0,917.0,
61700000,CD,2023,Рязанская область,Городские округа Рязанской области,"Городской округ, городской округ с внутригородским делением",61608.2,165997.0,742.0,214.0,45924.0,8761.0,1357.0,13077.0,18249.0,23151.0,19913.0,
61701000,61701000,2023,Рязанская область,Город Рязань,"Городской округ, городской округ с внутригородским делением",63591.8,148433.0,671.0,214.0,42930.0,7468.0,1262.0,12074.0,15788.0,19805.0,16500.0,
61705000,61705000,2023,Рязанская область,Город Касимов,"Городской округ, городской округ с внутригородским делением",44889.1,6630.0,,,1817.0,514.0,,442.0,810.0,1291.0,1118.0,
61710000,61710000,2023,Рязанская область,Город Сасово,"Городской округ, городской округ с внутригородским делением",47711.1,6210.0,,,943.0,458.0,,282.0,652.0,1133.0,1164.0,
61715000,61715000,2023,Рязанская область,Город Скопин,"Городской округ, городской округ с внутригородским делением",41017.1,4724.0,,,234.0,320.0,,280.0,999.0,921.0,1131.0,
63602000,63602000,2023,Саратовская область,Александрово-Гайский муниципальный район,Муниципальный район,45399.5,1915.0,,,,,,57.0,206.0,601.0,296.0,
63603000,63603000,2023,Саратовская область,Аркадакский муниципальный район,Муниципальный район,37719.4,3025.0,472.0,,,51.0,,89.0,360.0,816.0,448.0,
63604000,63604000,2023,Саратовская область,Аткарский муниципальный район,Муниципальный район,40987.4,5314.0,187.0,,,147.0,,354.0,670.0,1121.0,975.0,
63606000,63606000,2023,Саратовская область,Базарно-Карабулакский муниципальный район,Муниципальный район,36204.5,3682.0,96.0,,143.0,356.0,,139.0,486.0,1089.0,989.0,
63607000,63607000,2023,Саратовская область,Балаковский муниципальный район,Муниципальный район,60284.2,42020.0,,,11275.0,6889.0,,2786.0,2347.0,4954.0,5478.0,
63608000,63608000,2023,Саратовская область,Балашовский муниципальный район,Муниципальный район,41031.3,15126.0,171.0,,,1337.0,,894.0,1792.0,3351.0,3131.0,
63609000,63609000,2023,Саратовская область,Балтайский муниципальный район,Муниципальный район,34958.2,1261.0,181.0,,,,,32.0,227.0,362.0,252.0,
63611000,63611000,2023,Саратовская область,Вольский муниципальный район,Муниципальный район,42108.7,17483.0,129.0,,2216.0,948.0,485.0,536.0,2826.0,3762.0,3349.0,
63612000,63612000,2023,Саратовская область,Воскресенский муниципальный район,Муниципальный район,40331.0,1412.0,24.0,,,,,61.0,185.0,428.0,,
63613000,63613000,2023,Саратовская область,Дергачевский муниципальный район,Муниципальный район,35154.5,2825.0,526.0,,,84.0,113.0,89.0,344.0,763.0,560.0,
63614000,63614000,2023,Саратовская область,Духовницкий муниципальный район,Муниципальный район,41515.4,1572.0,,406.0,,,,32.0,267.0,324.0,269.0,
63616000,63616000,2023,Саратовская область,Екатериновский муниципальный район,Муниципальный район,42179.1,2062.0,225.0,,,,,68.0,261.0,574.0,,
63617000,63617000,2023,Саратовская область,Ершовский муниципальный район,Муниципальный район,45395.4,7908.0,929.0,156.0,680.0,943.0,149.0,221.0,602.0,1247.0,966.0,
63619000,63619000,2023,Саратовская область,Ивантеевский муниципальный район,Муниципальный район,37699.1,2285.0,274.0,389.0,,,,56.0,214.0,649.0,,
63621000,63621000,2023,Саратовская область,Калининский муниципальный район,Муниципальный район,40690.1,4324.0,1001.0,,,313.0,,148.0,563.0,1054.0,527.0,
63622000,63622000,2023,Саратовская область,Красноармейский муниципальный район,Муниципальный район,36243.9,5824.0,45.0,,776.0,283.0,,232.0,1287.0,1199.0,1148.0,
63623000,63623000,2023,Саратовская область,Краснокутский муниципальный район,Муниципальный район,39527.0,3904.0,140.0,,,79.0,85.0,137.0,477.0,1417.0,494.0,
63624000,63624000,2023,Саратовская область,Краснопартизанский муниципальный район,Муниципальный район,35409.7,1403.0,169.0,,,12.0,38.0,39.0,259.0,411.0,223.0,
63625000,63625000,2023,Саратовская область,Лысогорский муниципальный район,Муниципальный район,50600.8,2763.0,194.0,,,33.0,,80.0,291.0,614.0,481.0,
63626000,63626000,2023,Саратовская область,Марксовский муниципальный район,Муниципальный район,40444.4,8639.0,1245.0,,1429.0,431.0,,325.0,689.0,2051.0,1598.0,
63629000,63629000,2023,Саратовская область,Новобурасский муниципальный район,Муниципальный район,39069.8,1711.0,356.0,,,,,61.0,234.0,564.0,,
63630000,63630000,2023,Саратовская область,Новоузенский муниципальный район,Муниципальный район,35821.1,3135.0,83.0,,,245.0,,97.0,477.0,1073.0,584.0,
63632000,63632000,2023,Саратовская область,Озинский муниципальный район,Муниципальный район,34080.0,2033.0,,,,48.0,,80.0,419.0,707.0,419.0,
63634000,63634000,2023,Саратовская область,Перелюбский муниципальный район,Муниципальный район,39546.8,2118.0,581.0,,,,,48.0,263.0,664.0,,
63635000,63635000,2023,Саратовская область,Петровский муниципальный район,Муниципальный район,40217.1,4345.0,33.0,,,148.0,,278.0,565.0,1132.0,712.0,
63636000,63636000,2023,Саратовская область,Питерский муниципальный район,Муниципальный район,33834.5,1495.0,,,,,,32.0,259.0,596.0,294.0,
63637000,63637000,2023,Саратовская область,Пугачевский муниципальный район,Муниципальный район,39177.6,9430.0,1012.0,120.0,1077.0,724.0,170.0,400.0,1382.0,1917.0,1108.0,
63639000,63639000,2023,Саратовская область,Ровенский муниципальный район,Муниципальный район,37046.4,1437.0,,,,37.0,,51.0,175.0,611.0,252.0,
63640000,63640000,2023,Саратовская область,Романовский муниципальный район,Муниципальный район,34929.7,1206.0,23.0,,,61.0,,31.0,220.0,335.0,,
63641000,63641000,2023,Саратовская область,Ртищевский муниципальный район,Муниципальный район,41810.2,9148.0,391.0,,395.0,650.0,,377.0,758.0,1879.0,979.0,
63642000,63642000,2023,Саратовская область,Самойловский муниципальный район,Муниципальный район,33714.4,1888.0,,,,,,52.0,276.0,581.0,504.0,
63644000,63644000,2023,Саратовская область,Советский муниципальный район,Муниципальный район,43821.2,2726.0,,,,319.0,,114.0,381.0,677.0,313.0,
63646000,63646000,2023,Саратовская область,Татищевский муниципальный район,Муниципальный район,46631.9,4724.0,721.0,,,263.0,,385.0,489.0,876.0,397.0,
63647000,63647000,2023,Саратовская область,Турковский муниципальный район,Муниципальный район,33869.7,1205.0,31.0,,,,,44.0,203.0,389.0,280.0,
63648000,63648000,2023,Саратовская область,Федоровский муниципальный район,Муниципальный район,43580.8,1804.0,,,,43.0,,44.0,235.0,502.0,,
63649000,63649000,2023,Саратовская область,Хвалынский муниципальный район,Муниципальный район,35659.5,2852.0,32.0,,,,71.0,109.0,326.0,897.0,810.0,
63650000,63650000,2023,Саратовская область,Энгельсский муниципальный район,Муниципальный район,50741.5,50183.0,563.0,358.0,12844.0,2381.0,1035.0,4806.0,4407.0,8249.0,6195.0,
63700000,CD,2023,Саратовская область,Городские округа Саратовской области,"Городской округ, городской округ с внутригородским делением",59348.7,231666.0,1651.0,2371.0,45007.0,8595.0,2989.0,19008.0,25394.0,32931.0,30359.0,
63701000,63701000,2023,Саратовская область,Город Саратов,"Городской округ, городской округ с внутригородским делением",59648.8,228428.0,1651.0,2371.0,45004.0,8529.0,2788.0,18935.0,24631.0,32331.0,29423.0,
63746000,63746000,2023,Саратовская область,Город Шиханы,"Городской округ, городской округ с внутригородским делением",43044.9,698.0,,,,18.0,,37.0,150.0,155.0,199.0,
63760000,63550000,2023,Саратовская область,Поселок Михайловский,"Городской округ, городской округ с внутригородским делением",41779.6,794.0,,,,,162.0,,77.0,69.0,,
63775000,63775000,2023,Саратовская область,ЗАТО Светлый,"Городской округ, городской округ с внутригородским делением",34609.9,1747.0,,,,,,36.0,536.0,377.0,,
64701000,64701000,2023,Сахалинская область,Город Южно-Сахалинск,"Городской округ, городской округ с внутригородским делением",137449.9,76275.0,3079.0,3148.0,1025.0,3159.0,506.0,4124.0,11253.0,8713.0,10426.0,
64704000,64504000,2023,Сахалинская область,Александровск-Сахалинский район,"Городской округ, городской округ с внутригородским делением",81574.6,2125.0,,,,,,14.0,408.0,616.0,487.0,
64708000,64508000,2023,Сахалинская область,Анивский,"Городской округ, городской округ с внутригородским делением",92166.7,3064.0,452.0,,,,69.0,57.0,444.0,881.0,397.0,
64712000,64512000,2023,Сахалинская область,Долинский,"Городской округ, городской округ с внутригородским делением",89080.2,3396.0,221.0,,,,124.0,52.0,603.0,1161.0,635.0,
64716000,64516000,2023,Сахалинская область,Корсаковский,"Городской округ, городской округ с внутригородским делением",112483.4,7085.0,218.0,,343.0,136.0,136.0,159.0,1545.0,1451.0,871.0,
64720000,64520000,2023,Сахалинская область,Курильский,"Городской округ, городской округ с внутригородским делением",128913.4,2743.0,398.0,,296.0,137.0,,3.0,333.0,249.0,181.0,
64724000,64524000,2023,Сахалинская область,Макаровский,"Городской округ, городской округ с внутригородским делением",81758.7,1489.0,168.0,,,,48.0,,334.0,261.0,263.0,
64728000,64528000,2023,Сахалинская область,Невельский,"Городской округ, городской округ с внутригородским делением",94381.6,3599.0,330.0,,,,,37.0,589.0,717.0,519.0,
64732000,64532000,2023,Сахалинская область,Ногликский,"Городской округ, городской округ с внутригородским делением",164427.7,7711.0,,1516.0,24.0,380.0,117.0,34.0,345.0,545.0,347.0,
64736000,64536000,2023,Сахалинская область,Охинский,"Городской округ, городской округ с внутригородским делением",109610.5,6281.0,235.0,1048.0,,524.0,136.0,26.0,561.0,1180.0,724.0,
64740000,64540000,2023,Сахалинская область,Поронайский,"Городской округ, городской округ с внутригородским делением",78505.5,4223.0,81.0,,,308.0,125.0,52.0,626.0,1057.0,622.0,
64743000,64543000,2023,Сахалинская область,Северо-Курильский,"Городской округ, городской округ с внутригородским делением",162303.8,1425.0,460.0,,339.0,,,,153.0,98.0,,
64746000,64546000,2023,Сахалинская область,Смирныховский,"Городской округ, городской округ с внутригородским делением",83615.3,2991.0,121.0,,,99.0,,17.0,665.0,535.0,369.0,
64748000,64548000,2023,Сахалинская область,Томаринский,"Городской округ, городской округ с внутригородским делением",87857.5,2360.0,135.0,,,526.0,,,311.0,408.0,384.0,
64750000,64550000,2023,Сахалинская область,Тымовский,"Городской округ, городской округ с внутригородским делением",84975.2,3132.0,91.0,,,159.0,70.0,30.0,670.0,752.0,855.0,
64752000,64552000,2023,Сахалинская область,Углегорский,"Городской округ, городской округ с внутригородским делением",125258.8,8155.0,,2003.0,,,119.0,163.0,531.0,994.0,633.0,
64754000,64554000,2023,Сахалинская область,Холмский,"Городской округ, городской округ с внутригородским делением",90235.4,7336.0,67.0,16.0,,424.0,254.0,114.0,1061.0,1614.0,1402.0,
64756000,64556000,2023,Сахалинская область,Южно-Курильский,"Городской округ, городской округ с внутригородским делением",129815.1,4217.0,919.0,,1103.0,196.0,,27.0,337.0,428.0,,
65608000,65608000,2023,Свердловская область,Байкаловский муниципальный район,Муниципальный район,44837.1,3310.0,859.0,,,46.0,24.0,72.0,482.0,801.0,309.0,
65623000,65623000,2023,Свердловская область,Камышловский муниципальный район,Муниципальный район,40873.7,3981.0,833.0,,181.0,37.0,16.0,86.0,864.0,1205.0,346.0,
65628000,65628000,2023,Свердловская область,Нижнесергинский муниципальный район,Муниципальный район,52201.9,7047.0,,,1905.0,204.0,158.0,248.0,881.0,1509.0,624.0,
65639000,65639000,2023,Свердловская область,Слободо-Туринский муниципальный район,Муниципальный район,42844.6,1939.0,,,,64.0,47.0,71.0,358.0,804.0,,
65645000,65645000,2023,Свердловская область,Таборинский муниципальный район,Муниципальный район,40815.5,702.0,,,,36.0,,,261.0,222.0,,
65701000,65701000,2023,Свердловская область,Город Екатеринбург,"Городской округ, городской округ с внутригородским делением",84542.6,459281.0,2680.0,1929.0,69985.0,14843.0,6857.0,73820.0,36537.0,48298.0,43175.0,
65703000,65502000,2023,Свердловская область,Артемовский,"Городской округ, городской округ с внутригородским делением",49140.3,9956.0,,,1672.0,1370.0,75.0,539.0,927.0,2090.0,1319.0,
65704000,65503000,2023,Свердловская область,Артинский,"Городской округ, городской округ с внутригородским делением",41819.0,3934.0,417.0,,,116.0,62.0,251.0,540.0,1264.0,562.0,
65705000,65505000,2023,Свердловская область,Ачитский,"Городской округ, городской округ с внутригородским делением",46336.4,3170.0,,,,,26.0,98.0,263.0,924.0,412.0,
65706000,65506000,2023,Свердловская область,Белоярский,"Городской округ, городской округ с внутригородским делением",53774.7,6148.0,703.0,,487.0,,22.0,825.0,1018.0,1405.0,702.0,
65707000,65514000,2023,Свердловская область,Богданович,"Городской округ, городской округ с внутригородским делением",52454.0,11268.0,1259.0,,3385.0,796.0,,453.0,812.0,2081.0,841.0,
65708000,65509000,2023,Свердловская область,Верхнесалдинский,"Городской округ, городской округ с внутригородским делением",69699.6,19060.0,,,12281.0,656.0,413.0,808.0,829.0,1496.0,737.0,
65709000,65516000,2023,Свердловская область,Верхотурский,"Городской округ, городской округ с внутригородским делением",47991.9,2555.0,112.0,,,,,121.0,605.0,871.0,386.0,
65710000,65511000,2023,Свердловская область,Гаринский,"Городской округ, городской округ с внутригородским делением",70279.0,927.0,,,,,,14.0,196.0,141.0,,
65711000,65530000,2023,Свердловская область,Ирбитское,"Городской округ, городской округ с внутригородским делением",49221.7,5500.0,2454.0,,199.0,,50.0,44.0,500.0,1453.0,,
65712000,65531000,2023,Свердловская область,Каменский,"Городской округ, городской округ с внутригородским делением",44596.6,3544.0,852.0,,358.0,,,175.0,227.0,969.0,254.0,
65713000,65539000,2023,Свердловская область,Красноуфимский округ,"Городской округ, городской округ с внутригородским делением",40228.4,3033.0,,,,,,55.0,207.0,1392.0,150.0,
65714000,65541000,2023,Свердловская область,Невьянский,"Городской округ, городской округ с внутригородским делением",57824.9,8214.0,,868.0,2000.0,173.0,95.0,395.0,1046.0,1515.0,688.0,
65715000,65543000,2023,Свердловская область,Нижнетуринский,"Городской округ, городской округ с внутригородским делением",57629.1,5101.0,,,1176.0,,,289.0,464.0,916.0,495.0,
65716000,65544000,2023,Свердловская область,Новолялинский,"Городской округ, городской округ с внутригородским делением",40534.8,3762.0,,,,156.0,52.0,177.0,571.0,1031.0,335.0,
65717000,65512000,2023,Свердловская область,Горноуральский,"Городской округ, городской округ с внутригородским делением",43317.1,3176.0,342.0,,,221.0,,176.0,300.0,1223.0,297.0,
65718000,65546000,2023,Свердловская область,Пышминский,"Городской округ, городской округ с внутригородским делением",43488.5,2952.0,605.0,,,201.0,,117.0,257.0,930.0,385.0,
65719000,65525000,2023,Свердловская область,Ревда,"Городской округ, городской округ с внутригородским делением",68928.1,12826.0,,,4984.0,428.0,,1130.0,1011.0,1605.0,1171.0,
65720000,65547000,2023,Свердловская область,Режевской,"Городской округ, городской округ с внутригородским делением",52031.0,7266.0,,,706.0,369.0,243.0,502.0,722.0,1819.0,1137.0,
65721000,65551000,2023,Свердловская область,Сосьвинский,"Городской округ, городской округ с внутригородским делением",55355.8,1722.0,,,,,,65.0,298.0,533.0,203.0,
65722000,65552000,2023,Свердловская область,Сысертский,"Городской округ, городской округ с внутригородским делением",58300.2,12136.0,653.0,,2984.0,234.0,188.0,1823.0,897.0,2559.0,1356.0,
65723000,65553000,2023,Свердловская область,Тавдинский,"Городской округ, городской округ с внутригородским делением",42085.3,6041.0,50.0,,1040.0,,,262.0,1463.0,1313.0,1032.0,
65724000,65554000,2023,Свердловская область,Талицкий,"Городской округ, городской округ с внутригородским делением",47778.1,7298.0,565.0,,649.0,707.0,,336.0,751.0,1768.0,1275.0,
65725000,65555000,2023,Свердловская область,Тугулымский,"Городской округ, городской округ с внутригородским делением",41217.8,2727.0,,,,172.0,,114.0,711.0,915.0,503.0,
65726000,65556000,2023,Свердловская область,Туринский,"Городской округ, городской округ с внутригородским делением",42659.3,4096.0,377.0,,,272.0,,245.0,518.0,979.0,502.0,
65727000,65557000,2023,Свердловская область,Шалинский,"Городской округ, городской округ с внутригородским делением",41247.6,2533.0,378.0,,,,,105.0,386.0,777.0,385.0,
65728000,65538000,2023,Свердловская область,Город Алапаевск,"Городской округ, городской округ с внутригородским делением",46683.5,6584.0,,,588.0,117.0,,493.0,986.0,1535.0,1407.0,
65729000,65729000,2023,Свердловская область,Арамильский,"Городской округ, городской округ с внутригородским делением",64351.8,3846.0,,,1626.0,175.0,,357.0,270.0,750.0,,
65730000,65504000,2023,Свердловская область,Асбестовский,"Городской округ, городской округ с внутригородским делением",51821.6,15443.0,,,2286.0,742.0,324.0,710.0,1095.0,2115.0,1999.0,
65731000,65507000,2023,Свердловская область,Березовский,"Городской округ, городской округ с внутригородским делением",63297.9,14158.0,124.0,,2259.0,363.0,354.0,3114.0,1131.0,2394.0,1230.0,
65732000,65732000,2023,Свердловская область,Верхняя Пышма,"Городской округ, городской округ с внутригородским делением",98872.2,21839.0,,,9604.0,539.0,620.0,1846.0,1273.0,3184.0,1355.0,
65733000,65515000,2023,Свердловская область,Верхний Тагил,"Городской округ, городской округ с внутригородским делением",46275.9,2679.0,134.0,,,633.0,78.0,102.0,74.0,463.0,,
65734000,65734000,2023,Свердловская область,Верхняя Тура,"Городской округ, городской округ с внутригородским делением",65667.5,2668.0,,,1342.0,,,61.0,109.0,426.0,,
65735000,65510000,2023,Свердловская область,Волчанский,"Городской округ, городской округ с внутригородским делением",46080.2,1832.0,,,,,,79.0,78.0,375.0,244.0,
65736000,65517000,2023,Свердловская область,Дегтярск,"Городской округ, городской округ с внутригородским делением",45631.4,1234.0,,,,,,146.0,118.0,459.0,,
65737000,65518000,2023,Свердловская область,Заречный,"Городской округ, городской округ с внутригородским делением",79230.4,9212.0,,,569.0,3301.0,374.0,649.0,625.0,1352.0,593.0,
65738000,65529000,2023,Свердловская область,Ивдельский,"Городской округ, городской округ с внутригородским делением",62935.4,4219.0,,602.0,,136.0,,196.0,983.0,632.0,384.0,
65739000,65739000,2023,Свердловская область,Город Ирбит,"Городской округ, городской округ с внутригородским делением",48296.5,8583.0,,,1642.0,177.0,,435.0,910.0,1827.0,1401.0,
65740000,65740000,2023,Свердловская область,Каменск-Уральский,"Городской округ, городской округ с внутригородским делением",64968.8,49055.0,,,23367.0,1335.0,1094.0,2711.0,2993.0,5624.0,4439.0,
65741000,65741000,2023,Свердловская область,Камышловский,"Городской округ, городской округ с внутригородским делением",50541.9,7501.0,,,1348.0,251.0,,376.0,1037.0,1296.0,1011.0,
65742000,65519000,2023,Свердловская область,Карпинск,"Городской округ, городской округ с внутригородским делением",54497.4,5155.0,,,482.0,156.0,,303.0,428.0,1127.0,777.0,
65743000,65532000,2023,Свердловская область,Качканарский,"Городской округ, городской округ с внутригородским делением",66645.7,12168.0,,5676.0,1070.0,270.0,,491.0,569.0,1290.0,907.0,
65744000,65533000,2023,Свердловская область,Кировградский,"Городской округ, городской округ с внутригородским делением",56555.4,6922.0,,,3047.0,241.0,288.0,247.0,887.0,1097.0,524.0,
65745000,65520000,2023,Свердловская область,Краснотурьинск,"Городской округ, городской округ с внутригородским делением",63968.2,16540.0,,2291.0,3263.0,820.0,261.0,684.0,1541.0,2185.0,1925.0,
65746000,65521000,2023,Свердловская область,Красноуральск,"Городской округ, городской округ с внутригородским делением",64475.7,5912.0,,,2316.0,196.0,,243.0,547.0,851.0,582.0,
65747000,65747000,2023,Свердловская область,Красноуфимск,"Городской округ, городской округ с внутригородским делением",55377.7,9725.0,,,683.0,232.0,103.0,499.0,1077.0,1795.0,1274.0,
65748000,65534000,2023,Свердловская область,Кушвинский,"Городской округ, городской округ с внутригородским делением",52515.5,7614.0,,1060.0,1608.0,240.0,,350.0,627.0,1196.0,719.0,
65749000,65749000,2023,Свердловская область,Город Лесной,"Городской округ, городской округ с внутригородским делением",53145.7,7497.0,,,,,,,,,,
65750000,65522000,2023,Свердловская область,Нижняя Салда,"Городской округ, городской округ с внутригородским делением",52355.2,3328.0,,,555.0,,,129.0,252.0,460.0,522.0,
65751000,65513000,2023,Свердловская область,Город Нижний Тагил,"Городской округ, городской округ с внутригородским делением",62554.8,105752.0,337.0,,44816.0,4437.0,1274.0,5041.0,6816.0,11148.0,9278.0,
65752000,65752000,2023,Свердловская область,Новоуральский,"Городской округ, городской округ с внутригородским делением",57486.6,15279.0,,,,,,,,,,
65753000,65524000,2023,Свердловская область,Первоуральск,"Городской округ, городской округ с внутригородским делением",63718.0,33224.0,421.0,,13547.0,989.0,495.0,3219.0,2113.0,3907.0,3331.0,
65754000,65545000,2023,Свердловская область,Полевской,"Городской округ, городской округ с внутригородским делением",63168.3,15564.0,,,7480.0,544.0,393.0,840.0,785.0,2140.0,1386.0,
65755000,65548000,2023,Свердловская область,Североуральский,"Городской округ, городской округ с внутригородским делением",62173.8,9198.0,,,879.0,,,355.0,666.0,1214.0,1031.0,
65756000,65549000,2023,Свердловская область,Серовский,"Городской округ, городской округ с внутригородским делением",59868.8,22204.0,,,7822.0,1507.0,119.0,1122.0,1480.0,4020.0,2060.0,
65757000,65526000,2023,Свердловская область,Среднеуральск,"Городской округ, городской округ с внутригородским делением",70401.8,3132.0,,,452.0,403.0,,873.0,182.0,539.0,122.0,
65758000,65528000,2023,Свердловская область,Сухой Лог,"Городской округ, городской округ с внутригородским делением",60018.6,10888.0,560.0,,4096.0,372.0,167.0,605.0,689.0,1817.0,1238.0,
65759000,65508000,2023,Свердловская область,Бисертский,"Городской округ, городской округ с внутригородским делением",39445.5,1128.0,,,,64.0,,100.0,121.0,425.0,,
65760000,65760000,2023,Свердловская область,Верхнее Дуброво,"Городской округ, городской округ с внутригородским делением",62068.0,1231.0,,,184.0,,,50.0,49.0,161.0,,
65761000,65761000,2023,Свердловская область,Верх-Нейвинский,"Городской округ, городской округ с внутригородским делением",67420.9,1074.0,,,,,,51.0,78.0,170.0,,
65762000,65535000,2023,Свердловская область,Малышевский,"Городской округ, городской округ с внутригородским делением",56695.3,1484.0,,,,,,63.0,110.0,325.0,,
65763000,65763000,2023,Свердловская область,Рефтинский,"Городской округ, городской округ с внутригородским делением",69857.3,4731.0,,,,1818.0,,161.0,166.0,664.0,200.0,
65764000,65523000,2023,Свердловская область,Пелым,"Городской округ, городской округ с внутригородским делением",89501.0,1174.0,,,,63.0,,27.0,25.0,127.0,,
65765000,65765000,2023,Свердловская область,ЗАТО Свободный,"Городской округ, городской округ с внутригородским делением",47027.1,1675.0,,,,,,,,,,
65766000,65527000,2023,Свердловская область,Староуткинск,"Городской округ, городской округ с внутригородским делением",39014.0,272.0,,,,33.0,,28.0,25.0,,,
65767000,65767000,2023,Свердловская область,ЗАТО Уральский,"Городской округ, городской округ с внутригородским делением",41877.1,453.0,,,,,,,,,,
65769000,65536000,2023,Свердловская область,Махнёвское,"Городской округ, городской округ с внутригородским делением",38193.7,540.0,,,,,,21.0,110.0,209.0,,
65771000,65537000,2023,Свердловская область,Алапаевское,"Городской округ, городской округ с внутригородским делением",47744.1,5121.0,770.0,,1549.0,296.0,,137.0,151.0,1063.0,524.0,
66603000,66503000,2023,Смоленская область,Велижский муниципальный район,Муниципальный район,35384.2,1229.0,,,,77.0,,91.0,289.0,318.0,216.0,
66605000,66505000,2023,Смоленская область,Вяземский муниципальный район,Муниципальный район,49685.6,16212.0,195.0,,5242.0,874.0,141.0,653.0,1246.0,2229.0,1606.0,
66608000,66508000,2023,Смоленская область,Гагаринский муниципальный район,Муниципальный район,60879.6,8699.0,327.0,,3743.0,142.0,385.0,473.0,606.0,1273.0,571.0,
66609000,66509000,2023,Смоленская область,Глинковский муниципальный район,Муниципальный район,39969.3,604.0,,,,,,,115.0,146.0,,
66611000,66511000,2023,Смоленская область,Демидовский муниципальный район,Муниципальный район,33621.2,1766.0,,,,82.0,,77.0,337.0,515.0,288.0,
66614000,66514000,2023,Смоленская область,Дорогобужский муниципальный район,Муниципальный район,53524.7,5596.0,,,2175.0,405.0,,164.0,528.0,832.0,503.0,
66616000,66516000,2023,Смоленская область,Духовщинский муниципальный район,Муниципальный район,42007.3,1932.0,,,,544.0,,100.0,199.0,452.0,219.0,
66619000,66519000,2023,Смоленская область,Ельнинский муниципальный район,Муниципальный район,37925.3,1269.0,,,,79.0,,77.0,229.0,321.0,,
66621000,66521000,2023,Смоленская область,Ершичский муниципальный район,Муниципальный район,33705.1,738.0,44.0,,,33.0,,32.0,134.0,192.0,175.0,
66623000,66523000,2023,Смоленская область,Кардымовский муниципальный район,Муниципальный район,39938.6,2248.0,,,762.0,83.0,,86.0,147.0,289.0,304.0,
66624000,66524000,2023,Смоленская область,Краснинский муниципальный район,Муниципальный район,37947.9,1284.0,,,,65.0,34.0,157.0,237.0,382.0,,
66627000,66527000,2023,Смоленская область,Монастырщинский муниципальный район,Муниципальный район,35860.3,1169.0,175.0,,,60.0,37.0,61.0,194.0,263.0,,
66630000,66530000,2023,Смоленская область,Новодугинский муниципальный район,Муниципальный район,34109.5,1412.0,35.0,,,,,98.0,269.0,426.0,232.0,
66633000,66533000,2023,Смоленская область,Починковский муниципальный район,Муниципальный район,41145.6,5127.0,899.0,,638.0,133.0,83.0,223.0,767.0,914.0,640.0,
66636000,66536000,2023,Смоленская область,Рославльский муниципальный район,Муниципальный район,44437.2,11097.0,597.0,,2935.0,914.0,76.0,736.0,1167.0,2008.0,1434.0,
66638000,66538000,2023,Смоленская область,Руднянский муниципальный район,Муниципальный район,36526.0,3113.0,21.0,,736.0,148.0,48.0,145.0,440.0,419.0,515.0,
66641000,66541000,2023,Смоленская область,Сафоновский муниципальный район,Муниципальный район,44805.2,10069.0,258.0,,3213.0,687.0,175.0,652.0,1188.0,1577.0,1061.0,
66644000,66544000,2023,Смоленская область,Смоленский муниципальный район,Муниципальный район,44464.2,10217.0,475.0,,661.0,65.0,61.0,1120.0,468.0,1346.0,1459.0,
66646000,66546000,2023,Смоленская область,Сычевский муниципальный район,Муниципальный район,44055.5,2427.0,309.0,,,55.0,,46.0,307.0,370.0,1093.0,
66648000,66548000,2023,Смоленская область,Темкинский муниципальный район,Муниципальный район,35950.3,543.0,,,,,,26.0,135.0,136.0,,
66650000,66550000,2023,Смоленская область,Угранский муниципальный район,Муниципальный район,37506.1,1013.0,,,,,,59.0,157.0,211.0,,
66652000,66552000,2023,Смоленская область,Хиславичский муниципальный район,Муниципальный район,35984.7,983.0,115.0,,,53.0,,36.0,161.0,201.0,,
66654000,66554000,2023,Смоленская область,Холм-Жирковский муниципальный район,Муниципальный район,54853.3,1451.0,,,,,24.0,49.0,164.0,281.0,,
66656000,66556000,2023,Смоленская область,Шумячский муниципальный район,Муниципальный район,32910.6,1155.0,,,,111.0,13.0,85.0,191.0,329.0,200.0,
66658000,66558000,2023,Смоленская область,Ярцевский муниципальный район,Муниципальный район,45845.6,8010.0,37.0,,2805.0,391.0,136.0,592.0,671.0,1387.0,966.0,
66701000,66701000,2023,Смоленская область,Город Смоленск,"Городской округ, городской округ с внутригородским делением",56937.3,88520.0,173.0,,16427.0,3953.0,1499.0,7124.0,12019.0,12720.0,12357.0,
66710000,66710000,2023,Смоленская область,Город Десногорск,"Городской округ, городской округ с внутригородским делением",74010.2,10794.0,,,859.0,5150.0,,246.0,516.0,728.0,720.0,
67302000,67302000,2023,Севастополь,Балаклавский муниципальный округ,Внутригородская территория города федерального значения,58526.9,3850.0,,,,253.0,,512.0,34.0,562.0,,
67304000,67304000,2023,Севастополь,Город Инкерман,Внутригородская территория города федерального значения,58940.3,1059.0,,,,,,76.0,,247.0,,
67306000,67306000,2023,Севастополь,Орлиновский муниципальный округ,Внутригородская территория города федерального значения,43630.1,324.0,,,,,,,,,,
67308000,67308000,2023,Севастополь,Терновский муниципальный округ,Внутригородская территория города федерального значения,40410.5,132.0,,,,,,,,,,
67310000,67310000,2023,Севастополь,Гагаринский муниципальный округ,Внутригородская территория города федерального значения,61171.4,16400.0,,,1188.0,,,1333.0,1105.0,6381.0,1379.0,
67312000,67312000,2023,Севастополь,Ленинский муниципальный округ,Внутригородская территория города федерального значения,58800.2,35659.0,,,919.0,2222.0,2131.0,1827.0,9249.0,3017.0,5429.0,
67314000,67314000,2023,Севастополь,Нахимовский муниципальный округ,Внутригородская территория города федерального значения,50196.1,13648.0,,,2242.0,,,980.0,3722.0,2611.0,1925.0,
67316000,67316000,2023,Севастополь,Верхнесадовский муниципальный округ,Внутригородская территория города федерального значения,49506.5,384.0,,,,,,,,101.0,,
67318000,67318000,2023,Севастополь,Андреевский муниципальный округ,Внутригородская территория города федерального значения,55229.8,593.0,,,,,,,,,,
67320000,67320000,2023,Севастополь,Качинский муниципальный округ,Внутригородская территория города федерального значения,38869.3,378.0,,,,,,,,165.0,,
68602000,68502000,2023,Тамбовская область,Бондарский муниципальный район,Муниципальный район,38263.7,1170.0,174.0,,,,,38.0,191.0,191.0,,
68603000,68503000,2023,Тамбовская область,Гавриловский муниципальный район,Муниципальный район,43312.0,1356.0,504.0,,,,,37.0,192.0,224.0,215.0,
68604000,68504000,2023,Тамбовская область,Жердевский муниципальный район,Муниципальный район,55832.9,4444.0,1751.0,,,,,202.0,417.0,613.0,443.0,
68606000,68506000,2023,Тамбовская область,Знаменский муниципальный район,Муниципальный район,40290.4,2929.0,429.0,,,106.0,,81.0,652.0,417.0,409.0,
68608000,68508000,2023,Тамбовская область,Инжавинский муниципальный район,Муниципальный район,42003.6,4037.0,799.0,,1342.0,,,99.0,311.0,519.0,423.0,
68610000,68510000,2023,Тамбовская область,Кирсановский муниципальный район,Муниципальный район,41452.3,2474.0,523.0,,,,,73.0,375.0,533.0,,
68612000,68512000,2023,Тамбовская область,Мичуринский муниципальный район,Муниципальный район,51751.3,6382.0,1387.0,,,543.0,,138.0,844.0,993.0,532.0,
68614000,68514000,2023,Тамбовская область,Мордовский муниципальный район,Муниципальный район,42840.4,1932.0,293.0,,,,13.0,83.0,367.0,438.0,273.0,
68616000,68516000,2023,Тамбовская область,Моршанский муниципальный район,Муниципальный район,49521.9,3159.0,571.0,,,,,78.0,208.0,652.0,193.0,
68618000,68518000,2023,Тамбовская область,Мучкапский муниципальный район,Муниципальный район,39183.5,1368.0,,,,,,54.0,213.0,323.0,,
68620000,68520000,2023,Тамбовская область,Никифоровский муниципальный район,Муниципальный район,41788.6,2335.0,301.0,,529.0,,,87.0,201.0,469.0,287.0,
68622000,68522000,2023,Тамбовская область,Первомайский муниципальный район,Муниципальный район,47137.7,5185.0,1741.0,,623.0,50.0,10.0,219.0,436.0,676.0,404.0,
68624000,68524000,2023,Тамбовская область,Петровский муниципальный район,Муниципальный район,44898.9,2214.0,584.0,,,,31.0,233.0,233.0,489.0,,
68626000,68526000,2023,Тамбовская область,Пичаевский муниципальный район,Муниципальный район,39070.9,1367.0,370.0,,,,28.0,71.0,178.0,239.0,,
68628000,68528000,2023,Тамбовская область,Рассказовский муниципальный район,Муниципальный район,38094.4,2489.0,622.0,,326.0,,,51.0,529.0,471.0,,
68630000,68530000,2023,Тамбовская область,Ржаксинский муниципальный район,Муниципальный район,40024.6,1724.0,492.0,,,,,64.0,218.0,274.0,270.0,
68632000,68532000,2023,Тамбовская область,Сампурский муниципальный район,Муниципальный район,41273.6,1560.0,450.0,,,,,50.0,163.0,312.0,315.0,
68634000,68534000,2023,Тамбовская область,Сосновский муниципальный район,Муниципальный район,34843.6,3687.0,812.0,,360.0,41.0,,158.0,718.0,509.0,599.0,
68636000,68536000,2023,Тамбовская область,Староюрьевский муниципальный район,Муниципальный район,44281.5,1424.0,458.0,,,,,66.0,168.0,221.0,,
68640000,68540000,2023,Тамбовская область,Тамбовский муниципальный район,Муниципальный район,54165.7,10452.0,1575.0,,3316.0,668.0,14.0,921.0,616.0,1443.0,882.0,
68642000,68542000,2023,Тамбовская область,Токарёвский муниципальный район,Муниципальный район,51011.9,4153.0,1144.0,,,,,116.0,202.0,268.0,450.0,
68644000,68544000,2023,Тамбовская область,Уваровский муниципальный район,Муниципальный район,47439.0,954.0,532.0,,,,,,82.0,162.0,,
68646000,68546000,2023,Тамбовская область,Умётский муниципальный район,Муниципальный район,40277.2,1073.0,,,,,,34.0,207.0,227.0,185.0,
68701000,68701000,2023,Тамбовская область,Город Тамбов,"Городской округ, городской округ с внутригородским делением",50125.0,88670.0,719.0,,18652.0,3898.0,,11341.0,11641.0,11503.0,11996.0,
68705000,68705000,2023,Тамбовская область,Город Кирсанов,"Городской округ, городской округ с внутригородским делением",43204.1,3246.0,,,778.0,161.0,,217.0,466.0,592.0,486.0,
68710000,68710000,2023,Тамбовская область,Город Котовск,"Городской округ, городской округ с внутригородским делением",45516.0,5919.0,,,3066.0,,,341.0,482.0,893.0,,
68715000,68715000,2023,Тамбовская область,Город Мичуринск,"Городской округ, городской округ с внутригородским делением",49207.6,18755.0,,,5006.0,,,1097.0,1292.0,2710.0,2026.0,
68720000,68720000,2023,Тамбовская область,Город Моршанск,"Городской округ, городской округ с внутригородским делением",36781.3,7241.0,94.0,,1378.0,,,494.0,941.0,1126.0,1233.0,
68725000,68725000,2023,Тамбовская область,Город Рассказово,"Городской округ, городской округ с внутригородским делением",43134.1,6274.0,,,1452.0,,,567.0,706.0,1018.0,1217.0,
68730000,68730000,2023,Тамбовская область,Город Уварово,"Городской округ, городской округ с внутригородским делением",40031.2,4326.0,,,,399.0,,263.0,504.0,606.0,971.0,
69604000,69604000,2023,Томская область,Александровский муниципальный район,Муниципальный район,109019.4,3365.0,,997.0,129.0,230.0,40.0,35.0,251.0,359.0,225.0,
69608000,69608000,2023,Томская область,Асиновский муниципальный район,Муниципальный район,44631.2,6164.0,246.0,,827.0,449.0,,197.0,970.0,1126.0,939.0,
69612000,69612000,2023,Томская область,Бакчарский муниципальный район,Муниципальный район,54545.5,1547.0,,,,11.0,,42.0,360.0,514.0,366.0,
69616000,69616000,2023,Томская область,Верхнекетский муниципальный район,Муниципальный район,56476.0,2137.0,,,,173.0,29.0,56.0,436.0,689.0,,
69620000,69620000,2023,Томская область,Зырянский муниципальный район,Муниципальный район,45797.9,1796.0,160.0,,,,,33.0,317.0,520.0,373.0,
69624000,69624000,2023,Томская область,Каргасокский муниципальный район,Муниципальный район,86992.7,8160.0,,3346.0,514.0,603.0,95.0,67.0,594.0,974.0,491.0,
69628000,69628000,2023,Томская область,Кожевниковский муниципальный район,Муниципальный район,48051.6,3422.0,638.0,,235.0,,,63.0,480.0,831.0,,
69632000,69632000,2023,Томская область,Колпашевский муниципальный район,Муниципальный район,68445.1,5768.0,,,,490.0,,208.0,981.0,1405.0,1287.0,
69636000,69636000,2023,Томская область,Кривошеинский муниципальный район,Муниципальный район,57981.4,1807.0,211.0,,,65.0,,47.0,365.0,543.0,,
69640000,69640000,2023,Томская область,Молчановский муниципальный район,Муниципальный район,59990.4,2031.0,15.0,,,,,47.0,436.0,566.0,575.0,
69644000,69644000,2023,Томская область,Парабельский муниципальный район,Муниципальный район,101427.7,6062.0,,2582.0,222.0,137.0,56.0,44.0,469.0,587.0,340.0,
69648000,69648000,2023,Томская область,Первомайский муниципальный район,Муниципальный район,44867.9,2727.0,864.0,,28.0,,,47.0,411.0,758.0,,
69652000,69652000,2023,Томская область,Тегульдетский муниципальный район,Муниципальный район,65244.1,1447.0,532.0,,,,,27.0,298.0,259.0,,
69654000,69654000,2023,Томская область,Томский муниципальный район,Муниципальный район,55082.5,14034.0,3276.0,,,149.0,109.0,669.0,598.0,2833.0,1960.0,
69656000,69656000,2023,Томская область,Чаинский муниципальный район,Муниципальный район,62104.0,1338.0,,,,,,48.0,294.0,453.0,333.0,
69658000,69658000,2023,Томская область,Шегарский муниципальный район,Муниципальный район,43949.4,3021.0,186.0,,,57.0,,93.0,477.0,818.0,909.0,
69701000,69701000,2023,Томская область,Город Томск,"Городской округ, городской округ с внутригородским делением",78099.9,132589.0,522.0,1231.0,21057.0,4598.0,1400.0,11556.0,14955.0,23368.0,17333.0,
69707000,69707000,2023,Томская область,Город Кедровый,"Городской округ, городской округ с внутригородским делением",67299.4,375.0,,,,,,,119.0,109.0,,
69710000,69710000,2023,Томская область,Город Стрежевой,"Городской округ, городской округ с внутригородским делением",89803.1,9433.0,,1575.0,916.0,,,570.0,686.0,1216.0,918.0,
69741000,69741000,2023,Томская область,ЗАТО Северск,"Городской округ, городской округ с внутригородским делением",59191.5,16598.0,,,,,,,,,,
70604000,70604000,2023,Тульская область,Арсеньевский муниципальный район,Муниципальный район,38942.5,795.0,,,,,,36.0,143.0,263.0,123.0,
70606000,70606000,2023,Тульская область,Белевский муниципальный район,Муниципальный район,43494.4,2590.0,92.0,,673.0,,,106.0,386.0,468.0,586.0,
70608000,70608000,2023,Тульская область,Богородицкий муниципальный район,Муниципальный район,55236.2,6998.0,228.0,,1705.0,,132.0,375.0,602.0,1302.0,995.0,
70612000,70612000,2023,Тульская область,Веневский муниципальный район,Муниципальный район,49883.2,3505.0,66.0,,575.0,,138.0,297.0,443.0,908.0,544.0,
70616000,70616000,2023,Тульская область,Воловский муниципальный район,Муниципальный район,56458.1,3002.0,913.0,,,,,72.0,174.0,382.0,144.0,
70618000,70618000,2023,Тульская область,Дубенский муниципальный район,Муниципальный район,45143.7,2068.0,,,343.0,,100.0,67.0,250.0,399.0,351.0,
70622000,70622000,2023,Тульская область,Заокский муниципальный район,Муниципальный район,49905.4,2376.0,163.0,,,,,190.0,266.0,786.0,243.0,
70624000,70624000,2023,Тульская область,Каменский муниципальный район,Муниципальный район,48490.3,1081.0,298.0,,,,,,165.0,301.0,96.0,
70626000,70626000,2023,Тульская область,Кимовский муниципальный район,Муниципальный район,49605.8,5543.0,,,2119.0,,,274.0,563.0,1153.0,714.0,
70628000,70628000,2023,Тульская область,Киреевский муниципальный район,Муниципальный район,46512.2,7188.0,306.0,,1845.0,,61.0,484.0,861.0,1986.0,1023.0,
70630000,70630000,2023,Тульская область,Куркинский муниципальный район,Муниципальный район,46610.3,1787.0,404.0,,,,,50.0,174.0,303.0,131.0,
70636000,70636000,2023,Тульская область,Одоевский муниципальный район,Муниципальный район,45424.9,1441.0,,,,,,58.0,220.0,387.0,280.0,
70638000,70638000,2023,Тульская область,Плавский муниципальный район,Муниципальный район,50457.7,4532.0,888.0,,822.0,,24.0,203.0,661.0,737.0,402.0,
70640000,70640000,2023,Тульская область,Суворовский муниципальный район,Муниципальный район,48087.8,4516.0,,,,853.0,52.0,235.0,541.0,954.0,916.0,
70642000,70642000,2023,Тульская область,Тепло-Огаревский муниципальный район,Муниципальный район,41351.9,1192.0,,,,,,75.0,173.0,353.0,165.0,
70644000,70644000,2023,Тульская область,Узловский муниципальный район,Муниципальный район,59321.6,16316.0,837.0,,7689.0,456.0,4.0,551.0,694.0,2493.0,1180.0,
70646000,70646000,2023,Тульская область,Чернский муниципальный район,Муниципальный район,46166.8,2451.0,505.0,,,22.0,,96.0,216.0,756.0,299.0,
70648000,70648000,2023,Тульская область,Щекинский муниципальный район,Муниципальный район,59991.3,18570.0,1195.0,,5958.0,1196.0,378.0,851.0,1271.0,3204.0,2000.0,
70650000,70650000,2023,Тульская область,Ясногорский муниципальный район,Муниципальный район,67502.4,4549.0,534.0,,1778.0,18.0,,241.0,443.0,837.0,293.0,
70701000,70701000,2023,Тульская область,Город Тула,"Городской округ, городской округ с внутригородским делением",70678.6,177523.0,858.0,477.0,54861.0,7311.0,2517.0,14716.0,15119.0,18138.0,18747.0,
70702000,70702000,2023,Тульская область,Рабочий поселок Новогуровский,"Городской округ, городской округ с внутригородским делением",72937.9,723.0,,,,,13.0,16.0,30.0,160.0,,
70706000,70706000,2023,Тульская область,Город Алексин,"Городской округ, городской округ с внутригородским делением",52327.4,22222.0,,,7292.0,935.0,,531.0,700.0,2100.0,1231.0,
70712000,70712000,2023,Тульская область,Город Донской,"Городской округ, городской округ с внутригородским делением",47967.1,8847.0,,,3672.0,840.0,,431.0,975.0,1672.0,746.0,
70714000,70714000,2023,Тульская область,Город Ефремов,"Городской округ, городской округ с внутригородским делением",53704.2,10915.0,680.0,,3288.0,638.0,201.0,619.0,676.0,2164.0,1182.0,
70724000,70724000,2023,Тульская область,Город Новомосковск,"Городской округ, городской округ с внутригородским делением",65574.9,29562.0,719.0,,8697.0,1402.0,720.0,1822.0,1961.0,5005.0,2542.0,
70730000,70730000,2023,Тульская область,Славный,"Городской округ, городской округ с внутригородским делением",72103.0,458.0,,,,,,,22.0,,,
71603000,71603000,2023,Тюменская область без автономных округов,Абатский муниципальный район,Муниципальный район,49641.0,1998.0,230.0,,,95.0,,110.0,305.0,594.0,372.0,
71605000,71605000,2023,Тюменская область без автономных округов,Армизонский муниципальный район,Муниципальный район,45937.8,970.0,60.0,,,34.0,,36.0,194.0,287.0,202.0,
71607000,71607000,2023,Тюменская область без автономных округов,Аромашевский муниципальный район,Муниципальный район,47081.9,1147.0,108.0,,,62.0,,46.0,215.0,,,
71610000,71610000,2023,Тюменская область без автономных округов,Бердюжский муниципальный район,Муниципальный район,46035.3,1623.0,235.0,,,68.0,,65.0,246.0,355.0,281.0,
71613000,71613000,2023,Тюменская область без автономных округов,Вагайский муниципальный район,Муниципальный район,50831.1,2574.0,,,,174.0,,93.0,336.0,860.0,442.0,
71615000,71615000,2023,Тюменская область без автономных округов,Викуловский муниципальный район,Муниципальный район,45454.7,1702.0,167.0,,,29.0,,184.0,265.0,524.0,338.0,
71624000,71624000,2023,Тюменская область без автономных округов,Исетский муниципальный район,Муниципальный район,49955.8,3345.0,671.0,,,177.0,,156.0,389.0,729.0,677.0,
71626000,71626000,2023,Тюменская область без автономных округов,Ишимский муниципальный район,Муниципальный район,49734.6,2850.0,719.0,,315.0,101.0,,,147.0,739.0,425.0,
71630000,71630000,2023,Тюменская область без автономных округов,Казанский муниципальный район,Муниципальный район,47203.8,2490.0,614.0,,,148.0,,89.0,368.0,540.0,433.0,
71632000,71632000,2023,Тюменская область без автономных округов,Нижнетавдинский муниципальный район,Муниципальный район,50306.8,2970.0,435.0,,160.0,160.0,,139.0,422.0,639.0,516.0,
71634000,71634000,2023,Тюменская область без автономных округов,Омутинский муниципальный район,Муниципальный район,48559.2,2924.0,281.0,,,132.0,,114.0,443.0,497.0,441.0,
71636000,71636000,2023,Тюменская область без автономных округов,Сладковский муниципальный район,Муниципальный район,47581.2,1442.0,296.0,,,122.0,,37.0,191.0,318.0,231.0,
71638000,71638000,2023,Тюменская область без автономных округов,Сорокинский муниципальный район,Муниципальный район,46594.6,1515.0,231.0,,,106.0,,43.0,247.0,489.0,228.0,
71642000,71642000,2023,Тюменская область без автономных округов,Тобольский муниципальный район,Муниципальный район,65028.8,2270.0,,,10.0,176.0,,11.0,195.0,636.0,212.0,
71644000,71644000,2023,Тюменская область без автономных округов,Тюменский муниципальный район,Муниципальный район,70535.3,17956.0,2834.0,207.0,3395.0,403.0,155.0,1677.0,676.0,2971.0,2656.0,
71648000,71648000,2023,Тюменская область без автономных округов,Уватский муниципальный район,Муниципальный район,102425.7,10636.0,198.0,4073.0,112.0,374.0,89.0,141.0,440.0,986.0,416.0,
71650000,71650000,2023,Тюменская область без автономных округов,Упоровский муниципальный район,Муниципальный район,46320.0,3111.0,1306.0,,,139.0,,79.0,281.0,607.0,369.0,
71653000,71653000,2023,Тюменская область без автономных округов,Юргинский муниципальный район,Муниципальный район,46429.2,1785.0,401.0,,,111.0,,42.0,199.0,426.0,405.0,
71656000,71656000,2023,Тюменская область без автономных округов,Ялуторовский муниципальный район,Муниципальный район,47071.2,1417.0,365.0,,,113.0,,,187.0,426.0,118.0,
71658000,71658000,2023,Тюменская область без автономных округов,Ярковский муниципальный район,Муниципальный район,53605.9,2612.0,313.0,,19.0,109.0,,78.0,293.0,664.0,513.0,
71701000,71701000,2023,Тюменская область,Город Тюмень,"Городской округ, городской округ с внутригородским делением",90625.8,210984.0,497.0,7331.0,26073.0,5788.0,3089.0,22159.0,22119.0,23404.0,25228.0,
71702000,71518000,2023,Тюменская область,Голышмановский,"Городской округ, городской округ с внутригородским делением",50025.8,4557.0,1577.0,,,122.0,,215.0,495.0,855.0,529.0,
71703000,71522000,2023,Тюменская область,Заводоуковский,"Городской округ, городской округ с внутригородским делением",52897.2,8902.0,1703.0,,1666.0,430.0,,441.0,767.0,1343.0,1602.0,
71705000,71705000,2023,Тюменская область,Город Ишим,"Городской округ, городской округ с внутригородским делением",54901.7,14659.0,71.0,,1560.0,892.0,533.0,957.0,1737.0,1786.0,2211.0,
71710000,71710000,2023,Тюменская область,Город Тобольск,"Городской округ, городской округ с внутригородским делением",78612.9,25278.0,136.0,,4952.0,934.0,406.0,1646.0,2018.0,3707.0,2716.0,
71715000,71715000,2023,Тюменская область,Город Ялуторовск,"Городской округ, городской округ с внутригородским делением",53257.2,6679.0,,,737.0,357.0,199.0,487.0,650.0,1133.0,1299.0,
71811000,71811000,2023,Ханты-Мансийский автономный округ — Югра,Белоярский муниципальный район,Муниципальный район,132721.4,10692.0,,912.0,73.0,444.0,146.0,331.0,848.0,1323.0,804.0,
71812000,71812000,2023,Ханты-Мансийский автономный округ — Югра,Березовский муниципальный район,Муниципальный район,108535.8,7507.0,,112.0,87.0,431.0,122.0,202.0,989.0,1588.0,1033.0,
71816000,71816000,2023,Ханты-Мансийский автономный округ — Югра,Кондинский муниципальный район,Муниципальный район,100557.4,10381.0,,2261.0,202.0,450.0,53.0,168.0,984.0,1930.0,1113.0,
71818000,71818000,2023,Ханты-Мансийский автономный округ — Югра,Нефтеюганский муниципальный район,Муниципальный район,117502.3,26901.0,,14009.0,695.0,811.0,245.0,280.0,592.0,1631.0,978.0,
71819000,71819000,2023,Ханты-Мансийский автономный округ — Югра,Нижневартовский муниципальный район,Муниципальный район,107537.9,43897.0,,32359.0,1480.0,1669.0,332.0,206.0,429.0,1873.0,1219.0,
71821000,71821000,2023,Ханты-Мансийский автономный округ — Югра,Октябрьский муниципальный район,Муниципальный район,113393.5,15570.0,,6604.0,237.0,473.0,143.0,250.0,928.0,1740.0,925.0,
71824000,71824000,2023,Ханты-Мансийский автономный округ — Югра,Советский муниципальный район,Муниципальный район,91953.4,12072.0,,2072.0,664.0,532.0,246.0,534.0,1367.0,2022.0,1937.0,
71826000,71826000,2023,Ханты-Мансийский автономный округ — Югра,Сургутский муниципальный район,Муниципальный район,123374.8,96599.0,,58134.0,6549.0,2078.0,656.0,1801.0,2134.0,4806.0,1887.0,
71829000,71829000,2023,Ханты-Мансийский автономный округ — Югра,Ханты-Мансийский муниципальный район,Муниципальный район,119745.6,23537.0,,16397.0,742.0,422.0,,110.0,406.0,1338.0,,
71871000,71871000,2023,Ханты-Мансийский автономный округ — Югра,Ханты-Мансийск,"Городской округ, городской округ с внутригородским делением",119189.4,45170.0,907.0,5559.0,168.0,1598.0,450.0,1286.0,9967.0,5368.0,6319.0,
71872000,71872000,2023,Ханты-Мансийский автономный округ — Югра,Лангепас,"Городской округ, городской округ с внутригородским делением",96831.7,10782.0,,3120.0,648.0,295.0,,362.0,1016.0,1464.0,1146.0,
71873000,71873000,2023,Ханты-Мансийский автономный округ — Югра,Мегион,"Городской округ, городской округ с внутригородским делением",108848.8,16542.0,,3562.0,747.0,1216.0,,408.0,773.0,2219.0,1538.0,
71874000,71874000,2023,Ханты-Мансийский автономный округ — Югра,Нефтеюганск,"Городской округ, городской округ с внутригородским делением",115203.3,43060.0,,16029.0,1577.0,832.0,2044.0,1880.0,2558.0,3458.0,2826.0,
71875000,71875000,2023,Ханты-Мансийский автономный округ — Югра,Нижневартовск,"Городской округ, городской округ с внутригородским делением",101517.8,74723.0,,14960.0,3320.0,2794.0,996.0,4893.0,4900.0,10529.0,8023.0,
71876000,71876000,2023,Ханты-Мансийский автономный округ — Югра,Сургут,"Городской округ, городской округ с внутригородским делением",126143.6,114011.0,,17536.0,4231.0,6352.0,1016.0,9798.0,6586.0,14061.0,13725.0,
71877000,71877000,2023,Ханты-Мансийский автономный округ — Югра,Радужный,"Городской округ, городской округ с внутригородским делением",96809.3,10552.0,,4522.0,182.0,670.0,148.0,359.0,576.0,1466.0,956.0,
71878000,71878000,2023,Ханты-Мансийский автономный округ — Югра,Урай,"Городской округ, городской округ с внутригородским делением",97686.2,10344.0,,1552.0,245.0,628.0,,552.0,905.0,1737.0,1563.0,
71879000,71879000,2023,Ханты-Мансийский автономный округ — Югра,Нягань,"Городской округ, городской округ с внутригородским делением",97090.2,14983.0,,2735.0,506.0,1353.0,302.0,876.0,1263.0,2099.0,2310.0,
71883000,71883000,2023,Ханты-Мансийский автономный округ — Югра,Когалым,"Городской округ, городской округ с внутригородским делением",116419.4,26770.0,,10068.0,1398.0,953.0,167.0,727.0,1233.0,1871.0,1413.0,
71884000,71884000,2023,Ханты-Мансийский автономный округ — Югра,Покачи,"Городской округ, городской округ с внутригородским делением",98187.1,5693.0,,2735.0,118.0,,,201.0,225.0,674.0,,
71885000,71885000,2023,Ханты-Мансийский автономный округ — Югра,Пыть-Ях,"Городской округ, городской округ с внутригородским делением",101224.5,15392.0,,5686.0,739.0,508.0,,419.0,595.0,1429.0,1302.0,
71887000,71887000,2023,Ханты-Мансийский автономный округ — Югра,Югорск,"Городской округ, городской округ с внутригородским делением",131829.3,13396.0,,,1369.0,387.0,,626.0,913.0,1809.0,1378.0,
71933000,71933000,2023,Ямало-Ненецкий автономный округ,Муниципальный округ Красноселькупский район,Муниципальный округ,156115.6,4797.0,,2159.0,,246.0,,,599.0,451.0,281.0,
71936000,71936000,2023,Ямало-Ненецкий автономный округ,Муниципальный округ Надымский район,Муниципальный округ,178332.5,39545.0,,8597.0,683.0,1718.0,956.0,1247.0,1956.0,2961.0,2356.0,
71938000,71938000,2023,Ямало-Ненецкий автономный округ,Муниципальный округ Приуральский район,Муниципальный округ,114386.4,4054.0,,,,341.0,85.0,48.0,544.0,913.0,331.0,
71940000,71940000,2023,Ямало-Ненецкий автономный округ,Муниципальный округ Пуровский район,Муниципальный округ,156232.9,55899.0,504.0,27382.0,3832.0,2354.0,334.0,426.0,1936.0,2740.0,1269.0,
71943000,71943000,2023,Ямало-Ненецкий автономный округ,Муниципальный округ Тазовский район,Муниципальный округ,153631.6,32511.0,492.0,9799.0,502.0,1363.0,270.0,79.0,939.0,1586.0,698.0,
71946000,71946000,2023,Ямало-Ненецкий автономный округ,Муниципальный округ Шурышкарский район,Муниципальный округ,102891.9,3214.0,158.0,,,,69.0,13.0,519.0,977.0,,
71948000,71948000,2023,Ямало-Ненецкий автономный округ,Муниципальный округ Ямальский район,Муниципальный округ,138665.6,41864.0,252.0,8036.0,848.0,1374.0,340.0,335.0,772.0,1521.0,551.0,
71951000,71951000,2023,Ямало-Ненецкий автономный округ,Город Салехард,"Городской округ, городской округ с внутригородским делением",151321.9,23354.0,40.0,180.0,142.0,1177.0,424.0,895.0,6052.0,2495.0,2497.0,
71952000,71952000,2023,Ямало-Ненецкий автономный округ,Город Губкинский,"Городской округ, городской округ с внутригородским делением",135057.1,14295.0,,4605.0,566.0,537.0,169.0,386.0,732.0,1736.0,852.0,
71953000,71953000,2023,Ямало-Ненецкий автономный округ,Город Лабытнанги,"Городской округ, городской округ с внутригородским делением",108965.7,13255.0,73.0,,392.0,1097.0,260.0,423.0,1658.0,1506.0,1190.0,
71955000,71955000,2023,Ямало-Ненецкий автономный округ,Город Муравленко,"Городской округ, городской округ с внутригородским делением",112597.9,8722.0,,1587.0,165.0,609.0,,284.0,964.0,1458.0,934.0,
71956000,71956000,2023,Ямало-Ненецкий автономный округ,Город Новый Уренгой,"Городской округ, городской округ с внутригородским делением",158298.7,68143.0,,17012.0,722.0,3028.0,561.0,1758.0,2357.0,5119.0,2890.0,
71958000,71958000,2023,Ямало-Ненецкий автономный округ,Город Ноябрьск,"Городской округ, городской округ с внутригородским делением",138949.2,32192.0,109.0,8180.0,1016.0,1933.0,502.0,1380.0,2287.0,4116.0,3446.0,
73602000,73602000,2023,Ульяновская область,Базарносызганский муниципальный район,Муниципальный район,31486.4,1089.0,,,,,,22.0,407.0,197.0,252.0,
73604000,73604000,2023,Ульяновская область,Барышский муниципальный район,Муниципальный район,34635.1,4541.0,,,218.0,478.0,40.0,175.0,629.0,1141.0,1184.0,
73607000,73607000,2023,Ульяновская область,Вешкаймский муниципальный район,Муниципальный район,33886.4,1932.0,173.0,,,165.0,,70.0,326.0,528.0,318.0,
73610000,73610000,2023,Ульяновская область,Инзенский муниципальный район,Муниципальный район,36645.7,4236.0,,,371.0,143.0,23.0,159.0,1079.0,882.0,661.0,
73614000,73614000,2023,Ульяновская область,Карсунский муниципальный район,Муниципальный район,33212.2,2845.0,58.0,,,159.0,75.0,138.0,481.0,884.0,556.0,
73616000,73616000,2023,Ульяновская область,Кузоватовский муниципальный район,Муниципальный район,35027.4,2203.0,120.0,,,,39.0,99.0,288.0,608.0,432.0,
73620000,73620000,2023,Ульяновская область,Майнский муниципальный район,Муниципальный район,35504.8,2721.0,,,,,81.0,119.0,494.0,728.0,457.0,
73622000,73622000,2023,Ульяновская область,Мелекесский муниципальный район,Муниципальный район,40332.2,3358.0,164.0,,294.0,123.0,,113.0,423.0,1046.0,447.0,
73625000,73625000,2023,Ульяновская область,Николаевский муниципальный район,Муниципальный район,40071.6,3007.0,,,,161.0,32.0,121.0,404.0,819.0,505.0,
73627000,73627000,2023,Ульяновская область,Новомалыклинский муниципальный район,Муниципальный район,35201.2,1356.0,,,,66.0,,43.0,200.0,300.0,,
73629000,73629000,2023,Ульяновская область,Новоспасский муниципальный район,Муниципальный район,44755.4,4910.0,,,686.0,321.0,,194.0,445.0,765.0,442.0,
73632000,73632000,2023,Ульяновская область,Павловский муниципальный район,Муниципальный район,42963.7,1856.0,,,,99.0,62.0,44.0,353.0,405.0,248.0,
73634000,73634000,2023,Ульяновская область,Радищевский муниципальный район,Муниципальный район,33550.3,1250.0,,,,76.0,,53.0,268.0,383.0,200.0,
73636000,73636000,2023,Ульяновская область,Сенгилеевский муниципальный район,Муниципальный район,44212.6,3109.0,,,543.0,119.0,,93.0,427.0,641.0,459.0,
73639000,73639000,2023,Ульяновская область,Старокулаткинский муниципальный район,Муниципальный район,31176.9,1272.0,,,,,,30.0,309.0,366.0,180.0,
73642000,73642000,2023,Ульяновская область,Старомайнский муниципальный район,Муниципальный район,34223.8,1387.0,,,,98.0,,75.0,334.0,564.0,202.0,
73644000,73644000,2023,Ульяновская область,Сурский муниципальный район,Муниципальный район,32158.2,1647.0,131.0,,,104.0,,63.0,339.0,472.0,279.0,
73648000,73648000,2023,Ульяновская область,Тереньгульский муниципальный район,Муниципальный район,34596.2,1602.0,32.0,,97.0,104.0,,75.0,256.0,446.0,252.0,
73652000,73652000,2023,Ульяновская область,Ульяновский муниципальный район,Муниципальный район,43475.4,4336.0,123.0,,,143.0,,213.0,459.0,977.0,1238.0,
73654000,73654000,2023,Ульяновская область,Цильнинский муниципальный район,Муниципальный район,37859.9,3042.0,,,,192.0,,102.0,374.0,902.0,380.0,
73656000,73656000,2023,Ульяновская область,Чердаклинский муниципальный район,Муниципальный район,53836.3,6301.0,485.0,,1794.0,166.0,67.0,299.0,721.0,1321.0,468.0,
73701000,73701000,2023,Ульяновская область,Город Ульяновск,"Городской округ, городской округ с внутригородским делением",57176.9,153275.0,806.0,,40972.0,4564.0,,12736.0,17105.0,20776.0,18931.0,
73705000,73705000,2023,Ульяновская область,Город Димитровград,"Городской округ, городской округ с внутригородским делением",55438.2,27197.0,,,10244.0,1189.0,481.0,1307.0,1971.0,3485.0,2959.0,
73715000,73715000,2023,Ульяновская область,Город Новоульяновск,"Городской округ, городской округ с внутригородским делением",47155.4,3028.0,,,1307.0,148.0,,141.0,322.0,368.0,506.0,
75533000,75533000,2023,Челябинская область,Коркинский муниципальный округ,Муниципальный округ,48058.3,8264.0,,331.0,1703.0,218.0,232.0,566.0,851.0,2108.0,1165.0,
75603000,75603000,2023,Челябинская область,Агаповский муниципальный район,Муниципальный район,46590.3,4125.0,635.0,,515.0,12.0,45.0,105.0,522.0,1287.0,414.0,
75606000,75606000,2023,Челябинская область,Аргаяшский муниципальный район,Муниципальный район,47907.0,5017.0,680.0,,809.0,16.0,46.0,184.0,655.0,1550.0,847.0,
75609000,75609000,2023,Челябинская область,Ашинский муниципальный район,Муниципальный район,60097.5,14448.0,,433.0,6830.0,256.0,235.0,625.0,1192.0,1598.0,1095.0,
75612000,75612000,2023,Челябинская область,Брединский муниципальный район,Муниципальный район,39658.8,2584.0,432.0,,,,,77.0,455.0,828.0,444.0,
75614000,75614000,2023,Челябинская область,Варненский муниципальный район,Муниципальный район,58396.2,5850.0,,2036.0,,,,93.0,465.0,975.0,542.0,
75617000,75617000,2023,Челябинская область,Верхнеуральский муниципальный район,Муниципальный район,58581.0,6654.0,222.0,2140.0,170.0,92.0,100.0,165.0,873.0,1348.0,906.0,
75619000,75619000,2023,Челябинская область,Еманжелинский муниципальный район,Муниципальный район,43159.3,6295.0,1471.0,,755.0,,149.0,318.0,664.0,1565.0,574.0,
75620000,75620000,2023,Челябинская область,Еткульский муниципальный район,Муниципальный район,50026.5,4052.0,595.0,286.0,729.0,5.0,51.0,86.0,464.0,1006.0,386.0,
75623000,75623000,2023,Челябинская область,Карталинский муниципальный район,Муниципальный район,53501.0,7873.0,,210.0,866.0,325.0,124.0,270.0,750.0,1304.0,811.0,
75626000,75626000,2023,Челябинская область,Каслинский муниципальный район,Муниципальный район,47770.3,5039.0,,,754.0,63.0,35.0,244.0,920.0,1075.0,666.0,
75629000,75629000,2023,Челябинская область,Катав-Ивановский муниципальный район,Муниципальный район,43317.4,4283.0,,,1273.0,345.0,,270.0,581.0,918.0,535.0,
75632000,75632000,2023,Челябинская область,Кизильский муниципальный район,Муниципальный район,39579.7,1785.0,,,,,,35.0,439.0,805.0,361.0,
75634000,75634000,2023,Челябинская область,Красноармейский муниципальный район,Муниципальный район,49460.0,5093.0,607.0,,1034.0,54.0,75.0,237.0,657.0,1485.0,553.0,
75636000,75636000,2023,Челябинская область,Кунашакский муниципальный район,Муниципальный район,42498.8,3506.0,,,,,,92.0,539.0,1117.0,415.0,
75638000,75638000,2023,Челябинская область,Кусинский муниципальный район,Муниципальный район,39651.4,2560.0,,,206.0,,,167.0,489.0,775.0,574.0,
75642000,75642000,2023,Челябинская область,Нагайбакский муниципальный район,Муниципальный район,46576.2,3155.0,,,,51.0,33.0,48.0,489.0,756.0,365.0,
75644000,75544000,2023,Челябинская область,Нязепетровский муниципальный район,Муниципальный район,38171.1,2267.0,,,,,289.0,99.0,394.0,577.0,399.0,
75647000,75647000,2023,Челябинская область,Октябрьский муниципальный район,Муниципальный район,42705.4,2410.0,367.0,,,,66.0,56.0,438.0,843.0,379.0,
75648000,75548000,2023,Челябинская область,Пластовский муниципальный район,Муниципальный район,95637.3,5304.0,,,,,,167.0,582.0,1045.0,516.0,
75649000,75549000,2023,Челябинская область,Саткинский муниципальный район,Муниципальный район,49481.8,17281.0,,1679.0,6385.0,619.0,117.0,691.0,1193.0,2586.0,1857.0,
75652000,75652000,2023,Челябинская область,Сосновский муниципальный район,Муниципальный район,63607.7,14410.0,611.0,,3928.0,78.0,27.0,1316.0,900.0,2421.0,903.0,
75654000,75654000,2023,Челябинская область,Троицкий муниципальный район,Муниципальный район,38635.7,2447.0,553.0,,,22.0,,,227.0,1011.0,266.0,
75655000,75655000,2023,Челябинская область,Увельский муниципальный район,Муниципальный район,58898.4,5725.0,682.0,517.0,1005.0,337.0,53.0,58.0,552.0,1032.0,729.0,
75656000,75656000,2023,Челябинская область,Уйский муниципальный район,Муниципальный район,39877.9,2522.0,203.0,,,,39.0,67.0,581.0,965.0,416.0,
75657000,75657000,2023,Челябинская область,Чебаркульский муниципальный район,Муниципальный район,47590.2,4158.0,1518.0,,,49.0,,79.0,444.0,849.0,383.0,
75659000,75659000,2023,Челябинская область,Чесменский муниципальный район,Муниципальный район,44683.4,2038.0,,,,,,60.0,483.0,636.0,313.0,
75701000,75701000,2023,Челябинская область,Челябинский,"Городской округ, городской округ с внутригородским делением",68685.0,323885.0,878.0,129.0,94804.0,9184.0,3790.0,30557.0,31835.0,43993.0,36140.0,
75701310,CD,2023,Челябинская область,Калининский,Внутригородской район,63808.0,32550.0,,,10445.0,,,2732.0,1770.0,6659.0,6113.0,
75701315,CD,2023,Челябинская область,Курчатовский,Внутригородской район,67600.5,35479.0,32.0,,10022.0,650.0,424.0,7612.0,1452.0,7192.0,1709.0,
75701320,CD,2023,Челябинская область,Ленинский,Внутригородской район,76417.9,55032.0,,,31543.0,1897.0,141.0,5475.0,2061.0,5051.0,4149.0,
75701330,CD,2023,Челябинская область,Металлургический,Внутригородской район,59591.2,37089.0,,,21007.0,802.0,,1222.0,1526.0,4248.0,4447.0,
75701370,CD,2023,Челябинская область,Советский,Внутригородской район,69789.7,53859.0,,,7813.0,1411.0,498.0,4335.0,6635.0,5814.0,5362.0,
75701380,CD,2023,Челябинская область,Тракторозаводский,Внутригородской район,71215.5,29508.0,433.0,,8367.0,929.0,,2846.0,643.0,5378.0,3553.0,
75701390,CD,2023,Челябинская область,Центральный,Внутригородской район,68371.3,80368.0,,,5606.0,2888.0,2725.0,6336.0,17748.0,9651.0,10808.0,
75706000,75706000,2023,Челябинская область,Верхнеуфалейский,"Городской округ, городской округ с внутригородским делением",47104.7,4755.0,,,1351.0,,119.0,281.0,591.0,925.0,527.0,
75707000,75707000,2023,Челябинская область,Трехгорный,"Городской округ, городской округ с внутригородским делением",49248.8,4751.0,,,,,,,,,,
75712000,75712000,2023,Челябинская область,Златоустовский,"Городской округ, городской округ с внутригородским делением",47855.0,27340.0,,,7010.0,1541.0,571.0,1734.0,2467.0,4763.0,2967.0,
75715000,75715000,2023,Челябинская область,Карабашский,"Городской округ, городской округ с внутригородским делением",53194.8,3031.0,,,,112.0,,92.0,424.0,348.0,242.0,
75728000,75728000,2023,Челябинская область,Копейский,"Городской округ, городской округ с внутригородским делением",56834.7,25905.0,,,8250.0,600.0,445.0,3409.0,2850.0,4460.0,2445.0,
75734000,75734000,2023,Челябинская область,Кыштымский,"Городской округ, городской округ с внутригородским делением",54172.9,9652.0,,,3917.0,384.0,,441.0,1095.0,1531.0,1026.0,
75738000,75738000,2023,Челябинская область,Магнитогорский,"Городской округ, городской округ с внутригородским делением",67299.4,109611.0,,,39693.0,3874.0,2700.0,6898.0,4929.0,11398.0,10215.0,
75742000,75742000,2023,Челябинская область,Миасский,"Городской округ, городской округ с внутригородским делением",63534.4,39803.0,,454.0,17072.0,1362.0,700.0,2119.0,2509.0,5428.0,3549.0,
75743000,75743000,2023,Челябинская область,Озерский,"Городской округ, городской округ с внутригородским делением",57241.6,13531.0,,,,,,,,,,
75746000,75746000,2023,Челябинская область,Снежинский,"Городской округ, городской округ с внутригородским делением",52384.0,7440.0,,,,,,,,,,
75752000,75752000,2023,Челябинская область,Троицкий,"Городской округ, городской округ с внутригородским делением",48995.6,11991.0,,,1175.0,1828.0,175.0,611.0,1738.0,2880.0,1718.0,
75755000,75755000,2023,Челябинская область,Усть-Катавский,"Городской округ, городской округ с внутригородским делением",45188.5,6056.0,,,2194.0,322.0,,187.0,546.0,902.0,539.0,
75758000,75758000,2023,Челябинская область,Чебаркульский,"Городской округ, городской округ с внутригородским делением",45356.9,9157.0,598.0,,3043.0,288.0,180.0,433.0,1218.0,1140.0,1376.0,
75759000,75759000,2023,Челябинская область,Локомотивный,"Городской округ, городской округ с внутригородским делением",39182.0,1228.0,,,,,,,229.0,273.0,,
75764000,75764000,2023,Челябинская область,Южноуральский,"Городской округ, городской округ с внутригородским делением",55300.8,8451.0,,,3917.0,839.0,9.0,623.0,707.0,1034.0,677.0,
76503000,76503000,2023,Забайкальский край,Акшинский муниципальный округ,Муниципальный округ,46100.2,1492.0,,,,,,,427.0,553.0,231.0,
76504000,76504000,2023,Забайкальский край,Александрово-Заводский муниципальный округ,Муниципальный округ,53055.5,2002.0,,,,,,,371.0,432.0,171.0,
76515000,76515000,2023,Забайкальский край,Каларский муниципальный округ,Муниципальный округ,143636.1,9322.0,,85.0,2826.0,183.0,,,212.0,340.0,152.0,
76530000,76530000,2023,Забайкальский край,Нерчинско-Заводский муниципальный округ,Муниципальный округ,63767.0,1369.0,,246.0,,,,20.0,187.0,574.0,,
76538000,76538000,2023,Забайкальский край,Приаргунский муниципальный округ,Муниципальный округ,50601.1,3085.0,176.0,,,435.0,21.0,69.0,585.0,946.0,329.0,
76544000,76544000,2023,Забайкальский край,Тунгокоченский муниципальный округ,Муниципальный округ,65577.4,1895.0,,,,128.0,,16.0,303.0,541.0,,
76602000,76602000,2023,Забайкальский край,Агинский муниципальный район,Муниципальный район,41378.7,1870.0,,,,67.0,34.0,,542.0,866.0,,
76606000,76506000,2023,Забайкальский край,Балейский муниципальный район,Муниципальный район,70858.5,3164.0,,891.0,,,,39.0,487.0,762.0,462.0,
76609000,76609000,2023,Забайкальский край,Борзинский муниципальный район,Муниципальный район,62061.5,8482.0,,,200.0,728.0,64.0,161.0,1025.0,1567.0,1224.0,
76610000,76510000,2023,Забайкальский край,Газимуро-Заводский муниципальный район,Муниципальный район,112760.0,6767.0,,3384.0,,24.0,,21.0,366.0,493.0,257.0,
76611000,76611000,2023,Забайкальский край,Дульдургинский муниципальный район,Муниципальный район,46908.0,2196.0,31.0,,,373.0,,21.0,325.0,838.0,287.0,
76612000,76512000,2023,Забайкальский край,Забайкальский муниципальный район,Муниципальный район,77266.3,3915.0,,,,102.0,,69.0,905.0,599.0,279.0,
76618000,76518000,2023,Забайкальский край,Калганский муниципальный район,Муниципальный район,77497.8,1867.0,,953.0,,,,,248.0,328.0,217.0,
76620000,76620000,2023,Забайкальский край,Карымский муниципальный район,Муниципальный район,66547.8,7130.0,,,924.0,130.0,,82.0,1235.0,1105.0,943.0,
76621000,76521000,2023,Забайкальский край,Муниципальный район Город Краснокаменск и Краснокаменский район,Муниципальный район,62974.9,14753.0,,,5310.0,739.0,,670.0,1495.0,2100.0,1619.0,
76622000,76622000,2023,Забайкальский край,Красночикойский муниципальный район,Муниципальный район,50138.4,2798.0,89.0,244.0,,135.0,,28.0,559.0,890.0,406.0,
76624000,76624000,2023,Забайкальский край,Кыринский муниципальный район,Муниципальный район,95889.2,2016.0,54.0,,,,,17.0,467.0,567.0,364.0,
76625000,76625000,2023,Забайкальский край,Могойтуйский муниципальный район,Муниципальный район,45841.4,3230.0,,,,110.0,,72.0,687.0,1291.0,521.0,
76626000,76526000,2023,Забайкальский край,Могочинский муниципальный район,Муниципальный район,92117.5,8943.0,42.0,2069.0,537.0,250.0,,54.0,532.0,843.0,355.0,
76628000,76628000,2023,Забайкальский край,Нерчинский муниципальный район,Муниципальный район,53385.8,5217.0,174.0,1218.0,,149.0,,199.0,903.0,1219.0,597.0,
76632000,76632000,2023,Забайкальский край,Оловяннинский муниципальный район,Муниципальный район,60512.4,4438.0,,,,740.0,107.0,71.0,923.0,913.0,794.0,
76634000,76534000,2023,Забайкальский край,Ононский муниципальный район,Муниципальный район,41564.5,1352.0,,,,,,,282.0,571.0,227.0,
76636000,76536000,2023,Забайкальский край,Петровск-Забайкальский муниципальный район,Муниципальный район,62499.3,2442.0,,,,202.0,,,107.0,934.0,,
76640000,76640000,2023,Забайкальский край,Сретенский муниципальный район,Муниципальный район,80350.9,3720.0,,897.0,20.0,25.0,,18.0,540.0,1196.0,500.0,
76642000,76642000,2023,Забайкальский край,Тунгиро-Олёкминский муниципальный район,Муниципальный район,66302.1,358.0,,,,,,,69.0,83.0,,
76646000,76546000,2023,Забайкальский край,Улётовский муниципальный район,Муниципальный район,49868.2,2543.0,93.0,,,141.0,,67.0,441.0,608.0,567.0,
76647000,76647000,2023,Забайкальский край,Хилокский муниципальный район,Муниципальный район,68212.6,5810.0,97.0,,291.0,243.0,,53.0,793.0,864.0,466.0,
76648000,76648000,2023,Забайкальский край,Чернышевский муниципальный район,Муниципальный район,79657.0,7516.0,,,408.0,430.0,86.0,70.0,656.0,1150.0,520.0,
76650000,76650000,2023,Забайкальский край,Читинский муниципальный район,Муниципальный район,54877.8,7544.0,91.0,326.0,675.0,407.0,77.0,213.0,2167.0,1855.0,639.0,
76652000,76552000,2023,Забайкальский край,Шелопугинский муниципальный район,Муниципальный район,47133.6,1021.0,,,,,,,225.0,331.0,189.0,
76654000,76654000,2023,Забайкальский край,Шилкинский муниципальный район,Муниципальный район,59030.3,7564.0,,,,817.0,80.0,118.0,834.0,1577.0,1452.0,
76701000,76701000,2023,Забайкальский край,Город Чита,"Городской округ, городской округ с внутригородским делением",74448.0,89816.0,598.0,1138.0,3769.0,4884.0,1168.0,5364.0,16935.0,12005.0,16201.0,
76702000,76702000,2023,Забайкальский край,Поселок Агинское,"Городской округ, городской округ с внутригородским делением",51270.4,3586.0,29.0,,,,,52.0,761.0,1127.0,655.0,
76715000,76715000,2023,Забайкальский край,Город Петровск-Забайкальский,"Городской округ, городской округ с внутригородским делением",49205.9,4133.0,,,,273.0,,222.0,665.0,680.0,988.0,
76785000,76785000,2023,Забайкальский край,ЗАТО поселок Горный,"Городской округ, городской округ с внутригородским делением",41944.0,1128.0,,,,,,,517.0,244.0,,
77603000,77603000,2023,Чукотский автономный округ,Анадырский муниципальный район,Муниципальный район,144192.2,3365.0,273.0,494.0,,,,128.0,166.0,529.0,40.0,
77609000,77609000,2023,Чукотский автономный округ,Билибинский муниципальный район,Муниципальный район,167549.9,6101.0,179.0,2085.0,70.0,1075.0,,152.0,422.0,461.0,304.0,
77633000,77633000,2023,Чукотский автономный округ,Чукотский муниципальный район,Муниципальный район,114295.9,1216.0,221.0,,,,,90.0,168.0,306.0,177.0,
77701000,77701000,2023,Чукотский автономный округ,Анадырь,"Городской округ, городской округ с внутригородским делением",172300.3,9838.0,84.0,2310.0,84.0,677.0,,476.0,2741.0,688.0,984.0,
77705000,77505000,2023,Чукотский автономный округ,Певек,"Городской округ, городской округ с внутригородским делением",173596.1,4801.0,,1510.0,,690.0,,158.0,203.0,228.0,176.0,
77710000,77510000,2023,Чукотский автономный округ,Провиденский,"Городской округ, городской округ с внутригородским делением",132052.2,1154.0,58.0,,,,,76.0,151.0,271.0,96.0,
77715000,77515000,2023,Чукотский автономный округ,Эгвекинот,"Городской округ, городской округ с внутригородским делением",147381.6,2322.0,269.0,,,,,78.0,199.0,400.0,205.0,
78603000,78603000,2023,Ярославская область,Большесельский муниципальный район,Муниципальный район,43034.7,1507.0,72.0,,,119.0,,37.0,193.0,270.0,289.0,
78606000,78606000,2023,Ярославская область,Борисоглебский муниципальный район,Муниципальный район,44723.5,1815.0,323.0,,,74.0,,74.0,216.0,540.0,371.0,
78609000,78609000,2023,Ярославская область,Брейтовский муниципальный район,Муниципальный район,39488.8,1024.0,21.0,,,82.0,,41.0,236.0,225.0,218.0,
78612000,78612000,2023,Ярославская область,Гаврилов-Ямский муниципальный район,Муниципальный район,51212.6,5680.0,24.0,,,225.0,36.0,208.0,499.0,1008.0,1073.0,
78615000,78615000,2023,Ярославская область,Даниловский муниципальный район,Муниципальный район,45646.3,4118.0,86.0,,78.0,287.0,,145.0,412.0,970.0,590.0,
78618000,78618000,2023,Ярославская область,Любимский муниципальный район,Муниципальный район,41142.1,1682.0,303.0,,,125.0,,31.0,222.0,412.0,238.0,
78621000,78621000,2023,Ярославская область,Мышкинский муниципальный район,Муниципальный район,54798.5,2203.0,,,,119.0,,66.0,221.0,393.0,353.0,
78623000,78623000,2023,Ярославская область,Некоузский муниципальный район,Муниципальный район,50054.4,3371.0,34.0,,,222.0,,109.0,660.0,455.0,326.0,
78626000,78626000,2023,Ярославская область,Некрасовский муниципальный район,Муниципальный район,46948.4,3411.0,251.0,,,250.0,90.0,132.0,491.0,624.0,1061.0,
78629000,78629000,2023,Ярославская область,Первомайский муниципальный район,Муниципальный район,42075.5,1549.0,38.0,,,92.0,,46.0,248.0,407.0,290.0,
78634000,78634000,2023,Ярославская область,Пошехонский муниципальный район,Муниципальный район,37624.2,1779.0,37.0,,,98.0,,51.0,280.0,456.0,389.0,
78637000,78637000,2023,Ярославская область,Ростовский муниципальный район,Муниципальный район,48988.0,13650.0,490.0,268.0,3738.0,791.0,392.0,828.0,1425.0,2179.0,1249.0,
78640000,78640000,2023,Ярославская область,Рыбинский муниципальный район,Муниципальный район,56190.1,5332.0,2080.0,,1260.0,21.0,,111.0,163.0,915.0,331.0,
78643000,78643000,2023,Ярославская область,Тутаевский муниципальный район,Муниципальный район,46527.4,8607.0,122.0,,2936.0,571.0,11.0,479.0,906.0,1779.0,1010.0,
78646000,78646000,2023,Ярославская область,Угличский муниципальный район,Муниципальный район,48202.8,8057.0,370.0,,1234.0,429.0,172.0,478.0,965.0,1636.0,1271.0,
78650000,78650000,2023,Ярославская область,Ярославский муниципальный район,Муниципальный район,63743.2,14378.0,1498.0,,931.0,769.0,172.0,2971.0,299.0,2037.0,1341.0,
78701000,78701000,2023,Ярославская область,Город Ярославль,"Городской округ, городской округ с внутригородским делением",64884.4,160889.0,214.0,,35571.0,5383.0,2420.0,16402.0,16069.0,22686.0,16878.0,
78705000,78532000,2023,Ярославская область,Город Переславль-Залесский,"Городской округ, городской округ с внутригородским делением",54237.6,10375.0,166.0,,3722.0,582.0,34.0,621.0,709.0,1973.0,1118.0,
78715000,78715000,2023,Ярославская область,Город Рыбинск,"Городской округ, городской округ с внутригородским делением",61251.8,50178.0,,,20596.0,1961.0,941.0,2149.0,3361.0,5728.0,5037.0,
79605000,79605000,2023,Республика Адыгея,Гиагинский муниципальный район,Муниципальный район,46265.2,5074.0,285.0,,2370.0,138.0,,145.0,327.0,920.0,426.0,
79615000,79615000,2023,Республика Адыгея,Кошехабльский муниципальный район,Муниципальный район,42959.7,2847.0,,,,,,53.0,412.0,1097.0,429.0,
79618000,79618000,2023,Республика Адыгея,Красногвардейский муниципальный район,Муниципальный район,41495.8,3448.0,228.0,,548.0,,56.0,116.0,334.0,1092.0,627.0,
79622000,79622000,2023,Республика Адыгея,Майкопский муниципальный район,Муниципальный район,41518.0,4851.0,189.0,166.0,121.0,,6.0,327.0,710.0,1499.0,906.0,
79630000,79630000,2023,Республика Адыгея,Тахтамукайский муниципальный район,Муниципальный район,59636.3,13486.0,278.0,67.0,2149.0,137.0,,4615.0,921.0,2269.0,765.0,
79633000,79633000,2023,Республика Адыгея,Теучежский муниципальный район,Муниципальный район,54998.2,4177.0,208.0,,,63.0,,1193.0,520.0,673.0,108.0,
79640000,79640000,2023,Республика Адыгея,Шовгеновский муниципальный район,Муниципальный район,36231.4,1661.0,84.0,,,39.0,,21.0,179.0,651.0,319.0,
79701000,79701000,2023,Республика Адыгея,Город Майкоп,"Городской округ, городской округ с внутригородским делением",48392.4,35318.0,161.0,,3132.0,1423.0,868.0,2141.0,6848.0,6511.0,6619.0,
79703000,79703000,2023,Республика Адыгея,Город Адыгейск,"Городской округ, городской округ с внутригородским делением",38846.2,1620.0,,,56.0,90.0,,116.0,228.0,457.0,419.0,
80601000,80601000,2023,Республика Башкортостан,Абзелиловский муниципальный район,Муниципальный район,44246.5,5764.0,240.0,,201.0,150.0,79.0,398.0,539.0,1626.0,1323.0,
80602000,80602000,2023,Республика Башкортостан,Альшеевский муниципальный район,Муниципальный район,49972.5,5239.0,106.0,,776.0,119.0,62.0,258.0,442.0,1181.0,853.0,
80603000,80603000,2023,Республика Башкортостан,Архангельский муниципальный район,Муниципальный район,39743.9,1751.0,90.0,,,75.0,,94.0,300.0,552.0,333.0,
80604000,80604000,2023,Республика Башкортостан,Аскинский муниципальный район,Муниципальный район,39011.0,2246.0,29.0,,,71.0,,106.0,328.0,842.0,438.0,
80605000,80605000,2023,Республика Башкортостан,Аургазинский муниципальный район,Муниципальный район,39343.2,3632.0,816.0,202.0,,164.0,,131.0,393.0,960.0,442.0,
80606000,80606000,2023,Республика Башкортостан,Баймакский муниципальный район,Муниципальный район,41846.8,5768.0,47.0,,372.0,85.0,,228.0,684.0,1949.0,1094.0,
80607000,80607000,2023,Республика Башкортостан,Бакалинский муниципальный район,Муниципальный район,36516.4,2770.0,,,,86.0,,151.0,396.0,1169.0,527.0,
80608000,80608000,2023,Республика Башкортостан,Балтачевский муниципальный район,Муниципальный район,38840.2,1910.0,77.0,,,,,123.0,320.0,697.0,353.0,
80609000,80609000,2023,Республика Башкортостан,Белебеевский муниципальный район,Муниципальный район,48823.1,15486.0,138.0,539.0,4730.0,1435.0,297.0,816.0,1039.0,2222.0,1920.0,
80610000,80610000,2023,Республика Башкортостан,Белокатайский муниципальный район,Муниципальный район,44607.1,2009.0,41.0,,,59.0,,78.0,277.0,745.0,307.0,
80611000,80611000,2023,Республика Башкортостан,Белорецкий муниципальный район,Муниципальный район,47596.9,21070.0,89.0,,7188.0,1269.0,309.0,1052.0,1571.0,3218.0,2731.0,
80612000,80612000,2023,Республика Башкортостан,Бижбулякский муниципальный район,Муниципальный район,43065.6,2508.0,51.0,334.0,,112.0,,92.0,332.0,765.0,342.0,
80613000,80613000,2023,Республика Башкортостан,Бирский муниципальный район,Муниципальный район,44085.0,6777.0,199.0,,589.0,443.0,,493.0,721.0,1815.0,1456.0,
80614000,80614000,2023,Республика Башкортостан,Благоварский муниципальный район,Муниципальный район,47919.5,3141.0,736.0,,167.0,103.0,,116.0,323.0,778.0,338.0,
80615000,80615000,2023,Республика Башкортостан,Благовещенский муниципальный район,Муниципальный район,63283.9,9048.0,316.0,,3857.0,352.0,139.0,618.0,565.0,1051.0,783.0,
80617000,80617000,2023,Республика Башкортостан,Буздякский муниципальный район,Муниципальный район,44487.9,3002.0,507.0,,,98.0,,146.0,317.0,760.0,491.0,
80618000,80618000,2023,Республика Башкортостан,Бураевский муниципальный район,Муниципальный район,50689.0,2710.0,67.0,,32.0,72.0,,111.0,296.0,646.0,350.0,
80619000,80619000,2023,Республика Башкортостан,Бурзянский муниципальный район,Муниципальный район,33865.9,2269.0,,,,81.0,,70.0,307.0,960.0,278.0,
80621000,80621000,2023,Республика Башкортостан,Гафурийский муниципальный район,Муниципальный район,40742.2,3321.0,40.0,,,180.0,34.0,155.0,406.0,987.0,1131.0,
80622000,80622000,2023,Республика Башкортостан,Давлекановский муниципальный район,Муниципальный район,41173.8,4562.0,62.0,,1150.0,226.0,,267.0,506.0,1057.0,572.0,
80623000,80623000,2023,Республика Башкортостан,Дуванский муниципальный район,Муниципальный район,42654.9,4343.0,344.0,,211.0,554.0,,230.0,499.0,1115.0,775.0,
80624000,80624000,2023,Республика Башкортостан,Дюртюлинский муниципальный район,Муниципальный район,47327.5,8423.0,627.0,854.0,122.0,516.0,235.0,409.0,848.0,1698.0,1113.0,
80625000,80625000,2023,Республика Башкортостан,Ермекеевский муниципальный район,Муниципальный район,47724.5,1678.0,364.0,139.0,,39.0,,50.0,279.0,300.0,222.0,
80626000,80626000,2023,Республика Башкортостан,Зианчуринский муниципальный район,Муниципальный район,37709.7,2675.0,246.0,,,77.0,,139.0,376.0,926.0,456.0,
80627000,80627000,2023,Республика Башкортостан,Зилаирский муниципальный район,Муниципальный район,39035.0,1746.0,85.0,,,,,70.0,311.0,653.0,230.0,
80628000,80628000,2023,Республика Башкортостан,Иглинский муниципальный район,Муниципальный район,58344.2,5336.0,43.0,,65.0,164.0,,786.0,653.0,1401.0,909.0,
80630000,80630000,2023,Республика Башкортостан,Илишевский муниципальный район,Муниципальный район,48642.8,4310.0,333.0,326.0,,129.0,,159.0,469.0,1238.0,520.0,
80631000,80631000,2023,Республика Башкортостан,Ишимбайский муниципальный район,Муниципальный район,51750.7,12850.0,47.0,782.0,2630.0,1141.0,237.0,882.0,1024.0,2283.0,1658.0,
80633000,80633000,2023,Республика Башкортостан,Калтасинский муниципальный район,Муниципальный район,56027.3,3093.0,120.0,419.0,,166.0,49.0,133.0,370.0,662.0,363.0,
80634000,80634000,2023,Республика Башкортостан,Караидельский муниципальный район,Муниципальный район,38210.7,2315.0,25.0,,20.0,76.0,,93.0,408.0,860.0,369.0,
80635000,80635000,2023,Республика Башкортостан,Кармаскалинский муниципальный район,Муниципальный район,47363.8,4980.0,535.0,,250.0,151.0,,348.0,487.0,1407.0,612.0,
80636000,80636000,2023,Республика Башкортостан,Кигинский муниципальный район,Муниципальный район,38004.0,1704.0,,,24.0,74.0,,96.0,298.0,657.0,323.0,
80637000,80637000,2023,Республика Башкортостан,Краснокамский муниципальный район,Муниципальный район,52085.5,5506.0,219.0,2105.0,,,,91.0,323.0,728.0,817.0,
80638000,80638000,2023,Республика Башкортостан,Кугарчинский муниципальный район,Муниципальный район,40524.2,3174.0,241.0,,20.0,172.0,,176.0,451.0,966.0,598.0,
80639000,80639000,2023,Республика Башкортостан,Куюргазинский муниципальный район,Муниципальный район,52736.2,2769.0,358.0,,28.0,60.0,,96.0,308.0,579.0,210.0,
80640000,80640000,2023,Республика Башкортостан,Кушнаренковский муниципальный район,Муниципальный район,42360.9,2547.0,,,,104.0,36.0,208.0,357.0,776.0,377.0,
80641000,80641000,2023,Республика Башкортостан,Мелеузовский муниципальный район,Муниципальный район,45833.6,11096.0,876.0,,2735.0,519.0,262.0,639.0,1225.0,1895.0,1352.0,
80642000,80642000,2023,Республика Башкортостан,Мечетлинский муниципальный район,Муниципальный район,37982.4,2446.0,,,10.0,74.0,,142.0,309.0,800.0,647.0,
80643000,80643000,2023,Республика Башкортостан,Мишкинский муниципальный район,Муниципальный район,37720.9,1833.0,,,,,,80.0,312.0,816.0,303.0,
80644000,80644000,2023,Республика Башкортостан,Миякинский муниципальный район,Муниципальный район,39776.9,2519.0,367.0,,,207.0,,131.0,347.0,702.0,375.0,
80645000,80645000,2023,Республика Башкортостан,Нуримановский муниципальный район,Муниципальный район,38525.2,2299.0,,,,115.0,,104.0,336.0,558.0,479.0,
80647000,80647000,2023,Республика Башкортостан,Салаватский муниципальный район,Муниципальный район,44118.4,3595.0,,,103.0,84.0,,153.0,316.0,985.0,1165.0,
80648000,80648000,2023,Республика Башкортостан,Стерлибашевский муниципальный район,Муниципальный район,37850.1,1790.0,,,,89.0,,80.0,306.0,710.0,310.0,
80649000,80649000,2023,Республика Башкортостан,Стерлитамакский муниципальный район,Муниципальный район,52440.3,4525.0,1036.0,,477.0,184.0,,305.0,288.0,855.0,167.0,
80650000,80650000,2023,Республика Башкортостан,Татышлинский муниципальный район,Муниципальный район,55593.5,3382.0,184.0,301.0,18.0,95.0,,117.0,329.0,786.0,411.0,
80651000,80651000,2023,Республика Башкортостан,Туймазинский муниципальный район,Муниципальный район,52135.3,19862.0,415.0,1434.0,3772.0,1022.0,231.0,1181.0,1400.0,3559.0,2454.0,
80652000,80652000,2023,Республика Башкортостан,Уфимский муниципальный район,Муниципальный район,75139.9,19017.0,1344.0,2572.0,2089.0,507.0,135.0,1872.0,743.0,2136.0,827.0,
80653000,80653000,2023,Республика Башкортостан,Учалинский муниципальный район,Муниципальный район,66721.0,14871.0,262.0,2808.0,2301.0,623.0,126.0,527.0,723.0,2322.0,1427.0,
80654000,80654000,2023,Республика Башкортостан,Федоровский муниципальный район,Муниципальный район,38427.2,1474.0,16.0,,,63.0,,74.0,246.0,496.0,248.0,
80655000,80655000,2023,Республика Башкортостан,Хайбуллинский муниципальный район,Муниципальный район,66694.5,6042.0,,3055.0,177.0,,,166.0,416.0,1022.0,469.0,
80656000,80656000,2023,Республика Башкортостан,Чекмагушевский муниципальный район,Муниципальный район,46491.6,3764.0,958.0,,3.0,113.0,,143.0,406.0,792.0,486.0,
80657000,80657000,2023,Республика Башкортостан,Чишминский муниципальный район,Муниципальный район,51743.4,5868.0,585.0,,933.0,262.0,,354.0,598.0,991.0,736.0,
80658000,80658000,2023,Республика Башкортостан,Шаранский муниципальный район,Муниципальный район,47140.2,2404.0,,,,75.0,,82.0,271.0,742.0,341.0,
80659000,80659000,2023,Республика Башкортостан,Янаульский муниципальный район,Муниципальный район,49617.3,6714.0,417.0,1142.0,,421.0,25.0,280.0,572.0,994.0,777.0,
80701000,80701000,2023,Республика Башкортостан,Город Уфа,"Городской округ, городской округ с внутригородским делением",74150.2,303299.0,534.0,5915.0,58407.0,10174.0,3569.0,29497.0,25936.0,31736.0,34976.0,
80703000,80703000,2023,Республика Башкортостан,Город Агидель,"Городской округ, городской округ с внутригородским делением",51380.7,1486.0,,,,110.0,,96.0,248.0,336.0,108.0,
80707000,80707000,2023,Республика Башкортостан,ЗАТО город Межгорье,"Городской округ, городской округ с внутригородским делением",76707.3,2887.0,,,,,,,,,,
80723000,80723000,2023,Республика Башкортостан,Город Кумертау,"Городской округ, городской округ с внутригородским делением",48318.0,10116.0,,,3171.0,957.0,202.0,689.0,660.0,1553.0,1782.0,
80727000,80727000,2023,Республика Башкортостан,Город Нефтекамск,"Городской округ, городской округ с внутригородским делением",54362.1,27701.0,,1427.0,7499.0,2333.0,428.0,2990.0,1301.0,3872.0,2410.0,
80735000,80735000,2023,Республика Башкортостан,Город Октябрьский,"Городской округ, городской округ с внутригородским делением",56632.7,22320.0,,3967.0,6177.0,1545.0,218.0,984.0,874.0,2676.0,2145.0,
80739000,80739000,2023,Республика Башкортостан,Город Салават,"Городской округ, городской округ с внутригородским делением",62465.8,32996.0,,,13018.0,1637.0,654.0,1694.0,2001.0,3189.0,2967.0,
80743000,80743000,2023,Республика Башкортостан,Город Сибай,"Городской округ, городской округ с внутригородским делением",48111.3,8239.0,,185.0,359.0,810.0,,633.0,818.0,1884.0,1679.0,
80745000,80745000,2023,Республика Башкортостан,Город Стерлитамак,"Городской округ, городской округ с внутригородским делением",54143.4,50418.0,25.0,,16928.0,2054.0,806.0,4795.0,3167.0,7306.0,5542.0,
81603000,81603000,2023,Республика Бурятия,Баргузинский муниципальный район,Муниципальный район,53049.0,2650.0,61.0,,,,,62.0,491.0,842.0,575.0,
81606000,81606000,2023,Республика Бурятия,Баунтовский эвенкийский муниципальный район,Муниципальный район,93706.8,2941.0,,1472.0,,,,,228.0,427.0,,
81609000,81609000,2023,Республика Бурятия,Бичурский муниципальный район,Муниципальный район,58290.0,2995.0,112.0,,,57.0,,258.0,438.0,864.0,455.0,
81612000,81612000,2023,Республика Бурятия,Джидинский муниципальный район,Муниципальный район,44468.2,2507.0,,,,119.0,,61.0,513.0,961.0,485.0,
81615000,81615000,2023,Республика Бурятия,Еравнинский муниципальный район,Муниципальный район,91629.6,5268.0,52.0,,,142.0,,90.0,405.0,690.0,262.0,
81618000,81618000,2023,Республика Бурятия,Заиграевский муниципальный район,Муниципальный район,53638.8,7038.0,653.0,,227.0,364.0,178.0,123.0,1552.0,1695.0,877.0,
81621000,81621000,2023,Республика Бурятия,Закаменский муниципальный район,Муниципальный район,41491.5,3723.0,,,,216.0,279.0,62.0,465.0,1546.0,522.0,
81622000,81622000,2023,Республика Бурятия,Иволгинский муниципальный район,Муниципальный район,49756.5,3348.0,,,,150.0,33.0,95.0,527.0,1550.0,547.0,
81624000,81624000,2023,Республика Бурятия,Кабанский муниципальный район,Муниципальный район,53175.4,9269.0,186.0,,1947.0,891.0,110.0,180.0,838.0,1897.0,1328.0,
81627000,81627000,2023,Республика Бурятия,Кижингинский муниципальный район,Муниципальный район,43985.8,1687.0,,,,69.0,,24.0,241.0,789.0,,
81630000,81630000,2023,Республика Бурятия,Курумканский муниципальный район,Муниципальный район,51903.8,1500.0,57.0,,,,,,325.0,582.0,275.0,
81633000,81633000,2023,Республика Бурятия,Кяхтинский муниципальный район,Муниципальный район,49243.1,4847.0,,,74.0,272.0,,96.0,1034.0,1240.0,1048.0,
81635000,81635000,2023,Республика Бурятия,Муйский муниципальный район,Муниципальный район,115575.8,4659.0,,1312.0,245.0,412.0,,23.0,213.0,383.0,225.0,
81636000,81636000,2023,Республика Бурятия,Мухоршибирский муниципальный район,Муниципальный район,65998.1,4687.0,,,21.0,132.0,,73.0,635.0,1007.0,596.0,
81639000,81639000,2023,Республика Бурятия,Окинский муниципальный район,Муниципальный район,78084.2,1533.0,,696.0,,,,,185.0,354.0,140.0,
81642000,81642000,2023,Республика Бурятия,Прибайкальский муниципальный район,Муниципальный район,49484.4,3330.0,189.0,,,142.0,,92.0,457.0,861.0,660.0,
81645000,81645000,2023,Республика Бурятия,Северо-Байкальский муниципальный район,Муниципальный район,96525.9,3911.0,,,,306.0,,12.0,173.0,459.0,254.0,
81648000,81648000,2023,Республика Бурятия,Селенгинский муниципальный район,Муниципальный район,60193.5,5731.0,96.0,,89.0,1607.0,,95.0,881.0,1410.0,788.0,
81650000,81650000,2023,Республика Бурятия,Тарбагатайский муниципальный район,Муниципальный район,48190.2,1925.0,,,,101.0,,47.0,329.0,634.0,232.0,
81651000,81651000,2023,Республика Бурятия,Тункинский муниципальный район,Муниципальный район,47491.0,2747.0,,,,131.0,,50.0,501.0,895.0,655.0,
81657000,81657000,2023,Республика Бурятия,Хоринский муниципальный район,Муниципальный район,44836.5,2093.0,110.0,,,,,50.0,470.0,672.0,454.0,
81701000,81701000,2023,Республика Бурятия,Город Улан-Удэ,"Городской округ, городской округ с внутригородским делением",65711.7,91029.0,1153.0,73.0,15552.0,4263.0,1521.0,5243.0,15361.0,13583.0,14661.0,
81720000,81720000,2023,Республика Бурятия,Город Северобайкальск,"Городской округ, городской округ с внутригородским делением",92163.7,6122.0,,,344.0,506.0,,117.0,576.0,804.0,590.0,
82601000,82601000,2023,Республика Дагестан,Агульский муниципальный район,Муниципальный район,30415.2,1223.0,8.0,,,,,,147.0,611.0,309.0,
82603000,82603000,2023,Республика Дагестан,Акушинский муниципальный район,Муниципальный район,33061.9,3133.0,30.0,,,,,,352.0,1677.0,643.0,
82605000,82605000,2023,Республика Дагестан,Ахвахский муниципальный район,Муниципальный район,32147.7,1599.0,,,,,,,203.0,886.0,341.0,
82606000,82606000,2023,Республика Дагестан,Ахтынский муниципальный район,Муниципальный район,48612.9,2893.0,,,,,,,316.0,1165.0,619.0,
82607000,82607000,2023,Республика Дагестан,Бабаюртовский муниципальный район,Муниципальный район,30561.9,4053.0,316.0,,,,,,498.0,2027.0,859.0,
82609000,82609000,2023,Республика Дагестан,Ботлихский муниципальный район,Муниципальный район,31521.3,3714.0,103.0,,,,,,581.0,1895.0,749.0,
82611000,82611000,2023,Республика Дагестан,Буйнакский муниципальный район,Муниципальный район,29675.0,3664.0,12.0,,,,,,164.0,2825.0,,
82613000,82613000,2023,Республика Дагестан,Гергебильский муниципальный район,Муниципальный район,29602.0,1944.0,,,,,,,216.0,981.0,508.0,
82615000,82615000,2023,Республика Дагестан,Гумбетовский муниципальный район,Муниципальный район,33542.2,1727.0,15.0,,,,,,282.0,863.0,362.0,
82616000,82616000,2023,Республика Дагестан,Гунибский муниципальный район,Муниципальный район,33858.6,2455.0,,,,,,,297.0,1329.0,493.0,
82618000,82618000,2023,Республика Дагестан,Дахадаевский муниципальный район,Муниципальный район,28471.4,3008.0,,,,,,,299.0,1555.0,866.0,
82620000,82620000,2023,Республика Дагестан,Дербентский муниципальный район,Муниципальный район,32211.5,5564.0,707.0,,230.0,,,,201.0,3482.0,,
82621000,82621000,2023,Республика Дагестан,Докузпаринский муниципальный район,Муниципальный район,26559.6,1441.0,,,,,,,108.0,806.0,306.0,
82622000,82622000,2023,Республика Дагестан,Казбековский муниципальный район,Муниципальный район,35625.2,3464.0,43.0,,,,,,496.0,1807.0,727.0,
82623000,82623000,2023,Республика Дагестан,Кайтагский муниципальный район,Муниципальный район,30506.6,2365.0,36.0,,,,,,254.0,1221.0,612.0,
82624000,82624000,2023,Республика Дагестан,Каякентский муниципальный район,Муниципальный район,32125.0,4366.0,683.0,,,,,,370.0,2018.0,959.0,
82626000,82626000,2023,Республика Дагестан,Кизилюртовский муниципальный район,Муниципальный район,37856.7,2840.0,,,,144.0,,,109.0,2099.0,,
82627000,82627000,2023,Республика Дагестан,Кизлярский муниципальный район,Муниципальный район,35623.7,2709.0,,,,,,,144.0,1797.0,,
82629000,82629000,2023,Республика Дагестан,Кулинский муниципальный район,Муниципальный район,30578.8,999.0,8.0,,,,,,128.0,451.0,222.0,
82630000,82630000,2023,Республика Дагестан,Курахский муниципальный район,Муниципальный район,28628.1,1571.0,12.0,,,,,,206.0,854.0,318.0,
82632000,82632000,2023,Республика Дагестан,Лакский муниципальный район,Муниципальный район,34254.3,1248.0,24.0,,,,,,231.0,565.0,260.0,
82634000,82634000,2023,Республика Дагестан,Левашинский муниципальный район,Муниципальный район,33048.3,4780.0,121.0,,,,,32.0,712.0,2242.0,1041.0,
82635000,82635000,2023,Республика Дагестан,Карабудахкентский муниципальный район,Муниципальный район,31715.1,6619.0,120.0,,,,,5.0,467.0,3769.0,910.0,
82636000,82636000,2023,Республика Дагестан,Кумторкалинский муниципальный район,Муниципальный район,48414.8,2780.0,,,,,,32.0,438.0,1024.0,616.0,
82637000,82637000,2023,Республика Дагестан,Магарамкентский муниципальный район,Муниципальный район,29940.4,4448.0,229.0,,,,,,481.0,2215.0,777.0,
82639000,82639000,2023,Республика Дагестан,Новолакский муниципальный район,Муниципальный район,30737.6,2754.0,,,,,,,462.0,1662.0,477.0,
82640000,82640000,2023,Республика Дагестан,Ногайский муниципальный район,Муниципальный район,38850.9,2369.0,37.0,,,,,,423.0,1000.0,503.0,
82642000,82642000,2023,Республика Дагестан,Рутульский муниципальный район,Муниципальный район,29558.3,2184.0,9.0,,,,,,219.0,1314.0,395.0,
82644000,82644000,2023,Республика Дагестан,Сергокалинский муниципальный район,Муниципальный район,29905.3,2314.0,24.0,,,,,,242.0,1339.0,559.0,
82646000,82646000,2023,Республика Дагестан,Шамильский муниципальный район,Муниципальный район,30817.0,2604.0,59.0,,,,,,269.0,1207.0,774.0,
82647000,82647000,2023,Республика Дагестан,Сулейман-Стальский муниципальный район,Муниципальный район,31899.0,3734.0,191.0,,,,,,347.0,2002.0,770.0,
82648000,82648000,2023,Республика Дагестан,Табасаранский муниципальный район,Муниципальный район,27864.8,4566.0,28.0,,,,,5.0,397.0,2949.0,876.0,
82649000,82649000,2023,Республика Дагестан,Тарумовский муниципальный район,Муниципальный район,41463.8,2727.0,117.0,,,,,,517.0,998.0,643.0,
82651000,82651000,2023,Республика Дагестан,Тляратинский муниципальный район,Муниципальный район,31321.8,2625.0,37.0,,,,,,263.0,1568.0,478.0,
82653000,82653000,2023,Республика Дагестан,Унцукульский муниципальный район,Муниципальный район,31717.1,3490.0,31.0,,32.0,,,7.0,329.0,1693.0,565.0,
82654000,82654000,2023,Республика Дагестан,Хасавюртовский муниципальный район,Муниципальный район,30142.1,6439.0,171.0,,,,,,334.0,5038.0,,
82655000,82655000,2023,Республика Дагестан,Хивский муниципальный район,Муниципальный район,29429.6,1785.0,22.0,,,,,,227.0,984.0,354.0,
82656000,82656000,2023,Республика Дагестан,Хунзахский муниципальный район,Муниципальный район,29374.3,3370.0,84.0,,,,,3.0,284.0,1785.0,669.0,
82657000,82657000,2023,Республика Дагестан,Цумадинский муниципальный район,Муниципальный район,35275.8,1806.0,21.0,,,,,,252.0,1046.0,359.0,
82658000,82658000,2023,Республика Дагестан,Цунтинский муниципальный район,Муниципальный район,30324.4,2546.0,,,,,,,345.0,1328.0,517.0,
82659000,82659000,2023,Республика Дагестан,Чародинский муниципальный район,Муниципальный район,29852.8,1407.0,,,,,,,193.0,604.0,380.0,
82700000,CD,2023,Республика Дагестан,Городские округа Республики Дагестан,"Городской округ, городской округ с внутригородским делением",45708.0,176790.0,1378.0,988.0,7825.0,7396.0,1995.0,3461.0,34125.0,45040.0,40690.0,
82701000,82701000,2023,Республика Дагестан,Город Махачкала,"Городской округ, городской округ с внутригородским делением",50591.7,107601.0,825.0,409.0,1152.0,6595.0,1022.0,2825.0,25629.0,22908.0,21234.0,
82705000,82705000,2023,Республика Дагестан,Город Буйнакск,"Городской округ, городской округ с внутригородским делением",34994.3,8350.0,68.0,,,113.0,,24.0,1328.0,2465.0,3671.0,
82708000,82708000,2023,Республика Дагестан,Город Дагестанские Огни,"Городской округ, городской округ с внутригородским делением",28210.2,2930.0,,,,,,12.0,209.0,1364.0,610.0,
82710000,82710000,2023,Республика Дагестан,Город Дербент,"Городской округ, городской округ с внутригородским делением",37620.9,14280.0,268.0,,1083.0,,116.0,134.0,1572.0,4213.0,3557.0,
82715000,82715000,2023,Республика Дагестан,Город Избербаш,"Городской округ, городской округ с внутригородским делением",36083.0,3918.0,,,86.0,,,31.0,467.0,1758.0,1010.0,
82720000,82720000,2023,Республика Дагестан,Город Каспийск,"Городской округ, городской округ с внутригородским делением",40794.3,11445.0,,,2114.0,406.0,347.0,201.0,907.0,4273.0,1807.0,
82725000,82725000,2023,Республика Дагестан,Город Кизилюрт,"Городской округ, городской округ с внутригородским делением",37740.2,6080.0,,,,,,35.0,1039.0,1881.0,1998.0,
82730000,82730000,2023,Республика Дагестан,Город Кизляр,"Городской округ, городской округ с внутригородским делением",44740.1,8999.0,153.0,,,,,39.0,1217.0,1781.0,2077.0,
82735000,82735000,2023,Республика Дагестан,Город Хасавюрт,"Городской округ, городской округ с внутригородским делением",36940.9,11722.0,29.0,,,,,155.0,1609.0,3942.0,4371.0,
82738000,82738000,2023,Республика Дагестан,Город Южно-Сухокумск,"Городской округ, городской округ с внутригородским делением",35197.2,1464.0,,,,,,,147.0,382.0,249.0,
83610000,83610000,2023,Кабардино-Балкарская Республика,Баксанский муниципальный район,Муниципальный район,31648.8,3504.0,706.0,,,,11.0,,94.0,1952.0,,
83615000,83615000,2023,Кабардино-Балкарская Республика,Зольский муниципальный район,Муниципальный район,35429.2,2871.0,,,,,,33.0,466.0,1413.0,517.0,
83618000,83618000,2023,Кабардино-Балкарская Республика,Лескенский муниципальный район,Муниципальный район,33035.3,1422.0,,,,,18.0,,277.0,899.0,,
83620000,83620000,2023,Кабардино-Балкарская Республика,Майский муниципальный район,Муниципальный район,38075.4,3060.0,278.0,,673.0,,,75.0,381.0,916.0,505.0,
83625000,83625000,2023,Кабардино-Балкарская Республика,Прохладненский муниципальный район,Муниципальный район,32098.9,2663.0,189.0,,488.0,,,18.0,277.0,1271.0,,
83630000,83630000,2023,Кабардино-Балкарская Республика,Черекский муниципальный район,Муниципальный район,40176.1,2251.0,,,,175.0,35.0,,547.0,954.0,291.0,
83635000,83635000,2023,Кабардино-Балкарская Республика,Терский муниципальный район,Муниципальный район,35220.5,4226.0,160.0,,,91.0,75.0,43.0,538.0,1626.0,731.0,
83640000,83640000,2023,Кабардино-Балкарская Республика,Урванский муниципальный район,Муниципальный район,35796.3,5749.0,,,426.0,,46.0,105.0,621.0,2165.0,1387.0,
83645000,83645000,2023,Кабардино-Балкарская Республика,Чегемский муниципальный район,Муниципальный район,36402.3,4505.0,83.0,,291.0,104.0,127.0,43.0,921.0,1824.0,888.0,
83648000,83648000,2023,Кабардино-Балкарская Республика,Эльбрусский муниципальный район,Муниципальный район,40225.9,2997.0,,,,,,39.0,510.0,1097.0,538.0,
83701000,83701000,2023,Кабардино-Балкарская Республика,Нальчик,"Городской округ, городской округ с внутригородским делением",46055.1,54394.0,559.0,,2091.0,5137.0,1020.0,1492.0,12763.0,9812.0,11455.0,
83703000,83703000,2023,Кабардино-Балкарская Республика,Баксан,"Городской округ, городской округ с внутригородским делением",36964.4,4461.0,,,,84.0,60.0,74.0,909.0,1510.0,1160.0,
83710000,83710000,2023,Кабардино-Балкарская Республика,Прохладный,"Городской округ, городской округ с внутригородским делением",41272.9,6236.0,,,743.0,325.0,144.0,259.0,1068.0,1244.0,1210.0,
84610000,84610000,2023,Республика Алтай,Кош-Агачский муниципальный район,Муниципальный район,56419.6,2501.0,,,,67.0,,41.0,548.0,984.0,447.0,
84615000,84615000,2023,Республика Алтай,Майминский муниципальный район,Муниципальный район,63980.1,6654.0,172.0,,379.0,74.0,95.0,259.0,1342.0,997.0,501.0,
84620000,84620000,2023,Республика Алтай,Онгудайский муниципальный район,Муниципальный район,38419.1,2406.0,,,,60.0,,61.0,424.0,904.0,395.0,
84625000,84625000,2023,Республика Алтай,Турочакский муниципальный район,Муниципальный район,46431.3,1934.0,,,,,,65.0,410.0,648.0,263.0,
84630000,84630000,2023,Республика Алтай,Улаганский муниципальный район,Муниципальный район,52337.2,1984.0,,,,77.0,,57.0,392.0,838.0,404.0,
84635000,84635000,2023,Республика Алтай,Усть-Канский муниципальный район,Муниципальный район,36998.4,2111.0,,,,49.0,,36.0,388.0,1080.0,338.0,
84640000,84640000,2023,Республика Алтай,Усть-Коксинский муниципальный район,Муниципальный район,38885.2,2554.0,339.0,,22.0,91.0,,40.0,426.0,994.0,298.0,
84643000,84643000,2023,Республика Алтай,Чемальский муниципальный район,Муниципальный район,51409.9,1709.0,,,,,,88.0,345.0,514.0,336.0,
84645000,84645000,2023,Республика Алтай,Чойский муниципальный район,Муниципальный район,45411.1,1406.0,,,,,,,276.0,453.0,,
84650000,84650000,2023,Республика Алтай,Шебалинский муниципальный район,Муниципальный район,40049.2,1855.0,,,,56.0,,58.0,367.0,781.0,269.0,
84701000,84701000,2023,Республика Алтай,Город Горно-Алтайск,"Городской округ, городской округ с внутригородским делением",61211.1,16212.0,113.0,,60.0,725.0,,946.0,4227.0,3512.0,3136.0,
85605000,85605000,2023,Республика Калмыкия,Городовиковский муниципальный район,Муниципальный район,31314.8,1343.0,,,,,82.0,40.0,117.0,743.0,257.0,
85610000,85610000,2023,Республика Калмыкия,Ики-Бурульский муниципальный район,Муниципальный район,49578.8,875.0,,,,,,,71.0,372.0,182.0,
85615000,85615000,2023,Республика Калмыкия,Лаганский муниципальный район,Муниципальный район,32911.2,1235.0,,,,,4.0,60.0,108.0,719.0,248.0,
85620000,85620000,2023,Республика Калмыкия,Малодербетовский муниципальный район,Муниципальный район,31383.4,853.0,,,,,,31.0,107.0,398.0,223.0,
85623000,85623000,2023,Республика Калмыкия,Октябрьский муниципальный район,Муниципальный район,39410.7,778.0,,,,,,,57.0,352.0,148.0,
85625000,85625000,2023,Республика Калмыкия,Кетченеровский муниципальный район,Муниципальный район,32154.9,894.0,143.0,,,,,,77.0,421.0,178.0,
85628000,85628000,2023,Республика Калмыкия,Приютненский муниципальный район,Муниципальный район,33908.0,1003.0,,,,,,15.0,130.0,430.0,363.0,
85632000,85632000,2023,Республика Калмыкия,Сарпинский муниципальный район,Муниципальный район,35070.8,1065.0,,,,,,42.0,151.0,357.0,355.0,
85637000,85637000,2023,Республика Калмыкия,Целинный муниципальный район,Муниципальный район,37807.0,1164.0,,,,25.0,9.0,48.0,127.0,769.0,94.0,
85642000,85642000,2023,Республика Калмыкия,Черноземельский муниципальный район,Муниципальный район,51691.2,2002.0,349.0,53.0,20.0,,8.0,,102.0,524.0,147.0,
85646000,85646000,2023,Республика Калмыкия,Юстинский муниципальный район,Муниципальный район,36811.6,896.0,,,,,,28.0,79.0,459.0,168.0,
85650000,85650000,2023,Республика Калмыкия,Яшалтинский муниципальный район,Муниципальный район,29036.9,1135.0,,,,,,,127.0,603.0,242.0,
85654000,85654000,2023,Республика Калмыкия,Яшкульский муниципальный район,Муниципальный район,39853.2,1702.0,209.0,,,,,22.0,324.0,578.0,207.0,
85701000,85701000,2023,Республика Калмыкия,Город Элиста,"Городской округ, городской округ с внутригородским делением",45279.1,28544.0,527.0,,292.0,2171.0,317.0,838.0,8187.0,5283.0,4283.0,
86550000,86550000,2023,Республика Карелия,Суоярвский муниципальный округ,Муниципальный округ,64320.1,2592.0,270.0,,,214.0,,145.0,331.0,479.0,254.0,
86604000,86504000,2023,Республика Карелия,Беломорский муниципальный район,Муниципальный район,76949.8,3204.0,295.0,,,296.0,,180.0,466.0,500.0,389.0,
86609000,86609000,2023,Республика Карелия,Калевальский муниципальный район,Муниципальный район,60924.8,986.0,70.0,,,87.0,,43.0,219.0,259.0,215.0,
86610000,86510000,2023,Республика Карелия,Сортавальский муниципальный район,Муниципальный район,60243.8,5065.0,100.0,,386.0,441.0,85.0,380.0,850.0,926.0,701.0,
86612000,86612000,2023,Республика Карелия,Кемский муниципальный район,Муниципальный район,85716.1,4300.0,231.0,,218.0,480.0,,160.0,524.0,489.0,369.0,
86615000,86615000,2023,Республика Карелия,Кондопожский муниципальный район,Муниципальный район,61558.3,8926.0,180.0,108.0,,549.0,183.0,330.0,625.0,1065.0,1175.0,
86618000,86618000,2023,Республика Карелия,Лахденпохский муниципальный район,Муниципальный район,58670.0,1807.0,302.0,,,141.0,,93.0,290.0,400.0,177.0,
86621000,86621000,2023,Республика Карелия,Лоухский муниципальный район,Муниципальный район,85863.0,2085.0,118.0,,,196.0,24.0,90.0,345.0,377.0,259.0,
86624000,86624000,2023,Республика Карелия,Медвежьегорский муниципальный район,Муниципальный район,65488.6,5167.0,288.0,115.0,,158.0,,252.0,809.0,781.0,945.0,
86627000,86627000,2023,Республика Карелия,Муезерский муниципальный район,Муниципальный район,51447.7,1130.0,62.0,,,79.0,,51.0,279.0,371.0,209.0,
86630000,86630000,2023,Республика Карелия,Олонецкий муниципальный район,Муниципальный район,53467.8,3117.0,551.0,,227.0,140.0,,182.0,401.0,764.0,563.0,
86633000,86533000,2023,Республика Карелия,Питкярантский муниципальный район,Муниципальный район,61014.6,3235.0,70.0,,,277.0,73.0,166.0,366.0,559.0,359.0,
86636000,86636000,2023,Республика Карелия,Прионежский муниципальный район,Муниципальный район,72012.5,3421.0,220.0,618.0,325.0,34.0,64.0,107.0,103.0,744.0,322.0,
86639000,86639000,2023,Республика Карелия,Пряжинский муниципальный район,Муниципальный район,61073.8,3134.0,257.0,,,32.0,,75.0,571.0,474.0,817.0,
86642000,86642000,2023,Республика Карелия,Пудожский муниципальный район,Муниципальный район,59111.1,1914.0,,,,171.0,,117.0,367.0,554.0,321.0,
86645000,86545000,2023,Республика Карелия,Сегежский муниципальный район,Муниципальный район,65973.2,8914.0,937.0,,2444.0,880.0,55.0,361.0,1294.0,965.0,730.0,
86701000,86701000,2023,Республика Карелия,Петрозаводский,"Городской округ, городской округ с внутригородским делением",71274.3,65508.0,928.0,319.0,5902.0,3156.0,943.0,5769.0,11152.0,11033.0,8881.0,
86706000,86706000,2023,Республика Карелия,Костомукшский,"Городской округ, городской округ с внутригородским делением",96103.8,8367.0,142.0,,687.0,50.0,92.0,466.0,644.0,840.0,840.0,
87604000,87604000,2023,Республика Коми,Ижемский муниципальный район,Муниципальный район,63034.3,2749.0,,,,172.0,,79.0,484.0,1119.0,453.0,
87608000,87508000,2023,Республика Коми,Княжпогостский муниципальный район,Муниципальный район,71411.3,5871.0,84.0,,315.0,437.0,100.0,149.0,950.0,600.0,598.0,
87612000,87612000,2023,Республика Коми,Койгородский муниципальный район,Муниципальный район,59892.7,1621.0,375.0,,,,,39.0,228.0,318.0,266.0,
87616000,87616000,2023,Республика Коми,Корткеросский муниципальный район,Муниципальный район,52822.6,2984.0,303.0,,,,,214.0,540.0,919.0,381.0,
87620000,87620000,2023,Республика Коми,Муниципальный район Печора,Муниципальный район,91678.1,14053.0,57.0,1359.0,668.0,1663.0,284.0,703.0,1414.0,1732.0,1746.0,
87624000,87624000,2023,Республика Коми,Прилузский муниципальный район,Муниципальный район,57087.0,4876.0,1166.0,,,,,130.0,539.0,824.0,741.0,
87626000,87626000,2023,Республика Коми,Муниципальный район Сосногорск,Муниципальный район,78675.0,8972.0,,346.0,1275.0,642.0,193.0,427.0,943.0,1370.0,1017.0,
87628000,87628000,2023,Республика Коми,Сыктывдинский муниципальный район,Муниципальный район,57602.3,4847.0,877.0,,,165.0,53.0,171.0,684.0,1270.0,548.0,
87632000,87632000,2023,Республика Коми,Сысольский муниципальный район,Муниципальный район,53558.8,2910.0,203.0,,,,,92.0,521.0,650.0,576.0,
87636000,87636000,2023,Республика Коми,Троицко-Печорский муниципальный район,Муниципальный район,53855.6,2206.0,97.0,,,225.0,,77.0,445.0,399.0,369.0,
87640000,87640000,2023,Республика Коми,Удорский муниципальный район,Муниципальный район,55907.3,2904.0,283.0,,,,,70.0,587.0,606.0,463.0,
87644000,87644000,2023,Республика Коми,Усть-Вымский муниципальный район,Муниципальный район,64653.1,7678.0,48.0,,1907.0,288.0,171.0,163.0,1010.0,829.0,749.0,
87648000,87648000,2023,Республика Коми,Усть-Куломский муниципальный район,Муниципальный район,53903.4,4099.0,406.0,,,,,66.0,716.0,1250.0,632.0,
87652000,87652000,2023,Республика Коми,Усть-Цилемский муниципальный район,Муниципальный район,60296.9,2146.0,,,,202.0,,52.0,453.0,669.0,299.0,
87701000,87701000,2023,Республика Коми,Сыктывкар,"Городской округ, городской округ с внутригородским делением",72281.3,71942.0,961.0,,9480.0,4260.0,975.0,4905.0,12596.0,10671.0,12269.0,
87710000,87510000,2023,Республика Коми,Воркута,"Городской округ, городской округ с внутригородским делением",101372.5,22005.0,,,685.0,1724.0,,755.0,1978.0,2527.0,2578.0,
87712000,87512000,2023,Республика Коми,Вуктыл (до 1 января 2024 года),"Городской округ, городской округ с внутригородским делением",101854.7,3707.0,,1222.0,,130.0,,130.0,296.0,328.0,285.0,
87715000,87515000,2023,Республика Коми,Инта,"Городской округ, городской округ с внутригородским делением",85196.4,5393.0,152.0,,42.0,484.0,,189.0,874.0,1027.0,685.0,
87723000,87523000,2023,Республика Коми,Усинск (до 1 января 2024 года),"Городской округ, городской округ с внутригородским делением",123084.3,21507.0,,9394.0,1059.0,939.0,374.0,491.0,941.0,1786.0,901.0,
87725000,87525000,2023,Республика Коми,Ухта (до 1 марта 2024 года),"Городской округ, городской округ с внутригородским делением",94997.9,32133.0,124.0,2772.0,2448.0,1857.0,1110.0,1697.0,2687.0,4775.0,3594.0,
88604000,88604000,2023,Республика Марий Эл,Волжский муниципальный район,Муниципальный район,42631.1,2445.0,129.0,,171.0,194.0,63.0,94.0,90.0,673.0,440.0,
88608000,88608000,2023,Республика Марий Эл,Горномарийский муниципальный район,Муниципальный район,31139.3,1116.0,,,,72.0,,12.0,98.0,629.0,,
88612000,88612000,2023,Республика Марий Эл,Звениговский муниципальный район,Муниципальный район,52738.2,8063.0,669.0,,2756.0,381.0,98.0,265.0,640.0,1540.0,969.0,
88616000,88516000,2023,Республика Марий Эл,Килемарский муниципальный район,Муниципальный район,37960.8,1289.0,29.0,,,99.0,,40.0,234.0,387.0,184.0,
88620000,88620000,2023,Республика Марий Эл,Куженерский муниципальный район,Муниципальный район,34977.2,2275.0,,,566.0,73.0,,42.0,259.0,551.0,211.0,
88624000,88624000,2023,Республика Марий Эл,Мари-Турекский муниципальный район,Муниципальный район,34140.5,2418.0,199.0,,13.0,125.0,,93.0,303.0,902.0,420.0,
88628000,88628000,2023,Республика Марий Эл,Медведевский муниципальный район,Муниципальный район,47395.6,11601.0,1533.0,,1649.0,268.0,254.0,579.0,2001.0,2249.0,1060.0,
88632000,88632000,2023,Республика Марий Эл,Моркинский муниципальный район,Муниципальный район,38478.5,3085.0,68.0,,,128.0,,159.0,380.0,883.0,659.0,
88636000,88636000,2023,Республика Марий Эл,Новоторъяльский муниципальный район,Муниципальный район,35618.1,2183.0,503.0,,23.0,91.0,,54.0,218.0,593.0,296.0,
88640000,88640000,2023,Республика Марий Эл,Оршанский муниципальный район,Муниципальный район,40200.0,1604.0,139.0,,,101.0,,60.0,227.0,517.0,250.0,
88644000,88644000,2023,Республика Марий Эл,Параньгинский муниципальный район,Муниципальный район,34611.4,1680.0,235.0,,,85.0,,50.0,239.0,551.0,246.0,
88648000,88648000,2023,Республика Марий Эл,Сернурский муниципальный район,Муниципальный район,43033.3,3443.0,337.0,,608.0,250.0,,128.0,406.0,710.0,463.0,
88652000,88652000,2023,Республика Марий Эл,Советский муниципальный район,Муниципальный район,38687.5,5052.0,2240.0,,264.0,188.0,,147.0,406.0,904.0,505.0,
88656000,88656000,2023,Республика Марий Эл,Юринский муниципальный район,Муниципальный район,39339.3,1008.0,,,,57.0,,25.0,186.0,225.0,174.0,
88701000,88701000,2023,Республика Марий Эл,Город Йошкар-Ола,"Городской округ, городской округ с внутригородским делением",57503.8,66127.0,268.0,,19094.0,2978.0,997.0,4142.0,8535.0,8806.0,8730.0,
88705000,88705000,2023,Республика Марий Эл,Город Волжск,"Городской округ, городской округ с внутригородским делением",58662.8,11618.0,,,5477.0,491.0,224.0,636.0,774.0,1765.0,1203.0,
88715000,88715000,2023,Республика Марий Эл,Город Козьмодемьянск,"Городской округ, городской округ с внутригородским делением",50132.6,6576.0,,,3301.0,263.0,,176.0,574.0,797.0,728.0,
89603000,89603000,2023,Республика Мордовия,Ардатовский муниципальный район,Муниципальный район,41883.7,3249.0,346.0,,,111.0,,106.0,267.0,812.0,638.0,
89605000,89605000,2023,Республика Мордовия,Атюрьевский муниципальный район,Муниципальный район,31097.0,803.0,,,,42.0,,39.0,118.0,301.0,,
89607000,89607000,2023,Республика Мордовия,Атяшевский муниципальный район,Муниципальный район,43655.3,4014.0,846.0,,,47.0,,70.0,211.0,560.0,288.0,
89610000,89610000,2023,Республика Мордовия,Большеберезниковский муниципальный район,Муниципальный район,34412.2,1519.0,128.0,,,52.0,,55.0,145.0,271.0,477.0,
89613000,89613000,2023,Республика Мордовия,Большеигнатовский муниципальный район,Муниципальный район,33538.8,843.0,,,,39.0,,22.0,99.0,146.0,,
89616000,89616000,2023,Республика Мордовия,Дубенский муниципальный район,Муниципальный район,38197.4,1666.0,,,,44.0,,56.0,153.0,379.0,278.0,
89618000,89618000,2023,Республика Мордовия,Ельниковский муниципальный район,Муниципальный район,37005.9,1071.0,,,,46.0,,34.0,125.0,240.0,287.0,
89621000,89621000,2023,Республика Мордовия,Зубово-Полянский муниципальный район,Муниципальный район,35101.5,13291.0,221.0,,4554.0,59.0,,277.0,2681.0,1743.0,1347.0,
89624000,89624000,2023,Республика Мордовия,Инсарский муниципальный район,Муниципальный район,40387.0,1827.0,,,575.0,87.0,,46.0,140.0,436.0,289.0,
89626000,89626000,2023,Республика Мордовия,Ичалковский муниципальный район,Муниципальный район,41099.8,3034.0,517.0,,558.0,57.0,22.0,72.0,296.0,642.0,474.0,
89628000,89628000,2023,Республика Мордовия,Кадошкинский муниципальный район,Муниципальный район,38830.2,918.0,,,,17.0,,27.0,94.0,153.0,,
89629000,89629000,2023,Республика Мордовия,Ковылкинский муниципальный район,Муниципальный район,37549.2,7740.0,828.0,,1560.0,220.0,79.0,215.0,767.0,1215.0,859.0,
89631000,89631000,2023,Республика Мордовия,Кочкуровский муниципальный район,Муниципальный район,42812.8,1240.0,262.0,,214.0,50.0,,34.0,132.0,215.0,109.0,
89634000,89634000,2023,Республика Мордовия,Краснослободский муниципальный район,Муниципальный район,39061.1,3681.0,918.0,,126.0,181.0,,130.0,360.0,747.0,617.0,
89637000,89637000,2023,Республика Мордовия,Лямбирский муниципальный район,Муниципальный район,53700.6,4717.0,1999.0,,510.0,62.0,,172.0,291.0,687.0,675.0,
89640000,89640000,2023,Республика Мордовия,Ромодановский муниципальный район,Муниципальный район,44309.9,2962.0,530.0,,,63.0,,86.0,197.0,465.0,223.0,
89643000,89643000,2023,Республика Мордовия,Рузаевский муниципальный район,Муниципальный район,55885.5,14184.0,880.0,,4246.0,556.0,,454.0,917.0,1878.0,1197.0,
89646000,89646000,2023,Республика Мордовия,Старошайговский муниципальный район,Муниципальный район,36592.8,1427.0,410.0,,,53.0,,42.0,169.0,243.0,257.0,
89649000,89649000,2023,Республика Мордовия,Темниковский муниципальный район,Муниципальный район,34973.4,1543.0,,,,91.0,,91.0,215.0,457.0,343.0,
89651000,89651000,2023,Республика Мордовия,Теньгушевский муниципальный район,Муниципальный район,35364.9,1280.0,,,,45.0,97.0,43.0,361.0,267.0,,
89654000,89654000,2023,Республика Мордовия,Торбеевский муниципальный район,Муниципальный район,47168.1,4326.0,259.0,,,37.0,,96.0,379.0,606.0,424.0,
89657000,89657000,2023,Республика Мордовия,Чамзинский муниципальный район,Муниципальный район,53473.1,8974.0,2814.0,,3550.0,215.0,,185.0,389.0,814.0,514.0,
89701000,89701000,2023,Республика Мордовия,Саранск,"Городской округ, городской округ с внутригородским делением",51651.6,83538.0,1200.0,,20024.0,2425.0,1140.0,6442.0,10397.0,12282.0,11293.0,
90605000,90605000,2023,Республика Северная Осетия — Алания,Алагирский муниципальный район,Муниципальный район,33606.5,3572.0,,,,,,28.0,437.0,1344.0,1001.0,
90610000,90610000,2023,Республика Северная Осетия — Алания,Ардонский муниципальный район,Муниципальный район,32252.1,2708.0,,,,,67.0,53.0,513.0,1317.0,448.0,
90615000,90615000,2023,Республика Северная Осетия — Алания,Дигорский муниципальный район,Муниципальный район,31979.1,1755.0,,,,,46.0,,340.0,749.0,393.0,
90620000,90620000,2023,Республика Северная Осетия — Алания,Ирафский муниципальный район,Муниципальный район,36095.9,1600.0,,,,,,,378.0,675.0,251.0,
90625000,90625000,2023,Республика Северная Осетия — Алания,Кировский муниципальный район,Муниципальный район,34570.5,1785.0,,,,,,32.0,405.0,798.0,334.0,
90630000,90630000,2023,Республика Северная Осетия — Алания,Моздокский муниципальный район,Муниципальный район,46796.8,7560.0,,,35.0,308.0,266.0,226.0,1394.0,2644.0,1492.0,
90635000,90635000,2023,Республика Северная Осетия — Алания,Правобережный муниципальный район,Муниципальный район,37323.9,5089.0,,,90.0,,,42.0,694.0,1762.0,1497.0,
90640000,90640000,2023,Республика Северная Осетия — Алания,Пригородный муниципальный район,Муниципальный район,39573.6,7125.0,,,,,,169.0,1114.0,2575.0,1133.0,
90701000,90701000,2023,Республика Северная Осетия — Алания,Город Владикавказ,"Городской округ, городской округ с внутригородским делением",45649.6,67559.0,466.0,,4486.0,3461.0,1154.0,2902.0,17077.0,13587.0,12210.0,
91601000,91601000,2023,Карачаево-Черкесская Республика,Абазинский муниципальный район,Муниципальный район,34211.4,2419.0,,,,,,33.0,137.0,539.0,,
91603000,91603000,2023,Карачаево-Черкесская Республика,Адыге-Хабльский муниципальный район,Муниципальный район,35044.6,1792.0,,,,,,,301.0,643.0,,
91610000,91610000,2023,Карачаево-Черкесская Республика,Зеленчукский муниципальный район,Муниципальный район,39234.7,5421.0,144.0,,,98.0,42.0,130.0,998.0,1636.0,921.0,
91615000,91615000,2023,Карачаево-Черкесская Республика,Карачаевский муниципальный район,Муниципальный район,34712.4,2521.0,,,,,,,162.0,1205.0,,
91620000,91620000,2023,Карачаево-Черкесская Республика,Малокарачаевский муниципальный район,Муниципальный район,33498.6,2924.0,,,,,,30.0,397.0,1428.0,502.0,
91623000,91623000,2023,Карачаево-Черкесская Республика,Ногайский муниципальный район,Муниципальный район,29141.1,1003.0,,,,,,,117.0,535.0,208.0,
91625000,91625000,2023,Карачаево-Черкесская Республика,Прикубанский муниципальный район,Муниципальный район,41918.0,3168.0,171.0,,,115.0,,,394.0,1190.0,,
91630000,91630000,2023,Карачаево-Черкесская Республика,Урупский муниципальный район,Муниципальный район,47403.7,2349.0,,,,77.0,,31.0,217.0,631.0,,
91635000,91635000,2023,Карачаево-Черкесская Республика,Усть-Джегутинский муниципальный район,Муниципальный район,42970.0,5470.0,,,1144.0,126.0,177.0,92.0,540.0,1705.0,791.0,
91640000,91640000,2023,Карачаево-Черкесская Республика,Хабезский муниципальный район,Муниципальный район,32970.8,2747.0,,,,,,51.0,363.0,1387.0,,
91701000,91701000,2023,Карачаево-Черкесская Республика,Черкесский,"Городской округ, городской округ с внутригородским делением",48746.3,28296.0,165.0,,2030.0,2126.0,,1679.0,8220.0,4913.0,4462.0,
91705000,91705000,2023,Карачаево-Черкесская Республика,Карачаевский,"Городской округ, городской округ с внутригородским делением",35986.6,4429.0,,,,101.0,,93.0,563.0,1717.0,1235.0,
92601000,92601000,2023,Республика Татарстан,Агрызский муниципальный район,Муниципальный район,55092.9,5918.0,322.0,74.0,453.0,256.0,,172.0,450.0,1049.0,585.0,
92602000,92602000,2023,Республика Татарстан,Азнакаевский муниципальный район,Муниципальный район,62885.5,12626.0,851.0,3174.0,433.0,491.0,34.0,479.0,776.0,2291.0,1116.0,
92604000,92604000,2023,Республика Татарстан,Аксубаевский муниципальный район,Муниципальный район,45061.2,3395.0,307.0,325.0,,118.0,,74.0,346.0,1074.0,476.0,
92605000,92605000,2023,Республика Татарстан,Актанышский муниципальный район,Муниципальный район,49120.6,4734.0,1136.0,,,146.0,,275.0,365.0,1199.0,470.0,
92606000,92606000,2023,Республика Татарстан,Алексеевский муниципальный район,Муниципальный район,63591.4,4987.0,601.0,,313.0,131.0,,160.0,441.0,968.0,411.0,
92607000,92607000,2023,Республика Татарстан,Алькеевский муниципальный район,Муниципальный район,45662.5,3490.0,1039.0,,,107.0,,105.0,334.0,807.0,348.0,
92608000,92608000,2023,Республика Татарстан,Альметьевский муниципальный район,Муниципальный район,81308.9,62651.0,591.0,14268.0,5724.0,1788.0,610.0,3164.0,2565.0,7278.0,4972.0,
92610000,92610000,2023,Республика Татарстан,Апастовский муниципальный район,Муниципальный район,45361.0,3378.0,758.0,,,118.0,,318.0,339.0,754.0,355.0,
92612000,92612000,2023,Республика Татарстан,Арский муниципальный район,Муниципальный район,43487.5,6155.0,752.0,,,207.0,,298.0,565.0,2042.0,805.0,
92613000,92613000,2023,Республика Татарстан,Атнинский муниципальный район,Муниципальный район,43952.2,2655.0,1151.0,,8.0,84.0,,48.0,210.0,573.0,217.0,
92614000,92614000,2023,Республика Татарстан,Бавлинский муниципальный район,Муниципальный район,61013.8,6356.0,77.0,1227.0,263.0,215.0,98.0,363.0,541.0,1168.0,739.0,
92615000,92615000,2023,Республика Татарстан,Балтасинский муниципальный район,Муниципальный район,42629.2,5462.0,1836.0,,,185.0,,118.0,390.0,1384.0,444.0,
92617000,92617000,2023,Республика Татарстан,Бугульминский муниципальный район,Муниципальный район,61632.4,19758.0,722.0,1570.0,2602.0,1198.0,244.0,1032.0,1235.0,3523.0,1911.0,
92618000,92618000,2023,Республика Татарстан,Буинский муниципальный район,Муниципальный район,46126.9,7559.0,1201.0,,1091.0,656.0,137.0,367.0,603.0,1631.0,809.0,
92620000,92620000,2023,Республика Татарстан,Верхнеуслонский муниципальный район,Муниципальный район,146607.6,8020.0,142.0,,268.0,147.0,25.0,288.0,449.0,1479.0,365.0,
92622000,92622000,2023,Республика Татарстан,Высокогорский муниципальный район,Муниципальный район,58889.7,8501.0,516.0,,1764.0,638.0,84.0,1315.0,731.0,1851.0,584.0,
92624000,92624000,2023,Республика Татарстан,Дрожжановский муниципальный район,Муниципальный район,41713.8,2989.0,414.0,,,190.0,,63.0,294.0,894.0,400.0,
92626000,92626000,2023,Республика Татарстан,Елабужский муниципальный район,Муниципальный район,86036.9,30362.0,361.0,975.0,12121.0,4562.0,,1195.0,1107.0,3224.0,1826.0,
92627000,92627000,2023,Республика Татарстан,Заинский муниципальный район,Муниципальный район,55938.1,9312.0,1020.0,679.0,1258.0,1049.0,,417.0,735.0,1669.0,1044.0,
92628000,92628000,2023,Республика Татарстан,Зеленодольский муниципальный район,Муниципальный район,53233.8,53062.0,1293.0,,10801.0,1018.0,441.0,3553.0,2186.0,3937.0,3802.0,
92629000,92629000,2023,Республика Татарстан,Кайбицкий муниципальный район,Муниципальный район,58853.6,2778.0,411.0,,,112.0,,37.0,255.0,508.0,244.0,
92630000,92630000,2023,Республика Татарстан,Камско-Устьинский муниципальный район,Муниципальный район,47814.9,2376.0,233.0,,,102.0,,88.0,309.0,496.0,272.0,
92632000,92632000,2023,Республика Татарстан,Спасский муниципальный район,Муниципальный район,46073.7,2535.0,28.0,,,154.0,,92.0,340.0,795.0,340.0,
92633000,92633000,2023,Республика Татарстан,Кукморский муниципальный район,Муниципальный район,47175.6,7458.0,901.0,,1641.0,223.0,,189.0,485.0,2258.0,726.0,
92634000,92634000,2023,Республика Татарстан,Лаишевский муниципальный район,Муниципальный район,87341.3,15599.0,658.0,,2714.0,237.0,,2247.0,747.0,1418.0,651.0,
92636000,92636000,2023,Республика Татарстан,Лениногорский муниципальный район,Муниципальный район,64080.3,15119.0,416.0,3795.0,232.0,539.0,243.0,597.0,837.0,2831.0,2100.0,
92638000,92638000,2023,Республика Татарстан,Мамадышский муниципальный район,Муниципальный район,51843.5,6303.0,856.0,,1132.0,214.0,,192.0,507.0,1593.0,735.0,
92639000,92639000,2023,Республика Татарстан,Менделеевский муниципальный район,Муниципальный район,64860.4,5560.0,,163.0,1752.0,221.0,110.0,175.0,632.0,922.0,741.0,
92640000,92640000,2023,Республика Татарстан,Мензелинский муниципальный район,Муниципальный район,46310.5,3912.0,396.0,68.0,,147.0,,183.0,491.0,1269.0,459.0,
92642000,92642000,2023,Республика Татарстан,Муслюмовский муниципальный район,Муниципальный район,47523.0,3014.0,530.0,,,158.0,,73.0,331.0,803.0,339.0,
92644000,92644000,2023,Республика Татарстан,Нижнекамский муниципальный район,Муниципальный район,82945.5,75561.0,739.0,143.0,29991.0,2994.0,1005.0,3551.0,2955.0,9346.0,5266.0,
92645000,92645000,2023,Республика Татарстан,Новошешминский муниципальный район,Муниципальный район,76284.8,3279.0,82.0,926.0,,92.0,,66.0,254.0,570.0,262.0,
92646000,92646000,2023,Республика Татарстан,Нурлатский муниципальный район,Муниципальный район,58824.1,9588.0,449.0,2316.0,118.0,405.0,,439.0,632.0,1858.0,1032.0,
92648000,92648000,2023,Республика Татарстан,Пестречинский муниципальный район,Муниципальный район,53964.3,6419.0,770.0,,479.0,182.0,,1606.0,656.0,1536.0,504.0,
92650000,92650000,2023,Республика Татарстан,Рыбно-Слободский муниципальный район,Муниципальный район,40560.3,3063.0,249.0,,,205.0,,105.0,415.0,961.0,439.0,
92652000,92652000,2023,Республика Татарстан,Сабинский муниципальный район,Муниципальный район,49597.7,7594.0,2125.0,,,447.0,,310.0,611.0,1445.0,727.0,
92653000,92653000,2023,Республика Татарстан,Сармановский муниципальный район,Муниципальный район,57423.6,6157.0,635.0,949.0,80.0,270.0,,200.0,523.0,1116.0,672.0,
92654000,92654000,2023,Республика Татарстан,Ютазинский муниципальный район,Муниципальный район,49019.1,3520.0,,75.0,1235.0,124.0,97.0,95.0,295.0,756.0,342.0,
92655000,92655000,2023,Республика Татарстан,Тетюшский муниципальный район,Муниципальный район,43625.3,2981.0,270.0,,,182.0,,115.0,424.0,854.0,459.0,
92656000,92656000,2023,Республика Татарстан,Тюлячинский муниципальный район,Муниципальный район,45219.0,2319.0,327.0,,,86.0,,73.0,250.0,646.0,245.0,
92657000,92657000,2023,Республика Татарстан,Тукаевский муниципальный район,Муниципальный район,57732.8,15059.0,3019.0,176.0,2156.0,55.0,,1514.0,412.0,1087.0,461.0,
92658000,92658000,2023,Республика Татарстан,Черемшанский муниципальный район,Муниципальный район,53839.9,3381.0,51.0,794.0,,110.0,,75.0,374.0,903.0,345.0,
92659000,92659000,2023,Республика Татарстан,Чистопольский муниципальный район,Муниципальный район,52834.0,12149.0,534.0,,2823.0,854.0,,679.0,1099.0,2394.0,1693.0,
92701000,92701000,2023,Республика Татарстан,Город Казань,"Городской округ, городской округ с внутригородским делением",77449.7,335715.0,980.0,1347.0,61224.0,8276.0,2921.0,34045.0,30208.0,52537.0,35772.0,
92730000,92730000,2023,Республика Татарстан,Город Набережные Челны,"Городской округ, городской округ с внутригородским делением",70392.5,129838.0,272.0,268.0,50323.0,3132.0,2236.0,15544.0,4678.0,16872.0,10007.0,
93605000,93605000,2023,Республика Тыва,Бай-Тайгинский муниципальный район,Муниципальный район,39736.3,1567.0,,,,,,,185.0,936.0,,
93610000,93610000,2023,Республика Тыва,Барун-Хемчикский муниципальный район,Муниципальный район,41664.6,2321.0,24.0,,,,,,196.0,1055.0,788.0,
93615000,93615000,2023,Республика Тыва,Дзун-Хемчикский муниципальный район,Муниципальный район,42744.3,2929.0,,,,,,,291.0,1757.0,446.0,
93620000,93620000,2023,Республика Тыва,Каа-Хемский муниципальный район,Муниципальный район,51175.6,2554.0,,,,,,,251.0,1166.0,462.0,
93622000,93622000,2023,Республика Тыва,Кызылский муниципальный район,Муниципальный район,52883.4,3513.0,12.0,,,13.0,,28.0,481.0,1789.0,557.0,
93625000,93625000,2023,Республика Тыва,Монгун-Тайгинский муниципальный район,Муниципальный район,47437.4,1096.0,,,,,,,119.0,534.0,167.0,
93630000,93630000,2023,Республика Тыва,Овюрский муниципальный район,Муниципальный район,45349.4,1324.0,,,,,,,185.0,671.0,192.0,
93635000,93635000,2023,Республика Тыва,Пий-Хемский муниципальный район,Муниципальный район,44508.7,1571.0,38.0,,4.0,20.0,,,308.0,823.0,,
93638000,93638000,2023,Республика Тыва,Сут-Хольский муниципальный район,Муниципальный район,40641.5,1339.0,11.0,,,,,,177.0,773.0,,
93640000,93640000,2023,Республика Тыва,Тандинский муниципальный район,Муниципальный район,48492.2,2120.0,36.0,,,,,,448.0,1021.0,400.0,
93643000,93643000,2023,Республика Тыва,Тере-Хольский муниципальный район,Муниципальный район,89216.7,395.0,,,,,,,79.0,159.0,,
93645000,93645000,2023,Республика Тыва,Тес-Хемский муниципальный район,Муниципальный район,39408.0,1404.0,22.0,,,,,,247.0,816.0,,
93650000,93650000,2023,Республика Тыва,Тоджинский муниципальный район,Муниципальный район,84196.8,2384.0,61.0,,,,,,250.0,610.0,,
93654000,93654000,2023,Республика Тыва,Улуг-Хемский муниципальный район,Муниципальный район,45918.6,2983.0,46.0,,,,,,489.0,1429.0,642.0,
93656000,93656000,2023,Республика Тыва,Чаа-Хольский муниципальный район,Муниципальный район,41204.7,854.0,,,,,,,180.0,399.0,,
93657000,93657000,2023,Республика Тыва,Чеди-Хольский муниципальный район,Муниципальный район,44758.3,1080.0,,,,,,,141.0,504.0,189.0,
93658000,93658000,2023,Республика Тыва,Эрзинский муниципальный район,Муниципальный район,42266.7,1187.0,,,,,,,171.0,700.0,,
93701000,93701000,2023,Республика Тыва,Город Кызыл,"Городской округ, городской округ с внутригородским делением",69128.2,31703.0,177.0,663.0,384.0,1379.0,,509.0,7984.0,6828.0,6172.0,
93703000,93703000,2023,Республика Тыва,Город Ак-Довурак,"Городской округ, городской округ с внутригородским делением",45562.7,1643.0,,,,,,,312.0,938.0,45.0,
94502000,94502000,2023,Удмуртская Республика,Муниципальный округ Алнашский район,Муниципальный округ,37483.5,3470.0,772.0,,57.0,104.0,26.0,168.0,209.0,1028.0,704.0,
94504000,94504000,2023,Удмуртская Республика,Муниципальный округ Балезинский район,Муниципальный округ,40154.7,5961.0,651.0,33.0,793.0,172.0,54.0,121.0,671.0,1385.0,733.0,
94506000,94506000,2023,Удмуртская Республика,Муниципальный округ Вавожский район,Муниципальный округ,46794.6,3072.0,1192.0,,184.0,62.0,,67.0,223.0,755.0,269.0,
94508000,94508000,2023,Удмуртская Республика,Муниципальный округ Воткинский район,Муниципальный округ,60014.2,4587.0,,962.0,911.0,71.0,,77.0,165.0,1009.0,12.0,
94510000,94510000,2023,Удмуртская Республика,Муниципальный округ Глазовский район,Муниципальный округ,42374.0,2647.0,1188.0,,426.0,,,,126.0,510.0,261.0,
94512000,94512000,2023,Удмуртская Республика,Муниципальный округ Граховский район,Муниципальный округ,38254.1,1356.0,250.0,,,74.0,,38.0,143.0,416.0,175.0,
94514000,94514000,2023,Удмуртская Республика,Муниципальный округ Дебёсский район,Муниципальный округ,42923.8,2506.0,459.0,131.0,9.0,88.0,,127.0,251.0,768.0,253.0,
94516000,94516000,2023,Удмуртская Республика,Муниципальный округ Завьяловский район,Муниципальный округ,49111.0,13804.0,2131.0,1135.0,1411.0,340.0,13.0,654.0,1441.0,2373.0,1127.0,
94518000,94518000,2023,Удмуртская Республика,Муниципальный округ Игринский район,Муниципальный округ,46375.8,6685.0,253.0,1050.0,598.0,236.0,15.0,247.0,563.0,1677.0,620.0,
94520000,94520000,2023,Удмуртская Республика,Муниципальный округ Камбарский район,Муниципальный округ,44892.6,3566.0,,171.0,599.0,112.0,444.0,107.0,349.0,753.0,310.0,
94522000,94522000,2023,Удмуртская Республика,Муниципальный округ Каракулинский район,Муниципальный округ,47947.8,2883.0,273.0,1214.0,,57.0,,49.0,165.0,533.0,303.0,
94524000,94524000,2023,Удмуртская Республика,Муниципальный округ Кезский район,Муниципальный округ,39891.2,3440.0,284.0,72.0,816.0,119.0,3.0,168.0,294.0,878.0,402.0,
94526000,94526000,2023,Удмуртская Республика,Муниципальный округ Кизнерский район,Муниципальный округ,39673.5,3027.0,38.0,,,117.0,317.0,112.0,390.0,1055.0,542.0,
94528000,94528000,2023,Удмуртская Республика,Муниципальный округ Киясовский район,Муниципальный округ,38809.4,1435.0,161.0,,,88.0,,34.0,194.0,475.0,230.0,
94530000,94530000,2023,Удмуртская Республика,Муниципальный округ Красногорский район,Муниципальный округ,39702.6,1435.0,62.0,,,,,85.0,210.0,425.0,270.0,
94533000,94533000,2023,Удмуртская Республика,Муниципальный округ Малопургинский район,Муниципальный округ,41380.5,3920.0,294.0,,222.0,130.0,,108.0,366.0,1272.0,578.0,
94535000,94535000,2023,Удмуртская Республика,Муниципальный округ Можгинский район,Муниципальный округ,45384.7,4188.0,1024.0,,177.0,,,51.0,399.0,1129.0,382.0,
94537000,94537000,2023,Удмуртская Республика,Муниципальный округ Сарапульский район,Муниципальный округ,47506.9,4105.0,887.0,489.0,349.0,,,155.0,188.0,1010.0,244.0,
94539000,94539000,2023,Удмуртская Республика,Муниципальный округ Селтинский район,Муниципальный округ,39887.5,1618.0,231.0,,,69.0,,107.0,217.0,519.0,242.0,
94541000,94541000,2023,Удмуртская Республика,Муниципальный округ Сюмсинский район,Муниципальный округ,42518.2,1817.0,,,,91.0,,45.0,203.0,601.0,464.0,
94544000,94544000,2023,Удмуртская Республика,Муниципальный округ Увинский район,Муниципальный округ,49203.3,10343.0,1497.0,33.0,3340.0,372.0,54.0,404.0,661.0,2053.0,824.0,
94546000,94546000,2023,Удмуртская Республика,Муниципальный округ Шарканский район,Муниципальный округ,40574.6,3015.0,675.0,129.0,7.0,80.0,,157.0,248.0,1032.0,,
94548000,94548000,2023,Удмуртская Республика,Муниципальный округ Юкаменский район,Муниципальный округ,35047.0,1176.0,16.0,,,,,32.0,179.0,387.0,265.0,
94550000,94550000,2023,Удмуртская Республика,Муниципальный округ Якшур-Бодьинский район,Муниципальный округ,50139.3,4058.0,156.0,908.0,66.0,149.0,,103.0,284.0,1047.0,805.0,
94552000,94552000,2023,Удмуртская Республика,Муниципальный округ Ярский район,Муниципальный округ,41867.2,1908.0,138.0,,,56.0,,136.0,200.0,622.0,267.0,
94701000,94701000,2023,Удмуртская Республика,Город Ижевск,"Городской округ, городской округ с внутригородским делением",62842.3,166006.0,666.0,3875.0,49376.0,5191.0,1443.0,13787.0,14397.0,23540.0,19034.0,
94710000,94710000,2023,Удмуртская Республика,Город Воткинск,"Городской округ, городской округ с внутригородским делением",61440.8,24548.0,207.0,,12315.0,747.0,269.0,1035.0,1269.0,3082.0,2296.0,
94720000,94720000,2023,Удмуртская Республика,Город Глазов,"Городской округ, городской округ с внутригородским делением",52295.9,21509.0,332.0,,7516.0,1136.0,38.0,1085.0,1280.0,3482.0,2719.0,
94730000,94730000,2023,Удмуртская Республика,Город Можга,"Городской округ, городской округ с внутригородским делением",43647.3,9997.0,93.0,,2905.0,499.0,93.0,388.0,821.0,2235.0,1382.0,
94740000,94740000,2023,Удмуртская Республика,Город Сарапул,"Городской округ, городской округ с внутригородским делением",59117.9,21425.0,203.0,,10742.0,683.0,347.0,945.0,1580.0,2887.0,1902.0,
95605000,95605000,2023,Республика Хакасия,Алтайский муниципальный район,Муниципальный район,70379.5,4393.0,,1738.0,41.0,160.0,,100.0,505.0,1176.0,,
95608000,95608000,2023,Республика Хакасия,Аскизский муниципальный район,Муниципальный район,48696.5,5570.0,,,,185.0,92.0,83.0,909.0,1943.0,854.0,
95612000,95612000,2023,Республика Хакасия,Бейский муниципальный район,Муниципальный район,55506.8,2713.0,,538.0,,51.0,,29.0,449.0,882.0,,
95615000,95615000,2023,Республика Хакасия,Боградский муниципальный район,Муниципальный район,44944.3,1762.0,,,,80.0,30.0,30.0,412.0,756.0,296.0,
95620000,95620000,2023,Республика Хакасия,Орджоникидзевский муниципальный район,Муниципальный район,45143.5,1801.0,,,,78.0,37.0,43.0,467.0,565.0,,
95625000,95625000,2023,Республика Хакасия,Таштыпский муниципальный район,Муниципальный район,59234.5,2193.0,,,,83.0,29.0,50.0,506.0,714.0,321.0,
95630000,95630000,2023,Республика Хакасия,Усть-Абаканский муниципальный район,Муниципальный район,50932.5,4722.0,,165.0,599.0,80.0,235.0,119.0,994.0,1472.0,482.0,
95635000,95635000,2023,Республика Хакасия,Ширинский муниципальный район,Муниципальный район,53087.8,4947.0,345.0,741.0,,204.0,19.0,96.0,604.0,1109.0,1011.0,
95701000,95701000,2023,Республика Хакасия,Город Абакан,"Городской округ, городской округ с внутригородским делением",69250.6,46564.0,137.0,239.0,1975.0,2337.0,510.0,3324.0,8597.0,7694.0,6886.0,
95702000,95702000,2023,Республика Хакасия,Город Абаза,"Городской округ, городской округ с внутригородским делением",55899.1,2451.0,,,,247.0,,86.0,325.0,521.0,414.0,
95708000,95708000,2023,Республика Хакасия,Город Саяногорск,"Городской округ, городской округ с внутригородским делением",77235.5,15627.0,,,6423.0,1124.0,230.0,440.0,1096.0,1938.0,1537.0,
95709000,95709000,2023,Республика Хакасия,Город Сорск,"Городской округ, городской округ с внутригородским делением",59273.6,2650.0,,1172.0,,,,26.0,214.0,346.0,396.0,
95715000,95715000,2023,Республика Хакасия,Город Черногорск,"Городской округ, городской округ с внутригородским делением",63659.1,12399.0,,2839.0,1435.0,258.0,,511.0,1504.0,2614.0,1533.0,
96602000,96602000,2023,Чеченская Республика,Ачхой-Мартановский муниципальный район,Муниципальный район,30412.6,6886.0,52.0,,,190.0,,,694.0,4564.0,927.0,
96604000,96604000,2023,Чеченская Республика,Веденский муниципальный район,Муниципальный район,30795.4,3485.0,,,,132.0,,,609.0,1811.0,,
96607000,96607000,2023,Чеченская Республика,Грозненский муниципальный район,Муниципальный район,30918.4,7440.0,99.0,,,268.0,,,791.0,4956.0,863.0,
96610000,96610000,2023,Чеченская Республика,Гудермесский муниципальный район,Муниципальный район,32398.5,14314.0,273.0,,63.0,364.0,110.0,18.0,976.0,8160.0,2210.0,
96611000,96611000,2023,Чеченская Республика,Итум-Калинский муниципальный район,Муниципальный район,41051.8,1009.0,,,,,,,356.0,356.0,,
96612000,96612000,2023,Чеченская Республика,Курчалоевский муниципальный район,Муниципальный район,28662.9,9823.0,58.0,,,213.0,,,670.0,6750.0,1246.0,
96616000,96616000,2023,Чеченская Республика,Надтеречный муниципальный район,Муниципальный район,30839.2,5714.0,32.0,,,181.0,,3.0,657.0,3196.0,1156.0,
96622000,96622000,2023,Чеченская Республика,Наурский муниципальный район,Муниципальный район,33759.6,5763.0,57.0,,,176.0,,3.0,1356.0,2864.0,735.0,
96625000,96625000,2023,Чеченская Республика,Ножай-Юртовский муниципальный район,Муниципальный район,27674.4,6391.0,3.0,,,136.0,,,719.0,4053.0,980.0,
96628000,96628000,2023,Чеченская Республика,Шатойский муниципальный район,Муниципальный район,32510.9,3195.0,,,,122.0,,,728.0,1320.0,788.0,
96631000,96631000,2023,Чеченская Республика,Серноводский муниципальный район,Муниципальный район,28516.4,2553.0,,,,,,,324.0,1381.0,370.0,
96634000,96634000,2023,Чеченская Республика,Урус-Мартановский муниципальный район,Муниципальный район,28823.9,10134.0,7.0,,19.0,309.0,,14.0,987.0,6878.0,1210.0,
96637000,96637000,2023,Чеченская Республика,Шалинский муниципальный район,Муниципальный район,30593.0,11688.0,3.0,,1054.0,215.0,,12.0,1089.0,6185.0,2275.0,
96640000,96640000,2023,Чеченская Республика,Шелковской муниципальный район,Муниципальный район,30821.1,6221.0,56.0,,,316.0,,,797.0,3457.0,1127.0,
96691000,96691000,2023,Чеченская Республика,Шаройский муниципальный район,Муниципальный район,43142.4,555.0,,,,,,,279.0,206.0,,
96701000,96701000,2023,Чеченская Республика,Город Грозный,"Городской округ, городской округ с внутригородским делением",47205.7,90275.0,851.0,1917.0,442.0,2775.0,1049.0,872.0,27264.0,23678.0,16094.0,
96702000,96702000,2023,Чеченская Республика,Город Аргун,"Городской округ, городской округ с внутригородским делением",29547.9,6397.0,,,259.0,167.0,,263.0,537.0,3823.0,894.0,
97503000,97503000,2023,Чувашская Республика,Алатырский муниципальный округ,Муниципальный округ,35475.3,1212.0,226.0,,,,,,176.0,351.0,303.0,
97505000,97505000,2023,Чувашская Республика,Аликовский муниципальный округ,Муниципальный округ,37434.6,1272.0,126.0,,,,,94.0,164.0,405.0,195.0,
97507000,97507000,2023,Чувашская Республика,Батыревский муниципальный округ,Муниципальный округ,35806.3,3147.0,98.0,,,122.0,17.0,176.0,364.0,1176.0,791.0,
97510000,97510000,2023,Чувашская Республика,Вурнарский муниципальный округ,Муниципальный округ,45362.2,4380.0,410.0,,1078.0,107.0,,173.0,393.0,956.0,570.0,
97513000,97513000,2023,Чувашская Республика,Ибресинский муниципальный округ,Муниципальный округ,49998.5,2311.0,134.0,,,85.0,,93.0,273.0,590.0,434.0,
97516000,97516000,2023,Чувашская Республика,Канашский муниципальный округ,Муниципальный округ,34753.3,2206.0,152.0,,,,,91.0,198.0,966.0,,
97519000,97519000,2023,Чувашская Республика,Козловский муниципальный округ,Муниципальный округ,42334.0,2404.0,,,672.0,141.0,,121.0,425.0,441.0,274.0,
97521000,97521000,2023,Чувашская Республика,Комсомольский муниципальный округ,Муниципальный округ,35898.6,1849.0,29.0,,,75.0,,129.0,267.0,701.0,358.0,
97524000,97524000,2023,Чувашская Республика,Красноармейский муниципальный округ,Муниципальный округ,51655.0,1659.0,,,,79.0,,40.0,172.0,350.0,220.0,
97526000,97526000,2023,Чувашская Республика,Красночетайский муниципальный округ,Муниципальный округ,36984.9,1263.0,,,,87.0,,80.0,161.0,386.0,191.0,
97529000,97529000,2023,Чувашская Республика,Мариинско-Посадский муниципальный округ,Муниципальный округ,37304.7,1867.0,,,228.0,109.0,20.0,104.0,284.0,588.0,242.0,
97532000,97532000,2023,Чувашская Республика,Моргаушский муниципальный округ,Муниципальный округ,43655.2,3281.0,169.0,,609.0,133.0,,137.0,322.0,913.0,633.0,
97535000,97535000,2023,Чувашская Республика,Порецкий муниципальный округ,Муниципальный округ,39732.2,1080.0,,,,80.0,,65.0,146.0,245.0,176.0,
97538000,97538000,2023,Чувашская Республика,Урмарский муниципальный округ,Муниципальный округ,35205.4,1719.0,,,,107.0,,105.0,290.0,610.0,348.0,
97541000,97541000,2023,Чувашская Республика,Цивильский муниципальный округ,Муниципальный округ,42285.0,6653.0,359.0,,1794.0,189.0,80.0,295.0,912.0,1059.0,549.0,
97544000,97544000,2023,Чувашская Республика,Чебоксарский муниципальный округ,Муниципальный округ,43874.3,7822.0,1774.0,,1344.0,140.0,94.0,368.0,769.0,1415.0,1290.0,
97547000,97547000,2023,Чувашская Республика,Шемуршинский муниципальный округ,Муниципальный округ,33451.5,1129.0,,,,63.0,,45.0,144.0,348.0,290.0,
97550000,97550000,2023,Чувашская Республика,Шумерлинский муниципальный округ,Муниципальный округ,77116.1,2210.0,,66.0,,5.0,,,77.0,226.0,,
97553000,97553000,2023,Чувашская Республика,Ядринский муниципальный округ,Муниципальный округ,43781.9,3000.0,88.0,,428.0,171.0,,155.0,374.0,692.0,426.0,
97555000,97555000,2023,Чувашская Республика,Яльчикский муниципальный округ,Муниципальный округ,35191.6,1354.0,160.0,,,74.0,,64.0,197.0,407.0,,
97558000,97558000,2023,Чувашская Республика,Янтиковский муниципальный округ,Муниципальный округ,35973.7,1304.0,,,,,,70.0,155.0,428.0,,
97701000,97701000,2023,Чувашская Республика,Город Чебоксары,"Городской округ, городской округ с внутригородским делением",60093.6,117905.0,268.0,,32674.0,3054.0,1452.0,9865.0,10810.0,16942.0,16284.0,
97704000,97704000,2023,Чувашская Республика,Город Алатырь,"Городской округ, городской округ с внутригородским делением",40946.3,7308.0,,,3265.0,481.0,194.0,334.0,634.0,928.0,962.0,
97707000,97707000,2023,Чувашская Республика,Город Канаш,"Городской округ, городской округ с внутригородским делением",49770.0,10382.0,,,2876.0,529.0,172.0,620.0,666.0,1450.0,1226.0,
97710000,97710000,2023,Чувашская Республика,Город Новочебоксарск,"Городской округ, городской округ с внутригородским делением",51288.4,18974.0,,,6454.0,827.0,735.0,1574.0,1398.0,3391.0,2342.0,
97713000,97713000,2023,Чувашская Республика,Город Шумерля,"Городской округ, городской округ с внутригородским делением",49736.9,5863.0,,,2356.0,269.0,156.0,300.0,485.0,786.0,836.0,
98601000,98601000,2023,Республика Саха (Якутия),Абыйский муниципальный район,Муниципальный район,94987.7,1216.0,,,,254.0,,24.0,177.0,350.0,149.0,
98603000,98603000,2023,Республика Саха (Якутия),Алданский муниципальный район,Муниципальный район,119826.1,21888.0,109.0,4486.0,128.0,1226.0,123.0,357.0,968.0,1805.0,1711.0,
98604000,98604000,2023,Республика Саха (Якутия),Таттинский муниципальный район,Муниципальный район,77181.5,3490.0,95.0,,,445.0,,18.0,446.0,1358.0,412.0,
98606000,98606000,2023,Республика Саха (Якутия),Аллаиховский муниципальный район,Муниципальный район,104573.1,863.0,,,,,,13.0,160.0,167.0,70.0,
98608000,98608000,2023,Республика Саха (Якутия),Амгинский муниципальный район,Муниципальный район,71739.4,3701.0,89.0,,,,33.0,8.0,474.0,1609.0,438.0,
98610000,98610000,2023,Республика Саха (Якутия),Анабарский национальный (долгано-эвенкийский) муниципальный район,Муниципальный район,169105.4,1833.0,105.0,,,146.0,8.0,,152.0,254.0,81.0,
98612000,98612000,2023,Республика Саха (Якутия),Булунский муниципальный район,Муниципальный район,126480.7,3120.0,177.0,,,308.0,,13.0,397.0,476.0,228.0,
98614000,98614000,2023,Республика Саха (Якутия),Верхневилюйский муниципальный район,Муниципальный район,74023.2,4083.0,108.0,,,449.0,55.0,17.0,657.0,1745.0,544.0,
98615000,98615000,2023,Республика Саха (Якутия),Верхнеколымский муниципальный район,Муниципальный район,103794.9,1507.0,,,,,,22.0,200.0,235.0,152.0,
98616000,98616000,2023,Республика Саха (Якутия),Верхоянский муниципальный район,Муниципальный район,97015.7,3536.0,,,,520.0,,,362.0,1192.0,334.0,
98618000,98618000,2023,Республика Саха (Якутия),Вилюйский муниципальный район,Муниципальный район,81839.4,6033.0,84.0,435.0,,614.0,50.0,54.0,699.0,2163.0,865.0,
98620000,98620000,2023,Республика Саха (Якутия),Горный муниципальный район,Муниципальный район,73138.6,2563.0,80.0,,,281.0,,17.0,363.0,1040.0,336.0,
98622000,98622000,2023,Республика Саха (Якутия),Жиганский национальный эвенкийский муниципальный район,Муниципальный район,81761.6,1243.0,,,,204.0,,21.0,202.0,459.0,165.0,
98624000,98624000,2023,Республика Саха (Якутия),Кобяйский муниципальный район,Муниципальный район,83860.8,3398.0,106.0,389.0,,598.0,,20.0,407.0,1089.0,298.0,
98626000,98626000,2023,Республика Саха (Якутия),Нюрбинский муниципальный район,Муниципальный район,103274.2,7782.0,185.0,,,625.0,,106.0,696.0,1999.0,734.0,
98627000,98627000,2023,Республика Саха (Якутия),Ленский муниципальный район,Муниципальный район,129988.6,37843.0,232.0,9230.0,627.0,911.0,171.0,544.0,1105.0,1641.0,771.0,
98629000,98629000,2023,Республика Саха (Якутия),Мегино-Кангаласский муниципальный район,Муниципальный район,76280.9,6968.0,92.0,,,727.0,,174.0,916.0,2855.0,694.0,
98631000,98631000,2023,Республика Саха (Якутия),Мирнинский муниципальный район,Муниципальный район,151605.3,37219.0,209.0,15503.0,984.0,1851.0,455.0,547.0,1773.0,2922.0,1619.0,
98633000,98633000,2023,Республика Саха (Якутия),Момский муниципальный район,Муниципальный район,89199.4,1234.0,,,,,,,196.0,469.0,,
98635000,98635000,2023,Республика Саха (Якутия),Намский муниципальный район,Муниципальный район,73449.5,4611.0,48.0,,,482.0,25.0,33.0,569.0,2237.0,549.0,
98637000,98637000,2023,Республика Саха (Якутия),Нижнеколымский муниципальный район,Муниципальный район,105062.3,1126.0,,,,,,24.0,192.0,287.0,143.0,
98639000,98639000,2023,Республика Саха (Якутия),Оймяконский муниципальный район,Муниципальный район,155021.2,5519.0,89.0,3348.0,,446.0,,13.0,323.0,483.0,311.0,
98641000,98641000,2023,Республика Саха (Якутия),Олекминский муниципальный район,Муниципальный район,116054.4,12723.0,191.0,2198.0,131.0,506.0,,75.0,640.0,1659.0,833.0,
98642000,98642000,2023,Республика Саха (Якутия),Оленекский эвенкийский национальный муниципальный район,Муниципальный район,144821.6,2242.0,,684.0,,232.0,,9.0,185.0,351.0,142.0,
98644000,98644000,2023,Республика Саха (Якутия),Хангаласский муниципальный район,Муниципальный район,76952.5,7298.0,207.0,,707.0,845.0,65.0,68.0,1036.0,2541.0,864.0,
98646000,98646000,2023,Республика Саха (Якутия),Среднеколымский муниципальный район,Муниципальный район,82206.2,1913.0,53.0,,,,,,245.0,676.0,243.0,
98648000,98648000,2023,Республика Саха (Якутия),Сунтарский муниципальный район,Муниципальный район,71568.6,5029.0,86.0,,,,,5.0,725.0,2465.0,626.0,
98650000,98650000,2023,Республика Саха (Якутия),Томпонский муниципальный район,Муниципальный район,107924.3,4678.0,40.0,,,463.0,,78.0,415.0,900.0,356.0,
98652000,98652000,2023,Республика Саха (Якутия),Усть-Алданский муниципальный район,Муниципальный район,71309.2,4366.0,70.0,,,,,,523.0,2033.0,508.0,
98654000,98654000,2023,Республика Саха (Якутия),Усть-Майский муниципальный район,Муниципальный район,117866.0,3076.0,71.0,948.0,,459.0,,48.0,327.0,471.0,319.0,
98656000,98656000,2023,Республика Саха (Якутия),Усть-Янский муниципальный район,Муниципальный район,105985.6,2265.0,,188.0,,451.0,,31.0,339.0,480.0,252.0,
98658000,98658000,2023,Республика Саха (Якутия),Чурапчинский муниципальный район,Муниципальный район,70993.5,4579.0,58.0,,,453.0,,55.0,689.0,2259.0,467.0,
98659000,98659000,2023,Республика Саха (Якутия),Эвено-Бытантайский национальный муниципальный район,Муниципальный район,76947.7,806.0,,,,,,,132.0,307.0,82.0,
98660000,98660000,2023,Республика Саха (Якутия),Нерюнгринский муниципальный район,Муниципальный район,137525.3,31429.0,212.0,10395.0,433.0,1528.0,466.0,845.0,1433.0,2721.0,2041.0,
98701000,98701000,2023,Республика Саха (Якутия),Город Якутск,"Городской округ, городской округ с внутригородским делением",107344.4,84799.0,1023.0,988.0,1430.0,4581.0,1329.0,3311.0,14467.0,15658.0,15038.0,
98702000,98702000,2023,Республика Саха (Якутия),Жатай,"Городской округ, городской округ с внутригородским делением",94024.0,1972.0,,,350.0,,,203.0,63.0,428.0,,
99605000,99605000,2023,Еврейская автономная область,Биробиджанский муниципальный район,Муниципальный район,50966.5,1294.0,192.0,,,,,,214.0,372.0,290.0,
99610000,99610000,2023,Еврейская автономная область,Ленинский муниципальный район,Муниципальный район,54381.0,2207.0,18.0,,,192.0,42.0,15.0,565.0,713.0,195.0,
99620000,99620000,2023,Еврейская автономная область,Облученский муниципальный район,Муниципальный район,81645.7,8603.0,81.0,1474.0,709.0,472.0,,51.0,661.0,956.0,709.0,
99625000,99625000,2023,Еврейская автономная область,Октябрьский муниципальный район,Муниципальный район,49148.3,1093.0,,,,123.0,,,153.0,535.0,,
99630000,99630000,2023,Еврейская автономная область,Смидовичский муниципальный район,Муниципальный район,75247.5,3561.0,,,,281.0,,57.0,504.0,647.0,265.0,
99701000,99701000,2023,Еврейская автономная область,Город Биробиджан,"Городской округ, городской округ с внутригородским делением",66253.0,18861.0,51.0,,120.0,1498.0,264.0,1521.0,4714.0,2492.0,3551.0,
01512000,01512000,2024,Алтайский край,Залесовский муниципальный округ,Муниципальный округ,43197.6,1251.0,,,,44.0,,73.0,237.0,413.0,316.0,11281.0
01539000,01539000,2024,Алтайский край,Муниципальный округ город Славгород,Муниципальный округ,46914.9,5455.0,177.0,,353.0,424.0,98.0,328.0,980.0,1172.0,1020.0,27159.0
01541000,01541000,2024,Алтайский край,Муниципальный округ Суетский район,Муниципальный округ,56623.9,692.0,245.0,,,36.0,,,105.0,129.0,,3264.0
01558000,01558000,2024,Алтайский край,Муниципальный округ Чарышский район,Муниципальный округ,38052.2,1399.0,161.0,,,85.0,,21.0,281.0,421.0,,9268.0
01601000,01601000,2024,Алтайский край,Алейский муниципальный район,Муниципальный район,44739.9,1386.0,355.0,,,,,,157.0,383.0,103.0,13794.0
01602000,01602000,2024,Алтайский край,Алтайский муниципальный район,Муниципальный район,44459.5,2783.0,186.0,,14.0,126.0,40.0,142.0,432.0,895.0,447.0,26284.0
01603000,01603000,2024,Алтайский край,Баевский муниципальный район,Муниципальный район,44787.8,901.0,,,,55.0,,30.0,213.0,279.0,,7821.0
01604000,01604000,2024,Алтайский край,Бийский муниципальный район,Муниципальный район,48559.1,3374.0,1069.0,,326.0,99.0,,76.0,291.0,795.0,426.0,31583.0
01605000,01605000,2024,Алтайский край,Благовещенский муниципальный район,Муниципальный район,49998.5,4859.0,255.0,,1179.0,299.0,61.0,193.0,637.0,1072.0,582.0,25464.0
01606000,01606000,2024,Алтайский край,Бурлинский муниципальный район,Муниципальный район,43452.0,1030.0,101.0,,,92.0,5.0,30.0,221.0,289.0,,7601.0
01607000,01607000,2024,Алтайский край,Быстроистокский муниципальный район,Муниципальный район,43273.5,1032.0,,,,61.0,,19.0,216.0,289.0,,7120.0
01608000,01608000,2024,Алтайский край,Волчихинский муниципальный район,Муниципальный район,43276.0,2251.0,280.0,,293.0,118.0,12.0,84.0,324.0,612.0,285.0,14744.0
01609000,01609000,2024,Алтайский край,Егорьевский муниципальный район,Муниципальный район,41455.6,1611.0,185.0,,27.0,62.0,,33.0,244.0,417.0,365.0,10678.0
01610000,01610000,2024,Алтайский край,Ельцовский муниципальный район,Муниципальный район,39602.1,575.0,,,,39.0,17.0,19.0,128.0,158.0,103.0,4672.0
01611000,01611000,2024,Алтайский край,Завьяловский муниципальный район,Муниципальный район,46074.8,2446.0,439.0,,79.0,141.0,,124.0,392.0,589.0,327.0,15469.0
01613000,01613000,2024,Алтайский край,Заринский муниципальный район,Муниципальный район,53843.4,1862.0,669.0,,,26.0,,,93.0,449.0,,12837.0
01614000,01514000,2024,Алтайский край,Змеиногорский муниципальный район,Муниципальный район,73635.2,3711.0,334.0,,33.0,296.0,,105.0,483.0,631.0,283.0,6610.0
01615000,01615000,2024,Алтайский край,Калманский муниципальный район,Муниципальный район,53572.0,1535.0,300.0,,,36.0,,44.0,232.0,390.0,,11641.0
01616000,01616000,2024,Алтайский край,Каменский муниципальный район,Муниципальный район,46107.0,7312.0,392.0,,659.0,603.0,162.0,411.0,898.0,1602.0,1297.0,31732.0
01617000,01617000,2024,Алтайский край,Ключевский муниципальный район,Муниципальный район,41934.2,1775.0,169.0,,,90.0,,74.0,312.0,611.0,237.0,12366.0
01618000,01618000,2024,Алтайский край,Косихинский муниципальный район,Муниципальный район,43084.0,1744.0,,,,91.0,24.0,66.0,305.0,573.0,,13314.0
01619000,01619000,2024,Алтайский край,Красногорский муниципальный район,Муниципальный район,40918.0,1714.0,89.0,,,70.0,20.0,55.0,349.0,500.0,255.0,12685.0
01620000,01620000,2024,Алтайский край,Краснощёковский муниципальный район,Муниципальный район,55883.9,1949.0,188.0,,24.0,71.0,,127.0,301.0,469.0,222.0,13623.0
01621000,01621000,2024,Алтайский край,Крутихинский муниципальный район,Муниципальный район,40265.3,932.0,,,,89.0,,28.0,198.0,300.0,164.0,7856.0
01622000,01622000,2024,Алтайский край,Кулундинский муниципальный район,Муниципальный район,53891.7,3259.0,115.0,,201.0,339.0,55.0,131.0,475.0,692.0,351.0,20371.0
01623000,01623000,2024,Алтайский край,Курьинский муниципальный район,Муниципальный район,48314.4,1373.0,147.0,225.0,59.0,59.0,10.0,44.0,193.0,281.0,,8051.0
01624000,01624000,2024,Алтайский край,Кытмановский муниципальный район,Муниципальный район,47256.4,1618.0,349.0,,,64.0,,26.0,310.0,423.0,227.0,9548.0
01625000,01625000,2024,Алтайский край,Локтевский муниципальный район,Муниципальный район,45626.7,2600.0,240.0,,,109.0,,241.0,485.0,662.0,420.0,19183.0
01626000,01626000,2024,Алтайский край,Мамонтовский муниципальный район,Муниципальный район,44020.8,2369.0,102.0,,,106.0,47.0,108.0,392.0,674.0,521.0,17582.0
01627000,01627000,2024,Алтайский край,Михайловский муниципальный район,Муниципальный район,44209.9,2230.0,330.0,,7.0,161.0,33.0,83.0,351.0,696.0,379.0,2575.0
01628000,01628000,2024,Алтайский край,Новичихинский муниципальный район,Муниципальный район,46496.5,1270.0,322.0,,54.0,50.0,29.0,22.0,217.0,268.0,154.0,7406.0
01629000,01629000,2024,Алтайский край,Зональный муниципальный район,Муниципальный район,52802.0,3512.0,1239.0,,831.0,58.0,,71.0,335.0,589.0,,16341.0
01630000,01630000,2024,Алтайский край,Павловский муниципальный район,Муниципальный район,59704.3,6877.0,1784.0,,1221.0,297.0,70.0,220.0,875.0,1135.0,708.0,38447.0
01631000,01631000,2024,Алтайский край,Панкрушихинский муниципальный район,Муниципальный район,48668.0,1359.0,164.0,,,102.0,,33.0,284.0,350.0,206.0,9099.0
01632000,01632000,2024,Алтайский край,Первомайский муниципальный район,Муниципальный район,48236.7,5211.0,500.0,,306.0,312.0,41.0,390.0,589.0,1460.0,997.0,53359.0
01633000,01633000,2024,Алтайский край,Петропавловский муниципальный район,Муниципальный район,52754.2,1939.0,695.0,,,71.0,,22.0,234.0,337.0,,10214.0
01634000,01634000,2024,Алтайский край,Поспелихинский муниципальный район,Муниципальный район,47652.8,3671.0,795.0,,440.0,165.0,107.0,209.0,436.0,696.0,307.0,19439.0
01635000,01635000,2024,Алтайский край,Ребрихинский муниципальный район,Муниципальный район,42923.1,2795.0,530.0,,,82.0,30.0,91.0,374.0,881.0,345.0,18726.0
01636000,01636000,2024,Алтайский край,Родинский муниципальный район,Муниципальный район,45228.2,1794.0,226.0,,,92.0,27.0,92.0,304.0,594.0,,14369.0
01637000,01637000,2024,Алтайский край,Романовский муниципальный район,Муниципальный район,45475.4,1725.0,496.0,,12.0,71.0,,62.0,264.0,368.0,238.0,10594.0
01638000,01638000,2024,Алтайский край,Рубцовский муниципальный район,Муниципальный район,66179.7,2709.0,197.0,880.0,16.0,160.0,18.0,22.0,163.0,531.0,60.0,17749.0
01640000,01640000,2024,Алтайский край,Смоленский муниципальный район,Муниципальный район,49164.1,2819.0,452.0,,287.0,122.0,,109.0,418.0,756.0,356.0,20153.0
01642000,01642000,2024,Алтайский край,Советский муниципальный район,Муниципальный район,52884.7,2452.0,585.0,,284.0,73.0,,35.0,285.0,608.0,,13572.0
01643000,01643000,2024,Алтайский край,Солонешенский муниципальный район,Муниципальный район,39451.3,1026.0,,,,59.0,,20.0,236.0,385.0,,7152.0
01644000,01644000,2024,Алтайский край,Солтонский муниципальный район,Муниципальный район,39208.8,839.0,36.0,,,43.0,,25.0,198.0,268.0,,6045.0
01645000,01645000,2024,Алтайский край,Шелаболихинский муниципальный район,Муниципальный район,46182.8,1978.0,651.0,,149.0,98.0,43.0,14.0,220.0,342.0,224.0,10246.0
01646000,01646000,2024,Алтайский край,Табунский муниципальный район,Муниципальный район,42544.1,1207.0,127.0,,,62.0,,32.0,231.0,344.0,,7060.0
01647000,01647000,2024,Алтайский край,Тальменский муниципальный район,Муниципальный район,51789.1,5537.0,938.0,,259.0,284.0,,231.0,656.0,1636.0,855.0,42346.0
01648000,01648000,2024,Алтайский край,Тогульский муниципальный район,Муниципальный район,47637.9,1340.0,455.0,,42.0,33.0,,30.0,190.0,323.0,,6187.0
01649000,01649000,2024,Алтайский край,Топчихинский муниципальный район,Муниципальный район,49388.8,3243.0,594.0,,291.0,109.0,,206.0,789.0,608.0,368.0,18142.0
01650000,01650000,2024,Алтайский край,Третьяковский муниципальный район,Муниципальный район,43012.0,1838.0,441.0,,204.0,88.0,22.0,54.0,254.0,391.0,,10094.0
01651000,01651000,2024,Алтайский край,Троицкий муниципальный район,Муниципальный район,46816.2,2850.0,153.0,,311.0,145.0,,100.0,492.0,713.0,566.0,17787.0
01652000,01652000,2024,Алтайский край,Тюменцевский муниципальный район,Муниципальный район,40369.9,1827.0,377.0,,61.0,52.0,13.0,41.0,310.0,460.0,319.0,10801.0
01653000,01653000,2024,Алтайский край,Угловский муниципальный район,Муниципальный район,42524.8,1335.0,193.0,,,103.0,,21.0,267.0,362.0,199.0,8700.0
01654000,01654000,2024,Алтайский край,Усть-Калманский муниципальный район,Муниципальный район,46420.4,1728.0,157.0,,173.0,81.0,30.0,55.0,306.0,453.0,207.0,10802.0
01655000,01655000,2024,Алтайский край,Усть-Пристанский муниципальный район,Муниципальный район,40322.3,1285.0,183.0,,,73.0,,35.0,259.0,356.0,,9078.0
01656000,01656000,2024,Алтайский край,Хабарский муниципальный район,Муниципальный район,44449.2,2268.0,632.0,,190.0,117.0,,68.0,358.0,436.0,,12199.0
01657000,01657000,2024,Алтайский край,Целинный муниципальный район,Муниципальный район,53093.3,2567.0,136.0,,,66.0,26.0,74.0,433.0,668.0,215.0,12857.0
01659000,01659000,2024,Алтайский край,Шипуновский муниципальный район,Муниципальный район,45316.7,3645.0,233.0,,386.0,154.0,187.0,126.0,702.0,1014.0,446.0,24128.0
01660000,01660000,2024,Алтайский край,Немецкий национальный муниципальный район,Муниципальный район,45594.7,2375.0,613.0,,217.0,109.0,25.0,34.0,253.0,667.0,298.0,14809.0
01701000,01701000,2024,Алтайский край,Город Барнаул,"Городской округ, городской округ с внутригородским делением",69580.5,158863.0,971.0,,28308.0,5216.0,1305.0,17746.0,20909.0,23946.0,25090.0,638173.0
01703000,01703000,2024,Алтайский край,Город Алейск,"Городской округ, городской округ с внутригородским делением",58039.4,5054.0,,,1084.0,243.0,,227.0,973.0,799.0,848.0,24604.0
01704000,01704000,2024,Алтайский край,Город Белокуриха,"Городской округ, городской округ с внутригородским делением",63592.4,5555.0,,,,322.0,,145.0,365.0,428.0,3629.0,14879.0
01705000,01705000,2024,Алтайский край,Город Бийск,"Городской округ, городской округ с внутригородским делением",63225.9,40442.0,200.0,,14615.0,1962.0,538.0,3681.0,4227.0,5525.0,4690.0,180851.0
01706000,01706000,2024,Алтайский край,Город Заринск,"Городской округ, городской округ с внутригородским делением",64679.3,9734.0,27.0,,4297.0,486.0,,366.0,963.0,1220.0,981.0,40255.0
01713000,01713000,2024,Алтайский край,Город Новоалтайск,"Городской округ, городской округ с внутригородским делением",69360.9,17477.0,,,5216.0,812.0,332.0,2233.0,1487.0,2014.0,1214.0,73511.0
01716000,01716000,2024,Алтайский край,Город Рубцовск,"Городской округ, городской округ с внутригородским делением",52545.2,23477.0,48.0,,6205.0,1114.0,616.0,1234.0,3493.0,3980.0,4165.0,123379.0
01730000,01730000,2024,Алтайский край,Город Яровое,"Городской округ, городской округ с внутригородским делением",46916.8,2237.0,,,,,114.0,145.0,243.0,461.0,473.0,16528.0
01755000,01755000,2024,Алтайский край,ЗАТО Сибирский,"Городской округ, городской округ с внутригородским делением",42767.9,1694.0,,,,,,67.0,695.0,328.0,250.0,10798.0
03601000,03601000,2024,Краснодарский край,Абинский муниципальный район,Муниципальный район,63173.6,15991.0,1063.0,450.0,4837.0,557.0,360.0,1042.0,1035.0,2336.0,2007.0,96073.0
03605000,03605000,2024,Краснодарский край,Апшеронский муниципальный район,Муниципальный район,52268.1,8756.0,36.0,,726.0,353.0,321.0,627.0,1577.0,1765.0,1922.0,96844.0
03607000,03607000,2024,Краснодарский край,Белоглинский муниципальный район,Муниципальный район,56065.1,4404.0,1062.0,,365.0,49.0,71.0,197.0,481.0,849.0,633.0,29336.0
03608000,03608000,2024,Краснодарский край,Белореченский муниципальный район,Муниципальный район,60408.3,14931.0,853.0,,3210.0,626.0,296.0,1348.0,1176.0,3015.0,2024.0,54330.0
03610000,03610000,2024,Краснодарский край,Брюховецкий муниципальный район,Муниципальный район,53656.6,6518.0,1530.0,,523.0,10.0,47.0,453.0,720.0,1544.0,877.0,46265.0
03612000,03612000,2024,Краснодарский край,Выселковский муниципальный район,Муниципальный район,68907.5,15193.0,4895.0,,2565.0,74.0,111.0,1169.0,591.0,1499.0,2119.0,54337.0
03613000,03613000,2024,Краснодарский край,Гулькевичский муниципальный район,Муниципальный район,59979.9,13361.0,1721.0,,3515.0,655.0,,693.0,1006.0,1841.0,1465.0,46572.0
03614000,03614000,2024,Краснодарский край,Динской муниципальный район,Муниципальный район,62887.8,17837.0,2287.0,127.0,2718.0,462.0,164.0,2621.0,1293.0,3768.0,1549.0,147113.0
03616000,03616000,2024,Краснодарский край,Ейский муниципальный район,Муниципальный район,53876.6,18233.0,1721.0,,1038.0,515.0,492.0,1508.0,2778.0,3519.0,3492.0,51945.0
03618000,03618000,2024,Краснодарский край,Кавказский муниципальный район,Муниципальный район,59007.7,18110.0,569.0,,3347.0,590.0,355.0,1471.0,1852.0,2791.0,2843.0,74367.0
03619000,03619000,2024,Краснодарский край,Калининский муниципальный район,Муниципальный район,52794.2,4836.0,1442.0,,63.0,,,331.0,644.0,1079.0,708.0,49815.0
03620000,03620000,2024,Краснодарский край,Каневской муниципальный район,Муниципальный район,59277.7,16003.0,3855.0,423.0,2131.0,450.0,204.0,1402.0,1145.0,2422.0,1623.0,97080.0
03621000,03621000,2024,Краснодарский край,Кореновский муниципальный район,Муниципальный район,59126.4,13091.0,2222.0,,3504.0,398.0,180.0,832.0,1181.0,1797.0,1377.0,83194.0
03623000,03623000,2024,Краснодарский край,Красноармейский муниципальный район,Муниципальный район,61254.6,13639.0,2666.0,,945.0,402.0,248.0,1420.0,1013.0,2493.0,1784.0,100895.0
03624000,03624000,2024,Краснодарский край,Крыловский муниципальный район,Муниципальный район,54827.2,3700.0,929.0,,,40.0,29.0,295.0,558.0,750.0,644.0,33301.0
03625000,03625000,2024,Краснодарский край,Крымский муниципальный район,Муниципальный район,60105.1,15294.0,576.0,452.0,2085.0,829.0,562.0,1260.0,1606.0,2900.0,1936.0,76564.0
03627000,03627000,2024,Краснодарский край,Курганинский муниципальный район,Муниципальный район,51512.1,10456.0,1116.0,,1203.0,121.0,251.0,618.0,968.0,2541.0,1691.0,46330.0
03628000,03628000,2024,Краснодарский край,Кущевский муниципальный район,Муниципальный район,63865.0,10930.0,1270.0,,1921.0,273.0,169.0,430.0,1069.0,2077.0,1675.0,63182.0
03630000,03630000,2024,Краснодарский край,Лабинский муниципальный район,Муниципальный район,51461.3,12619.0,1136.0,407.0,926.0,1024.0,287.0,665.0,1092.0,2756.0,2254.0,33091.0
03632000,03532000,2024,Краснодарский край,Ленинградский муниципальный район,Муниципальный район,60204.2,9592.0,1156.0,,1464.0,948.0,234.0,490.0,746.0,1838.0,1393.0,58708.0
03633000,03633000,2024,Краснодарский край,Мостовский муниципальный район,Муниципальный район,52439.3,6070.0,384.0,,436.0,,139.0,300.0,936.0,1750.0,1320.0,68500.0
03634000,03634000,2024,Краснодарский край,Новокубанский муниципальный район,Муниципальный район,58861.8,11796.0,2964.0,,1942.0,451.0,187.0,651.0,956.0,2356.0,1363.0,82141.0
03635000,03635000,2024,Краснодарский край,Новопокровский муниципальный район,Муниципальный район,53381.1,4639.0,312.0,,629.0,,244.0,279.0,575.0,1115.0,818.0,40999.0
03637000,03637000,2024,Краснодарский край,Отрадненский муниципальный район,Муниципальный район,52292.7,6656.0,695.0,,,225.0,,200.0,777.0,1573.0,2280.0,62908.0
03639000,03639000,2024,Краснодарский край,Павловский муниципальный район,Муниципальный район,56273.9,9287.0,1915.0,,1141.0,92.0,96.0,642.0,953.0,1879.0,1177.0,60588.0
03641000,03541000,2024,Краснодарский край,Приморско-Ахтарский муниципальный район,Муниципальный район,49020.7,6059.0,325.0,,255.0,159.0,184.0,423.0,1118.0,1317.0,1287.0,25461.0
03643000,03643000,2024,Краснодарский край,Северский муниципальный район,Муниципальный район,79424.7,16836.0,485.0,245.0,4502.0,126.0,250.0,1077.0,1240.0,2746.0,1928.0,57347.0
03645000,03645000,2024,Краснодарский край,Славянский муниципальный район,Муниципальный район,71775.0,23656.0,2688.0,691.0,3110.0,1084.0,333.0,1854.0,1780.0,3120.0,2209.0,125608.0
03647000,03647000,2024,Краснодарский край,Староминский муниципальный район,Муниципальный район,55306.9,6073.0,1071.0,,933.0,61.0,102.0,689.0,566.0,1146.0,639.0,39358.0
03649000,03649000,2024,Краснодарский край,Тбилисский муниципальный район,Муниципальный район,56943.1,5671.0,1014.0,,1040.0,,87.0,305.0,568.0,1048.0,733.0,47574.0
03651000,03651000,2024,Краснодарский край,Темрюкский муниципальный район,Муниципальный район,84527.5,35148.0,2731.0,,4744.0,322.0,660.0,1636.0,1992.0,2849.0,1648.0,86194.0
03653000,03653000,2024,Краснодарский край,Тимашевский муниципальный район,Муниципальный район,67084.7,19148.0,1470.0,,4637.0,1453.0,413.0,1206.0,1543.0,2319.0,2124.0,54482.0
03654000,03654000,2024,Краснодарский край,Тихорецкий муниципальный район,Муниципальный район,60215.9,20199.0,1271.0,,3001.0,1309.0,373.0,1000.0,1847.0,2964.0,2335.0,108860.0
03655000,03555000,2024,Краснодарский край,Туапсинский муниципальный район,Муниципальный район,67926.8,27828.0,201.0,,1990.0,472.0,665.0,1673.0,2207.0,2972.0,4915.0,77498.0
03656000,03656000,2024,Краснодарский край,Успенский муниципальный район,Муниципальный район,59136.8,5296.0,600.0,57.0,727.0,,99.0,193.0,601.0,1212.0,698.0,38722.0
03657000,03657000,2024,Краснодарский край,Усть-Лабинский муниципальный район,Муниципальный район,59559.7,17639.0,2120.0,,2914.0,867.0,243.0,1108.0,2017.0,2845.0,2427.0,61228.0
03659000,03659000,2024,Краснодарский край,Щербиновский муниципальный район,Муниципальный район,54262.1,5177.0,1521.0,,102.0,,,195.0,512.0,1044.0,800.0,33422.0
03701000,03701000,2024,Краснодарский край,Город Краснодар,"Городской округ, городской округ с внутригородским делением",89499.9,313731.0,2851.0,626.0,16376.0,7452.0,3953.0,63390.0,36583.0,41336.0,36147.0,1138654.0
03703000,03501000,2024,Краснодарский край,Город-курорт Анапа,"Городской округ, городской округ с внутригородским делением",62611.5,31478.0,227.0,,482.0,591.0,1176.0,3801.0,2434.0,5995.0,9127.0,208581.0
03705000,03705000,2024,Краснодарский край,Город Армавир,"Городской округ, городской округ с внутригородским делением",55466.1,29380.0,225.0,,5582.0,1694.0,652.0,3559.0,2796.0,5657.0,4443.0,203911.0
03708000,03708000,2024,Краснодарский край,Город-курорт Геленджик,"Городской округ, городской округ с внутригородским делением",74543.9,19763.0,114.0,,676.0,558.0,669.0,2091.0,1523.0,2600.0,5651.0,80706.0
03709000,03504000,2024,Краснодарский край,Город Горячий Ключ,"Городской округ, городской округ с внутригородским делением",52671.4,7676.0,145.0,,399.0,192.0,388.0,796.0,1125.0,1497.0,1589.0,26213.0
03720000,03720000,2024,Краснодарский край,Город Новороссийск,"Городской округ, городской округ с внутригородским делением",86653.1,69375.0,388.0,,5644.0,2122.0,1788.0,8505.0,6885.0,8081.0,5948.0,343971.0
03726000,03726000,2024,Краснодарский край,Город-курорт Сочи,"Городской округ, городской округ с внутригородским делением",80048.8,93466.0,202.0,,1225.0,2703.0,2481.0,11867.0,7613.0,10367.0,21506.0,88001.0
03731000,03726000,2024,Краснодарский край,Сириус,"Городской округ, городской округ с внутригородским делением",133910.6,12552.0,,,,,,339.0,214.0,1730.0,295.0,14344.0
04545000,04545000,2024,Красноярский край,Пировский муниципальный округ,Муниципальный округ,58840.6,1182.0,,,,,,27.0,332.0,374.0,,5747.0
04555000,04555000,2024,Красноярский край,Тюхтетский муниципальный округ,Муниципальный округ,58910.8,1007.0,,,,,,31.0,225.0,316.0,,7536.0
04558000,04558000,2024,Красноярский край,Шарыповский муниципальный округ,Муниципальный округ,82687.4,4008.0,405.0,,28.0,1164.0,,8.0,116.0,618.0,354.0,11390.0
04601000,04601000,2024,Красноярский край,Абанский муниципальный район,Муниципальный район,57179.1,2472.0,51.0,,,183.0,,77.0,553.0,793.0,403.0,17763.0
04603000,04603000,2024,Красноярский край,Ачинский муниципальный район,Муниципальный район,72609.3,2106.0,,,,,,,353.0,575.0,162.0,13043.0
04604000,04604000,2024,Красноярский край,Балахтинский муниципальный район,Муниципальный район,65358.9,4114.0,455.0,,,169.0,28.0,66.0,606.0,946.0,545.0,17854.0
04605000,04605000,2024,Красноярский край,Березовский муниципальный район,Муниципальный район,74424.1,7309.0,302.0,,724.0,167.0,124.0,478.0,686.0,1186.0,962.0,18779.0
04606000,04606000,2024,Красноярский край,Бирилюсский муниципальный район,Муниципальный район,59903.0,1692.0,,,,17.0,,25.0,325.0,406.0,303.0,7924.0
04608000,04608000,2024,Красноярский край,Боготольский муниципальный район,Муниципальный район,62428.3,1046.0,,,,,,,56.0,400.0,180.0,7659.0
04609000,04609000,2024,Красноярский край,Богучанский муниципальный район,Муниципальный район,86545.7,10569.0,749.0,50.0,2352.0,648.0,157.0,253.0,1707.0,1684.0,956.0,42225.0
04610000,04610000,2024,Красноярский край,Большемуртинский муниципальный район,Муниципальный район,62263.9,3355.0,821.0,,242.0,180.0,,93.0,453.0,603.0,423.0,13529.0
04611000,04611000,2024,Красноярский край,Большеулуйский муниципальный район,Муниципальный район,108725.7,5274.0,,,,36.0,,53.0,313.0,298.0,236.0,6681.0
04613000,04613000,2024,Красноярский край,Дзержинский муниципальный район,Муниципальный район,57387.7,2120.0,162.0,,,105.0,,50.0,386.0,633.0,409.0,11389.0
04614000,04614000,2024,Красноярский край,Емельяновский муниципальный район,Муниципальный район,93491.1,13128.0,524.0,102.0,1224.0,454.0,84.0,1784.0,1531.0,1665.0,567.0,39942.0
04615000,04615000,2024,Красноярский край,Енисейский муниципальный район,Муниципальный район,79274.1,3378.0,156.0,,,,,,260.0,1049.0,,3499.0
04616000,04616000,2024,Красноярский край,Ермаковский муниципальный район,Муниципальный район,57832.4,2643.0,88.0,,,57.0,,77.0,462.0,971.0,482.0,17423.0
04617000,04617000,2024,Красноярский край,Идринский муниципальный район,Муниципальный район,56047.9,2148.0,,,,,,30.0,435.0,678.0,452.0,10295.0
04618000,04618000,2024,Красноярский край,Иланский муниципальный район,Муниципальный район,78793.0,5899.0,,,97.0,421.0,39.0,116.0,588.0,867.0,451.0,6941.0
04619000,04619000,2024,Красноярский край,Ирбейский муниципальный район,Муниципальный район,75513.9,3301.0,38.0,,,30.0,6.0,40.0,421.0,755.0,472.0,12610.0
04620000,04620000,2024,Красноярский край,Казачинский муниципальный район,Муниципальный район,57344.0,1789.0,,,,49.0,,47.0,483.0,525.0,263.0,8558.0
04621000,04621000,2024,Красноярский край,Канский муниципальный район,Муниципальный район,53629.1,4179.0,1697.0,,359.0,124.0,,169.0,156.0,971.0,,21186.0
04622000,04622000,2024,Красноярский край,Каратузский муниципальный район,Муниципальный район,60723.7,2497.0,99.0,138.0,,57.0,,47.0,354.0,859.0,494.0,13157.0
04624000,04624000,2024,Красноярский край,Кежемский муниципальный район,Муниципальный район,96691.5,6197.0,1422.0,,1162.0,749.0,,85.0,686.0,884.0,536.0,12871.0
04626000,04626000,2024,Красноярский край,Козульский муниципальный район,Муниципальный район,66336.4,2496.0,,,,117.0,,99.0,541.0,468.0,461.0,6196.0
04628000,04628000,2024,Красноярский край,Краснотуранский муниципальный район,Муниципальный район,52475.8,3187.0,929.0,,,183.0,,45.0,451.0,783.0,386.0,12848.0
04630000,04630000,2024,Красноярский край,Курагинский муниципальный район,Муниципальный район,61814.0,7701.0,1182.0,318.0,86.0,359.0,112.0,172.0,828.0,1784.0,745.0,17023.0
04631000,04631000,2024,Красноярский край,Манский муниципальный район,Муниципальный район,56676.4,1884.0,,,,50.0,,48.0,370.0,679.0,293.0,13436.0
04633000,04633000,2024,Красноярский край,Минусинский муниципальный район,Муниципальный район,56414.6,3936.0,499.0,,,587.0,,29.0,450.0,1066.0,992.0,23938.0
04635000,04635000,2024,Красноярский край,Мотыгинский муниципальный район,Муниципальный район,100468.3,6906.0,120.0,2865.0,1023.0,89.0,,92.0,459.0,716.0,390.0,12009.0
04637000,04637000,2024,Красноярский край,Назаровский муниципальный район,Муниципальный район,52695.7,4216.0,1786.0,,459.0,84.0,,68.0,172.0,777.0,220.0,20200.0
04639000,04639000,2024,Красноярский край,Нижнеингашский муниципальный район,Муниципальный район,59387.1,4931.0,83.0,,,167.0,,126.0,1207.0,1030.0,1144.0,10204.0
04641000,04641000,2024,Красноярский край,Новоселовский муниципальный район,Муниципальный район,58707.4,2453.0,344.0,,,79.0,52.0,55.0,357.0,724.0,354.0,10619.0
04643000,04643000,2024,Красноярский край,Партизанский муниципальный район,Муниципальный район,65385.3,1630.0,,,,10.0,,18.0,282.0,436.0,311.0,7989.0
04647000,04647000,2024,Красноярский край,Рыбинский муниципальный район,Муниципальный район,71689.9,7413.0,467.0,,,457.0,44.0,204.0,684.0,1223.0,1016.0,15155.0
04648000,04648000,2024,Красноярский край,Саянский муниципальный район,Муниципальный район,56506.0,1712.0,,,,99.0,,44.0,422.0,563.0,277.0,9056.0
04649000,04649000,2024,Красноярский край,Северо-Енисейский муниципальный район,Муниципальный район,154150.8,14566.0,,4990.0,3711.0,150.0,,119.0,479.0,562.0,305.0,2349.0
04650000,04650000,2024,Красноярский край,Эвенкийский муниципальный район,Муниципальный район,133246.0,12671.0,112.0,3650.0,469.0,1116.0,38.0,121.0,844.0,1136.0,754.0,13258.0
04651000,04651000,2024,Красноярский край,Сухобузимский муниципальный район,Муниципальный район,59181.9,3238.0,611.0,,,193.0,,48.0,455.0,894.0,624.0,18911.0
04652000,04652000,2024,Красноярский край,Тасеевский муниципальный район,Муниципальный район,56323.3,1451.0,,,,,,49.0,244.0,500.0,,9952.0
04653000,04653000,2024,Красноярский край,Таймырский Долгано-Ненецкий муниципальный район,Муниципальный район,162835.1,24631.0,180.0,3356.0,163.0,423.0,167.0,376.0,1350.0,2148.0,1114.0,29609.0
04654000,04654000,2024,Красноярский край,Туруханский муниципальный район,Муниципальный район,152563.2,19449.0,68.0,7101.0,57.0,1163.0,80.0,35.0,718.0,787.0,583.0,9125.0
04656000,04656000,2024,Красноярский край,Ужурский муниципальный район,Муниципальный район,68907.9,8064.0,2643.0,,446.0,280.0,60.0,359.0,680.0,1159.0,658.0,14169.0
04657000,04657000,2024,Красноярский край,Уярский муниципальный район,Муниципальный район,63090.6,3978.0,40.0,,244.0,178.0,,113.0,721.0,847.0,542.0,11792.0
04659000,04659000,2024,Красноярский край,Шушенский муниципальный район,Муниципальный район,58071.5,5619.0,685.0,,104.0,351.0,133.0,159.0,699.0,1469.0,791.0,16760.0
04701000,04701000,2024,Красноярский край,Город Красноярск,"Городской округ, городской округ с внутригородским делением",98129.1,284030.0,2835.0,6096.0,37769.0,9067.0,2775.0,31976.0,31416.0,39054.0,36590.0,1206237.0
04703000,04703000,2024,Красноярский край,Город Ачинск,"Городской округ, городской округ с внутригородским делением",77971.8,27350.0,,,6881.0,1374.0,464.0,1452.0,2211.0,4339.0,4466.0,101043.0
04706000,04706000,2024,Красноярский край,Город Боготол,"Городской округ, городской округ с внутригородским делением",76854.3,6136.0,,,102.0,296.0,,155.0,513.0,601.0,677.0,17509.0
04707000,04707000,2024,Красноярский край,Город Бородино,"Городской округ, городской округ с внутригородским делением",76667.8,4386.0,,,,164.0,,160.0,315.0,472.0,556.0,14967.0
04709000,04709000,2024,Красноярский край,Город Дивногорск,"Городской округ, городской округ с внутригородским делением",80847.9,6174.0,,,1090.0,822.0,,251.0,519.0,1406.0,895.0,31561.0
04712000,04712000,2024,Красноярский край,Город Енисейск,"Городской округ, городской округ с внутригородским делением",71515.6,4910.0,60.0,,,176.0,62.0,184.0,1379.0,711.0,1024.0,17843.0
04720000,04720000,2024,Красноярский край,Город Канск,"Городской округ, городской округ с внутригородским делением",63207.1,14726.0,,,988.0,1251.0,247.0,1128.0,2958.0,3022.0,3207.0,85587.0
04722000,04722000,2024,Красноярский край,Город Лесосибирск,"Городской округ, городской округ с внутригородским делением",75147.0,13271.0,662.0,,3099.0,1006.0,232.0,763.0,1234.0,2065.0,2096.0,58714.0
04723000,04723000,2024,Красноярский край,Город Минусинск,"Городской округ, городской округ с внутригородским делением",66414.1,12525.0,43.0,121.0,1147.0,511.0,319.0,648.0,1741.0,3017.0,2873.0,71318.0
04726000,04726000,2024,Красноярский край,Город Назарово,"Городской округ, городской округ с внутригородским делением",69653.0,9170.0,277.0,,1104.0,1407.0,232.0,534.0,899.0,1700.0,1612.0,44261.0
04729000,04729000,2024,Красноярский край,Город Норильск,"Городской округ, городской округ с внутригородским делением",182860.4,83756.0,,12519.0,20387.0,,825.0,1912.0,3268.0,6924.0,4688.0,177427.0
04733000,04733000,2024,Красноярский край,Город Сосновоборск,"Городской округ, городской округ с внутригородским делением",74461.4,4785.0,,,267.0,504.0,,364.0,890.0,1067.0,833.0,40913.0
04740000,04740000,2024,Красноярский край,Город Шарыпово,"Городской округ, городской округ с внутригородским делением",53945.3,6675.0,,,,184.0,,399.0,1094.0,1540.0,1125.0,40739.0
04775000,04775000,2024,Красноярский край,Поселок Кедровый,"Городской округ, городской округ с внутригородским делением",54069.1,635.0,,,,,,24.0,77.0,342.0,,3769.0
05502000,05502000,2024,Приморский край,Анучинский муниципальный округ,Муниципальный округ,76451.1,1559.0,,,,,,22.0,336.0,381.0,,12237.0
05510000,05510000,2024,Приморский край,Кавалеровский муниципальный округ,Муниципальный округ,72875.1,2574.0,,,,,,96.0,485.0,642.0,498.0,15593.0
05514000,05514000,2024,Приморский край,Красноармейский муниципальный округ,Муниципальный округ,83864.8,2658.0,316.0,519.0,,100.0,,31.0,348.0,612.0,291.0,3159.0
05517000,05517000,2024,Приморский край,Лазовский муниципальный округ,Муниципальный округ,94966.2,3579.0,,,132.0,,,,251.0,364.0,203.0,6036.0
05526000,05526000,2024,Приморский край,Октябрьский муниципальный округ,Муниципальный округ,68005.0,3710.0,347.0,,,,101.0,45.0,786.0,817.0,796.0,17518.0
05528000,05528000,2024,Приморский край,Ольгинский муниципальный округ,Муниципальный округ,81391.7,1308.0,,,,,,,362.0,297.0,,3041.0
05530000,05530000,2024,Приморский край,Партизанский муниципальный округ,Муниципальный округ,69296.5,3728.0,,,,195.0,81.0,38.0,1419.0,881.0,503.0,29888.0
05532000,05532000,2024,Приморский край,Пограничный муниципальный округ,Муниципальный округ,71071.9,2725.0,,,,202.0,,34.0,624.0,446.0,455.0,9718.0
05534000,05534000,2024,Приморский край,Пожарский муниципальный округ,Муниципальный округ,99163.1,5525.0,46.0,,,1418.0,,79.0,529.0,678.0,513.0,16967.0
05540000,05540000,2024,Приморский край,Тернейский муниципальный округ,Муниципальный округ,77899.6,3691.0,1508.0,,,152.0,,,283.0,423.0,,7896.0
05546000,05546000,2024,Приморский край,Ханкайский муниципальный округ,Муниципальный округ,73387.7,2205.0,,,,,,11.0,429.0,622.0,326.0,17049.0
05548000,05548000,2024,Приморский край,Хасанский муниципальный округ,Муниципальный округ,81322.3,4789.0,42.0,,572.0,,,97.0,629.0,707.0,498.0,5900.0
05550000,05550000,2024,Приморский край,Хорольский муниципальный округ,Муниципальный округ,68059.6,2732.0,,,,,,34.0,630.0,743.0,604.0,8074.0
05553000,05553000,2024,Приморский край,Черниговский муниципальный округ,Муниципальный округ,75280.0,5713.0,,,608.0,336.0,,179.0,1071.0,1171.0,783.0,19106.0
05555000,05555000,2024,Приморский край,Чугуевский муниципальный округ,Муниципальный округ,64568.9,2833.0,136.0,,147.0,,,95.0,636.0,824.0,347.0,21090.0
05557000,05557000,2024,Приморский край,Шкотовский муниципальный округ,Муниципальный округ,115314.5,6375.0,,,,,,173.0,546.0,528.0,211.0,21051.0
05559000,05559000,2024,Приморский край,Яковлевский муниципальный округ,Муниципальный округ,67064.5,2175.0,,,,267.0,61.0,259.0,611.0,331.0,335.0,11970.0
05607000,05607000,2024,Приморский край,Дальнереченский муниципальный район,Муниципальный район,62363.5,661.0,,,,,,,84.0,398.0,,7793.0
05612000,05612000,2024,Приморский край,Кировский муниципальный район,Муниципальный район,64993.2,2677.0,70.0,,,,,45.0,363.0,549.0,944.0,17312.0
05620000,05520000,2024,Приморский край,Михайловский муниципальный район,Муниципальный район,76951.3,5350.0,903.0,950.0,,,111.0,59.0,823.0,829.0,443.0,28474.0
05623000,05623000,2024,Приморский край,Надеждинский муниципальный район,Муниципальный район,86783.2,5138.0,,,1035.0,,,414.0,947.0,1265.0,500.0,41960.0
05637000,05637000,2024,Приморский край,Спасский муниципальный район,Муниципальный район,74247.4,5784.0,651.0,,2006.0,,,29.0,1053.0,842.0,,19870.0
05701000,05701000,2024,Приморский край,Владивостокский,"Городской округ, городской округ с внутригородским делением",115583.5,170256.0,5131.0,134.0,11288.0,8730.0,2346.0,17651.0,25551.0,19470.0,18898.0,31154.0
05703000,05703000,2024,Приморский край,Арсеньевский,"Городской округ, городской округ с внутригородским делением",95125.1,12339.0,,,6856.0,,,312.0,1026.0,1353.0,1376.0,47015.0
05705000,05705000,2024,Приморский край,Артемовский,"Городской округ, городской округ с внутригородским делением",89562.8,21344.0,,,1436.0,817.0,,2701.0,2689.0,2660.0,1876.0,108539.0
05706000,05706000,2024,Приморский край,Большой Камень,"Городской округ, городской округ с внутригородским делением",122281.3,13646.0,,,9008.0,320.0,218.0,155.0,995.0,749.0,601.0,1805.0
05707000,05707000,2024,Приморский край,Дальнегорский,"Городской округ, городской округ с внутригородским делением",73819.2,7618.0,,,1774.0,497.0,,192.0,681.0,1143.0,914.0,32720.0
05708000,05708000,2024,Приморский край,Дальнереченский,"Городской округ, городской округ с внутригородским делением",81576.1,3660.0,,,174.0,,,348.0,673.0,577.0,646.0,1843.0
05711000,05711000,2024,Приморский край,Лесозаводский,"Городской округ, городской округ с внутригородским делением",84726.6,6962.0,8.0,,,651.0,,198.0,986.0,1086.0,1142.0,34568.0
05714000,05714000,2024,Приморский край,Находкинский,"Городской округ, городской округ с внутригородским делением",105573.6,31885.0,1673.0,,3828.0,1063.0,611.0,2011.0,2709.0,3367.0,2847.0,1030.0
05717000,05717000,2024,Приморский край,Партизанский,"Городской округ, городской округ с внутригородским делением",87831.8,5853.0,147.0,,,809.0,,128.0,896.0,892.0,989.0,6306.0
05720000,05720000,2024,Приморский край,Спасск-Дальний,"Городской округ, городской округ с внутригородским делением",68238.9,6583.0,,,642.0,,,361.0,1400.0,1078.0,1002.0,34822.0
05723000,05723000,2024,Приморский край,Уссурийский,"Городской округ, городской округ с внутригородским делением",80481.1,34441.0,628.0,,5481.0,1604.0,,3107.0,6772.0,4874.0,4313.0,179936.0
07502000,07502000,2024,Ставропольский край,Александровский муниципальный округ,Муниципальный округ,44256.8,4280.0,278.0,,,243.0,,122.0,504.0,1343.0,1002.0,46217.0
07503000,07503000,2024,Ставропольский край,Андроповский муниципальный округ,Муниципальный округ,47160.6,2822.0,315.0,,,166.0,,78.0,434.0,817.0,504.0,33305.0
07505000,07505000,2024,Ставропольский край,Апанасенковский муниципальный округ,Муниципальный округ,42531.2,5025.0,2008.0,,63.0,182.0,,119.0,428.0,1020.0,800.0,29279.0
07507000,07507000,2024,Ставропольский край,Арзгирский муниципальный округ,Муниципальный округ,43853.2,2592.0,337.0,,,152.0,,81.0,331.0,885.0,430.0,22666.0
07512000,07512000,2024,Ставропольский край,Буденновский муниципальный округ,Муниципальный округ,54769.5,15781.0,1117.0,58.0,2813.0,1034.0,1165.0,633.0,1467.0,3197.0,2505.0,106466.0
07517000,07517000,2024,Ставропольский край,Грачевский муниципальный округ,Муниципальный округ,50188.1,2842.0,305.0,,,181.0,,170.0,359.0,685.0,616.0,37958.0
07528000,07528000,2024,Ставропольский край,Кочубеевский муниципальный округ,Муниципальный округ,53915.3,9666.0,1980.0,,1001.0,275.0,,301.0,1043.0,1889.0,1773.0,77707.0
07530000,07530000,2024,Ставропольский край,Красногвардейский муниципальный округ,Муниципальный округ,58768.1,6107.0,2557.0,,,187.0,136.0,125.0,437.0,1110.0,779.0,35678.0
07533000,07533000,2024,Ставропольский край,Курский муниципальный округ,Муниципальный округ,46725.1,4833.0,402.0,,45.0,149.0,,98.0,1028.0,1430.0,761.0,52260.0
07536000,07536000,2024,Ставропольский край,Левокумский муниципальный округ,Муниципальный округ,46735.3,3140.0,245.0,,26.0,153.0,,65.0,422.0,1019.0,649.0,34715.0
07544000,07544000,2024,Ставропольский край,Новоселицкий муниципальный округ,Муниципальный округ,45695.6,3193.0,1060.0,,35.0,93.0,,70.0,337.0,681.0,558.0,24490.0
07548000,07548000,2024,Ставропольский край,Предгорный муниципальный округ,Муниципальный округ,54992.4,9034.0,2011.0,,232.0,398.0,824.0,622.0,767.0,1975.0,1374.0,109591.0
07552000,07552000,2024,Ставропольский край,Степновский муниципальный округ,Муниципальный округ,45790.3,2129.0,434.0,,,87.0,,34.0,325.0,473.0,473.0,20369.0
07554000,07554000,2024,Ставропольский край,Труновский муниципальный округ,Муниципальный округ,52560.6,3799.0,1243.0,,,118.0,,128.0,355.0,752.0,556.0,32211.0
07556000,07556000,2024,Ставропольский край,Туркменский муниципальный округ,Муниципальный округ,43555.6,2762.0,485.0,,,141.0,,45.0,347.0,817.0,,22025.0
07558000,07558000,2024,Ставропольский край,Шпаковский муниципальный округ,Муниципальный округ,59169.7,15384.0,1372.0,,1404.0,562.0,505.0,3011.0,1065.0,3074.0,1151.0,112179.0
07701000,07701000,2024,Ставропольский край,Город Ставрополь,"Городской округ, городской округ с внутригородским делением",73824.2,116587.0,522.0,189.0,11257.0,3212.0,1272.0,12758.0,23939.0,16453.0,17514.0,557271.0
07710000,07710000,2024,Ставропольский край,Город-курорт Ессентуки,"Городской округ, городской округ с внутригородским делением",64029.5,15118.0,,,,706.0,,1382.0,1412.0,2424.0,7571.0,123138.0
07712000,07712000,2024,Ставропольский край,Город-курорт Железноводск,"Городской округ, городской округ с внутригородским делением",59471.7,8781.0,,,,762.0,,454.0,727.0,1166.0,4360.0,50082.0
07715000,07715000,2024,Ставропольский край,Город-курорт Кисловодск,"Городской округ, городской округ с внутригородским делением",63656.5,17203.0,,,500.0,649.0,233.0,725.0,953.0,2049.0,9488.0,126423.0
07718000,07718000,2024,Ставропольский край,Город Лермонтов,"Городской округ, городской округ с внутригородским делением",63479.7,4520.0,,,685.0,,,1242.0,296.0,714.0,724.0,24717.0
07724000,07724000,2024,Ставропольский край,Город Невинномысск,"Городской округ, городской округ с внутригородским делением",74252.0,29972.0,494.0,,10490.0,1067.0,428.0,1830.0,1126.0,2852.0,2020.0,114556.0
07727000,07727000,2024,Ставропольский край,Город-курорт Пятигорск,"Городской округ, городской округ с внутригородским делением",64260.2,33707.0,203.0,,1932.0,6057.0,426.0,3471.0,2908.0,5054.0,7847.0,197437.0
08534000,08534000,2024,Хабаровский край,Охотский муниципальный округ,Муниципальный округ,128142.3,3263.0,287.0,1199.0,,328.0,,86.0,175.0,381.0,284.0,3114.0
08603000,08603000,2024,Хабаровский край,Амурский муниципальный район,Муниципальный район,93168.1,10491.0,,,2876.0,485.0,,268.0,1056.0,2500.0,1206.0,55970.0
08606000,08606000,2024,Хабаровский край,Аяно-Майский муниципальный район,Муниципальный район,193029.5,2094.0,,1469.0,,,,,90.0,158.0,,1786.0
08609000,08509000,2024,Хабаровский край,Бикинский муниципальный район,Муниципальный район,71458.5,3481.0,,,,69.0,,104.0,642.0,768.0,552.0,21147.0
08612000,08612000,2024,Хабаровский край,Ванинский муниципальный район,Муниципальный район,115596.0,10427.0,740.0,,500.0,578.0,123.0,161.0,604.0,1206.0,806.0,8308.0
08614000,08614000,2024,Хабаровский край,Верхнебуреинский муниципальный район,Муниципальный район,131180.9,9851.0,,3596.0,,412.0,150.0,30.0,583.0,1014.0,429.0,18696.0
08617000,08617000,2024,Хабаровский край,Вяземский муниципальный район,Муниципальный район,60401.3,2541.0,,,,,,113.0,417.0,946.0,440.0,12739.0
08620000,08620000,2024,Хабаровский край,Комсомольский муниципальный район,Муниципальный район,95187.7,3965.0,142.0,,13.0,,,15.0,542.0,941.0,474.0,24386.0
08624000,08624000,2024,Хабаровский край,Муниципальный район имени Лазо,Муниципальный район,62910.4,5208.0,102.0,,,203.0,50.0,206.0,640.0,2086.0,1073.0,37861.0
08628000,08628000,2024,Хабаровский край,Нанайский муниципальный район,Муниципальный район,98058.1,5591.0,124.0,,,,,34.0,393.0,775.0,444.0,13922.0
08631000,08631000,2024,Хабаровский край,Николаевский муниципальный район,Муниципальный район,111410.9,8651.0,514.0,2635.0,,445.0,123.0,114.0,1015.0,1365.0,1063.0,3522.0
08637000,08637000,2024,Хабаровский край,Муниципальный район имени Полины Осипенко,Муниципальный район,158798.8,2274.0,115.0,,,,,,173.0,213.0,,3532.0
08642000,08642000,2024,Хабаровский край,Советско-Гаванский муниципальный район,Муниципальный район,94696.8,5364.0,462.0,,86.0,689.0,194.0,294.0,1016.0,1332.0,655.0,35668.0
08644000,08644000,2024,Хабаровский край,Солнечный муниципальный район,Муниципальный район,93058.4,6261.0,707.0,1033.0,149.0,,,261.0,480.0,1286.0,817.0,12196.0
08646000,08646000,2024,Хабаровский край,Тугуро-Чумиканский муниципальный район,Муниципальный район,135771.6,1312.0,,,,,,,88.0,123.0,,1859.0
08650000,08650000,2024,Хабаровский край,Ульчский муниципальный район,Муниципальный район,83409.1,2848.0,73.0,,,239.0,29.0,,359.0,884.0,529.0,13977.0
08655000,08655000,2024,Хабаровский край,Хабаровский муниципальный район,Муниципальный район,82059.1,8109.0,,,389.0,227.0,210.0,271.0,1139.0,2282.0,635.0,82380.0
08701000,08701000,2024,Хабаровский край,Город Хабаровск,"Городской округ, городской округ с внутригородским делением",106096.5,170971.0,2850.0,437.0,8591.0,9084.0,1755.0,17715.0,29267.0,19269.0,19752.0,615570.0
08709000,08709000,2024,Хабаровский край,Город Комсомольск-на-Амуре,"Городской округ, городской округ с внутригородским делением",97973.0,63212.0,198.0,,20460.0,3107.0,862.0,2914.0,8486.0,8580.0,6945.0,235488.0
10505000,10505000,2024,Амурская область,Архаринский муниципальный округ,Муниципальный округ,86158.0,2683.0,137.0,,,122.0,,40.0,230.0,579.0,340.0,12372.0
10508000,10508000,2024,Амурская область,Белогорский муниципальный округ,Муниципальный округ,66226.2,2197.0,308.0,,418.0,43.0,28.0,,568.0,490.0,,17004.0
10511000,10511000,2024,Амурская область,Благовещенский муниципальный округ,Муниципальный округ,77201.6,2176.0,446.0,,,,,117.0,135.0,433.0,607.0,35810.0
10515000,10515000,2024,Амурская область,Бурейский муниципальный округ,Муниципальный округ,95304.5,4392.0,106.0,,,485.0,,209.0,604.0,750.0,474.0,12936.0
10521000,10521000,2024,Амурская область,Завитинский муниципальный округ,Муниципальный округ,71923.9,2735.0,77.0,,,80.0,,26.0,579.0,505.0,349.0,11590.0
10525000,10525000,2024,Амурская область,Зейский муниципальный округ,Муниципальный округ,126833.2,2690.0,,689.0,,,,,69.0,641.0,,11287.0
10528000,10528000,2024,Амурская область,Ивановский муниципальный округ,Муниципальный округ,63576.6,3511.0,707.0,,,68.0,,63.0,912.0,676.0,559.0,20785.0
10540000,10540000,2024,Амурская область,Ромненский муниципальный округ,Муниципальный округ,60963.8,1008.0,,,,,,,229.0,328.0,168.0,7209.0
10547000,10547000,2024,Амурская область,Серышевский муниципальный округ,Муниципальный округ,64016.9,3279.0,,,,206.0,,36.0,1132.0,801.0,348.0,11619.0
10549000,10549000,2024,Амурская область,Сковородинский муниципальный округ,Муниципальный округ,107406.7,8167.0,,513.0,191.0,403.0,86.0,79.0,524.0,733.0,346.0,6361.0
10551000,10551000,2024,Амурская область,Тамбовский муниципальный округ,Муниципальный округ,71069.5,3813.0,1566.0,,,76.0,,57.0,419.0,824.0,435.0,20385.0
10554000,10554000,2024,Амурская область,Тындинский муниципальный округ,Муниципальный округ,142195.3,6141.0,,2214.0,,361.0,,,105.0,577.0,138.0,13370.0
10555000,10555000,2024,Амурская область,Шимановский муниципальный округ,Муниципальный округ,123760.6,2858.0,,,,,,,47.0,187.0,,5003.0
10630000,10630000,2024,Амурская область,Константиновский муниципальный район,Муниципальный район,68337.8,1821.0,548.0,,,59.0,,22.0,230.0,516.0,257.0,10666.0
10631000,10531000,2024,Амурская область,Магдагачинский муниципальный район,Муниципальный район,119224.4,8711.0,108.0,2589.0,516.0,136.0,,101.0,397.0,528.0,336.0,4780.0
10632000,10532000,2024,Амурская область,Мазановский муниципальный район,Муниципальный район,65854.3,1472.0,77.0,,,,,,326.0,394.0,313.0,9173.0
10635000,10635000,2024,Амурская область,Михайловский муниципальный район,Муниципальный район,70692.2,1690.0,174.0,,,,,29.0,410.0,480.0,315.0,12248.0
10638000,10638000,2024,Амурская область,Октябрьский муниципальный район,Муниципальный район,74927.2,3308.0,159.0,,,316.0,,36.0,646.0,590.0,419.0,18390.0
10642000,10642000,2024,Амурская область,Свободненский муниципальный район,Муниципальный район,227512.1,8927.0,,,1216.0,2937.0,,,225.0,472.0,167.0,11318.0
10645000,10645000,2024,Амурская область,Селемджинский муниципальный район,Муниципальный район,129060.5,6611.0,61.0,3239.0,,205.0,,,270.0,409.0,230.0,7107.0
10701000,10701000,2024,Амурская область,Город Благовещенск,"Городской округ, городской округ с внутригородским делением",88876.3,62740.0,836.0,253.0,3904.0,3665.0,710.0,7584.0,10325.0,8371.0,9447.0,245244.0
10710000,10710000,2024,Амурская область,Город Белогорск,"Городской округ, городской округ с внутригородским делением",86576.5,14863.0,48.0,,1361.0,542.0,,671.0,2702.0,1427.0,2182.0,60565.0
10712000,10712000,2024,Амурская область,Город Зея,"Городской округ, городской округ с внутригородским делением",100191.8,4804.0,163.0,124.0,,754.0,,163.0,843.0,744.0,897.0,18669.0
10720000,10720000,2024,Амурская область,Город Райчихинск,"Городской округ, городской округ с внутригородским делением",64430.9,3876.0,,,,552.0,,103.0,581.0,742.0,685.0,1508.0
10730000,10730000,2024,Амурская область,Город Свободный,"Городской округ, городской округ с внутригородским делением",118579.7,30776.0,199.0,,171.0,1377.0,,375.0,1257.0,1487.0,1532.0,48637.0
10732000,10732000,2024,Амурская область,Город Тында,"Городской округ, городской округ с внутригородским делением",128264.9,14751.0,,,1035.0,801.0,,146.0,806.0,935.0,834.0,27796.0
10740000,10740000,2024,Амурская область,Город Шимановск,"Городской округ, городской округ с внутригородским делением",74312.0,2919.0,,,,245.0,,86.0,499.0,510.0,430.0,16036.0
10775000,10775000,2024,Амурская область,Рабочий поселок (поселок городского типа) Прогресс,"Городской округ, городской округ с внутригородским делением",70704.7,1356.0,,,,,,31.0,122.0,300.0,192.0,10872.0
11508000,11508000,2024,Архангельская область,Верхнетоемский муниципальный округ,Муниципальный округ,65286.4,1862.0,430.0,,,,,,373.0,625.0,,10925.0
11511000,11511000,2024,Архангельская область,Вилегодский муниципальный округ,Муниципальный округ,63714.0,1529.0,149.0,,,57.0,,59.0,257.0,470.0,246.0,8586.0
11514000,11514000,2024,Архангельская область,Виноградовский муниципальный округ,Муниципальный округ,64888.9,2161.0,,,,,,95.0,398.0,611.0,320.0,12371.0
11518000,11518000,2024,Архангельская область,Каргопольский муниципальный округ,Муниципальный округ,59758.9,2375.0,,,,113.0,,168.0,362.0,822.0,439.0,8709.0
11527000,11527000,2024,Архангельская область,Котласский муниципальный округ,Муниципальный округ,94195.2,3420.0,,,,124.0,,67.0,336.0,677.0,394.0,17119.0
11530000,11530000,2024,Архангельская область,Красноборский муниципальный округ,Муниципальный округ,66348.3,2020.0,,,,,,56.0,341.0,698.0,402.0,10008.0
11538000,11538000,2024,Архангельская область,Лешуконский муниципальный округ,Муниципальный округ,76135.6,1008.0,,,,,,,246.0,247.0,,5084.0
11542000,11542000,2024,Архангельская область,Мезенский муниципальный округ,Муниципальный округ,106476.5,2853.0,,,36.0,210.0,,78.0,340.0,349.0,248.0,7098.0
11544000,11544000,2024,Архангельская область,Няндомский муниципальный округ,Муниципальный округ,80817.5,5659.0,426.0,,,170.0,,255.0,582.0,977.0,697.0,22613.0
11548000,11548000,2024,Архангельская область,Пинежский муниципальный округ,Муниципальный округ,85401.6,4806.0,1699.0,,,216.0,,93.0,611.0,1021.0,451.0,17680.0
11550000,11550000,2024,Архангельская область,Плесецкий муниципальный округ,Муниципальный округ,70221.1,6733.0,112.0,423.0,76.0,487.0,396.0,340.0,1371.0,1368.0,733.0,22110.0
11552000,11552000,2024,Архангельская область,Приморский муниципальный округ,Муниципальный округ,86680.3,6784.0,196.0,,,214.0,25.0,241.0,419.0,1008.0,1307.0,28908.0
11554000,11554000,2024,Архангельская область,Устьянский муниципальный округ,Муниципальный округ,75235.7,5591.0,762.0,,,335.0,,163.0,545.0,1310.0,661.0,23280.0
11556000,11556000,2024,Архангельская область,Холмогорский муниципальный округ,Муниципальный округ,71012.4,2913.0,307.0,,,81.0,,148.0,623.0,830.0,333.0,17957.0
11558000,11558000,2024,Архангельская область,Шенкурский муниципальный округ,Муниципальный округ,60597.0,1551.0,,,,,,64.0,351.0,520.0,235.0,4439.0
11605000,11605000,2024,Архангельская область,Вельский муниципальный район,Муниципальный район,71844.4,9417.0,906.0,,,453.0,,813.0,1356.0,1974.0,1389.0,25945.0
11622000,11622000,2024,Архангельская область,Коношский муниципальный район,Муниципальный район,73751.9,3954.0,,,242.0,157.0,95.0,150.0,728.0,800.0,376.0,7665.0
11635000,11635000,2024,Архангельская область,Ленский муниципальный район,Муниципальный район,87595.2,2495.0,,,,,,101.0,268.0,572.0,222.0,9646.0
11646000,11546000,2024,Архангельская область,Онежский муниципальный район,Муниципальный район,73165.6,5221.0,551.0,,665.0,311.0,,161.0,666.0,924.0,496.0,23456.0
11701000,11701000,2024,Архангельская область без автономного округа,Город Архангельск,"Городской округ, городской округ с внутригородским делением",91197.6,83792.0,1382.0,,3982.0,2760.0,1538.0,7268.0,15020.0,12423.0,13078.0,4711.0
11708000,11708000,2024,Архангельская область без автономного округа,Город Коряжма,"Городской округ, городской округ с внутригородским делением",73622.2,10877.0,531.0,,3568.0,,,476.0,850.0,1430.0,776.0,33663.0
11710000,11710000,2024,Архангельская область без автономного округа,Котлас,"Городской округ, городской округ с внутригородским делением",78418.5,16503.0,,,1648.0,875.0,,929.0,1777.0,2899.0,1954.0,66754.0
11712000,11712000,2024,Архангельская область без автономного округа,Новая Земля,"Городской округ, городской округ с внутригородским делением",152989.3,937.0,,,,,,,145.0,63.0,,2427.0
11715000,11715000,2024,Архангельская область без автономного округа,Город Новодвинск,"Городской округ, городской округ с внутригородским делением",80850.2,9174.0,,,4722.0,,,342.0,536.0,1230.0,934.0,1.0
11730000,11503000,2024,Архангельская область без автономного округа,Северодвинск,"Городской округ, городской округ с внутригородским делением",92164.9,71367.0,,,42459.0,1224.0,,2520.0,5537.0,6647.0,5604.0,155647.0
11811000,11811000,2024,Ненецкий автономный округ,Муниципальный район Заполярный район,Муниципальный район,158968.4,14792.0,349.0,7805.0,211.0,809.0,,173.0,494.0,1128.0,327.0,17958.0
11851000,11851000,2024,Ненецкий автономный округ,Город Нарьян-Мар,"Городской округ, городской округ с внутригородским делением",113701.9,10902.0,190.0,143.0,205.0,563.0,174.0,279.0,1910.0,1718.0,1331.0,24266.0
12605000,12605000,2024,Астраханская область,Ахтубинский муниципальный район,Муниципальный район,54862.5,11498.0,,,614.0,301.0,,607.0,2840.0,2072.0,1140.0,12829.0
12610000,12610000,2024,Астраханская область,Володарский муниципальный район,Муниципальный район,40133.1,3363.0,109.0,,,,82.0,107.0,504.0,1436.0,733.0,44068.0
12615000,12615000,2024,Астраханская область,Енотаевский муниципальный район,Муниципальный район,69842.0,3236.0,,,,43.0,,110.0,344.0,595.0,495.0,25039.0
12620000,12620000,2024,Астраханская область,Икрянинский муниципальный район,Муниципальный район,40442.6,4199.0,210.0,,,,432.0,145.0,438.0,1444.0,1079.0,12949.0
12625000,12625000,2024,Астраханская область,Камызякский муниципальный район,Муниципальный район,39760.6,4037.0,179.0,,262.0,54.0,199.0,153.0,458.0,1368.0,984.0,20646.0
12630000,12530000,2024,Астраханская область,Красноярский муниципальный район,Муниципальный район,109649.2,11862.0,109.0,480.0,5670.0,561.0,553.0,113.0,505.0,897.0,491.0,35860.0
12635000,12635000,2024,Астраханская область,Лиманский муниципальный район,Муниципальный район,49802.5,3155.0,100.0,,,,132.0,110.0,460.0,880.0,567.0,18973.0
12640000,12640000,2024,Астраханская область,Наримановский муниципальный район,Муниципальный район,78100.7,10271.0,146.0,528.0,2469.0,1034.0,96.0,493.0,627.0,1186.0,1471.0,47528.0
12642000,12642000,2024,Астраханская область,Приволжский муниципальный район,Муниципальный район,50571.5,3696.0,,,,,170.0,266.0,434.0,1453.0,404.0,66669.0
12645000,12645000,2024,Астраханская область,Харабалинский муниципальный район,Муниципальный район,51867.3,4397.0,1050.0,,,100.0,152.0,200.0,454.0,1021.0,705.0,18161.0
12650000,12550000,2024,Астраханская область,Черноярский муниципальный район,Муниципальный район,51028.8,2431.0,91.0,,,100.0,96.0,75.0,309.0,596.0,364.0,19298.0
12701000,12701000,2024,Астраханская область,Город Астрахань,"Городской округ, городской округ с внутригородским делением",66194.2,102810.0,,3500.0,4775.0,4261.0,,8480.0,18544.0,15611.0,18937.0,465524.0
12719000,12719000,2024,Астраханская область,ЗАТО Знаменск,"Городской округ, городской округ с внутригородским делением",46010.7,5240.0,,,,,,,,,,23626.0
14610000,14610000,2024,Белгородская область,Белгородский муниципальный район,Муниципальный район,63362.0,19786.0,3259.0,,3186.0,363.0,,2489.0,847.0,4709.0,1543.0,129839.0
14615000,14615000,2024,Белгородская область,Борисовский муниципальный район,Муниципальный район,60732.8,6171.0,1116.0,,1328.0,181.0,,265.0,415.0,854.0,1086.0,22875.0
14625000,14625000,2024,Белгородская область,Вейделевский муниципальный район,Муниципальный район,54349.3,3497.0,1053.0,,,166.0,,69.0,338.0,820.0,482.0,13162.0
14630000,14630000,2024,Белгородская область,Волоконовский муниципальный район,Муниципальный район,57573.7,5368.0,1539.0,,695.0,265.0,46.0,177.0,461.0,1020.0,479.0,14321.0
14638000,14638000,2024,Белгородская область,Ивнянский муниципальный район,Муниципальный район,58060.5,4726.0,1427.0,,746.0,182.0,,101.0,387.0,795.0,424.0,13817.0
14640000,14640000,2024,Белгородская область,Корочанский муниципальный район,Муниципальный район,69186.8,9158.0,1603.0,,3226.0,221.0,93.0,258.0,527.0,1308.0,736.0,28440.0
14641000,14641000,2024,Белгородская область,Красненский муниципальный район,Муниципальный район,53612.5,2200.0,730.0,,,132.0,,,326.0,459.0,310.0,10965.0
14642000,14642000,2024,Белгородская область,Красногвардейский муниципальный район,Муниципальный район,62814.8,7360.0,1915.0,,719.0,212.0,56.0,184.0,479.0,1321.0,884.0,7020.0
14643000,14643000,2024,Белгородская область,Краснояружский муниципальный район,Муниципальный район,62084.6,3608.0,1358.0,,339.0,129.0,,90.0,278.0,575.0,301.0,7937.0
14646000,14646000,2024,Белгородская область,Прохоровский муниципальный район,Муниципальный район,61492.5,6153.0,1854.0,,990.0,193.0,,200.0,393.0,852.0,474.0,9706.0
14648000,14648000,2024,Белгородская область,Ракитянский муниципальный район,Муниципальный район,69185.7,7946.0,1902.0,,1573.0,189.0,83.0,261.0,657.0,1130.0,539.0,18996.0
14650000,14650000,2024,Белгородская область,Ровеньский муниципальный район,Муниципальный район,47693.2,4814.0,1121.0,,776.0,175.0,,92.0,382.0,947.0,499.0,11351.0
14654000,14654000,2024,Белгородская область,Чернянский муниципальный район,Муниципальный район,56748.2,5310.0,1060.0,,487.0,211.0,,245.0,556.0,1231.0,628.0,14359.0
14701000,14701000,2024,Белгородская область,Город Белгород,"Городской округ, городской округ с внутригородским делением",75388.0,101886.0,1253.0,22.0,17989.0,3593.0,1067.0,8865.0,12648.0,18003.0,13347.0,328482.0
14710000,14510000,2024,Белгородская область,Алексеевский,"Городской округ, городской округ с внутригородским делением",68610.1,18032.0,1534.0,,5544.0,459.0,172.0,1775.0,1144.0,2228.0,1162.0,22090.0
14720000,14520000,2024,Белгородская область,Валуйский,"Городской округ, городской округ с внутригородским делением",58210.9,14194.0,682.0,,3745.0,672.0,178.0,632.0,1536.0,2247.0,1389.0,37977.0
14725000,14725000,2024,Белгородская область,Грайворонский,"Городской округ, городской округ с внутригородским делением",53381.6,4461.0,855.0,,,174.0,,127.0,657.0,926.0,889.0,5818.0
14730000,14730000,2024,Белгородская область,Губкинский,"Городской округ, городской округ с внутригородским делением",79037.6,32058.0,788.0,12100.0,2597.0,1174.0,646.0,1126.0,1546.0,3617.0,2231.0,83766.0
14735000,14535000,2024,Белгородская область,Новооскольский,"Городской округ, городской округ с внутригородским делением",66422.8,10860.0,2730.0,,2738.0,304.0,146.0,336.0,682.0,1374.0,797.0,38749.0
14740000,14740000,2024,Белгородская область,Старооскольский,"Городской округ, городской округ с внутригородским делением",76663.8,63359.0,2658.0,5386.0,18080.0,1751.0,991.0,5177.0,2703.0,7778.0,5695.0,250703.0
14750000,14550000,2024,Белгородская область,Шебекинский,"Городской округ, городской округ с внутригородским делением",61864.4,15077.0,2730.0,,4345.0,542.0,254.0,645.0,1088.0,2532.0,1598.0,81806.0
14755000,14555000,2024,Белгородская область,Яковлевский,"Городской округ, городской округ с внутригородским делением",72911.0,14455.0,1248.0,2433.0,2794.0,471.0,,961.0,740.0,2023.0,1353.0,33380.0
15501000,15501000,2024,Брянская область,Стародубский,Муниципальный округ,51087.7,6005.0,1470.0,,1258.0,265.0,,192.0,598.0,825.0,571.0,34347.0
15502000,15502000,2024,Брянская область,Жуковский,Муниципальный округ,50825.8,5130.0,148.0,,1191.0,223.0,,278.0,783.0,737.0,1011.0,15865.0
15604000,15604000,2024,Брянская область,Брасовский муниципальный район,Муниципальный район,46664.9,3050.0,472.0,,508.0,107.0,,137.0,436.0,476.0,304.0,8383.0
15608000,15608000,2024,Брянская область,Брянский муниципальный район,Муниципальный район,65720.7,10004.0,1094.0,,890.0,211.0,,1702.0,693.0,1629.0,1088.0,71484.0
15610000,15610000,2024,Брянская область,Выгоничский муниципальный район,Муниципальный район,73382.1,8996.0,706.0,,5904.0,285.0,,133.0,204.0,719.0,262.0,12273.0
15611000,15611000,2024,Брянская область,Гордеевский муниципальный район,Муниципальный район,39598.9,835.0,,,,47.0,,34.0,147.0,214.0,176.0,9643.0
15612000,15612000,2024,Брянская область,Дубровский муниципальный район,Муниципальный район,42379.3,2448.0,96.0,,,127.0,,179.0,496.0,351.0,408.0,6604.0
15616000,15616000,2024,Брянская область,Дятьковский муниципальный район,Муниципальный район,50764.1,7493.0,372.0,,2771.0,389.0,133.0,502.0,570.0,1296.0,799.0,53082.0
15620000,15620000,2024,Брянская область,Жирятинский муниципальный район,Муниципальный район,56418.0,1191.0,524.0,,,58.0,,16.0,136.0,156.0,81.0,6353.0
15623000,15623000,2024,Брянская область,Злынковский муниципальный район,Муниципальный район,41941.8,1306.0,,,,71.0,,96.0,207.0,358.0,343.0,3781.0
15624000,15624000,2024,Брянская область,Карачевский муниципальный район,Муниципальный район,66203.7,6736.0,191.0,,3045.0,246.0,95.0,230.0,736.0,667.0,834.0,30873.0
15626000,15626000,2024,Брянская область,Клетнянский муниципальный район,Муниципальный район,42216.2,1490.0,104.0,,,76.0,,85.0,216.0,335.0,293.0,16413.0
15628000,15628000,2024,Брянская область,Климовский муниципальный район,Муниципальный район,49559.0,3751.0,912.0,,,175.0,,163.0,522.0,860.0,589.0,24892.0
15630000,15630000,2024,Брянская область,Клинцовский муниципальный район,Муниципальный район,52237.0,2841.0,153.0,,,,,553.0,121.0,482.0,373.0,16650.0
15632000,15632000,2024,Брянская область,Комаричский муниципальный район,Муниципальный район,44557.2,2183.0,519.0,,,55.0,,83.0,248.0,384.0,246.0,15238.0
15634000,15634000,2024,Брянская область,Красногорский муниципальный район,Муниципальный район,39843.0,1167.0,,,,64.0,,57.0,186.0,321.0,281.0,5376.0
15636000,15636000,2024,Брянская область,Мглинский муниципальный район,Муниципальный район,41933.7,1608.0,115.0,,,107.0,,64.0,198.0,375.0,346.0,6783.0
15638000,15638000,2024,Брянская область,Навлинский муниципальный район,Муниципальный район,53223.1,2715.0,290.0,,,142.0,,142.0,390.0,526.0,495.0,26640.0
15642000,15642000,2024,Брянская область,Погарский муниципальный район,Муниципальный район,50133.4,3798.0,195.0,,1108.0,151.0,,175.0,404.0,659.0,553.0,18949.0
15644000,15644000,2024,Брянская область,Почепский муниципальный район,Муниципальный район,50793.3,5037.0,853.0,,692.0,250.0,,225.0,672.0,856.0,638.0,18576.0
15646000,15646000,2024,Брянская область,Рогнединский муниципальный район,Муниципальный район,48598.9,922.0,,,,48.0,,15.0,155.0,160.0,,5956.0
15648000,15648000,2024,Брянская область,Севский муниципальный район,Муниципальный район,64392.7,2752.0,879.0,,,116.0,,89.0,359.0,367.0,254.0,7121.0
15652000,15652000,2024,Брянская область,Суземский муниципальный район,Муниципальный район,52440.2,2148.0,437.0,,,99.0,,83.0,248.0,367.0,371.0,4581.0
15654000,15654000,2024,Брянская область,Суражский муниципальный район,Муниципальный район,58932.8,3265.0,97.0,,815.0,94.0,86.0,103.0,398.0,799.0,399.0,10782.0
15656000,15656000,2024,Брянская область,Трубчевский муниципальный район,Муниципальный район,48234.2,5434.0,941.0,,1145.0,248.0,,159.0,493.0,940.0,784.0,13851.0
15658000,15658000,2024,Брянская область,Унечский муниципальный район,Муниципальный район,56720.2,5816.0,399.0,,778.0,311.0,113.0,240.0,616.0,914.0,735.0,33601.0
15701000,15701000,2024,Брянская область,Город Брянск,"Городской округ, городской округ с внутригородским делением",66357.9,111545.0,234.0,,25596.0,4550.0,1400.0,9984.0,13826.0,14864.0,13937.0,389293.0
15710000,15710000,2024,Брянская область,Город Фокино,"Городской округ, городской округ с внутригородским делением",69722.0,2047.0,,,1007.0,68.0,,68.0,73.0,380.0,,12104.0
15715000,15715000,2024,Брянская область,Город Клинцы,"Городской округ, городской округ с внутригородским делением",48168.9,10124.0,29.0,,2501.0,602.0,,802.0,1293.0,1547.0,1903.0,68896.0
15720000,15720000,2024,Брянская область,Новозыбковский,"Городской округ, городской округ с внутригородским делением",44944.7,6904.0,114.0,,1206.0,378.0,,589.0,798.0,1392.0,1126.0,38063.0
15725000,15725000,2024,Брянская область,Город Сельцо,"Городской округ, городской округ с внутригородским делением",98044.1,4337.0,,,,,,127.0,239.0,359.0,322.0,15397.0
17605000,17605000,2024,Владимирская область,Александровский муниципальный район,Муниципальный район,63364.6,14366.0,,342.0,3135.0,643.0,287.0,1663.0,1256.0,2298.0,1892.0,88445.0
17610000,17610000,2024,Владимирская область,Вязниковский муниципальный район,Муниципальный район,49634.9,11870.0,230.0,,5009.0,227.0,238.0,545.0,1492.0,1791.0,1014.0,23565.0
17615000,17615000,2024,Владимирская область,Гороховецкий муниципальный район,Муниципальный район,62567.8,3027.0,24.0,,800.0,,,185.0,258.0,427.0,459.0,7797.0
17620000,17620000,2024,Владимирская область,Гусь-Хрустальный муниципальный район,Муниципальный район,56544.8,5491.0,,,2738.0,,28.0,,218.0,915.0,231.0,32764.0
17625000,17625000,2024,Владимирская область,Камешковский муниципальный район,Муниципальный район,65450.0,4816.0,,,1925.0,,,206.0,374.0,731.0,606.0,18690.0
17630000,17630000,2024,Владимирская область,Киржачский муниципальный район,Муниципальный район,77759.5,8953.0,,,4736.0,178.0,,1135.0,595.0,919.0,508.0,11684.0
17635000,17635000,2024,Владимирская область,Ковровский муниципальный район,Муниципальный район,55760.8,5260.0,,,1396.0,67.0,,142.0,508.0,754.0,441.0,23090.0
17640000,17640000,2024,Владимирская область,Кольчугинский муниципальный район,Муниципальный район,65080.0,8411.0,457.0,,2731.0,219.0,311.0,558.0,694.0,1364.0,945.0,9447.0
17642000,17542000,2024,Владимирская область,Меленковский муниципальный район,Муниципальный район,50159.1,4784.0,528.0,,1251.0,,,179.0,454.0,620.0,728.0,18338.0
17644000,17644000,2024,Владимирская область,Муромский муниципальный район,Муниципальный район,48983.6,823.0,189.0,,,,,,44.0,288.0,,14536.0
17646000,17646000,2024,Владимирская область,Петушинский муниципальный район,Муниципальный район,78611.2,12212.0,122.0,,5765.0,329.0,,671.0,900.0,1602.0,916.0,11704.0
17648000,17648000,2024,Владимирская область,Селивановский муниципальный район,Муниципальный район,52714.3,2080.0,,,,,,120.0,311.0,335.0,434.0,8994.0
17650000,17550000,2024,Владимирская область,Собинский муниципальный район,Муниципальный район,68552.5,10790.0,807.0,,4418.0,144.0,198.0,550.0,581.0,1360.0,1120.0,48500.0
17652000,17652000,2024,Владимирская область,Судогодский муниципальный район,Муниципальный район,53831.4,6906.0,111.0,,2875.0,,12.0,318.0,728.0,996.0,,23985.0
17654000,17654000,2024,Владимирская область,Суздальский муниципальный район,Муниципальный район,63652.3,6598.0,445.0,,1224.0,207.0,135.0,530.0,500.0,1128.0,1135.0,8932.0
17656000,17656000,2024,Владимирская область,Юрьев-Польский муниципальный район,Муниципальный район,58722.3,5194.0,721.0,,1672.0,74.0,107.0,239.0,440.0,845.0,,14160.0
17701000,17701000,2024,Владимирская область,Город Владимир,"Городской округ, городской округ с внутригородским делением",73898.5,98725.0,1315.0,45.0,18299.0,5034.0,1453.0,10423.0,15488.0,11504.0,11743.0,346685.0
17720000,17720000,2024,Владимирская область,Город Гусь-Хрустальный,"Городской округ, городской округ с внутригородским делением",62463.2,11660.0,,,4402.0,,292.0,734.0,1280.0,1404.0,1649.0,84.0
17725000,17725000,2024,Владимирская область,Город Ковров,"Городской округ, городской округ с внутригородским делением",72958.9,39636.0,,,23291.0,960.0,149.0,1689.0,1701.0,3157.0,3016.0,128879.0
17735000,17735000,2024,Владимирская область,Округ Муром,"Городской округ, городской округ с внутригородским делением",66886.9,29132.0,,,12889.0,1161.0,524.0,1531.0,1495.0,3230.0,3070.0,7285.0
18602000,18602000,2024,Волгоградская область,Алексеевский муниципальный район,Муниципальный район,56323.5,2725.0,498.0,,,,,134.0,374.0,387.0,443.0,14771.0
18604000,18604000,2024,Волгоградская область,Быковский муниципальный район,Муниципальный район,47241.5,2137.0,188.0,126.0,,,86.0,116.0,327.0,609.0,414.0,24854.0
18605000,18605000,2024,Волгоградская область,Городищенский муниципальный район,Муниципальный район,64417.6,9979.0,614.0,,2056.0,902.0,263.0,1678.0,866.0,1194.0,604.0,24681.0
18606000,18606000,2024,Волгоградская область,Даниловский муниципальный район,Муниципальный район,46810.3,1530.0,,,,10.0,40.0,60.0,271.0,262.0,383.0,3977.0
18608000,18608000,2024,Волгоградская область,Дубовский муниципальный район,Муниципальный район,59846.7,2578.0,,,77.0,,60.0,167.0,353.0,703.0,423.0,14490.0
18610000,18610000,2024,Волгоградская область,Еланский муниципальный район,Муниципальный район,53337.8,4157.0,481.0,,1043.0,204.0,45.0,263.0,585.0,645.0,572.0,13675.0
18612000,18612000,2024,Волгоградская область,Жирновский муниципальный район,Муниципальный район,51685.6,5350.0,166.0,377.0,182.0,341.0,125.0,279.0,446.0,1028.0,933.0,35986.0
18614000,18614000,2024,Волгоградская область,Иловлинский муниципальный район,Муниципальный район,55517.8,3460.0,613.0,,524.0,43.0,65.0,202.0,426.0,594.0,467.0,10091.0
18616000,18616000,2024,Волгоградская область,Калачевский муниципальный район,Муниципальный район,50032.6,6933.0,701.0,,39.0,322.0,144.0,419.0,619.0,1078.0,1677.0,23578.0
18618000,18618000,2024,Волгоградская область,Камышинский муниципальный район,Муниципальный район,56569.5,4907.0,,67.0,741.0,110.0,102.0,88.0,633.0,660.0,964.0,28636.0
18620000,18620000,2024,Волгоградская область,Киквидзенский муниципальный район,Муниципальный район,44522.5,1449.0,,,,,28.0,78.0,241.0,302.0,408.0,14536.0
18622000,18622000,2024,Волгоградская область,Клетский муниципальный район,Муниципальный район,48814.3,2291.0,719.0,,62.0,,,60.0,461.0,341.0,350.0,15893.0
18624000,18624000,2024,Волгоградская область,Котельниковский муниципальный район,Муниципальный район,91629.7,7487.0,,,2704.0,225.0,76.0,268.0,562.0,1052.0,541.0,14892.0
18626000,18626000,2024,Волгоградская область,Котовский муниципальный район,Муниципальный район,57339.3,4607.0,76.0,374.0,452.0,262.0,109.0,266.0,534.0,739.0,824.0,20116.0
18630000,18630000,2024,Волгоградская область,Ленинский муниципальный район,Муниципальный район,42144.1,3092.0,94.0,,419.0,,73.0,136.0,747.0,761.0,668.0,27111.0
18634000,18634000,2024,Волгоградская область,Нехаевский муниципальный район,Муниципальный район,46399.0,1161.0,114.0,,,,7.0,43.0,269.0,288.0,298.0,12813.0
18636000,18636000,2024,Волгоградская область,Николаевский муниципальный район,Муниципальный район,48588.8,3682.0,865.0,82.0,44.0,224.0,75.0,165.0,721.0,546.0,454.0,28193.0
18638000,18638000,2024,Волгоградская область,Новоаннинский муниципальный район,Муниципальный район,48591.7,4311.0,458.0,,273.0,,20.0,300.0,529.0,733.0,761.0,14759.0
18640000,18640000,2024,Волгоградская область,Новониколаевский муниципальный район,Муниципальный район,48614.9,2520.0,402.0,,,,,111.0,276.0,518.0,406.0,8860.0
18642000,18642000,2024,Волгоградская область,Октябрьский муниципальный район,Муниципальный район,51795.1,1865.0,,,,31.0,25.0,112.0,341.0,448.0,414.0,13968.0
18643000,18643000,2024,Волгоградская область,Ольховский муниципальный район,Муниципальный район,57618.6,1889.0,,,,,,79.0,319.0,370.0,328.0,15780.0
18645000,18645000,2024,Волгоградская область,Палласовский муниципальный район,Муниципальный район,45990.7,3753.0,440.0,,,221.0,,210.0,454.0,874.0,787.0,23353.0
18646000,18646000,2024,Волгоградская область,Кумылженский муниципальный район,Муниципальный район,46230.3,1527.0,,,,,23.0,66.0,286.0,456.0,339.0,17511.0
18647000,18647000,2024,Волгоградская область,Руднянский муниципальный район,Муниципальный район,45232.0,1755.0,224.0,,,,47.0,81.0,271.0,321.0,283.0,14070.0
18649000,18649000,2024,Волгоградская область,Светлоярский муниципальный район,Муниципальный район,60865.2,3736.0,240.0,,672.0,30.0,140.0,218.0,433.0,777.0,492.0,22399.0
18650000,18650000,2024,Волгоградская область,Серафимовичский муниципальный район,Муниципальный район,47142.2,2028.0,,,,174.0,58.0,96.0,310.0,494.0,581.0,13323.0
18651000,18651000,2024,Волгоградская область,Среднеахтубинский муниципальный район,Муниципальный район,63569.6,6184.0,657.0,,1849.0,272.0,109.0,445.0,652.0,1036.0,627.0,30712.0
18652000,18652000,2024,Волгоградская область,Старополтавский муниципальный район,Муниципальный район,45600.5,1726.0,201.0,,,,23.0,55.0,254.0,458.0,514.0,16630.0
18653000,18653000,2024,Волгоградская область,Суровикинский муниципальный район,Муниципальный район,41045.0,4827.0,220.0,,456.0,457.0,82.0,276.0,776.0,812.0,923.0,14186.0
18654000,18654000,2024,Волгоградская область,Урюпинский муниципальный район,Муниципальный район,53134.0,1817.0,388.0,,,30.0,35.0,,157.0,559.0,,23402.0
18656000,18656000,2024,Волгоградская область,Фроловский муниципальный район,Муниципальный район,42626.3,1351.0,,,,,31.0,,201.0,399.0,,13721.0
18658000,18658000,2024,Волгоградская область,Чернышковский муниципальный район,Муниципальный район,47213.5,1589.0,254.0,,,,34.0,87.0,248.0,267.0,331.0,9597.0
18701000,18701000,2024,Волгоградская область,Город-герой Волгоград,"Городской округ, городской округ с внутригородским делением",68989.9,227336.0,1411.0,665.0,37216.0,7441.0,3202.0,27872.0,28782.0,27796.0,28570.0,1018898.0
18710000,18710000,2024,Волгоградская область,Город Волжский,"Городской округ, городской округ с внутригородским делением",67975.6,56455.0,924.0,406.0,26131.0,2527.0,1033.0,4834.0,2737.0,5742.0,6364.0,315220.0
18715000,18715000,2024,Волгоградская область,Город Камышин,"Городской округ, городской округ с внутригородским делением",50409.5,17592.0,148.0,,5283.0,1624.0,392.0,1206.0,1540.0,2300.0,2880.0,105187.0
18720000,18520000,2024,Волгоградская область,Город Михайловка,"Городской округ, городской округ с внутригородским делением",51608.4,12048.0,424.0,,2168.0,1334.0,216.0,1009.0,809.0,2116.0,2161.0,59590.0
18725000,18725000,2024,Волгоградская область,Город Урюпинск,"Городской округ, городской округ с внутригородским делением",47746.3,6908.0,77.0,,758.0,1151.0,,531.0,965.0,956.0,1312.0,35085.0
18728000,18728000,2024,Волгоградская область,Город Фролово,"Городской округ, городской округ с внутригородским делением",52506.0,5447.0,,382.0,438.0,309.0,,374.0,783.0,604.0,830.0,34173.0
19500000,CD,2024,Вологодская область,Муниципальные округа Вологодской области,Муниципальный округ,60754.0,72868.0,7851.0,,8517.0,4641.0,1041.0,3013.0,9287.0,12604.0,9761.0,
19505000,19505000,2024,Вологодская область,Бабаевский муниципальный округ,Муниципальный округ,72929.0,4523.0,317.0,,81.0,192.0,38.0,138.0,422.0,669.0,347.0,18827.0
19508000,19508000,2024,Вологодская область,Бабушкинский муниципальный округ,Муниципальный округ,54216.2,1152.0,,,,,,46.0,178.0,271.0,253.0,9515.0
19510000,19510000,2024,Вологодская область,Белозерский муниципальный округ,Муниципальный округ,58608.9,2856.0,359.0,,496.0,135.0,,111.0,530.0,449.0,367.0,8062.0
19512000,19512000,2024,Вологодская область,Вашкинский муниципальный округ,Муниципальный округ,56126.7,958.0,149.0,,,48.0,,27.0,150.0,189.0,170.0,6033.0
19514000,19514000,2024,Вологодская область,Великоустюгский муниципальный округ,Муниципальный округ,55556.5,9850.0,603.0,,1390.0,773.0,,436.0,1360.0,1952.0,1722.0,34055.0
19516000,19516000,2024,Вологодская область,Верховажский муниципальный округ,Муниципальный округ,50373.1,1788.0,145.0,,,169.0,,153.0,270.0,435.0,246.0,12428.0
19518000,19518000,2024,Вологодская область,Вожегодский муниципальный округ,Муниципальный округ,61437.4,1620.0,254.0,,,,,67.0,269.0,233.0,243.0,5990.0
19520000,19520000,2024,Вологодская область,Вологодский муниципальный округ,Муниципальный округ,62777.5,7448.0,2658.0,,283.0,199.0,141.0,216.0,539.0,1155.0,1000.0,52112.0
19524000,19524000,2024,Вологодская область,Грязовецкий муниципальный округ,Муниципальный округ,70749.0,7218.0,1085.0,,957.0,391.0,196.0,169.0,538.0,818.0,566.0,31660.0
19526000,19526000,2024,Вологодская область,Кадуйский муниципальный округ,Муниципальный округ,72910.8,2593.0,135.0,,234.0,474.0,74.0,122.0,349.0,484.0,224.0,3004.0
19528000,19528000,2024,Вологодская область,Кирилловский муниципальный округ,Муниципальный округ,55213.1,2653.0,293.0,,,121.0,,209.0,546.0,365.0,405.0,7071.0
19530000,19530000,2024,Вологодская область,Кичменгско-Городецкий муниципальный округ,Муниципальный округ,47517.9,1626.0,,,,,,102.0,249.0,388.0,327.0,14278.0
19532000,19532000,2024,Вологодская область,Междуреченский муниципальный округ,Муниципальный округ,51162.5,818.0,177.0,,,58.0,,19.0,123.0,157.0,138.0,4834.0
19534000,19534000,2024,Вологодская область,Никольский муниципальный округ,Муниципальный округ,48311.4,2465.0,296.0,,,164.0,,144.0,314.0,575.0,418.0,7562.0
19536000,19536000,2024,Вологодская область,Нюксенский муниципальный округ,Муниципальный округ,71691.6,1724.0,,,,58.0,,54.0,157.0,335.0,166.0,8427.0
19538000,19538000,2024,Вологодская область,Сокольский муниципальный округ,Муниципальный округ,60325.8,10050.0,145.0,,3526.0,695.0,178.0,438.0,1244.0,1511.0,1219.0,44621.0
19540000,19540000,2024,Вологодская область,Сямженский муниципальный округ,Муниципальный округ,58762.2,1145.0,202.0,,,70.0,,39.0,197.0,209.0,187.0,8005.0
19542000,19542000,2024,Вологодская область,Тарногский муниципальный округ,Муниципальный округ,53705.2,1363.0,81.0,,,113.0,,83.0,232.0,418.0,253.0,10381.0
19546000,19546000,2024,Вологодская область,Тотемский муниципальный округ,Муниципальный округ,62840.2,4167.0,550.0,,200.0,256.0,60.0,143.0,571.0,711.0,429.0,8637.0
19548000,19548000,2024,Вологодская область,Усть-Кубинский муниципальный округ,Муниципальный округ,52990.2,841.0,43.0,,,41.0,,36.0,150.0,152.0,179.0,7282.0
19550000,19550000,2024,Вологодская область,Устюженский муниципальный округ,Муниципальный округ,51007.9,1880.0,78.0,,89.0,171.0,,88.0,355.0,488.0,405.0,15130.0
19552000,19552000,2024,Вологодская область,Харовский муниципальный округ,Муниципальный округ,56509.7,2115.0,,,,238.0,,83.0,328.0,342.0,304.0,12814.0
19554000,19554000,2024,Вологодская область,Чагодощенский муниципальный округ,Муниципальный округ,65786.9,2015.0,,,746.0,75.0,32.0,90.0,216.0,300.0,194.0,2760.0
19600000,CD,2024,Вологодская область,Муниципальные районы Вологодской области,Муниципальный район,69622.0,15891.0,2501.0,,2335.0,639.0,219.0,561.0,1869.0,2622.0,828.0,
19622000,19622000,2024,Вологодская область,Вытегорский муниципальный район,Муниципальный район,70995.3,5027.0,1484.0,,,268.0,,186.0,490.0,747.0,311.0,11724.0
19656000,19656000,2024,Вологодская область,Череповецкий муниципальный район,Муниципальный район,77639.9,3743.0,412.0,,301.0,75.0,,179.0,290.0,1046.0,,39202.0
19658000,19658000,2024,Вологодская область,Шекснинский муниципальный район,Муниципальный район,64438.2,7121.0,605.0,,1840.0,296.0,122.0,196.0,1089.0,829.0,514.0,12820.0
19700000,CD,2024,Вологодская область,Городские округа Вологодской области,"Городской округ, городской округ с внутригородским делением",86926.5,169163.0,1561.0,,48675.0,5546.0,2666.0,12675.0,17114.0,19202.0,18213.0,
19701000,19701000,2024,Вологодская область,Город Вологда,"Городской округ, городской округ с внутригородским делением",73934.8,83468.0,1350.0,,12558.0,3341.0,876.0,8466.0,12839.0,10967.0,10208.0,318287.0
19730000,19730000,2024,Вологодская область,Город Череповец,"Городской округ, городской округ с внутригородским делением",99580.4,85695.0,210.0,,36117.0,2204.0,1789.0,4209.0,4275.0,8235.0,8004.0,298790.0
20602000,20602000,2024,Воронежская область,Аннинский муниципальный район,Муниципальный район,51475.6,5740.0,1299.0,,693.0,219.0,75.0,238.0,480.0,968.0,903.0,14776.0
20604000,20604000,2024,Воронежская область,Бобровский муниципальный район,Муниципальный район,63411.3,10487.0,3374.0,,1213.0,225.0,,597.0,533.0,1638.0,1543.0,20561.0
20605000,20605000,2024,Воронежская область,Богучарский муниципальный район,Муниципальный район,49964.6,4198.0,107.0,,260.0,178.0,101.0,331.0,772.0,920.0,640.0,37180.0
20608000,20608000,2024,Воронежская область,Бутурлиновский муниципальный район,Муниципальный район,50081.2,5710.0,940.0,,614.0,212.0,41.0,294.0,667.0,1192.0,1044.0,42331.0
20610000,20610000,2024,Воронежская область,Верхнемамонский муниципальный район,Муниципальный район,53006.0,2692.0,799.0,,101.0,79.0,,154.0,284.0,569.0,543.0,18158.0
20611000,20611000,2024,Воронежская область,Верхнехавский муниципальный район,Муниципальный район,60194.7,3415.0,506.0,,781.0,130.0,,156.0,267.0,563.0,,22717.0
20612000,20612000,2024,Воронежская область,Воробьёвский муниципальный район,Муниципальный район,51915.1,2140.0,492.0,,88.0,109.0,,55.0,216.0,436.0,520.0,14825.0
20613000,20613000,2024,Воронежская область,Грибановский муниципальный район,Муниципальный район,51383.3,3641.0,388.0,,541.0,128.0,,199.0,713.0,740.0,631.0,13734.0
20615000,20615000,2024,Воронежская область,Калачеевский муниципальный район,Муниципальный район,52348.3,6617.0,917.0,,1083.0,406.0,89.0,344.0,588.0,1098.0,1110.0,28650.0
20617000,20617000,2024,Воронежская область,Каменский муниципальный район,Муниципальный район,54851.6,2620.0,326.0,,,96.0,31.0,193.0,240.0,439.0,,7921.0
20619000,20619000,2024,Воронежская область,Кантемировский муниципальный район,Муниципальный район,55051.2,4171.0,711.0,,,169.0,,238.0,501.0,817.0,599.0,20356.0
20620000,20620000,2024,Воронежская область,Каширский муниципальный район,Муниципальный район,60055.0,2135.0,,,,70.0,,206.0,306.0,505.0,437.0,22766.0
20621000,20621000,2024,Воронежская область,Лискинский муниципальный район,Муниципальный район,67412.2,25544.0,4048.0,,5914.0,725.0,347.0,1433.0,1149.0,2706.0,2299.0,94900.0
20623000,20623000,2024,Воронежская область,Нижнедевицкий муниципальный район,Муниципальный район,65742.5,2272.0,877.0,,,105.0,,83.0,311.0,315.0,392.0,17694.0
20625000,20625000,2024,Воронежская область,Новоусманский муниципальный район,Муниципальный район,68246.1,11843.0,1010.0,,1492.0,256.0,103.0,2957.0,710.0,2232.0,1081.0,90178.0
20627000,20627000,2024,Воронежская область,Новохопёрский муниципальный район,Муниципальный район,52507.6,5378.0,896.0,,1096.0,136.0,51.0,170.0,481.0,1114.0,849.0,16463.0
20629000,20629000,2024,Воронежская область,Ольховатский муниципальный район,Муниципальный район,56898.3,3307.0,521.0,,,86.0,,137.0,287.0,556.0,391.0,18007.0
20631000,20631000,2024,Воронежская область,Острогожский муниципальный район,Муниципальный район,55166.8,7489.0,883.0,,883.0,304.0,179.0,313.0,713.0,1479.0,1310.0,23286.0
20633000,20633000,2024,Воронежская область,Павловский муниципальный район,Муниципальный район,65628.3,11740.0,1991.0,,2094.0,247.0,122.0,606.0,588.0,1447.0,1458.0,49339.0
20635000,20635000,2024,Воронежская область,Панинский муниципальный район,Муниципальный район,55138.4,3187.0,280.0,,552.0,99.0,27.0,88.0,799.0,473.0,489.0,23636.0
20637000,20637000,2024,Воронежская область,Петропавловский муниципальный район,Муниципальный район,49471.8,1334.0,,,,127.0,,45.0,265.0,363.0,,16373.0
20639000,20639000,2024,Воронежская область,Поворинский муниципальный район,Муниципальный район,57641.2,4342.0,189.0,,756.0,172.0,52.0,218.0,402.0,691.0,645.0,30989.0
20641000,20641000,2024,Воронежская область,Подгоренский муниципальный район,Муниципальный район,58831.8,3559.0,586.0,,1034.0,113.0,,86.0,312.0,485.0,459.0,5645.0
20643000,20643000,2024,Воронежская область,Рамонский муниципальный район,Муниципальный район,81515.3,16807.0,1053.0,,4983.0,173.0,20.0,5492.0,444.0,1159.0,983.0,40466.0
20645000,20645000,2024,Воронежская область,Репьёвский муниципальный район,Муниципальный район,52959.6,1355.0,,,,87.0,,51.0,198.0,269.0,367.0,15025.0
20647000,20647000,2024,Воронежская область,Россошанский муниципальный район,Муниципальный район,59474.1,17538.0,1182.0,,5083.0,615.0,303.0,803.0,1298.0,2480.0,1895.0,26932.0
20649000,20649000,2024,Воронежская область,Семилукский муниципальный район,Муниципальный район,64002.0,9845.0,606.0,,2866.0,252.0,158.0,957.0,962.0,1635.0,1088.0,28032.0
20651000,20651000,2024,Воронежская область,Таловский муниципальный район,Муниципальный район,51646.8,4731.0,1293.0,,62.0,162.0,50.0,131.0,373.0,1003.0,616.0,23360.0
20654000,20654000,2024,Воронежская область,Терновский муниципальный район,Муниципальный район,49817.9,1837.0,210.0,,,102.0,,65.0,286.0,419.0,359.0,16815.0
20656000,20656000,2024,Воронежская область,Хохольский муниципальный район,Муниципальный район,58509.5,4144.0,537.0,,862.0,118.0,,162.0,363.0,544.0,1078.0,21992.0
20658000,20658000,2024,Воронежская область,Эртильский муниципальный район,Муниципальный район,52534.5,3099.0,493.0,,726.0,120.0,31.0,85.0,329.0,494.0,582.0,20190.0
20701000,20701000,2024,Воронежская область,Город Воронеж,"Городской округ, городской округ с внутригородским делением",77685.8,261004.0,1402.0,,49079.0,6656.0,2390.0,32999.0,22466.0,35967.0,34364.0,1046425.0
20710000,20710000,2024,Воронежская область,Борисоглебский,"Городской округ, городской округ с внутригородским делением",53968.5,12975.0,,,3729.0,705.0,,946.0,1332.0,2743.0,1907.0,67264.0
20727000,20727000,2024,Воронежская область,Город Нововоронеж,"Городской округ, городской округ с внутригородским делением",91163.7,12692.0,,,,5982.0,223.0,429.0,773.0,1079.0,756.0,30557.0
22502000,22502000,2024,Нижегородская область,Ардатовский муниципальный округ,Муниципальный округ,51079.9,3563.0,276.0,,686.0,130.0,42.0,161.0,450.0,748.0,488.0,13175.0
22505000,22505000,2024,Нижегородская область,Балахнинский муниципальный округ,Муниципальный округ,64085.0,14244.0,,,6270.0,1040.0,270.0,702.0,693.0,2497.0,1414.0,5597.0
22507000,22507000,2024,Нижегородская область,Богородский муниципальный округ,Муниципальный округ,54887.8,7263.0,,,1557.0,367.0,145.0,648.0,602.0,1911.0,993.0,57639.0
22509000,22509000,2024,Нижегородская область,Большеболдинский муниципальный округ,Муниципальный округ,52302.9,1785.0,126.0,,,71.0,,58.0,244.0,410.0,262.0,10172.0
22510000,22510000,2024,Нижегородская область,Большемурашкинский муниципальный округ,Муниципальный округ,54463.0,1719.0,,,,90.0,31.0,64.0,166.0,420.0,299.0,5488.0
22512000,22512000,2024,Нижегородская область,Бутурлинский муниципальный округ,Муниципальный округ,50073.9,1877.0,,,,,,94.0,215.0,495.0,476.0,12910.0
22514000,22514000,2024,Нижегородская область,Вадский муниципальный округ,Муниципальный округ,60421.0,3038.0,562.0,,124.0,57.0,,84.0,461.0,646.0,365.0,13290.0
22515000,22515000,2024,Нижегородская область,Варнавинский муниципальный округ,Муниципальный округ,42530.2,2635.0,,,447.0,175.0,,49.0,673.0,454.0,587.0,9653.0
22517000,22517000,2024,Нижегородская область,Вачский муниципальный округ,Муниципальный округ,47172.5,1904.0,,,,,,86.0,236.0,509.0,476.0,16730.0
22518000,22518000,2024,Нижегородская область,Ветлужский муниципальный округ,Муниципальный округ,43677.4,2325.0,,,245.0,,,113.0,223.0,675.0,611.0,12521.0
22519000,22519000,2024,Нижегородская область,Вознесенский муниципальный округ,Муниципальный округ,46674.6,1746.0,,,,,,58.0,259.0,481.0,386.0,14309.0
22520000,22520000,2024,Нижегородская область,Володарский муниципальный округ,Муниципальный округ,65717.5,10325.0,1097.0,,1515.0,417.0,,374.0,3226.0,1321.0,1023.0,47925.0
22522000,22522000,2024,Нижегородская область,Воскресенский муниципальный округ,Муниципальный округ,47142.8,2038.0,,,,76.0,,111.0,300.0,551.0,431.0,5447.0
22526000,22526000,2024,Нижегородская область,Гагинский муниципальный округ,Муниципальный округ,47769.7,1905.0,451.0,,17.0,,,55.0,281.0,333.0,284.0,9681.0
22528000,22528000,2024,Нижегородская область,Городецкий муниципальный округ,Муниципальный округ,62205.1,19691.0,551.0,,7171.0,781.0,355.0,907.0,1144.0,2812.0,2733.0,80149.0
22530000,22530000,2024,Нижегородская область,Дальнеконстантиновский муниципальный округ,Муниципальный округ,54917.0,2426.0,280.0,,93.0,105.0,18.0,132.0,389.0,622.0,407.0,20224.0
22532000,22532000,2024,Нижегородская область,Дивеевский муниципальный округ,Муниципальный округ,50658.3,2113.0,,,,137.0,,120.0,334.0,548.0,396.0,14998.0
22533000,22533000,2024,Нижегородская область,Княгининский муниципальный округ,Муниципальный округ,59292.5,2805.0,,,704.0,114.0,,87.0,264.0,762.0,269.0,4366.0
22534000,22534000,2024,Нижегородская область,Ковернинский муниципальный округ,Муниципальный округ,50912.6,3201.0,748.0,,607.0,112.0,,100.0,321.0,627.0,384.0,17091.0
22535000,22535000,2024,Нижегородская область,Краснобаковский муниципальный округ,Муниципальный округ,46131.5,3280.0,,,252.0,149.0,46.0,154.0,836.0,722.0,665.0,18535.0
22536000,22536000,2024,Нижегородская область,Краснооктябрьский муниципальный округ,Муниципальный округ,41238.2,1241.0,,,,,,50.0,242.0,184.0,309.0,8617.0
22537000,22537000,2024,Нижегородская область,Кстовский муниципальный округ,Муниципальный округ,84669.9,26339.0,119.0,,6991.0,918.0,535.0,4326.0,1961.0,3353.0,1692.0,61602.0
22539000,22539000,2024,Нижегородская область,Лукояновский муниципальный округ,Муниципальный округ,44283.8,4108.0,178.0,,254.0,141.0,,205.0,832.0,831.0,736.0,14447.0
22540000,22540000,2024,Нижегородская область,Лысковский муниципальный округ,Муниципальный округ,50198.4,7208.0,530.0,,1805.0,271.0,113.0,331.0,788.0,1271.0,1050.0,34099.0
22542000,22542000,2024,Нижегородская область,Павловский муниципальный округ,Муниципальный округ,80613.9,21129.0,1308.0,,9251.0,597.0,336.0,937.0,1242.0,2651.0,2190.0,74716.0
22545000,22545000,2024,Нижегородская область,Пильнинский муниципальный округ,Муниципальный округ,49832.0,2916.0,267.0,,220.0,92.0,,96.0,343.0,679.0,555.0,18104.0
22546000,22546000,2024,Нижегородская область,Починковский муниципальный округ,Муниципальный округ,51450.7,4499.0,400.0,,298.0,177.0,,341.0,396.0,742.0,640.0,0.0
22548000,22548000,2024,Нижегородская область,Сергачский муниципальный округ,Муниципальный округ,56148.0,5889.0,349.0,,608.0,420.0,104.0,414.0,584.0,747.0,741.0,19724.0
22549000,22549000,2024,Нижегородская область,Сеченовский муниципальный округ,Муниципальный округ,52087.9,2327.0,88.0,,,127.0,,82.0,339.0,562.0,380.0,0.0
22550000,22550000,2024,Нижегородская область,Сосновский муниципальный округ,Муниципальный округ,56960.6,3173.0,,,1131.0,139.0,35.0,113.0,242.0,545.0,513.0,16175.0
22551000,22551000,2024,Нижегородская область,Спасский муниципальный округ,Муниципальный округ,44624.7,1470.0,,,,74.0,,51.0,258.0,384.0,304.0,9400.0
22552000,22552000,2024,Нижегородская область,Тонкинский муниципальный округ,Муниципальный округ,43416.7,1184.0,,,,109.0,,37.0,200.0,261.0,359.0,4419.0
22553000,22553000,2024,Нижегородская область,Тоншаевский муниципальный округ,Муниципальный округ,43387.0,2908.0,23.0,,580.0,63.0,,107.0,853.0,510.0,386.0,5693.0
22554000,22554000,2024,Нижегородская область,Уренский муниципальный округ,Муниципальный округ,49860.5,4481.0,170.0,,739.0,270.0,,282.0,751.0,950.0,803.0,10912.0
22556000,22556000,2024,Нижегородская область,Шарангский муниципальный округ,Муниципальный округ,44175.6,1672.0,,,,,,100.0,209.0,572.0,417.0,11304.0
22557000,22557000,2024,Нижегородская область,Шатковский муниципальный округ,Муниципальный округ,48417.6,3596.0,,,448.0,119.0,55.0,130.0,411.0,732.0,974.0,12988.0
22701000,22701000,2024,Нижегородская область,Город Нижний Новгород,"Городской округ, городской округ с внутригородским делением",91812.7,388947.0,692.0,,77507.0,10891.0,4665.0,50201.0,35543.0,43607.0,34801.0,21734.0
22703000,22703000,2024,Нижегородская область,Город Арзамас,"Городской округ, городской округ с внутригородским делением",69530.0,38781.0,177.0,,17866.0,939.0,361.0,1644.0,1799.0,4838.0,3878.0,33327.0
22712000,22712000,2024,Нижегородская область,Город Бор,"Городской округ, городской округ с внутригородским делением",70599.6,24359.0,1095.0,,8152.0,563.0,467.0,1521.0,1848.0,3541.0,2567.0,40232.0
22715000,22715000,2024,Нижегородская область,Город Выкса,"Городской округ, городской округ с внутригородским делением",91080.7,30843.0,,,16821.0,496.0,260.0,939.0,833.0,2671.0,1688.0,13184.0
22719000,22719000,2024,Нижегородская область,Воротынский,"Городской округ, городской округ с внутригородским делением",52483.8,2472.0,,,138.0,234.0,,137.0,350.0,516.0,558.0,7055.0
22721000,22721000,2024,Нижегородская область,Город Дзержинск,"Городской округ, городской округ с внутригородским делением",81689.3,52130.0,95.0,,21767.0,1443.0,840.0,7033.0,2599.0,5836.0,4376.0,225251.0
22727000,22727000,2024,Нижегородская область,Город Кулебаки,"Городской округ, городской округ с внутригородским делением",69693.7,9472.0,,,5301.0,,144.0,318.0,451.0,1566.0,723.0,9208.0
22730000,22730000,2024,Нижегородская область,Навашинский,"Городской округ, городской округ с внутригородским делением",63569.1,4518.0,,,2024.0,201.0,,162.0,238.0,607.0,489.0,14180.0
22734000,22734000,2024,Нижегородская область,Город Первомайск,"Городской округ, городской округ с внутригородским делением",63925.0,5274.0,,,,117.0,,123.0,176.0,461.0,403.0,14168.0
22737000,22737000,2024,Нижегородская область,Семеновский,"Городской округ, городской округ с внутригородским делением",52030.2,8411.0,275.0,,2214.0,381.0,135.0,352.0,1422.0,1483.0,1059.0,45405.0
22739000,22739000,2024,Нижегородская область,Перевозский,"Городской округ, городской округ с внутригородским делением",51293.7,2056.0,,,67.0,100.0,,147.0,297.0,661.0,310.0,8784.0
22749000,22749000,2024,Нижегородская область,Сокольский,"Городской округ, городской округ с внутригородским делением",55072.0,2013.0,,,361.0,,,76.0,238.0,465.0,323.0,4912.0
22755000,22755000,2024,Нижегородская область,Город Чкаловск,"Городской округ, городской округ с внутригородским делением",51333.1,2854.0,,,642.0,101.0,,153.0,308.0,642.0,526.0,7796.0
22758000,22758000,2024,Нижегородская область,Город Шахунья,"Городской округ, городской округ с внутригородским делением",50743.1,5524.0,,,796.0,268.0,,342.0,514.0,1256.0,949.0,28511.0
24601000,24601000,2024,Ивановская область,Вичугский муниципальный район,Муниципальный район,39526.4,1259.0,,,,,46.0,63.0,49.0,468.0,,15732.0
24602000,24602000,2024,Ивановская область,Верхнеландеховский муниципальный район,Муниципальный район,37983.1,309.0,,,,,,,71.0,73.0,,1555.0
24603000,24603000,2024,Ивановская область,Гаврилово-Посадский муниципальный район,Муниципальный район,47938.5,1632.0,421.0,,,,,61.0,245.0,309.0,167.0,4918.0
24605000,24605000,2024,Ивановская область,Заволжский муниципальный район,Муниципальный район,41322.1,1222.0,,,,85.0,34.0,66.0,206.0,349.0,299.0,8376.0
24607000,24607000,2024,Ивановская область,Ивановский муниципальный район,Муниципальный район,62846.8,7810.0,95.0,,2351.0,644.0,80.0,912.0,178.0,784.0,1148.0,40478.0
24609000,24609000,2024,Ивановская область,Ильинский муниципальный район,Муниципальный район,42474.4,830.0,,,,41.0,,26.0,89.0,135.0,168.0,4074.0
24611000,24611000,2024,Ивановская область,Кинешемский муниципальный район,Муниципальный район,43331.1,4189.0,,,1606.0,90.0,69.0,76.0,436.0,453.0,994.0,7780.0
24613000,24613000,2024,Ивановская область,Комсомольский муниципальный район,Муниципальный район,55184.8,1518.0,,,,296.0,55.0,95.0,309.0,344.0,201.0,11126.0
24614000,24614000,2024,Ивановская область,Лежневский муниципальный район,Муниципальный район,58888.5,2765.0,,,,68.0,,96.0,138.0,451.0,257.0,7871.0
24615000,24615000,2024,Ивановская область,Лухский муниципальный район,Муниципальный район,40833.5,486.0,,,,,,17.0,108.0,107.0,123.0,7399.0
24617000,24617000,2024,Ивановская область,Палехский муниципальный район,Муниципальный район,48758.0,1197.0,,,,,11.0,40.0,154.0,218.0,174.0,8518.0
24619000,24619000,2024,Ивановская область,Пестяковский муниципальный район,Муниципальный район,42939.3,521.0,,,,,,29.0,155.0,98.0,105.0,4744.0
24620000,24620000,2024,Ивановская область,Приволжский муниципальный район,Муниципальный район,49070.0,3118.0,,,,147.0,113.0,126.0,407.0,530.0,754.0,15873.0
24621000,24621000,2024,Ивановская область,Пучежский муниципальный район,Муниципальный район,42853.9,1666.0,120.0,,,64.0,,65.0,265.0,267.0,472.0,3955.0
24623000,24623000,2024,Ивановская область,Родниковский муниципальный район,Муниципальный район,44956.0,5265.0,,,2464.0,141.0,113.0,201.0,389.0,762.0,576.0,23603.0
24625000,24625000,2024,Ивановская область,Савинский муниципальный район,Муниципальный район,44763.1,980.0,,,,,,61.0,159.0,229.0,145.0,9719.0
24629000,24629000,2024,Ивановская область,Тейковский муниципальный район,Муниципальный район,41697.3,577.0,,,,43.0,14.0,18.0,100.0,217.0,,8092.0
24631000,24631000,2024,Ивановская область,Фурмановский муниципальный район,Муниципальный район,55508.6,5460.0,,,2269.0,425.0,,224.0,454.0,829.0,531.0,33630.0
24633000,24633000,2024,Ивановская область,Шуйский муниципальный район,Муниципальный район,42714.8,1090.0,,,235.0,,,27.0,62.0,444.0,,19184.0
24635000,24635000,2024,Ивановская область,Южский муниципальный район,Муниципальный район,46097.5,1952.0,,,,,16.0,115.0,757.0,467.0,297.0,19100.0
24637000,24637000,2024,Ивановская область,Юрьевецкий муниципальный район,Муниципальный район,39515.0,1195.0,59.0,,,,,59.0,177.0,365.0,268.0,7403.0
24701000,24701000,2024,Ивановская область,Иваново,"Городской округ, городской округ с внутригородским делением",60499.5,76032.0,247.0,,13886.0,3854.0,705.0,7382.0,11382.0,12676.0,11588.0,358437.0
24703000,24703000,2024,Ивановская область,Вичуга,"Городской округ, городской округ с внутригородским делением",38989.2,4035.0,,,,200.0,113.0,276.0,615.0,787.0,875.0,29623.0
24705000,24705000,2024,Ивановская область,Кинешма,"Городской округ, городской округ с внутригородским делением",45411.7,11496.0,,,2744.0,789.0,,719.0,1610.0,2016.0,1964.0,74804.0
24706000,24706000,2024,Ивановская область,Кохма,"Городской округ, городской округ с внутригородским делением",48308.4,2792.0,,,924.0,,,274.0,297.0,613.0,391.0,30181.0
24707000,24707000,2024,Ивановская область,Тейково,"Городской округ, городской округ с внутригородским делением",43157.2,5555.0,,,1148.0,540.0,145.0,282.0,1222.0,816.0,602.0,30506.0
24711000,24711000,2024,Ивановская область,Шуя,"Городской округ, городской округ с внутригородским делением",53084.6,8756.0,,,2434.0,595.0,125.0,582.0,954.0,1512.0,1883.0,53312.0
25601000,25601000,2024,Иркутская область,Балаганский муниципальный район,Муниципальный район,62240.4,1315.0,62.0,,,20.0,,19.0,194.0,609.0,184.0,8577.0
25602000,25602000,2024,Иркутская область,Бодайбинский муниципальный район,Муниципальный район,167671.4,15624.0,68.0,9347.0,272.0,720.0,105.0,121.0,487.0,812.0,415.0,11879.0
25604000,25604000,2024,Иркутская область,Братский муниципальный район,Муниципальный район,87830.9,9895.0,1102.0,,640.0,502.0,127.0,214.0,790.0,2295.0,1031.0,25967.0
25605000,25605000,2024,Иркутская область,Аларский муниципальный район,Муниципальный район,61995.6,3130.0,42.0,,,76.0,,43.0,649.0,1243.0,573.0,22320.0
25606000,25606000,2024,Иркутская область,Жигаловский муниципальный район,Муниципальный район,126671.1,20018.0,104.0,3373.0,,411.0,,161.0,238.0,717.0,,5457.0
25607000,25607000,2024,Иркутская область,Баяндаевский муниципальный район,Муниципальный район,63986.9,1590.0,,,,56.0,,16.0,334.0,681.0,276.0,11534.0
25608000,25608000,2024,Иркутская область,Заларинский муниципальный район,Муниципальный район,63924.6,4711.0,100.0,,,167.0,38.0,73.0,620.0,1503.0,947.0,26236.0
25609000,25609000,2024,Иркутская область,Боханский муниципальный район,Муниципальный район,60665.0,3096.0,97.0,,,56.0,19.0,65.0,440.0,1577.0,483.0,25159.0
25610000,25610000,2024,Иркутская область,Зиминский муниципальный район,Муниципальный район,61874.5,2187.0,,,,,43.0,,336.0,645.0,,12070.0
25612000,25612000,2024,Иркутская область,Иркутский муниципальный район,Муниципальный район,65699.5,12426.0,246.0,55.0,663.0,271.0,173.0,778.0,1658.0,4719.0,1458.0,124269.0
25614000,25614000,2024,Иркутская область,Казачинско-Ленский муниципальный район,Муниципальный район,121226.2,10129.0,472.0,716.0,1203.0,152.0,,80.0,446.0,789.0,316.0,14910.0
25616000,25616000,2024,Иркутская область,Катангский муниципальный район,Муниципальный район,153356.8,7800.0,107.0,4354.0,17.0,161.0,,,185.0,226.0,106.0,3016.0
25618000,25618000,2024,Иркутская область,Качугский муниципальный район,Муниципальный район,62604.1,2677.0,157.0,,,121.0,,28.0,479.0,1094.0,354.0,8723.0
25620000,25620000,2024,Иркутская область,Киренский муниципальный район,Муниципальный район,117123.7,7044.0,436.0,725.0,,143.0,,67.0,417.0,1028.0,435.0,15936.0
25622000,25622000,2024,Иркутская область,Куйтунский муниципальный район,Муниципальный район,60342.8,4013.0,359.0,,,120.0,,65.0,476.0,1477.0,824.0,17111.0
25624000,25624000,2024,Иркутская область,Мамско-Чуйский муниципальный район,Муниципальный район,95371.6,878.0,55.0,,,110.0,,,176.0,214.0,,131.0
25626000,25626000,2024,Иркутская область,Нижнеилимский муниципальный район,Муниципальный район,92977.7,12757.0,1149.0,,1460.0,630.0,111.0,263.0,871.0,1907.0,1165.0,35903.0
25628000,25628000,2024,Иркутская область,Нижнеудинский муниципальный район,Муниципальный район,73923.1,13017.0,259.0,217.0,1623.0,511.0,14.0,213.0,1338.0,2883.0,1808.0,13220.0
25629000,25629000,2024,Иркутская область,Нукутский муниципальный район,Муниципальный район,62010.3,2350.0,164.0,,,45.0,,21.0,293.0,983.0,344.0,14902.0
25630000,25630000,2024,Иркутская область,Ольхонский муниципальный район,Муниципальный район,61544.3,1271.0,104.0,,,42.0,,23.0,243.0,441.0,204.0,10483.0
25631000,25631000,2024,Иркутская область,Осинский муниципальный район,Муниципальный район,61815.9,2533.0,64.0,,,69.0,17.0,40.0,397.0,1201.0,467.0,20704.0
25634000,25634000,2024,Иркутская область,Слюдянский муниципальный район,Муниципальный район,74683.2,7871.0,59.0,351.0,254.0,309.0,65.0,268.0,752.0,1769.0,740.0,4356.0
25636000,25636000,2024,Иркутская область,Тайшетский муниципальный район,Муниципальный район,86393.9,17444.0,279.0,,2880.0,701.0,46.0,860.0,2106.0,3022.0,1940.0,54529.0
25638000,25638000,2024,Иркутская область,Тулунский муниципальный район,Муниципальный район,74267.1,4205.0,,1481.0,,101.0,,,175.0,1285.0,,19137.0
25640000,25640000,2024,Иркутская область,Усольский муниципальный район,Муниципальный район,83332.4,8191.0,1862.0,,823.0,85.0,,383.0,914.0,1800.0,,26628.0
25642000,25542000,2024,Иркутская область,Усть-Илимский муниципальный район,Муниципальный район,112935.1,4110.0,1998.0,,,143.0,,,175.0,588.0,,7039.0
25644000,25644000,2024,Иркутская область,Усть-Кутский муниципальный район,Муниципальный район,134257.8,35055.0,1168.0,9754.0,3748.0,733.0,50.0,390.0,912.0,2032.0,1043.0,37577.0
25646000,25646000,2024,Иркутская область,Усть-Удинский муниципальный район,Муниципальный район,58666.6,2045.0,137.0,,,62.0,,18.0,318.0,956.0,257.0,13291.0
25648000,25648000,2024,Иркутская область,Черемховский муниципальный район,Муниципальный район,63332.0,3482.0,,,166.0,56.0,,150.0,313.0,1394.0,,20775.0
25650000,25550000,2024,Иркутская область,Чунский муниципальный район,Муниципальный район,63915.8,4943.0,182.0,,371.0,167.0,,77.0,588.0,1552.0,928.0,20200.0
25655000,25655000,2024,Иркутская область,Шелеховский муниципальный район,Муниципальный район,88482.8,12495.0,118.0,,4777.0,320.0,231.0,568.0,823.0,2208.0,1286.0,23017.0
25657000,25657000,2024,Иркутская область,Эхирит-Булагатский муниципальный район,Муниципальный район,59167.2,5981.0,211.0,,647.0,141.0,16.0,365.0,1067.0,2000.0,883.0,29626.0
25701000,25701000,2024,Иркутская область,Город Иркутск,"Городской округ, городской округ с внутригородским делением",100088.5,192864.0,865.0,5780.0,21756.0,5782.0,1477.0,21717.0,23378.0,26370.0,25569.0,606369.0
25703000,25703000,2024,Иркутская область,Ангарский,"Городской округ, городской округ с внутригородским делением",81000.1,50601.0,621.0,,13932.0,3059.0,741.0,3712.0,3616.0,8228.0,5914.0,229085.0
25714000,25714000,2024,Иркутская область,Город Братск,"Городской округ, городской округ с внутригородским делением",92229.0,48733.0,1100.0,,12455.0,2841.0,1050.0,3054.0,3829.0,8737.0,6028.0,220097.0
25720000,25720000,2024,Иркутская область,Зиминское,"Городской округ, городской округ с внутригородским делением",78591.9,6413.0,60.0,,833.0,163.0,31.0,181.0,740.0,1273.0,798.0,29877.0
25726000,25726000,2024,Иркутская область,Город Саянск,"Городской округ, городской округ с внутригородским делением",68906.5,10700.0,924.0,,3127.0,614.0,,392.0,894.0,1721.0,1857.0,35724.0
25732000,25732000,2024,Иркутская область,Город Тулун,"Городской округ, городской округ с внутригородским делением",66572.9,8804.0,100.0,,,782.0,193.0,376.0,1284.0,1882.0,1695.0,37583.0
25736000,25736000,2024,Иркутская область,Город Усолье-Сибирское,"Городской округ, городской округ с внутригородским делением",65751.7,12636.0,101.0,,1728.0,953.0,269.0,682.0,1409.0,3120.0,2439.0,72594.0
25738000,25738000,2024,Иркутская область,Город Усть-Илимск,"Городской округ, городской округ с внутригородским делением",87337.6,15104.0,321.0,,3798.0,1059.0,199.0,597.0,1361.0,2677.0,2356.0,77762.0
25745000,25745000,2024,Иркутская область,Город Черемхово,"Городской округ, городской округ с внутригородским делением",69323.6,11566.0,77.0,1609.0,365.0,508.0,204.0,412.0,1132.0,2314.0,2549.0,53160.0
25746000,25746000,2024,Иркутская область,Город Свирск,"Городской округ, городской округ с внутригородским делением",62609.4,2099.0,,,812.0,17.0,,32.0,83.0,639.0,,15270.0
26605000,26605000,2024,Республика Ингушетия,Назрановский муниципальный район,Муниципальный район,31965.3,6850.0,15.0,,,,,,313.0,5070.0,855.0,110679.0
26610000,26610000,2024,Республика Ингушетия,Сунженский муниципальный район,Муниципальный район,37825.9,3255.0,545.0,,,,,,148.0,1856.0,271.0,61154.0
26615000,26615000,2024,Республика Ингушетия,Малгобекский муниципальный район,Муниципальный район,30082.6,4117.0,49.0,,,,,,180.0,3086.0,217.0,61291.0
26620000,26620000,2024,Республика Ингушетия,Джейрахский муниципальный район,Муниципальный район,35236.5,606.0,,,,,,,134.0,222.0,,4118.0
26700000,CD,2024,Республика Ингушетия,Городские округа Республики Ингушетии,"Городской округ, городской округ с внутригородским делением",44430.9,40544.0,573.0,730.0,93.0,1111.0,567.0,728.0,10549.0,11802.0,8227.0,
26701000,26701000,2024,Республика Ингушетия,Город Магас,"Городской округ, городской округ с внутригородским делением",59873.5,10443.0,,,,,,,6522.0,2115.0,524.0,18521.0
26706000,26706000,2024,Республика Ингушетия,Город Назрань,"Городской округ, городской округ с внутригородским делением",40954.3,16768.0,89.0,,,,,412.0,1955.0,4752.0,4856.0,126292.0
26710000,26710000,2024,Республика Ингушетия,Город Карабулак,"Городской округ, городской округ с внутригородским делением",37748.4,2667.0,186.0,,,,,,467.0,1285.0,,44323.0
26715000,26715000,2024,Республика Ингушетия,Город Малгобек,"Городской округ, городской округ с внутригородским делением",33840.8,4751.0,,,,,,10.0,552.0,1806.0,1217.0,37999.0
26720000,26610000,2024,Республика Ингушетия,Город Сунжа,"Городской округ, городской округ с внутригородским делением",38542.3,5915.0,298.0,,,,,271.0,1052.0,1844.0,1194.0,62843.0
27503000,27503000,2024,Калининградская область,Багратионовский,Муниципальный округ,63552.9,4430.0,112.0,,2101.0,,65.0,107.0,844.0,602.0,340.0,26527.0
27506000,27506000,2024,Калининградская область,Гвардейский,Муниципальный округ,56213.3,2831.0,,,324.0,,125.0,138.0,724.0,562.0,254.0,28931.0
27507000,27507000,2024,Калининградская область,Гурьевский,Муниципальный округ,77261.7,11265.0,375.0,,2405.0,,,1732.0,719.0,1705.0,995.0,110395.0
27510000,27510000,2024,Калининградская область,Зеленоградский,Муниципальный округ,74304.6,5866.0,48.0,,1099.0,,245.0,253.0,664.0,711.0,640.0,17164.0
27513000,27513000,2024,Калининградская область,Краснознаменский,Муниципальный округ,62379.2,839.0,,32.0,,,23.0,24.0,121.0,190.0,165.0,3306.0
27514000,27514000,2024,Калининградская область,Неманский,Муниципальный округ,60846.2,1910.0,227.0,,139.0,,,70.0,294.0,448.0,261.0,6145.0
27515000,27515000,2024,Калининградская область,Нестеровский,Муниципальный округ,61643.1,1684.0,519.0,,,,38.0,37.0,394.0,315.0,119.0,3320.0
27516000,27516000,2024,Калининградская область,Озерский,Муниципальный округ,56999.8,1262.0,548.0,,,,,38.0,147.0,250.0,133.0,4319.0
27518000,27518000,2024,Калининградская область,Полесский,Муниципальный округ,60342.0,1748.0,267.0,,,,,51.0,243.0,468.0,291.0,6934.0
27519000,27519000,2024,Калининградская область,Правдинский,Муниципальный округ,72264.6,2711.0,633.0,38.0,,52.0,,45.0,189.0,431.0,295.0,14146.0
27527000,27527000,2024,Калининградская область,Славский,Муниципальный округ,46801.7,1332.0,187.0,,90.0,,,55.0,188.0,335.0,347.0,15573.0
27539000,27539000,2024,Калининградская область,Черняховский,Муниципальный округ,62572.9,6012.0,67.0,,1027.0,,122.0,339.0,939.0,967.0,1058.0,35284.0
27701000,27701000,2024,Калининградская область,Город Калининград,"Городской округ, городской округ с внутригородским делением",80295.6,115514.0,1804.0,425.0,15277.0,5205.0,1662.0,10230.0,17663.0,15445.0,13319.0,489584.0
27705000,27705000,2024,Калининградская область,Балтийский,"Городской округ, городской округ с внутригородским делением",49215.8,7254.0,,,,377.0,,209.0,3939.0,591.0,594.0,618.0
27709000,27709000,2024,Калининградская область,Гусевский,"Городской округ, городской округ с внутригородским делением",53619.0,5009.0,235.0,,1160.0,,,234.0,1071.0,950.0,598.0,8625.0
27711000,27711000,2024,Калининградская область,Ладушкинский,"Городской округ, городской округ с внутригородским делением",55365.7,375.0,,,,,,17.0,65.0,68.0,75.0,3655.0
27712000,27712000,2024,Калининградская область,Мамоновский,"Городской округ, городской округ с внутригородским делением",56117.9,584.0,,,132.0,,,45.0,89.0,150.0,,8458.0
27717000,27717000,2024,Калининградская область,Пионерский,"Городской округ, городской округ с внутригородским делением",71932.3,2080.0,,,479.0,,,58.0,255.0,300.0,670.0,12928.0
27725000,27725000,2024,Калининградская область,Светловский,"Городской округ, городской округ с внутригородским делением",105631.8,6455.0,,,2864.0,367.0,,270.0,356.0,555.0,248.0,20943.0
27730000,27730000,2024,Калининградская область,Советский,"Городской округ, городской округ с внутригородским делением",61178.7,5810.0,,,1961.0,,,344.0,632.0,760.0,1132.0,38474.0
27734000,27734000,2024,Калининградская область,Светлогорский,"Городской округ, городской округ с внутригородским делением",66207.1,3604.0,,,,,33.0,161.0,461.0,366.0,1495.0,4041.0
27740000,27740000,2024,Калининградская область,Янтарный,"Городской округ, городской округ с внутригородским делением",89238.9,1473.0,,,,,,37.0,80.0,114.0,,672.0
29602000,29602000,2024,Калужская область,Бабынинский муниципальный район,Муниципальный район,68312.5,3367.0,128.0,,1710.0,,,173.0,327.0,554.0,216.0,10578.0
29604000,29604000,2024,Калужская область,Барятинский муниципальный район,Муниципальный район,59608.3,734.0,314.0,,,,,26.0,164.0,134.0,,5446.0
29606000,29606000,2024,Калужская область,Боровский муниципальный район,Муниципальный район,98046.0,22188.0,,,14297.0,,,1970.0,995.0,1477.0,775.0,54545.0
29608000,29608000,2024,Калужская область,Дзержинский муниципальный район,Муниципальный район,68888.7,10755.0,1250.0,515.0,4113.0,,,446.0,901.0,1073.0,943.0,56426.0
29610000,29610000,2024,Калужская область,Думиничский муниципальный район,Муниципальный район,42288.3,1052.0,,,41.0,,,69.0,230.0,315.0,,7839.0
29612000,29612000,2024,Калужская область,Жиздринский муниципальный район,Муниципальный район,44104.3,850.0,,,,,,57.0,204.0,275.0,,4414.0
29613000,29613000,2024,Калужская область,Жуковский муниципальный район,Муниципальный район,83534.0,8466.0,398.0,,2565.0,194.0,124.0,471.0,592.0,1098.0,380.0,60240.0
29614000,29614000,2024,Калужская область,Кировский муниципальный район,Муниципальный район,56599.0,6892.0,,,1870.0,377.0,,286.0,672.0,1092.0,1036.0,37540.0
29615000,29615000,2024,Калужская область,Износковский муниципальный район,Муниципальный район,68389.6,754.0,86.0,,,,,32.0,171.0,138.0,,6363.0
29616000,29616000,2024,Калужская область,Козельский муниципальный район,Муниципальный район,56722.2,6353.0,252.0,,2087.0,,,232.0,988.0,1079.0,457.0,38129.0
29618000,29618000,2024,Калужская область,Куйбышевский муниципальный район,Муниципальный район,56391.3,981.0,,,,,,36.0,178.0,210.0,,7291.0
29620000,29620000,2024,Калужская область,Людиновский муниципальный район,Муниципальный район,61454.2,9537.0,,,3960.0,,,260.0,694.0,1111.0,648.0,38134.0
29623000,29623000,2024,Калужская область,Малоярославецкий муниципальный район,Муниципальный район,77128.2,10495.0,464.0,,4366.0,314.0,124.0,1097.0,654.0,1412.0,549.0,42072.0
29625000,29625000,2024,Калужская область,Медынский муниципальный район,Муниципальный район,49871.7,2931.0,,,1045.0,,,201.0,286.0,272.0,,12187.0
29627000,29627000,2024,Калужская область,Мещовский муниципальный район,Муниципальный район,48563.5,773.0,,,,,,57.0,190.0,290.0,27.0,3722.0
29629000,29629000,2024,Калужская область,Мосальский муниципальный район,Муниципальный район,49701.5,858.0,164.0,,,,,44.0,188.0,216.0,,4773.0
29632000,29632000,2024,Калужская область,Перемышльский муниципальный район,Муниципальный район,61744.3,1608.0,543.0,,,,,58.0,273.0,395.0,,14402.0
29634000,29634000,2024,Калужская область,Спас-Деменский муниципальный район,Муниципальный район,48916.0,940.0,,,,,,27.0,163.0,163.0,,7334.0
29636000,29636000,2024,Калужская область,Сухиничский муниципальный район,Муниципальный район,50460.2,3829.0,434.0,,426.0,,,166.0,677.0,596.0,554.0,16020.0
29638000,29638000,2024,Калужская область,Тарусский муниципальный район,Муниципальный район,65384.6,1881.0,,,142.0,,,122.0,389.0,383.0,,16375.0
29642000,29642000,2024,Калужская область,Ульяновский муниципальный район,Муниципальный район,56053.3,623.0,,,,,25.0,31.0,153.0,125.0,,6942.0
29644000,29644000,2024,Калужская область,Ферзиковский муниципальный район,Муниципальный район,72028.2,2241.0,,,444.0,,,59.0,341.0,457.0,,18112.0
29646000,29646000,2024,Калужская область,Хвастовичский муниципальный район,Муниципальный район,48986.0,1095.0,283.0,,,,22.0,44.0,195.0,253.0,,9685.0
29650000,29650000,2024,Калужская область,Юхновский муниципальный район,Муниципальный район,48955.6,1452.0,,,,,,72.0,299.0,337.0,,6188.0
29701000,29701000,2024,Калужская область,Город Калуга,"Городской округ, городской округ с внутригородским делением",79422.4,109643.0,525.0,6.0,33349.0,4732.0,1611.0,10220.0,13290.0,10712.0,12482.0,21430.0
29715000,29715000,2024,Калужская область,Город Обнинск,"Городской округ, городской округ с внутригородским делением",93271.9,31248.0,,,11560.0,838.0,105.0,2389.0,1224.0,4365.0,3005.0,132477.0
30501000,30501000,2024,Камчатский край,Алеутский муниципальный округ,Муниципальный округ,133483.9,263.0,,,,,,,34.0,,,615.0
30510000,30510000,2024,Камчатский край,Мильковский муниципальный округ,Муниципальный округ,101695.1,2128.0,25.0,,,311.0,,19.0,520.0,512.0,287.0,8727.0
30604000,30504000,2024,Камчатский край,Быстринский муниципальный район,Муниципальный район,129525.9,1175.0,23.0,,,102.0,,,150.0,196.0,92.0,2391.0
30607000,30607000,2024,Камчатский край,Елизовский муниципальный район,Муниципальный район,118405.7,17598.0,583.0,,358.0,1040.0,241.0,369.0,2885.0,3026.0,2045.0,22190.0
30613000,30613000,2024,Камчатский край,Соболевский муниципальный район,Муниципальный район,159754.1,2820.0,1069.0,285.0,667.0,,,60.0,136.0,132.0,69.0,1979.0
30616000,30616000,2024,Камчатский край,Усть-Большерецкий муниципальный район,Муниципальный район,160217.1,3847.0,1090.0,,1142.0,336.0,43.0,8.0,366.0,350.0,176.0,6069.0
30619000,30519000,2024,Камчатский край,Усть-Камчатский муниципальный район,Муниципальный район,108107.0,2522.0,116.0,,209.0,365.0,59.0,,504.0,606.0,260.0,8450.0
30701000,30701000,2024,Камчатский край,Петропавловск-Камчатский,"Городской округ, городской округ с внутригородским делением",148806.0,55354.0,7307.0,384.0,2727.0,3392.0,912.0,2699.0,12660.0,7409.0,6447.0,163152.0
30824000,30824000,2024,Камчатский край,Карагинский муниципальный район,Муниципальный район,193214.1,3210.0,460.0,,1166.0,348.0,,,152.0,265.0,127.0,3457.0
30827000,30827000,2024,Камчатский край,Олюторский муниципальный район,Муниципальный район,127466.1,1448.0,49.0,,,,,,171.0,341.0,144.0,3523.0
30829000,30829000,2024,Камчатский край,Пенжинский муниципальный район,Муниципальный район,167208.9,1864.0,38.0,,,,,,142.0,224.0,86.0,1959.0
30832000,30532000,2024,Камчатский край,Тигильский муниципальный район,Муниципальный район,115673.1,1135.0,,,,,,,140.0,279.0,232.0,3662.0
30851000,30851000,2024,Камчатский край,Поселок Палана,"Городской округ, городской округ с внутригородским делением",112947.8,1070.0,,,,,,,175.0,245.0,269.0,2688.0
33502000,33502000,2024,Кировская область,Арбажский,Муниципальный округ,43781.2,812.0,,,,,,33.0,218.0,176.0,141.0,4257.0
33503000,33503000,2024,Кировская область,Афанасьевский,Муниципальный округ,41260.4,1822.0,,,,109.0,,212.0,339.0,578.0,255.0,7185.0
33506000,33506000,2024,Кировская область,Богородский,Муниципальный округ,52350.7,670.0,,,,29.0,,22.0,180.0,111.0,133.0,1028.0
33507000,33507000,2024,Кировская область,Верхнекамский,Муниципальный округ,47299.7,4822.0,106.0,,1304.0,241.0,,157.0,1418.0,734.0,502.0,19600.0
33516000,33516000,2024,Кировская область,Кикнурский,Муниципальный округ,38942.9,914.0,11.0,,,68.0,,59.0,193.0,221.0,160.0,3978.0
33521000,33521000,2024,Кировская область,Лебяжский,Муниципальный округ,40689.3,790.0,,,,54.0,,32.0,207.0,193.0,182.0,2710.0
33522000,33522000,2024,Кировская область,Лузский,Муниципальный округ,45723.0,2042.0,,,,,,84.0,442.0,503.0,271.0,1538.0
33524000,33524000,2024,Кировская область,Мурашинский,Муниципальный округ,65023.4,2869.0,307.0,,806.0,40.0,,120.0,264.0,263.0,211.0,5339.0
33526000,33526000,2024,Кировская область,Немский,Муниципальный округ,50439.3,1474.0,702.0,,,32.0,,53.0,201.0,217.0,116.0,2929.0
33529000,33529000,2024,Кировская область,Опаринский,Муниципальный округ,46554.0,1169.0,178.0,,,,,29.0,247.0,284.0,209.0,2890.0
33531000,33531000,2024,Кировская область,Пижанский,Муниципальный округ,45963.3,1672.0,532.0,,,73.0,,55.0,235.0,315.0,179.0,3533.0
33533000,33533000,2024,Кировская область,Санчурский,Муниципальный округ,39558.7,1216.0,,,,81.0,,64.0,238.0,306.0,218.0,6900.0
33534000,33534000,2024,Кировская область,Свечинский,Муниципальный округ,44029.9,812.0,,,,,,43.0,183.0,219.0,148.0,3707.0
33540000,33540000,2024,Кировская область,Унинский,Муниципальный округ,44072.1,1086.0,24.0,,41.0,43.0,,42.0,209.0,307.0,241.0,5751.0
33543000,33543000,2024,Кировская область,Фаленский,Муниципальный округ,44839.4,1278.0,130.0,,73.0,49.0,,59.0,277.0,292.0,197.0,7168.0
33605000,33605000,2024,Кировская область,Белохолуницкий муниципальный район,Муниципальный район,44284.2,2427.0,53.0,,,72.0,,137.0,363.0,616.0,509.0,15062.0
33608000,33608000,2024,Кировская область,Верхошижемский муниципальный район,Муниципальный район,48704.7,1119.0,201.0,,,,,54.0,230.0,270.0,199.0,3326.0
33610000,33610000,2024,Кировская область,Вятскополянский муниципальный район,Муниципальный район,42873.6,2363.0,,,,142.0,,102.0,134.0,791.0,329.0,13174.0
33612000,33612000,2024,Кировская область,Даровской муниципальный район,Муниципальный район,43238.2,1469.0,76.0,,,40.0,,190.0,280.0,259.0,260.0,5937.0
33614000,33614000,2024,Кировская область,Зуевский муниципальный район,Муниципальный район,52984.0,3603.0,772.0,,,207.0,,145.0,445.0,559.0,430.0,7031.0
33617000,33617000,2024,Кировская область,Кильмезский муниципальный район,Муниципальный район,42344.0,1338.0,20.0,,,61.0,,62.0,314.0,451.0,209.0,4340.0
33618000,33618000,2024,Кировская область,Кирово-Чепецкий муниципальный район,Муниципальный район,57342.1,3444.0,699.0,,608.0,83.0,,71.0,136.0,737.0,866.0,19898.0
33619000,33619000,2024,Кировская область,Котельничский муниципальный район,Муниципальный район,46001.0,1222.0,,,105.0,,,39.0,85.0,339.0,,9945.0
33620000,33620000,2024,Кировская область,Куменский муниципальный район,Муниципальный район,57854.2,4037.0,1457.0,,261.0,139.0,32.0,108.0,388.0,584.0,809.0,5729.0
33623000,33623000,2024,Кировская область,Малмыжский муниципальный район,Муниципальный район,44116.7,3281.0,462.0,,,105.0,,102.0,499.0,799.0,677.0,13065.0
33625000,33625000,2024,Кировская область,Нагорский муниципальный район,Муниципальный район,44270.2,1004.0,36.0,,,35.0,,45.0,288.0,290.0,177.0,3963.0
33627000,33627000,2024,Кировская область,Нолинский муниципальный район,Муниципальный район,43969.9,2526.0,157.0,,110.0,,,139.0,509.0,738.0,392.0,9301.0
33628000,33628000,2024,Кировская область,Омутнинский муниципальный район,Муниципальный район,55132.6,9545.0,27.0,,4108.0,357.0,,344.0,1539.0,1388.0,952.0,33193.0
33630000,33630000,2024,Кировская область,Оричевский муниципальный район,Муниципальный район,50711.2,4628.0,632.0,,718.0,132.0,,205.0,549.0,878.0,802.0,9140.0
33632000,33632000,2024,Кировская область,Подосиновский муниципальный район,Муниципальный район,47295.1,2049.0,,,,68.0,,42.0,302.0,378.0,493.0,2425.0
33635000,33635000,2024,Кировская область,Слободской муниципальный район,Муниципальный район,51617.9,3756.0,317.0,,1032.0,103.0,,207.0,197.0,947.0,559.0,8760.0
33636000,33636000,2024,Кировская область,Советский муниципальный район,Муниципальный район,48817.2,5022.0,958.0,,861.0,190.0,,211.0,570.0,971.0,716.0,14389.0
33637000,33637000,2024,Кировская область,Сунский муниципальный район,Муниципальный район,50882.6,1238.0,562.0,,,,,42.0,204.0,156.0,114.0,2942.0
33638000,33638000,2024,Кировская область,Тужинский муниципальный район,Муниципальный район,39954.9,845.0,,,,61.0,,73.0,215.0,161.0,216.0,1622.0
33641000,33641000,2024,Кировская область,Уржумский муниципальный район,Муниципальный район,46534.2,4022.0,620.0,,261.0,174.0,13.0,201.0,644.0,798.0,750.0,11151.0
33645000,33645000,2024,Кировская область,Орловский муниципальный район,Муниципальный район,49280.8,1987.0,464.0,,,50.0,,104.0,263.0,621.0,225.0,5301.0
33647000,33647000,2024,Кировская область,Шабалинский муниципальный район,Муниципальный район,44357.5,1092.0,,,,42.0,,74.0,285.0,279.0,168.0,7140.0
33649000,33649000,2024,Кировская область,Юрьянский муниципальный район,Муниципальный район,61840.7,3491.0,147.0,,427.0,71.0,31.0,569.0,471.0,549.0,693.0,15836.0
33650000,33650000,2024,Кировская область,Яранский муниципальный район,Муниципальный район,44396.5,3230.0,211.0,,27.0,324.0,,191.0,568.0,689.0,579.0,5544.0
33701000,33701000,2024,Кировская область,Город Киров,"Городской округ, городской округ с внутригородским делением",71313.0,137115.0,1498.0,55.0,40213.0,5314.0,1243.0,12239.0,13821.0,18626.0,16918.0,500457.0
33704000,33704000,2024,Кировская область,Город Вятские Поляны,"Городской округ, городской округ с внутригородским делением",51795.0,7432.0,18.0,,,444.0,,384.0,747.0,1102.0,798.0,28922.0
33707000,33707000,2024,Кировская область,Город Кирово-Чепецк,"Городской округ, городской округ с внутригородским делением",66540.6,18652.0,,,8341.0,754.0,283.0,1241.0,2196.0,2014.0,1885.0,64571.0
33710000,33710000,2024,Кировская область,Город Котельнич,"Городской округ, городской округ с внутригородским делением",47149.4,4926.0,27.0,,887.0,322.0,119.0,289.0,851.0,736.0,784.0,19454.0
33713000,33713000,2024,Кировская область,Город Слободской,"Городской округ, городской округ с внутригородским делением",54829.1,7501.0,,,2138.0,,,493.0,915.0,1155.0,949.0,305.0
34512000,34512000,2024,Костромская область,Кологривский муниципальный округ,Муниципальный округ,38820.9,779.0,,,,,,20.0,197.0,159.0,199.0,3925.0
34520000,34520000,2024,Костромская область,Мантуровский муниципальный округ,Муниципальный округ,50475.0,3161.0,,,531.0,214.0,,118.0,419.0,561.0,404.0,15147.0
34522000,34522000,2024,Костромская область,Межевской муниципальный округ,Муниципальный округ,43755.6,445.0,,,,29.0,,11.0,114.0,110.0,74.0,2703.0
34524000,34524000,2024,Костромская область,Нейский муниципальный округ,Муниципальный округ,47761.7,1893.0,101.0,,,152.0,,82.0,603.0,354.0,266.0,2360.0
34530000,34530000,2024,Костромская область,Островский муниципальный округ,Муниципальный округ,43225.9,1447.0,,,,116.0,,55.0,309.0,348.0,289.0,8787.0
34532000,34532000,2024,Костромская область,Павинский муниципальный округ,Муниципальный округ,40332.4,480.0,,,,51.0,,,122.0,130.0,,2935.0
34534000,34534000,2024,Костромская область,Парфеньевский муниципальный округ,Муниципальный округ,41821.5,661.0,,,,27.0,,,150.0,237.0,99.0,4283.0
34536000,34536000,2024,Костромская область,Поназыревский муниципальный округ,Муниципальный округ,41439.4,670.0,,,,57.0,,20.0,138.0,161.0,,1720.0
34538000,34538000,2024,Костромская область,Пыщугский муниципальный округ,Муниципальный округ,43290.7,541.0,,,,44.0,,21.0,131.0,131.0,,3269.0
34540000,34540000,2024,Костромская область,Солигаличский муниципальный округ,Муниципальный округ,48518.8,1442.0,,,,67.0,17.0,41.0,198.0,300.0,200.0,7528.0
34602000,34502000,2024,Костромская область,Антроповский муниципальный район,Муниципальный район,43449.9,822.0,,,,59.0,,25.0,164.0,174.0,125.0,4987.0
34604000,34604000,2024,Костромская область,Буйский муниципальный район,Муниципальный район,40017.6,692.0,,,,,,,36.0,233.0,,8634.0
34606000,34606000,2024,Костромская область,Вохомский муниципальный район,Муниципальный район,42235.8,1394.0,4.0,,,144.0,,48.0,226.0,288.0,202.0,6543.0
34608000,34608000,2024,Костромская область,Галичский муниципальный район,Муниципальный район,62147.2,1045.0,,,,,,,34.0,247.0,,6258.0
34610000,34510000,2024,Костромская область,Кадыйский муниципальный район,Муниципальный район,40498.1,929.0,,,,,,47.0,203.0,237.0,221.0,5744.0
34614000,34614000,2024,Костромская область,Костромской муниципальный район,Муниципальный район,51506.7,5650.0,349.0,,648.0,,,570.0,405.0,1553.0,1037.0,40577.0
34616000,34616000,2024,Костромская область,Красносельский муниципальный район,Муниципальный район,77237.1,4286.0,,,2220.0,155.0,,268.0,424.0,571.0,201.0,16012.0
34618000,34518000,2024,Костромская область,Макарьевский муниципальный район,Муниципальный район,40165.1,1357.0,,,3.0,,,49.0,314.0,372.0,241.0,9933.0
34626000,34626000,2024,Костромская область,Муниципальный район город Нерехта и Нерехтский район,Муниципальный район,57044.8,5198.0,,,2018.0,254.0,116.0,256.0,432.0,821.0,727.0,27921.0
34628000,34528000,2024,Костромская область,Октябрьский муниципальный район,Муниципальный район,43080.4,454.0,,,,43.0,,,118.0,129.0,79.0,3257.0
34642000,34642000,2024,Костромская область,Судиславский муниципальный район,Муниципальный район,52917.0,2053.0,,,567.0,87.0,33.0,77.0,288.0,366.0,412.0,10748.0
34644000,34644000,2024,Костромская область,Сусанинский муниципальный район,Муниципальный район,46712.5,1365.0,4.0,,,71.0,23.0,15.0,148.0,201.0,291.0,5566.0
34646000,34646000,2024,Костромская область,Чухломский муниципальный район,Муниципальный район,39180.1,1148.0,,,,103.0,,54.0,246.0,371.0,125.0,7653.0
34648000,34648000,2024,Костромская область,Шарьинский муниципальный район,Муниципальный район,46416.8,656.0,,,,39.0,,,46.0,236.0,,7134.0
34701000,34701000,2024,Костромская область,Город Кострома,"Городской округ, городской округ с внутригородским делением",67574.4,64207.0,479.0,,12559.0,3124.0,895.0,4966.0,9778.0,9335.0,7892.0,265761.0
34705000,34705000,2024,Костромская область,Город Буй,"Городской округ, городской округ с внутригородским делением",63047.3,6823.0,144.0,,1507.0,407.0,,209.0,615.0,755.0,569.0,19938.0
34706000,34706000,2024,Костромская область,Город Волгореченск,"Городской округ, городской округ с внутригородским делением",72931.3,4810.0,,,1669.0,1333.0,,132.0,262.0,457.0,,14014.0
34708000,34708000,2024,Костромская область,Город Галич,"Городской округ, городской округ с внутригородским делением",53922.7,4616.0,6.0,,1771.0,233.0,,179.0,568.0,547.0,507.0,12488.0
34730000,34730000,2024,Костромская область,Город Шарья,"Городской округ, городской округ с внутригородским делением",55333.6,6227.0,134.0,,1050.0,454.0,,375.0,784.0,1257.0,986.0,726.0
35604000,35604000,2024,Республика Крым,Бахчисарайский муниципальный район,Муниципальный район,50556.7,10344.0,1294.0,,1025.0,330.0,546.0,511.0,934.0,2909.0,1684.0,93847.0
35607000,35607000,2024,Республика Крым,Белогорский муниципальный район,Муниципальный район,44874.8,6356.0,415.0,187.0,,253.0,,967.0,619.0,1789.0,1141.0,64367.0
35611000,35611000,2024,Республика Крым,Джанкойский муниципальный район,Муниципальный район,36664.3,4129.0,702.0,,,,,209.0,329.0,2129.0,,66361.0
35616000,35616000,2024,Республика Крым,Кировский муниципальный район,Муниципальный район,47854.2,4143.0,661.0,,,,,239.0,538.0,1361.0,823.0,51393.0
35620000,35620000,2024,Республика Крым,Красногвардейский муниципальный район,Муниципальный район,46661.0,10185.0,1914.0,,1109.0,375.0,253.0,775.0,764.0,2072.0,1525.0,82717.0
35623000,35623000,2024,Республика Крым,Красноперекопский муниципальный район,Муниципальный район,39347.5,1517.0,243.0,,,,,30.0,102.0,771.0,,26279.0
35627000,35627000,2024,Республика Крым,Ленинский муниципальный район,Муниципальный район,44962.9,5218.0,274.0,,,324.0,327.0,327.0,757.0,1561.0,800.0,58077.0
35631000,35631000,2024,Республика Крым,Нижнегорский муниципальный район,Муниципальный район,43568.0,4130.0,519.0,,124.0,,78.0,186.0,620.0,1343.0,691.0,42586.0
35635000,35635000,2024,Республика Крым,Первомайский муниципальный район,Муниципальный район,43956.3,2912.0,634.0,,,,,58.0,467.0,914.0,413.0,31470.0
35639000,35639000,2024,Республика Крым,Раздольненский муниципальный район,Муниципальный район,43729.1,3135.0,345.0,,,,177.0,73.0,498.0,924.0,499.0,28607.0
35643000,35643000,2024,Республика Крым,Сакский муниципальный район,Муниципальный район,44302.6,3941.0,,77.0,,,300.0,190.0,144.0,2109.0,,77331.0
35647000,35647000,2024,Республика Крым,Симферопольский муниципальный район,Муниципальный район,50987.7,13812.0,559.0,,704.0,1009.0,587.0,647.0,568.0,4796.0,2514.0,169349.0
35652000,35652000,2024,Республика Крым,Советский муниципальный район,Муниципальный район,43106.9,2721.0,,,,,,102.0,477.0,1100.0,493.0,30567.0
35656000,35656000,2024,Республика Крым,Черноморский муниципальный район,Муниципальный район,52542.3,4083.0,,,,,123.0,1329.0,473.0,1023.0,460.0,30376.0
35701000,35701000,2024,Республика Крым,Симферополь,"Городской округ, городской округ с внутригородским делением",69728.7,114740.0,801.0,128.0,5105.0,4687.0,1745.0,12914.0,16305.0,18235.0,15378.0,355620.0
35703000,35703000,2024,Республика Крым,Алушта,"Городской округ, городской округ с внутригородским делением",50999.8,8387.0,,,757.0,,,515.0,576.0,1315.0,2557.0,54022.0
35706000,35706000,2024,Республика Крым,Армянск,"Городской округ, городской округ с внутригородским делением",52175.9,4654.0,,,,,,158.0,323.0,713.0,313.0,22034.0
35709000,35709000,2024,Республика Крым,Джанкой,"Городской округ, городской округ с внутригородским делением",54093.9,9701.0,,,2010.0,690.0,,519.0,789.0,1029.0,1746.0,35353.0
35712000,35712000,2024,Республика Крым,Евпатория,"Городской округ, городской округ с внутригородским делением",46308.7,18714.0,,,895.0,1209.0,467.0,1306.0,2367.0,3389.0,5951.0,119954.0
35715000,35715000,2024,Республика Крым,Керчь,"Городской округ, городской округ с внутригородским делением",55808.7,22023.0,,,4436.0,886.0,,1171.0,1882.0,3598.0,3208.0,152328.0
35718000,35718000,2024,Республика Крым,Красноперекопск,"Городской округ, городской округ с внутригородским делением",53202.8,7223.0,,,2695.0,623.0,265.0,322.0,867.0,543.0,810.0,25171.0
35721000,35721000,2024,Республика Крым,Саки,"Городской округ, городской округ с внутригородским делением",48857.0,7524.0,,,458.0,561.0,310.0,397.0,809.0,788.0,3251.0,23432.0
35723000,35723000,2024,Республика Крым,Судак,"Городской округ, городской округ с внутригородским делением",50732.0,4988.0,1087.0,,320.0,190.0,,341.0,476.0,884.0,783.0,33814.0
35726000,35726000,2024,Республика Крым,Феодосия,"Городской округ, городской округ с внутригородским делением",48989.9,17647.0,,,1406.0,863.0,551.0,3083.0,2903.0,2510.0,2308.0,99228.0
35729000,35729000,2024,Республика Крым,Ялта,"Городской округ, городской округ с внутригородским делением",63532.7,30492.0,,,1174.0,926.0,1103.0,1561.0,2347.0,5892.0,8593.0,135216.0
36602000,36602000,2024,Самарская область,Алексеевский муниципальный район,Муниципальный район,50570.8,1451.0,,,,,,81.0,162.0,299.0,388.0,10499.0
36604000,36604000,2024,Самарская область,Безенчукский муниципальный район,Муниципальный район,59250.9,7352.0,888.0,408.0,1227.0,229.0,161.0,349.0,447.0,1012.0,958.0,35844.0
36606000,36606000,2024,Самарская область,Богатовский муниципальный район,Муниципальный район,54352.2,2208.0,,,,53.0,,102.0,240.0,435.0,385.0,13052.0
36608000,36608000,2024,Самарская область,Большеглушицкий муниципальный район,Муниципальный район,52391.1,2709.0,431.0,206.0,,121.0,51.0,119.0,304.0,528.0,485.0,17856.0
36610000,36610000,2024,Самарская область,Большечерниговский муниципальный район,Муниципальный район,51925.4,3093.0,380.0,165.0,223.0,91.0,80.0,347.0,281.0,527.0,390.0,17085.0
36612000,36612000,2024,Самарская область,Борский муниципальный район,Муниципальный район,48139.3,2372.0,,,,143.0,45.0,108.0,436.0,649.0,503.0,22166.0
36614000,36614000,2024,Самарская область,Волжский муниципальный район,Муниципальный район,77330.8,23514.0,94.0,,5677.0,,271.0,4165.0,1522.0,3483.0,1322.0,83662.0
36615000,36615000,2024,Самарская область,Елховский муниципальный район,Муниципальный район,47937.6,1060.0,,,,46.0,,37.0,310.0,210.0,276.0,9128.0
36616000,36616000,2024,Самарская область,Исаклинский муниципальный район,Муниципальный район,45915.4,1577.0,,,,87.0,,63.0,240.0,364.0,419.0,12310.0
36617000,36617000,2024,Самарская область,Камышлинский муниципальный район,Муниципальный район,47809.8,1235.0,,,,88.0,,29.0,166.0,346.0,305.0,10431.0
36618000,36618000,2024,Самарская область,Кинельский муниципальный район,Муниципальный район,78024.4,4869.0,485.0,322.0,1205.0,288.0,11.0,94.0,84.0,872.0,265.0,30309.0
36620000,36620000,2024,Самарская область,Кинель-Черкасский муниципальный район,Муниципальный район,55781.2,6170.0,887.0,,535.0,255.0,,232.0,601.0,1264.0,1056.0,40596.0
36622000,36622000,2024,Самарская область,Клявлинский муниципальный район,Муниципальный район,53888.6,2221.0,347.0,,,132.0,,52.0,298.0,387.0,458.0,13967.0
36624000,36624000,2024,Самарская область,Кошкинский муниципальный район,Муниципальный район,54399.4,3022.0,,379.0,316.0,146.0,72.0,89.0,292.0,585.0,517.0,20672.0
36626000,36626000,2024,Самарская область,Красноармейский муниципальный район,Муниципальный район,54573.0,2300.0,264.0,,,117.0,,42.0,268.0,486.0,487.0,15788.0
36628000,36628000,2024,Самарская область,Красноярский муниципальный район,Муниципальный район,68328.3,9172.0,255.0,222.0,743.0,389.0,197.0,1530.0,1073.0,1314.0,1154.0,25012.0
36630000,36630000,2024,Самарская область,Нефтегорский муниципальный район,Муниципальный район,56101.5,6501.0,125.0,873.0,1330.0,283.0,180.0,212.0,577.0,766.0,703.0,14104.0
36632000,36632000,2024,Самарская область,Пестравский муниципальный район,Муниципальный район,57468.2,2698.0,,150.0,,108.0,,332.0,276.0,402.0,613.0,14513.0
36634000,36634000,2024,Самарская область,Похвистневский муниципальный район,Муниципальный район,49082.1,1973.0,,,,100.0,,27.0,116.0,718.0,262.0,25635.0
36636000,36636000,2024,Самарская область,Приволжский муниципальный район,Муниципальный район,49714.2,3058.0,526.0,,,155.0,128.0,140.0,353.0,654.0,796.0,21590.0
36638000,36638000,2024,Самарская область,Сергиевский муниципальный район,Муниципальный район,71418.9,9939.0,353.0,3328.0,88.0,391.0,247.0,298.0,699.0,1161.0,1859.0,13083.0
36640000,36640000,2024,Самарская область,Ставропольский муниципальный район,Муниципальный район,67602.8,9742.0,757.0,,991.0,290.0,,2237.0,569.0,1679.0,911.0,88162.0
36642000,36642000,2024,Самарская область,Сызранский муниципальный район,Муниципальный район,56574.0,3126.0,407.0,,,10.0,,77.0,349.0,597.0,466.0,5019.0
36644000,36644000,2024,Самарская область,Хворостянский муниципальный район,Муниципальный район,52156.5,2124.0,210.0,,,,44.0,46.0,279.0,456.0,475.0,15789.0
36646000,36646000,2024,Самарская область,Челно-Вершинский муниципальный район,Муниципальный район,48023.3,1988.0,,91.0,,,26.0,58.0,288.0,397.0,410.0,14451.0
36648000,36648000,2024,Самарская область,Шенталинский муниципальный район,Муниципальный район,49451.8,1985.0,74.0,,,111.0,23.0,65.0,280.0,415.0,464.0,12565.0
36650000,36650000,2024,Самарская область,Шигонский муниципальный район,Муниципальный район,56364.0,3022.0,117.0,,,144.0,,95.0,312.0,516.0,952.0,19272.0
36701000,36701000,2024,Самарская область,Самара,"Городской округ, городской округ с внутригородским делением",81323.7,331685.0,1004.0,6169.0,64276.0,11299.0,4183.0,31468.0,29360.0,35818.0,36492.0,92.0
36704000,36704000,2024,Самарская область,Жигулевск,"Городской округ, городской округ с внутригородским делением",64428.7,10783.0,,,3601.0,1508.0,,461.0,660.0,1418.0,1176.0,48564.0
36708000,36708000,2024,Самарская область,Кинель,"Городской округ, городской округ с внутригородским делением",61842.5,10650.0,78.0,,421.0,433.0,234.0,1226.0,827.0,1675.0,1043.0,57721.0
36713000,36713000,2024,Самарская область,Новокуйбышевск,"Городской округ, городской округ с внутригородским делением",70807.1,26496.0,,,8462.0,944.0,,1050.0,1324.0,2454.0,2389.0,98550.0
36718000,36718000,2024,Самарская область,Октябрьск,"Городской округ, городской округ с внутригородским делением",63239.0,4396.0,,,,104.0,,118.0,264.0,590.0,445.0,19887.0
36724000,36724000,2024,Самарская область,Отрадный,"Городской округ, городской округ с внутригородским делением",76578.3,12998.0,,4545.0,2421.0,562.0,222.0,435.0,614.0,1260.0,959.0,46480.0
36727000,36727000,2024,Самарская область,Похвистнево,"Городской округ, городской округ с внутригородским делением",55675.2,5363.0,101.0,440.0,82.0,341.0,91.0,309.0,630.0,789.0,1152.0,27685.0
36735000,36735000,2024,Самарская область,Сызрань,"Городской округ, городской округ с внутригородским делением",66408.0,39535.0,,,13204.0,1571.0,,2233.0,3303.0,5174.0,5138.0,161609.0
36740000,36740000,2024,Самарская область,Тольятти,"Городской округ, городской округ с внутригородским делением",81044.6,146728.0,,,65523.0,3121.0,,13658.0,7573.0,15984.0,14373.0,667956.0
36750000,36750000,2024,Самарская область,Чапаевск,"Городской округ, городской округ с внутригородским делением",64958.3,14643.0,,,5248.0,1072.0,194.0,646.0,1034.0,1618.0,1601.0,68815.0
37502000,37502000,2024,Курганская область,Альменевский муниципальный округ,Муниципальный округ,45029.1,972.0,,,,66.0,,21.0,165.0,345.0,185.0,7380.0
37504000,37504000,2024,Курганская область,Белозерский муниципальный округ,Муниципальный округ,46685.9,1643.0,,,,126.0,,68.0,308.0,400.0,236.0,12696.0
37506000,37506000,2024,Курганская область,Варгашинский муниципальный округ,Муниципальный округ,55881.0,2591.0,34.0,,288.0,144.0,,119.0,344.0,545.0,260.0,15485.0
37508000,37508000,2024,Курганская область,Далматовский муниципальный округ,Муниципальный округ,58179.8,4835.0,,,554.0,183.0,51.0,196.0,448.0,931.0,745.0,11249.0
37509000,37509000,2024,Курганская область,Звериноголовский муниципальный округ,Муниципальный округ,43140.4,1072.0,,,,53.0,,56.0,183.0,297.0,244.0,6573.0
37510000,37510000,2024,Курганская область,Каргапольский муниципальный округ,Муниципальный округ,51130.4,3278.0,,,359.0,107.0,,168.0,420.0,1016.0,585.0,25283.0
37512000,37512000,2024,Курганская область,Катайский муниципальный округ,Муниципальный округ,51186.3,3284.0,74.0,,761.0,132.0,51.0,175.0,399.0,732.0,480.0,7071.0
37514000,37514000,2024,Курганская область,Кетовский муниципальный округ,Муниципальный округ,50279.4,6503.0,459.0,,1130.0,87.0,,242.0,951.0,1860.0,991.0,55102.0
37516000,37516000,2024,Курганская область,Куртамышский муниципальный округ,Муниципальный округ,48743.6,3670.0,481.0,,15.0,215.0,,176.0,542.0,1043.0,680.0,9502.0
37518000,37518000,2024,Курганская область,Лебяжьевский муниципальный округ,Муниципальный округ,47412.1,1482.0,,,,138.0,,84.0,267.0,474.0,230.0,5580.0
37520000,37520000,2024,Курганская область,Макушинский муниципальный округ,Муниципальный округ,54038.3,2165.0,,,,173.0,,100.0,360.0,607.0,288.0,11993.0
37522000,37522000,2024,Курганская область,Мишкинский муниципальный округ,Муниципальный округ,49546.9,2333.0,225.0,,,138.0,,93.0,277.0,579.0,439.0,12441.0
37524000,37524000,2024,Курганская область,Мокроусовский муниципальный округ,Муниципальный округ,45432.5,1243.0,8.0,,,106.0,,43.0,201.0,393.0,212.0,8983.0
37526000,37526000,2024,Курганская область,Петуховский муниципальный округ,Муниципальный округ,48003.8,2111.0,,,,148.0,,155.0,443.0,489.0,378.0,13666.0
37528000,37528000,2024,Курганская область,Половинский муниципальный округ,Муниципальный округ,45206.2,1280.0,,,,57.0,,53.0,218.0,346.0,280.0,7740.0
37530000,37530000,2024,Курганская область,Притобольный муниципальный округ,Муниципальный округ,49686.9,1287.0,86.0,,,106.0,,55.0,222.0,405.0,190.0,9619.0
37532000,37532000,2024,Курганская область,Сафакулевский муниципальный округ,Муниципальный округ,44629.8,1384.0,211.0,,,65.0,,37.0,237.0,344.0,260.0,10385.0
37534000,37534000,2024,Курганская область,Целинный муниципальный округ,Муниципальный округ,43999.1,1590.0,118.0,,,129.0,,52.0,277.0,507.0,254.0,11754.0
37536000,37536000,2024,Курганская область,Частоозерский муниципальный округ,Муниципальный округ,45036.5,641.0,,,,62.0,,17.0,130.0,185.0,103.0,4540.0
37538000,37538000,2024,Курганская область,Шадринский муниципальный округ,Муниципальный округ,47294.7,2282.0,309.0,,,139.0,,,219.0,658.0,,24509.0
37540000,37540000,2024,Курганская область,Шатровский муниципальный округ,Муниципальный округ,43750.6,1938.0,73.0,,,135.0,,71.0,300.0,390.0,241.0,13663.0
37542000,37542000,2024,Курганская область,Шумихинский муниципальный округ,Муниципальный округ,53181.2,3358.0,,,170.0,295.0,,200.0,501.0,643.0,464.0,7398.0
37544000,37544000,2024,Курганская область,Щучанский муниципальный округ,Муниципальный округ,55419.1,3675.0,226.0,,467.0,129.0,,124.0,728.0,836.0,430.0,15866.0
37546000,37546000,2024,Курганская область,Юргамышский муниципальный округ,Муниципальный округ,60492.6,3518.0,193.0,,397.0,81.0,,114.0,602.0,709.0,396.0,6433.0
37701000,37701000,2024,Курганская область,Город Курган,"Городской округ, городской округ с внутригородским делением",75790.7,93321.0,394.0,,32582.0,3470.0,1223.0,6404.0,10724.0,10226.0,11580.0,302354.0
37705000,37705000,2024,Курганская область,Город Шадринск,"Городской округ, городской округ с внутригородским делением",64595.2,16992.0,63.0,,6148.0,880.0,184.0,968.0,1240.0,2835.0,2498.0,67884.0
38602000,38602000,2024,Курская область,Беловский муниципальный район,Муниципальный район,51558.6,2885.0,674.0,,425.0,,,68.0,251.0,632.0,458.0,13942.0
38603000,38603000,2024,Курская область,Большесолдатский муниципальный район,Муниципальный район,61769.3,2064.0,704.0,,247.0,,,12.0,210.0,437.0,215.0,10101.0
38604000,38604000,2024,Курская область,Глушковский муниципальный район,Муниципальный район,42421.7,3307.0,726.0,,411.0,63.0,20.0,88.0,368.0,929.0,472.0,8164.0
38606000,38606000,2024,Курская область,Горшеченский муниципальный район,Муниципальный район,60279.5,4293.0,1203.0,,1372.0,,,116.0,274.0,508.0,254.0,9207.0
38608000,38608000,2024,Курская область,Дмитриевский муниципальный район,Муниципальный район,55800.8,2426.0,932.0,,,,42.0,72.0,285.0,588.0,182.0,6082.0
38610000,38610000,2024,Курская область,Железногорский муниципальный район,Муниципальный район,65028.8,3462.0,1495.0,,,53.0,,270.0,92.0,526.0,186.0,13422.0
38612000,38612000,2024,Курская область,Золотухинский муниципальный район,Муниципальный район,54848.0,3251.0,673.0,,644.0,57.0,22.0,117.0,318.0,721.0,,4280.0
38614000,38614000,2024,Курская область,Касторенский муниципальный район,Муниципальный район,63248.3,3949.0,648.0,,1415.0,98.0,45.0,81.0,316.0,590.0,233.0,13736.0
38616000,38616000,2024,Курская область,Конышевский муниципальный район,Муниципальный район,64882.3,2065.0,,,,27.0,,37.0,195.0,267.0,150.0,8066.0
38618000,38618000,2024,Курская область,Кореневский муниципальный район,Муниципальный район,50457.9,2849.0,750.0,,,44.0,,73.0,232.0,634.0,295.0,9032.0
38620000,38620000,2024,Курская область,Курский муниципальный район,Муниципальный район,61704.4,10418.0,2065.0,,535.0,52.0,213.0,1058.0,644.0,1375.0,2827.0,55471.0
38621000,38621000,2024,Курская область,Курчатовский муниципальный район,Муниципальный район,57495.6,1888.0,231.0,,,,48.0,91.0,189.0,583.0,,9866.0
38622000,38622000,2024,Курская область,Льговский муниципальный район,Муниципальный район,44040.9,783.0,181.0,,,,,,37.0,450.0,,11448.0
38623000,38623000,2024,Курская область,Мантуровский муниципальный район,Муниципальный район,63897.2,2223.0,706.0,,,,,31.0,303.0,501.0,204.0,10999.0
38624000,38624000,2024,Курская область,Медвенский муниципальный район,Муниципальный район,66342.9,3388.0,768.0,,287.0,,,65.0,254.0,713.0,238.0,4304.0
38626000,38626000,2024,Курская область,Обоянский муниципальный район,Муниципальный район,50362.2,4000.0,844.0,,,,40.0,222.0,384.0,1157.0,483.0,27326.0
38628000,38628000,2024,Курская область,Октябрьский муниципальный район,Муниципальный район,72054.3,6213.0,,,,36.0,,136.0,299.0,699.0,307.0,17946.0
38630000,38630000,2024,Курская область,Поныровский муниципальный район,Муниципальный район,47763.1,1545.0,179.0,,,36.0,,59.0,234.0,423.0,276.0,5774.0
38632000,38632000,2024,Курская область,Пристенский муниципальный район,Муниципальный район,60146.0,3202.0,1084.0,,,63.0,,70.0,286.0,534.0,225.0,6664.0
38634000,38634000,2024,Курская область,Рыльский муниципальный район,Муниципальный район,48580.7,5160.0,656.0,,794.0,,117.0,226.0,538.0,1404.0,626.0,14052.0
38636000,38636000,2024,Курская область,Советский муниципальный район,Муниципальный район,56518.5,3338.0,556.0,,,,22.0,88.0,260.0,675.0,328.0,5315.0
38638000,38638000,2024,Курская область,Солнцевский муниципальный район,Муниципальный район,50897.4,1853.0,364.0,,,,,55.0,271.0,530.0,299.0,11743.0
38640000,38640000,2024,Курская область,Суджанский муниципальный район,Муниципальный район,51851.1,4823.0,859.0,,503.0,181.0,57.0,111.0,629.0,1032.0,527.0,19395.0
38642000,38642000,2024,Курская область,Тимский муниципальный район,Муниципальный район,46139.2,1382.0,87.0,,,,,53.0,217.0,418.0,243.0,6815.0
38644000,38644000,2024,Курская область,Фатежский муниципальный район,Муниципальный район,57253.9,3493.0,1211.0,,,,30.0,147.0,349.0,849.0,323.0,11528.0
38646000,38646000,2024,Курская область,Хомутовский муниципальный район,Муниципальный район,49609.6,1475.0,392.0,,,58.0,28.0,32.0,191.0,423.0,152.0,4413.0
38648000,38648000,2024,Курская область,Черемисиновский муниципальный район,Муниципальный район,50305.1,1623.0,242.0,,,,20.0,123.0,204.0,321.0,303.0,4194.0
38650000,38650000,2024,Курская область,Щигровский муниципальный район,Муниципальный район,57677.1,1398.0,512.0,,,,,49.0,43.0,509.0,163.0,9127.0
38701000,38701000,2024,Курская область,Город Курск,"Городской округ, городской округ с внутригородским делением",65058.2,109318.0,399.0,,21756.0,5165.0,1205.0,12070.0,14086.0,18267.0,14277.0,436678.0
38705000,38705000,2024,Курская область,Город Железногорск,"Городской округ, городской округ с внутригородским делением",76216.8,28813.0,,,7377.0,678.0,,1384.0,1180.0,3309.0,1817.0,95578.0
38708000,38708000,2024,Курская область,Город Курчатов,"Городской округ, городской округ с внутригородским делением",106753.2,30488.0,,,992.0,6990.0,297.0,562.0,723.0,1105.0,1172.0,39167.0
38710000,38710000,2024,Курская область,Город Льгов,"Городской округ, городской округ с внутригородским делением",50705.9,3463.0,172.0,,244.0,73.0,17.0,192.0,617.0,752.0,521.0,16779.0
38715000,38715000,2024,Курская область,Город Щигры,"Городской округ, городской округ с внутригородским делением",47151.8,3532.0,,,952.0,116.0,64.0,244.0,487.0,477.0,628.0,14386.0
40301000,40301000,2024,Санкт-Петербург,Муниципальный округ Коломна,Внутригородская территория города федерального значения,108102.7,17438.0,,,7276.0,,,174.0,1409.0,3694.0,1225.0,33530.0
40302000,40302000,2024,Санкт-Петербург,Муниципальный округ Сенной округ,Внутригородская территория города федерального значения,161058.2,14516.0,,,,,,1621.0,644.0,2220.0,541.0,20360.0
40303000,40303000,2024,Санкт-Петербург,Муниципальный округ Адмиралтейский округ,Внутригородская территория города федерального значения,173598.5,41964.0,,212.0,1438.0,,,2489.0,9055.0,2320.0,1062.0,23945.0
40304000,40304000,2024,Санкт-Петербург,Муниципальный округ Семеновский,Внутригородская территория города федерального значения,121453.5,33724.0,,,,,,782.0,818.0,1182.0,1838.0,22123.0
40305000,40305000,2024,Санкт-Петербург,Муниципальный округ Измайловское,Внутригородская территория города федерального значения,101555.8,28062.0,,,2196.0,,,12655.0,947.0,3856.0,356.0,32593.0
40306000,40306000,2024,Санкт-Петербург,Муниципальный округ Екатерингофский,Внутригородская территория города федерального значения,125997.2,19257.0,,,3858.0,,,3322.0,523.0,1259.0,2535.0,21671.0
40307000,40307000,2024,Санкт-Петербург,Муниципальный округ № 7,Внутригородская территория города федерального значения,134158.9,45747.0,,,7319.0,,,1927.0,1471.0,11775.0,3907.0,36091.0
40308000,40308000,2024,Санкт-Петербург,Муниципальный округ Васильевский,Внутригородская территория города федерального значения,134399.1,14591.0,,,2589.0,,,1200.0,36.0,1638.0,1449.0,31425.0
40309000,40309000,2024,Санкт-Петербург,Муниципальный округ Гавань,Внутригородская территория города федерального значения,184908.8,14463.0,,,2362.0,,,696.0,164.0,1135.0,1117.0,41047.0
40310000,40310000,2024,Санкт-Петербург,Муниципальный округ Морской,Внутригородская территория города федерального значения,128388.0,1893.0,,,,,,,24.0,505.0,,36080.0
40311000,40311000,2024,Санкт-Петербург,Муниципальный округ Остров Декабристов,Внутригородская территория города федерального значения,151689.0,10605.0,,,1649.0,,,1386.0,652.0,1338.0,654.0,60755.0
40312000,40312000,2024,Санкт-Петербург,Поселок Левашово,Внутригородская территория города федерального значения,125672.2,1679.0,,,496.0,,,69.0,110.0,,,6101.0
40313000,40313000,2024,Санкт-Петербург,Поселок Парголово,Внутригородская территория города федерального значения,106082.5,7845.0,,,2007.0,,18.0,2328.0,29.0,1949.0,,111145.0
40314000,40314000,2024,Санкт-Петербург,Муниципальный округ Сампсониевское,Внутригородская территория города федерального значения,134530.3,46087.0,,,11072.0,,,5314.0,1787.0,4412.0,8944.0,39068.0
40315000,40315000,2024,Санкт-Петербург,Муниципальный округ Светлановское,Внутригородская территория города федерального значения,114557.0,32001.0,,,6461.0,,,2765.0,1195.0,2790.0,3471.0,89796.0
40316000,40316000,2024,Санкт-Петербург,Муниципальный округ Сосновское,Внутригородская территория города федерального значения,109650.5,7223.0,,,,,,23.0,43.0,1494.0,5009.0,60378.0
40317000,40317000,2024,Санкт-Петербург,Муниципальный округ № 15,Внутригородская территория города федерального значения,105497.0,5047.0,,,1271.0,,,1293.0,,1434.0,495.0,60902.0
40318000,40318000,2024,Санкт-Петербург,Муниципальный округ Сергиевское,Внутригородская территория города федерального значения,135662.9,11224.0,,,4692.0,,,1741.0,167.0,1618.0,455.0,60031.0
40319000,40319000,2024,Санкт-Петербург,Муниципальный округ Шувалово-Озерки,Внутригородская территория города федерального значения,90022.3,7964.0,,,,,,3569.0,22.0,2559.0,1158.0,116146.0
40320000,40320000,2024,Санкт-Петербург,Поселок Лисий Нос,Внутригородская территория города федерального значения,116882.1,2572.0,,,,,,,,140.0,,6508.0
40321000,40321000,2024,Санкт-Петербург,Муниципальный округ Лахта-Ольгино,Внутригородская территория города федерального значения,405587.4,9722.0,,,878.0,,,4206.0,19.0,347.0,428.0,15567.0
40322000,40322000,2024,Санкт-Петербург,Муниципальный округ № 65,Внутригородская территория города федерального значения,127853.4,22608.0,,,2208.0,,,7699.0,299.0,3752.0,2009.0,191571.0
40323000,40323000,2024,Санкт-Петербург,Муниципальный округ Ланское,Внутригородская территория города федерального значения,148160.9,19650.0,,,,,,1574.0,1010.0,4443.0,1772.0,70100.0
40324000,40324000,2024,Санкт-Петербург,Муниципальный округ Комендантский аэродром,Внутригородская территория города федерального значения,122732.3,15576.0,,,368.0,,,3378.0,,1738.0,1343.0,94400.0
40325000,40325000,2024,Санкт-Петербург,Муниципальный округ Озеро Долгое,Внутригородская территория города федерального значения,111013.4,19376.0,,,810.0,,,6184.0,1119.0,2038.0,1182.0,91526.0
40326000,40326000,2024,Санкт-Петербург,Муниципальный округ Юнтолово,Внутригородская территория города федерального значения,131474.9,12121.0,,,2030.0,,,1293.0,244.0,2360.0,62.0,115111.0
40327000,40327000,2024,Санкт-Петербург,Муниципальный округ Коломяги,Внутригородская территория города федерального значения,118280.7,13984.0,,,4087.0,,,361.0,44.0,2123.0,5640.0,119292.0
40328000,40328000,2024,Санкт-Петербург,Муниципальный округ Гражданка,Внутригородская территория города федерального значения,136485.7,15417.0,,,,,,2805.0,,1643.0,,67654.0
40329000,40329000,2024,Санкт-Петербург,Муниципальный округ Академическое,Внутригородская территория города федерального значения,120412.0,16262.0,,,1121.0,,,60.0,284.0,7217.0,4078.0,108549.0
40330000,40330000,2024,Санкт-Петербург,Муниципальный округ Финляндский округ,Внутригородская территория города федерального значения,139671.6,50067.0,,,14609.0,,,3732.0,2593.0,2420.0,3609.0,72078.0
40331000,40331000,2024,Санкт-Петербург,Муниципальный округ № 21,Внутригородская территория города федерального значения,103820.0,6566.0,,,,,,411.0,58.0,1368.0,794.0,76567.0
40332000,40332000,2024,Санкт-Петербург,Муниципальный округ Пискаревка,Внутригородская территория города федерального значения,106376.8,8920.0,,,1258.0,,,1693.0,124.0,2427.0,1408.0,81396.0
40333000,40333000,2024,Санкт-Петербург,Муниципальный округ Северный,Внутригородская территория города федерального значения,88848.6,2941.0,,,,,,551.0,,1248.0,711.0,48022.0
40334000,40334000,2024,Санкт-Петербург,Муниципальный округ Прометей,Внутригородская территория города федерального значения,83890.2,4447.0,,,,,,232.0,39.0,1781.0,69.0,76479.0
40335000,40335000,2024,Санкт-Петербург,Муниципальный округ Княжево,Внутригородская территория города федерального значения,131825.9,11318.0,,,387.0,,,4101.0,281.0,1650.0,859.0,59699.0
40336000,40336000,2024,Санкт-Петербург,Муниципальный округ Ульянка,Внутригородская территория города федерального значения,81411.9,4198.0,,,,,,181.0,23.0,2158.0,1289.0,76019.0
40337000,40337000,2024,Санкт-Петербург,Муниципальный округ Дачное,Внутригородская территория города федерального значения,79387.8,2464.0,,,,,,71.0,,1489.0,55.0,70462.0
40338000,40338000,2024,Санкт-Петербург,Муниципальный округ Автово,Внутригородская территория города федерального значения,132541.9,18393.0,,,5366.0,297.0,,1161.0,225.0,1379.0,232.0,42639.0
40339000,40339000,2024,Санкт-Петербург,Муниципальный округ Нарвский округ,Внутригородская территория города федерального значения,117340.4,39652.0,,,15532.0,,441.0,2516.0,1744.0,1457.0,1768.0,33260.0
40340000,40340000,2024,Санкт-Петербург,Муниципальный округ Красненькая речка,Внутригородская территория города федерального значения,88191.4,1271.0,,,,,,133.0,28.0,740.0,,38302.0
40341000,40341000,2024,Санкт-Петербург,Муниципальный округ Морские ворота,Внутригородская территория города федерального значения,129501.2,10356.0,,,900.0,,,342.0,1658.0,1223.0,30.0,10430.0
40342000,40342000,2024,Санкт-Петербург,Город Колпино,Внутригородская территория города федерального значения,104491.6,32436.0,,,12510.0,,,3544.0,2151.0,4800.0,3540.0,145875.0
40343000,40343000,2024,Санкт-Петербург,Поселок Металлострой,Внутригородская территория города федерального значения,120868.5,7832.0,,,,,,314.0,190.0,778.0,,27407.0
40344000,40344000,2024,Санкт-Петербург,Поселок Петро-Славянка,Внутригородская территория города федерального значения,150460.3,569.0,,,,,,266.0,34.0,,,2097.0
40345000,40345000,2024,Санкт-Петербург,Поселок Понтонный,Внутригородская территория города федерального значения,121181.9,3912.0,,,,,,255.0,81.0,327.0,,8552.0
40346000,40346000,2024,Санкт-Петербург,Поселок Саперный,Внутригородская территория города федерального значения,79002.6,506.0,,,499.0,,,,,,,1618.0
40347000,40347000,2024,Санкт-Петербург,Поселок Усть-Ижора,Внутригородская территория города федерального значения,112857.8,219.0,,,,,,,,,,2604.0
40348000,40348000,2024,Санкт-Петербург,Муниципальный округ Полюстрово,Внутригородская территория города федерального значения,109170.8,10293.0,,,,,,1220.0,158.0,1610.0,1307.0,75419.0
40349000,40349000,2024,Санкт-Петербург,Муниципальный округ Большая Охта,Внутригородская территория города федерального значения,107544.0,13379.0,,,2035.0,,,2064.0,1444.0,1430.0,1317.0,57831.0
40350000,40350000,2024,Санкт-Петербург,Муниципальный округ Малая Охта,Внутригородская территория города федерального значения,149041.5,19261.0,,,,,,4811.0,212.0,1942.0,712.0,43157.0
40351000,40351000,2024,Санкт-Петербург,Муниципальный округ Пороховые,Внутригородская территория города федерального значения,99455.2,9163.0,,,1161.0,,,1507.0,36.0,3072.0,1678.0,128099.0
40352000,40352000,2024,Санкт-Петербург,Муниципальный округ Ржевка,Внутригородская территория города федерального значения,112774.9,14961.0,,,7548.0,,,1172.0,537.0,1740.0,708.0,60985.0
40353000,40353000,2024,Санкт-Петербург,Город Красное Село,Внутригородская территория города федерального значения,99429.6,7507.0,,,2783.0,,,525.0,827.0,1561.0,,60306.0
40354000,40354000,2024,Санкт-Петербург,Муниципальный округ Юго-Запад,Внутригородская территория города федерального значения,83016.2,3617.0,,,,,,1491.0,,1702.0,,58402.0
40355000,40355000,2024,Санкт-Петербург,Муниципальный округ Южно-Приморский,Внутригородская территория города федерального значения,95978.1,12463.0,,,,,,4537.0,263.0,3674.0,1871.0,128489.0
40356000,40356000,2024,Санкт-Петербург,Муниципальный округ Сосновая поляна,Внутригородская территория города федерального значения,93823.1,6105.0,,,703.0,,,405.0,,3177.0,301.0,73238.0
40357000,40357000,2024,Санкт-Петербург,Муниципальный округ Урицк,Внутригородская территория города федерального значения,96371.5,6690.0,,,,,,353.0,1208.0,1208.0,3530.0,50257.0
40358000,40358000,2024,Санкт-Петербург,Муниципальный округ Константиновское,Внутригородская территория города федерального значения,79940.4,3695.0,,,,,,,191.0,1182.0,990.0,35619.0
40359000,40359000,2024,Санкт-Петербург,Муниципальный округ Горелово,Внутригородская территория города федерального значения,97190.5,3162.0,,,657.0,,610.0,805.0,49.0,384.0,,28519.0
40360000,40360000,2024,Санкт-Петербург,Город Кронштадт,Внутригородская территория города федерального значения,80937.2,6187.0,,,,,,105.0,1425.0,1303.0,1196.0,44515.0
40361000,40361000,2024,Санкт-Петербург,Город Зеленогорск,Внутригородская территория города федерального значения,83433.5,2207.0,,,,,,,129.0,429.0,1084.0,15462.0
40362000,40362000,2024,Санкт-Петербург,Город Сестрорецк,Внутригородская территория города федерального значения,109561.6,8663.0,,,1135.0,,,248.0,801.0,1356.0,3287.0,45935.0
40363000,40363000,2024,Санкт-Петербург,Поселок Белоостров,Внутригородская территория города федерального значения,74903.6,65.0,,,,,,,,,,2440.0
40364000,40364000,2024,Санкт-Петербург,Поселок Комарово,Внутригородская территория города федерального значения,69248.9,313.0,,,,,,,127.0,,,1495.0
40365000,40365000,2024,Санкт-Петербург,Поселок Молодежное,Внутригородская территория города федерального значения,84127.2,266.0,,,,,,,,,,1679.0
40366000,40366000,2024,Санкт-Петербург,Поселок Песочный,Внутригородская территория города федерального значения,145968.3,3507.0,,,,,,,16.0,199.0,3119.0,9869.0
40367000,40367000,2024,Санкт-Петербург,Поселок Репино,Внутригородская территория города федерального значения,68377.7,280.0,,,,,,,,,,2940.0
40368000,40368000,2024,Санкт-Петербург,Поселок Серово,Внутригородская территория города федерального значения,74115.7,9.0,,,,,,,,,,312.0
40369000,40369000,2024,Санкт-Петербург,Поселок Смолячково,Внутригородская территория города федерального значения,81395.7,578.0,,,,,,,,,578.0,815.0
40370000,40370000,2024,Санкт-Петербург,Поселок Солнечное,Внутригородская территория города федерального значения,86641.1,392.0,,,,,,,,,,1992.0
40371000,40371000,2024,Санкт-Петербург,Поселок Ушково,Внутригородская территория города федерального значения,91565.5,403.0,,,,,,,,,337.0,803.0
40372000,40372000,2024,Санкт-Петербург,Город Ломоносов,Внутригородская территория города федерального значения,92014.9,6957.0,,,1027.0,,,70.0,1610.0,1190.0,1063.0,38558.0
40373000,40373000,2024,Санкт-Петербург,Муниципальный округ Московская застава,Внутригородская территория города федерального значения,162233.1,58150.0,311.0,358.0,11418.0,1777.0,1251.0,10016.0,1903.0,2524.0,2288.0,44916.0
40374000,40374000,2024,Санкт-Петербург,Муниципальный округ Гагаринское,Внутригородская территория города федерального значения,110892.9,16436.0,,,,,,2936.0,65.0,2049.0,1047.0,65624.0
40375000,40375000,2024,Санкт-Петербург,Муниципальный округ Новоизмайловское,Внутригородская территория города федерального значения,131139.0,14938.0,,,1686.0,,,1381.0,557.0,1904.0,2867.0,83316.0
40376000,40376000,2024,Санкт-Петербург,Муниципальный округ Пулковский меридиан,Внутригородская территория города федерального значения,146876.2,28158.0,,,1499.0,,,3865.0,795.0,2628.0,734.0,45574.0
40377000,40377000,2024,Санкт-Петербург,Муниципальный округ Звездное,Внутригородская территория города федерального значения,140023.1,16550.0,,,2181.0,,,3114.0,348.0,1597.0,1776.0,93726.0
40378000,40378000,2024,Санкт-Петербург,Муниципальный округ Невская застава,Внутригородская территория города федерального значения,111001.4,27280.0,,,7854.0,676.0,278.0,3446.0,1108.0,919.0,702.0,28050.0
40379000,40379000,2024,Санкт-Петербург,Муниципальный округ Ивановский,Внутригородская территория города федерального значения,94443.0,9393.0,,,3747.0,162.0,,91.0,306.0,551.0,359.0,27157.0
40380000,40380000,2024,Санкт-Петербург,Муниципальный округ Обуховский,Внутригородская территория города федерального значения,106569.0,8363.0,,,3038.0,,,318.0,798.0,1820.0,1397.0,56679.0
40381000,40381000,2024,Санкт-Петербург,Муниципальный округ Рыбацкое,Внутригородская территория города федерального значения,122881.2,17117.0,,,9830.0,,,1429.0,815.0,1236.0,738.0,70132.0
40382000,40382000,2024,Санкт-Петербург,Муниципальный округ Народный,Внутригородская территория города федерального значения,110914.1,10472.0,,,,,,2009.0,292.0,2110.0,2821.0,79762.0
40383000,40383000,2024,Санкт-Петербург,Муниципальный округ № 54,Внутригородская территория города федерального значения,85933.2,3598.0,,,,,,1386.0,36.0,1229.0,,67469.0
40384000,40384000,2024,Санкт-Петербург,Муниципальный округ Невский округ,Внутригородская территория города федерального значения,99233.6,3521.0,,,,,,851.0,,1743.0,554.0,69494.0
40385000,40385000,2024,Санкт-Петербург,Муниципальный округ Оккервиль,Внутригородская территория города федерального значения,91327.1,2483.0,,,,,,141.0,,1566.0,639.0,61924.0
40386000,40386000,2024,Санкт-Петербург,Муниципальный округ Правобережный,Внутригородская территория города федерального значения,131801.7,8183.0,,,,,,679.0,635.0,1764.0,3695.0,88163.0
40387000,40387000,2024,Санкт-Петербург,Город Павловск,Внутригородская территория города федерального значения,86920.1,2520.0,,,,,,,,963.0,862.0,18097.0
40388000,40388000,2024,Санкт-Петербург,Поселок Тярлево,Внутригородская территория города федерального значения,95265.3,377.0,,,,,,,,,,1695.0
40389000,40389000,2024,Санкт-Петербург,Муниципальный округ Введенский,Внутригородская территория города федерального значения,157832.9,8473.0,,,,,,534.0,326.0,911.0,284.0,15440.0
40390000,40390000,2024,Санкт-Петербург,Муниципальный округ Кронверкское,Внутригородская территория города федерального значения,157393.5,9688.0,,,,,,905.0,17.0,2592.0,,16497.0
40391000,40391000,2024,Санкт-Петербург,Муниципальный округ Посадский,Внутригородская территория города федерального значения,128583.0,29430.0,,,,,,7445.0,976.0,786.0,737.0,15788.0
40392000,40392000,2024,Санкт-Петербург,Муниципальный округ Аптекарский остров,Внутригородская территория города федерального значения,153575.1,22698.0,,,1618.0,,,2398.0,221.0,4497.0,4914.0,20583.0
40393000,40393000,2024,Санкт-Петербург,Муниципальный округ округ Петровский,Внутригородская территория города федерального значения,107416.3,6581.0,,,1909.0,,,1025.0,296.0,719.0,341.0,17453.0
40394000,40394000,2024,Санкт-Петербург,Муниципальный округ Чкаловское,Внутригородская территория города федерального значения,189818.6,26506.0,,,,,,3218.0,3432.0,3182.0,3837.0,29553.0
40395000,40395000,2024,Санкт-Петербург,Город Петергоф,Внутригородская территория города федерального значения,99081.5,14555.0,,,,,,430.0,907.0,2291.0,2936.0,80345.0
40396000,40396000,2024,Санкт-Петербург,Поселок Стрельна,Внутригородская территория города федерального значения,203097.6,5321.0,,,3412.0,,,19.0,230.0,452.0,,14268.0
40397000,40397000,2024,Санкт-Петербург,Город Пушкин,Внутригородская территория города федерального значения,96984.5,19181.0,,,1113.0,,,381.0,1372.0,5579.0,4976.0,108470.0
40398000,40398000,2024,Санкт-Петербург,Поселок Александровская,Внутригородская территория города федерального значения,75138.9,72.0,,,,,,,,,,3104.0
40901000,40901000,2024,Санкт-Петербург,Поселок Шушары,Внутригородская территория города федерального значения,113087.1,17094.0,,,,,,6419.0,,3213.0,,138847.0
40902000,40902000,2024,Санкт-Петербург,Муниципальный округ Волковское,Внутригородская территория города федерального значения,111006.0,29765.0,,,6116.0,,,3474.0,1285.0,3376.0,2908.0,61193.0
40903000,40903000,2024,Санкт-Петербург,Муниципальный округ № 72,Внутригородская территория города федерального значения,95415.1,5813.0,,,639.0,,,91.0,456.0,1720.0,678.0,67637.0
40904000,40904000,2024,Санкт-Петербург,Муниципальный округ Купчино,Внутригородская территория города федерального значения,96447.9,4657.0,,,,,,672.0,,1444.0,2220.0,55958.0
40905000,40905000,2024,Санкт-Петербург,Муниципальный округ Георгиевский,Внутригородская территория города федерального значения,95187.5,3214.0,,,,,,142.0,,2006.0,894.0,92071.0
40906000,40906000,2024,Санкт-Петербург,Муниципальный округ Александровский,Внутригородская территория города федерального значения,103672.1,9451.0,,,1755.0,,,3689.0,354.0,1165.0,1401.0,62317.0
40907000,40907000,2024,Санкт-Петербург,Муниципальный округ Балканский,Внутригородская территория города федерального значения,109575.5,5541.0,,,,,,1125.0,,2024.0,2175.0,73743.0
40908000,40908000,2024,Санкт-Петербург,Муниципальный округ Дворцовый округ,Внутригородская территория города федерального значения,155058.8,26277.0,,,460.0,,,1057.0,1366.0,1754.0,3042.0,7273.0
40909000,40909000,2024,Санкт-Петербург,Муниципальный округ № 78,Внутригородская территория города федерального значения,126106.3,19426.0,,,113.0,,,1390.0,1123.0,7513.0,559.0,8978.0
40910000,40910000,2024,Санкт-Петербург,Муниципальный округ Литейный округ,Внутригородская территория города федерального значения,132047.4,31712.0,,,1398.0,,,3737.0,3342.0,3054.0,9293.0,39745.0
40911000,40911000,2024,Санкт-Петербург,Муниципальный округ Смольнинское,Внутригородская территория города федерального значения,144892.4,95746.0,,306.0,3760.0,129.0,8462.0,4645.0,18868.0,3319.0,6740.0,73451.0
40912000,40912000,2024,Санкт-Петербург,Муниципальный округ Лиговка-Ямская,Внутригородская территория города федерального значения,114002.5,18555.0,,,1163.0,,,1956.0,2014.0,863.0,3450.0,19437.0
40913000,40913000,2024,Санкт-Петербург,Муниципальный округ Владимирский округ,Внутригородская территория города федерального значения,162042.2,20482.0,,,510.0,,,2875.0,997.0,1568.0,946.0,49727.0
41603000,41603000,2024,Ленинградская область,Бокситогорский муниципальный район,Муниципальный район,75396.5,9399.0,330.0,,3403.0,473.0,,452.0,691.0,1349.0,996.0,50855.0
41606000,41606000,2024,Ленинградская область,Волосовский муниципальный район,Муниципальный район,68765.7,6450.0,835.0,,989.0,,,577.0,635.0,1329.0,788.0,50257.0
41609000,41609000,2024,Ленинградская область,Волховский муниципальный район,Муниципальный район,77006.3,19548.0,777.0,,5177.0,452.0,417.0,1477.0,1103.0,2399.0,2195.0,21710.0
41612000,41612000,2024,Ленинградская область,Всеволожский муниципальный район,Муниципальный район,99062.8,78447.0,1424.0,192.0,16594.0,1939.0,766.0,17261.0,5549.0,10543.0,8227.0,152782.0
41615000,41615000,2024,Ленинградская область,Выборгский муниципальный район,Муниципальный район,91584.5,39970.0,1305.0,1994.0,7174.0,5225.0,1076.0,2442.0,3487.0,4792.0,3954.0,69185.0
41618000,41518000,2024,Ленинградская область,Гатчинский муниципальный район,Муниципальный район,82586.4,43110.0,1005.0,,10890.0,1193.0,,3827.0,2409.0,5560.0,5855.0,153872.0
41621000,41621000,2024,Ленинградская область,Кингисеппский муниципальный район,Муниципальный район,123058.2,43581.0,,,5045.0,671.0,,1610.0,2205.0,1995.0,1503.0,25002.0
41624000,41624000,2024,Ленинградская область,Киришский муниципальный район,Муниципальный район,85514.2,18249.0,257.0,,7008.0,,,1428.0,1255.0,1794.0,1314.0,52107.0
41625000,41625000,2024,Ленинградская область,Кировский муниципальный район,Муниципальный район,86859.3,22069.0,,,4753.0,965.0,,1480.0,1566.0,2706.0,1318.0,11598.0
41627000,41627000,2024,Ленинградская область,Лодейнопольский муниципальный район,Муниципальный район,59047.6,4514.0,313.0,,333.0,,,324.0,516.0,857.0,1080.0,7820.0
41630000,41630000,2024,Ленинградская область,Ломоносовский муниципальный район,Муниципальный район,115167.4,20773.0,910.0,,7947.0,386.0,,4025.0,1043.0,1998.0,347.0,90576.0
41633000,41633000,2024,Ленинградская область,Лужский муниципальный район,Муниципальный район,70100.0,10263.0,623.0,,1951.0,,383.0,1247.0,1259.0,1795.0,1745.0,74392.0
41636000,41636000,2024,Ленинградская область,Подпорожский муниципальный район,Муниципальный район,61376.2,3977.0,,,552.0,,152.0,299.0,503.0,814.0,788.0,2616.0
41639000,41639000,2024,Ленинградская область,Приозерский муниципальный район,Муниципальный район,70647.0,10867.0,1199.0,,1116.0,58.0,,860.0,1167.0,1802.0,1078.0,56730.0
41642000,41642000,2024,Ленинградская область,Сланцевский муниципальный район,Муниципальный район,77914.9,5879.0,268.0,,1243.0,317.0,323.0,450.0,545.0,987.0,1010.0,33514.0
41645000,41645000,2024,Ленинградская область,Тихвинский муниципальный район,Муниципальный район,82246.9,18700.0,303.0,,9566.0,798.0,372.0,926.0,880.0,1969.0,1842.0,11850.0
41648000,41648000,2024,Ленинградская область,Тосненский муниципальный район,Муниципальный район,81263.9,24426.0,836.0,42.0,6230.0,573.0,397.0,4300.0,2056.0,2635.0,1697.0,85648.0
41754000,41754000,2024,Ленинградская область,Сосновоборский,"Городской округ, городской округ с внутригородским делением",120590.6,24185.0,,,1708.0,6518.0,596.0,984.0,718.0,1826.0,1062.0,63462.0
42503000,42503000,2024,Липецкая область,Воловский муниципальный округ,Муниципальный округ,50078.5,1638.0,284.0,,,,,73.0,261.0,341.0,346.0,
42515000,42515000,2024,Липецкая область,Добровский муниципальный округ,Муниципальный округ,51940.4,3688.0,978.0,,84.0,,,180.0,385.0,717.0,701.0,
42527000,42527000,2024,Липецкая область,Измалковский муниципальный округ,Муниципальный округ,52783.7,2295.0,561.0,,,,,164.0,281.0,504.0,307.0,
42542000,42542000,2024,Липецкая область,Становлянский муниципальный округ,Муниципальный округ,59976.3,2818.0,585.0,,,,,132.0,415.0,466.0,,
42606000,42606000,2024,Липецкая область,Грязинский муниципальный район,Муниципальный район,77641.9,14662.0,795.0,,5538.0,759.0,399.0,714.0,870.0,1528.0,2069.0,33612.0
42609000,42609000,2024,Липецкая область,Данковский муниципальный район,Муниципальный район,59157.2,6538.0,1652.0,,993.0,201.0,,308.0,569.0,1091.0,620.0,12980.0
42612000,42612000,2024,Липецкая область,Добринский муниципальный район,Муниципальный район,65120.6,4485.0,1383.0,,398.0,104.0,68.0,164.0,483.0,745.0,651.0,32283.0
42618000,42618000,2024,Липецкая область,Долгоруковский муниципальный район,Муниципальный район,56006.8,2657.0,655.0,,,,,105.0,306.0,531.0,386.0,15713.0
42621000,42621000,2024,Липецкая область,Елецкий муниципальный район,Муниципальный район,66713.9,5429.0,2035.0,,399.0,96.0,,55.0,184.0,876.0,579.0,29327.0
42624000,42624000,2024,Липецкая область,Задонский муниципальный район,Муниципальный район,71890.0,5900.0,1413.0,,473.0,,124.0,296.0,585.0,912.0,974.0,23731.0
42630000,42630000,2024,Липецкая область,Краснинский муниципальный район,Муниципальный район,67414.5,2690.0,535.0,,,,,98.0,244.0,378.0,283.0,13181.0
42633000,42633000,2024,Липецкая область,Лебедянский муниципальный район,Муниципальный район,65478.8,10495.0,1465.0,,4838.0,447.0,150.0,524.0,586.0,1056.0,641.0,19020.0
42636000,42636000,2024,Липецкая область,Лев-Толстовский муниципальный район,Муниципальный район,62104.5,2725.0,810.0,,,69.0,,140.0,282.0,484.0,,16181.0
42640000,42540000,2024,Липецкая область,Липецкий муниципальный район,Муниципальный район,72402.0,10536.0,2012.0,,3886.0,129.0,,687.0,255.0,1154.0,806.0,60096.0
42645000,42645000,2024,Липецкая область,Тербунский муниципальный район,Муниципальный район,62431.8,4717.0,845.0,,1217.0,,,193.0,453.0,770.0,,20466.0
42648000,42648000,2024,Липецкая область,Усманский муниципальный район,Муниципальный район,53900.6,7237.0,1949.0,,640.0,172.0,,302.0,940.0,1485.0,1003.0,30007.0
42652000,42652000,2024,Липецкая область,Хлевенский муниципальный район,Муниципальный район,59234.2,3076.0,452.0,,,,38.0,267.0,373.0,612.0,,0.0
42656000,42656000,2024,Липецкая область,Чаплыгинский муниципальный район,Муниципальный район,59232.0,4873.0,914.0,,662.0,,,386.0,531.0,782.0,609.0,29850.0
42701000,42701000,2024,Липецкая область,Город Липецк,"Городской округ, городской округ с внутригородским делением",80260.6,131408.0,953.0,,41936.0,4308.0,2164.0,11949.0,13112.0,15119.0,14611.0,485260.0
42715000,42715000,2024,Липецкая область,Город Елец,"Городской округ, городской округ с внутригородским делением",60220.9,23471.0,,425.0,7321.0,992.0,418.0,1396.0,2118.0,3164.0,3252.0,94902.0
44502000,44502000,2024,Магаданская область,Ольский,Муниципальный округ,116776.1,1857.0,,,,,,,417.0,482.0,322.0,5704.0
44504000,44504000,2024,Магаданская область,Омсукчанский,Муниципальный округ,199492.7,3442.0,,1740.0,,,,,273.0,200.0,94.0,4345.0
44507000,44507000,2024,Магаданская область,Северо-Эвенский,Муниципальный округ,202127.9,1934.0,32.0,1165.0,,,,,182.0,175.0,68.0,246.0
44510000,44510000,2024,Магаданская область,Среднеканский,Муниципальный округ,142671.6,1510.0,,,,221.0,,8.0,153.0,91.0,90.0,64.0
44513000,44513000,2024,Магаданская область,Сусуманский,Муниципальный округ,189436.7,3913.0,,2171.0,,635.0,,,225.0,226.0,201.0,5765.0
44516000,44516000,2024,Магаданская область,Тенькинский,Муниципальный округ,179170.3,6828.0,,4427.0,,277.0,,,209.0,157.0,111.0,487.0
44519000,44519000,2024,Магаданская область,Хасынский,Муниципальный округ,134912.3,1652.0,,130.0,,170.0,79.0,22.0,404.0,367.0,234.0,688.0
44522000,44522000,2024,Магаданская область,Ягоднинский,Муниципальный округ,167101.4,4326.0,,2111.0,,675.0,,,279.0,269.0,425.0,5934.0
44701000,44701000,2024,Магаданская область,Город Магадан,"Городской округ, городской округ с внутригородским делением",155268.7,30520.0,785.0,,421.0,1946.0,,1464.0,6852.0,4194.0,4103.0,94768.0
45301000,45301000,2024,Москва,Муниципальный округ Богородское,Внутригородская территория города федерального значения,150817.4,8500.0,,,1307.0,,,816.0,76.0,1290.0,1459.0,107571.0
45302000,45302000,2024,Москва,Муниципальный округ Вешняки,Внутригородская территория города федерального значения,123692.0,8485.0,,,,,,143.0,,1724.0,4154.0,119585.0
45303000,45303000,2024,Москва,Муниципальный округ Восточное Измайлово,Внутригородская территория города федерального значения,139913.0,8481.0,,,213.0,,,1276.0,562.0,1014.0,4332.0,73857.0
45304000,45304000,2024,Москва,Муниципальный округ Восточный,Внутригородская территория города федерального значения,96567.2,1567.0,,,,,,11.0,419.0,936.0,,12454.0
45305000,45305000,2024,Москва,Муниципальный округ Гольяново,Внутригородская территория города федерального значения,132274.9,18955.0,,,3182.0,,,5071.0,179.0,2023.0,836.0,164715.0
45306000,45306000,2024,Москва,Муниципальный округ Ивановское,Внутригородская территория города федерального значения,108689.0,3269.0,,,,,,178.0,,1275.0,420.0,125062.0
45307000,45307000,2024,Москва,Муниципальный округ Измайлово,Внутригородская территория города федерального значения,125617.2,11073.0,,,418.0,31.0,,503.0,3624.0,2152.0,799.0,108666.0
45308000,45308000,2024,Москва,Муниципальный округ Косино-Ухтомский,Внутригородская территория города федерального значения,119476.7,7131.0,,,1344.0,,754.0,1364.0,,1259.0,557.0,89438.0
45309000,45309000,2024,Москва,Муниципальный округ Новогиреево,Внутригородская территория города федерального значения,139017.1,7880.0,,,362.0,,,2571.0,118.0,1003.0,1174.0,99348.0
45310000,45310000,2024,Москва,Муниципальный округ Новокосино,Внутригородская территория города федерального значения,115822.7,4017.0,,,,,,254.0,51.0,1534.0,645.0,107461.0
45311000,45311000,2024,Москва,Муниципальный округ Метрогородок,Внутригородская территория города федерального значения,115041.8,11043.0,,,3877.0,,,1784.0,,803.0,2016.0,40122.0
45312000,45312000,2024,Москва,Муниципальный округ Перово,Внутригородская территория города федерального значения,133502.6,25095.0,,,5575.0,,,3280.0,482.0,1367.0,5374.0,134308.0
45313000,45313000,2024,Москва,Муниципальный округ Северное Измайлово,Внутригородская территория города федерального значения,106671.0,3961.0,,,348.0,,,595.0,252.0,1564.0,243.0,84957.0
45314000,45314000,2024,Москва,Муниципальный округ Соколиная гора,Внутригородская территория города федерального значения,162116.6,48629.0,,,13572.0,1631.0,,2548.0,104.0,3029.0,3831.0,92805.0
45315000,45315000,2024,Москва,Муниципальный округ Сокольники,Внутригородская территория города федерального значения,180898.4,25273.0,,,1555.0,295.0,,4183.0,733.0,2651.0,5463.0,60396.0
45316000,45316000,2024,Москва,Муниципальный округ Преображенское,Внутригородская территория города федерального значения,197587.9,33970.0,,,2117.0,,,4249.0,3557.0,1054.0,3049.0,87933.0
45317000,45317000,2024,Москва,Муниципальный округ Внуково,Внутригородская территория города федерального значения,158742.3,14130.0,,,217.0,,,560.0,624.0,,,25182.0
45318000,45318000,2024,Москва,Муниципальный округ Дорогомилово,Внутригородская территория города федерального значения,183835.8,46551.0,,1050.0,1571.0,565.0,218.0,5264.0,1332.0,1433.0,3572.0,75669.0
45319000,45319000,2024,Москва,Муниципальный округ Крылатское,Внутригородская территория города федерального значения,251108.1,26751.0,,,1519.0,,,8320.0,1824.0,1397.0,1739.0,82363.0
45320000,45320000,2024,Москва,Муниципальный округ Кунцево,Внутригородская территория города федерального значения,153258.6,26996.0,,,2732.0,,,7742.0,513.0,2949.0,5949.0,151447.0
45321000,45321000,2024,Москва,Муниципальный округ Можайский,Внутригородская территория города федерального значения,219334.6,48964.0,,390.0,5473.0,1631.0,330.0,7991.0,1155.0,3572.0,1984.0,145961.0
45322000,45322000,2024,Москва,Муниципальный округ Ново-Переделкино,Внутригородская территория города федерального значения,121277.8,8080.0,,,1271.0,,,1262.0,,2068.0,1105.0,122058.0
45323000,45323000,2024,Москва,Муниципальный округ Очаково-Матвеевское,Внутригородская территория города федерального значения,143973.4,33530.0,,,4373.0,446.0,,4415.0,2046.0,1336.0,3092.0,126535.0
45324000,45324000,2024,Москва,Муниципальный округ Проспект Вернадского,Внутригородская территория города федерального значения,317345.3,19505.0,,1140.0,3861.0,,,3317.0,77.0,3118.0,2388.0,65316.0
45325000,45325000,2024,Москва,Муниципальный округ Раменки,Внутригородская территория города федерального значения,162475.6,50634.0,,175.0,371.0,,,5821.0,4970.0,16559.0,2969.0,151931.0
45326000,45326000,2024,Москва,Муниципальный округ Солнцево,Внутригородская территория города федерального значения,121441.6,13067.0,,,2093.0,1698.0,,1374.0,642.0,1946.0,1779.0,126309.0
45327000,45327000,2024,Москва,Муниципальный округ Тропарево-Никулино,Внутригородская территория города федерального значения,179236.2,22862.0,,,139.0,3158.0,,1258.0,,9644.0,576.0,128029.0
45328000,45328000,2024,Москва,Муниципальный округ Филевский парк,Внутригородская территория города федерального значения,163078.2,52061.0,,,5807.0,479.0,,5644.0,2798.0,885.0,5363.0,112388.0
45329000,45329000,2024,Москва,Муниципальный округ Фили-Давыдково,Внутригородская территория города федерального значения,163829.5,13238.0,,,172.0,,,3098.0,1586.0,2457.0,825.0,111926.0
45330000,45330000,2024,Москва,Муниципальный округ Крюково,Внутригородская территория города федерального значения,108061.4,6504.0,,,221.0,,,430.0,173.0,2029.0,568.0,110660.0
45331000,45331000,2024,Москва,Муниципальный округ Матушкино,Внутригородская территория города федерального значения,146480.9,9589.0,,,4110.0,,,412.0,171.0,866.0,93.0,43049.0
45332000,45332000,2024,Москва,Муниципальный округ Силино,Внутригородская территория города федерального значения,161249.9,7069.0,,,2947.0,,,930.0,1086.0,87.0,,42047.0
45333000,45333000,2024,Москва,Муниципальный округ Аэропорт,Внутригородская территория города федерального значения,241012.2,40430.0,,,1347.0,,,6940.0,555.0,2255.0,2165.0,81833.0
45334000,45334000,2024,Москва,Муниципальный округ Беговой,Внутригородская территория города федерального значения,192207.0,58968.0,,201.0,5167.0,52.0,,11458.0,425.0,1534.0,5993.0,43190.0
45335000,45335000,2024,Москва,Муниципальный округ Бескудниковский,Внутригородская территория города федерального значения,159783.3,4448.0,,,485.0,,,412.0,,1060.0,827.0,79896.0
45336000,45336000,2024,Москва,Муниципальный округ Войковский,Внутригородская территория города федерального значения,218129.8,46776.0,,,4905.0,,,7496.0,4493.0,1994.0,2424.0,72173.0
45337000,45337000,2024,Москва,Муниципальный округ Восточное Дегунино,Внутригородская территория города федерального значения,124829.0,6779.0,,,2725.0,,,1107.0,102.0,909.0,,101167.0
45338000,45338000,2024,Москва,Муниципальный округ Головинский,Внутригородская территория города федерального значения,151028.1,23948.0,,,1629.0,,,5711.0,881.0,1867.0,276.0,106612.0
45339000,45339000,2024,Москва,Муниципальный округ Дмитровский,Внутригородская территория города федерального значения,129755.4,8144.0,,,101.0,,,297.0,71.0,1047.0,3492.0,103496.0
45340000,45340000,2024,Москва,Муниципальный округ Западное Дегунино,Внутригородская территория города федерального значения,118175.0,9212.0,,,2455.0,,,2059.0,,1111.0,1612.0,84743.0
45341000,45341000,2024,Москва,Муниципальный округ Коптево,Внутригородская территория города федерального значения,190203.9,12644.0,,,1655.0,,,1435.0,,1808.0,649.0,103676.0
45342000,45342000,2024,Москва,Муниципальный округ Левобережный,Внутригородская территория города федерального значения,137148.0,9811.0,,,177.0,,,1879.0,126.0,672.0,1370.0,55420.0
45343000,45343000,2024,Москва,Муниципальный округ Молжаниновский,Внутригородская территория города федерального значения,140431.6,1268.0,,,124.0,,,236.0,,,,13337.0
45344000,45344000,2024,Москва,Муниципальный округ Савеловский,Внутригородская территория города федерального значения,215132.7,75111.0,,,2095.0,,,9158.0,92.0,989.0,1279.0,60149.0
45345000,45345000,2024,Москва,Муниципальный округ Сокол,Внутригородская территория города федерального значения,142955.5,28609.0,,,11666.0,,,802.0,,4989.0,,57677.0
45346000,45346000,2024,Москва,Муниципальный округ Тимирязевский,Внутригородская территория города федерального значения,216063.6,18360.0,,,71.0,,,2724.0,1182.0,3068.0,921.0,82774.0
45347000,45347000,2024,Москва,Муниципальный округ Ховрино,Внутригородская территория города федерального значения,106351.2,18877.0,,,606.0,,,13231.0,,1409.0,245.0,96233.0
45348000,45348000,2024,Москва,Муниципальный округ Хорошевский,Внутригородская территория города федерального значения,183231.2,101935.0,,127.0,3070.0,,,10815.0,4687.0,4824.0,674.0,75533.0
45349000,45349000,2024,Москва,Муниципальный округ Алексеевский,Внутригородская территория города федерального значения,150849.0,31664.0,,,1993.0,326.0,,3790.0,3500.0,3076.0,1850.0,77681.0
45350000,45350000,2024,Москва,Муниципальный округ Алтуфьевский,Внутригородская территория города федерального значения,129178.4,9782.0,,,214.0,,,247.0,43.0,623.0,465.0,55741.0
45351000,45351000,2024,Москва,Муниципальный округ Бабушкинский,Внутригородская территория города федерального значения,130245.0,13323.0,,,1232.0,,,1365.0,145.0,1195.0,3270.0,88627.0
45352000,45352000,2024,Москва,Муниципальный округ Бибирево,Внутригородская территория города федерального значения,100618.5,4478.0,,,,,,853.0,112.0,1669.0,231.0,158797.0
45353000,45353000,2024,Москва,Муниципальный округ Бутырский,Внутригородская территория города федерального значения,205249.2,25862.0,,,5819.0,792.0,,2701.0,935.0,883.0,313.0,71703.0
45354000,45354000,2024,Москва,Муниципальный округ Лианозово,Внутригородская территория города федерального значения,133442.7,6982.0,,,712.0,,,408.0,587.0,1004.0,1652.0,84105.0
45355000,45355000,2024,Москва,Муниципальный округ Лосиноостровский,Внутригородская территория города федерального значения,115734.3,4832.0,,,231.0,,,368.0,,1208.0,,83136.0
45356000,45356000,2024,Москва,Муниципальный округ Марфино,Внутригородская территория города федерального значения,140528.6,3988.0,,,363.0,,,282.0,32.0,509.0,583.0,36742.0
45357000,45357000,2024,Москва,Муниципальный округ Марьина роща,Внутригородская территория города федерального значения,184505.8,33339.0,,,4097.0,,,5625.0,329.0,3850.0,3739.0,62191.0
45358000,45358000,2024,Москва,Муниципальный округ Останкинский,Внутригородская территория города федерального значения,167222.6,61398.0,,,2724.0,374.0,,25641.0,240.0,985.0,192.0,64840.0
45359000,45359000,2024,Москва,Муниципальный округ Отрадное,Внутригородская территория города федерального значения,131674.3,25779.0,,,1262.0,,972.0,7969.0,368.0,2272.0,1675.0,187737.0
45360000,45360000,2024,Москва,Муниципальный округ Ростокино,Внутригородская территория города федерального значения,152010.4,12973.0,,,265.0,,,1701.0,,4400.0,2180.0,52115.0
45361000,45361000,2024,Москва,Муниципальный округ Свиблово,Внутригородская территория города федерального значения,139610.7,11276.0,,,2989.0,,,3489.0,,1089.0,,60013.0
45362000,45362000,2024,Москва,Муниципальный округ Северное Медведково,Внутригородская территория города федерального значения,121827.0,6019.0,,,930.0,,,531.0,,1466.0,452.0,129632.0
45363000,45363000,2024,Москва,Муниципальный округ Северный,Внутригородская территория города федерального значения,120516.1,2819.0,,,,,,447.0,,1304.0,65.0,55740.0
45364000,45364000,2024,Москва,Муниципальный округ Южное Медведково,Внутригородская территория города федерального значения,115802.8,4314.0,,,760.0,,,693.0,160.0,1336.0,769.0,88150.0
45365000,45365000,2024,Москва,Муниципальный округ Ярославский,Внутригородская территория города федерального значения,133247.7,13132.0,,,428.0,,,2006.0,3418.0,2857.0,1170.0,98861.0
45366000,45366000,2024,Москва,Муниципальный округ Куркино,Внутригородская территория города федерального значения,125392.2,3349.0,,,518.0,,,278.0,,1184.0,,33298.0
45367000,45367000,2024,Москва,Муниципальный округ Митино,Внутригородская территория города федерального значения,122877.5,7812.0,,,267.0,,,1071.0,59.0,3227.0,1492.0,198194.0
45368000,45368000,2024,Москва,Муниципальный округ Покровское-Стрешнево,Внутригородская территория города федерального значения,175675.7,23204.0,,,7117.0,46.0,411.0,1166.0,848.0,1187.0,3652.0,67364.0
45369000,45369000,2024,Москва,Муниципальный округ Северное Тушино,Внутригородская территория города федерального значения,127789.4,6679.0,,,483.0,,,595.0,,1311.0,1497.0,172055.0
45370000,45370000,2024,Москва,Муниципальный округ Строгино,Внутригородская территория города федерального значения,137223.0,13174.0,,,512.0,,110.0,1283.0,3545.0,1963.0,517.0,163074.0
45371000,45371000,2024,Москва,Муниципальный округ Хорошево-Мневники,Внутригородская территория города федерального значения,144182.2,31382.0,,,594.0,,,5192.0,929.0,2981.0,3463.0,182497.0
45372000,45372000,2024,Москва,Муниципальный округ Щукино,Внутригородская территория города федерального значения,166965.1,37079.0,,123.0,2225.0,,,5056.0,2758.0,2244.0,6760.0,110486.0
45373000,45373000,2024,Москва,Муниципальный округ Южное Тушино,Внутригородская территория города федерального значения,153504.9,13619.0,,,1464.0,,,2040.0,1077.0,1175.0,1622.0,112628.0
45374000,45374000,2024,Москва,Муниципальный округ Арбат,Внутригородская территория города федерального значения,247231.3,60674.0,,212.0,512.0,194.0,,3790.0,15706.0,2024.0,3756.0,36246.0
45375000,45375000,2024,Москва,Муниципальный округ Басманный,Внутригородская территория города федерального значения,187752.5,187956.0,,1217.0,5434.0,6013.0,,16491.0,13050.0,16932.0,6680.0,111289.0
45376000,45376000,2024,Москва,Муниципальный округ Замоскворечье,Внутригородская территория города федерального значения,224018.5,145219.0,,498.0,10598.0,3599.0,5049.0,30292.0,2449.0,6189.0,4144.0,55293.0
45377000,45377000,2024,Москва,Муниципальный округ Савелки,Внутригородская территория города федерального значения,138589.8,6818.0,,,701.0,,,270.0,292.0,1182.0,2791.0,36947.0
45378000,45378000,2024,Москва,Муниципальный округ Красносельский,Внутригородская территория города федерального значения,246666.7,126636.0,191.0,95.0,4898.0,853.0,,7774.0,15137.0,2044.0,2898.0,45851.0
45379000,45379000,2024,Москва,Муниципальный округ Мещанский,Внутригородская территория города федерального значения,191847.6,208250.0,,223.0,1169.0,43.0,,20897.0,14951.0,5494.0,22564.0,55635.0
45380000,45380000,2024,Москва,Муниципальный округ Пресненский,Внутригородская территория города федерального значения,257910.1,215779.0,,2630.0,7103.0,2517.0,267.0,27384.0,13732.0,7717.0,10357.0,127506.0
45381000,45381000,2024,Москва,Муниципальный округ Таганский,Внутригородская территория города федерального значения,207264.0,87293.0,15.0,78.0,2119.0,1250.0,,10825.0,11298.0,4550.0,6521.0,134759.0
45382000,45382000,2024,Москва,Муниципальный округ Тверской,Внутригородская территория города федерального значения,231223.2,208547.0,152.0,355.0,4470.0,612.0,1421.0,17838.0,43303.0,6933.0,8771.0,75735.0
45383000,45383000,2024,Москва,Муниципальный округ Хамовники,Внутригородская территория города федерального значения,214306.4,140203.0,219.0,912.0,1137.0,1171.0,247.0,6906.0,13627.0,13116.0,12444.0,105094.0
45384000,45384000,2024,Москва,Муниципальный округ Якиманка,Внутригородская территория города федерального значения,289698.4,79024.0,,3874.0,2881.0,253.0,937.0,6837.0,11343.0,2811.0,4804.0,27022.0
45385000,45385000,2024,Москва,Муниципальный округ Выхино-Жулебино,Внутригородская территория города федерального значения,136813.5,24779.0,,,1927.0,1344.0,1033.0,4558.0,3171.0,3895.0,3402.0,241326.0
45386000,45386000,2024,Москва,Муниципальный округ Капотня,Внутригородская территория города федерального значения,167969.9,10099.0,,,3308.0,,,842.0,,,,32161.0
45387000,45387000,2024,Москва,Муниципальный округ Кузьминки,Внутригородская территория города федерального значения,115360.6,5967.0,,,152.0,,,623.0,,2463.0,1301.0,139880.0
45388000,45388000,2024,Москва,Муниципальный округ Лефортово,Внутригородская территория города федерального значения,161314.5,56530.0,,,4536.0,178.0,28.0,7031.0,1805.0,3837.0,3114.0,109711.0
45389000,45389000,2024,Москва,Муниципальный округ Люблино,Внутригородская территория города федерального значения,103011.1,20805.0,,,356.0,,,1068.0,1257.0,2636.0,3816.0,184071.0
45390000,45390000,2024,Москва,Муниципальный округ Марьино,Внутригородская территория города федерального значения,113051.7,23665.0,,,405.0,,,12922.0,722.0,3136.0,1716.0,272278.0
45391000,45391000,2024,Москва,Муниципальный округ Некрасовка,Внутригородская территория города федерального значения,161474.2,6599.0,,,466.0,,,92.0,,2108.0,,112860.0
45392000,45392000,2024,Москва,Муниципальный округ Нижегородский,Внутригородская территория города федерального значения,234124.8,48731.0,,,3840.0,,,16352.0,970.0,555.0,,50637.0
45393000,45393000,2024,Москва,Муниципальный округ Печатники,Внутригородская территория города федерального значения,153895.3,21802.0,,28.0,5677.0,132.0,,4095.0,1625.0,970.0,753.0,89544.0
45394000,45394000,2024,Москва,Муниципальный округ Рязанский,Внутригородская территория города федерального значения,120679.8,20965.0,,,795.0,,,9516.0,55.0,1386.0,310.0,108657.0
45395000,45395000,2024,Москва,Муниципальный округ Текстильщики,Внутригородская территория города федерального значения,156975.9,23475.0,,,952.0,,,2582.0,549.0,1202.0,6341.0,101550.0
45396000,45396000,2024,Москва,Муниципальный округ Южнопортовый,Внутригородская территория города федерального значения,172426.0,17452.0,,,1404.0,,,3627.0,260.0,969.0,2538.0,73112.0
45397000,45397000,2024,Москва,Муниципальный округ Академический,Внутригородская территория города федерального значения,341422.7,110871.0,,1810.0,1940.0,3248.0,,4789.0,3419.0,1660.0,2898.0,114228.0
45398000,45398000,2024,Москва,Муниципальный округ Гагаринский,Внутригородская территория города федерального значения,204188.1,31531.0,,,708.0,,,3141.0,251.0,4234.0,1712.0,80493.0
45901000,45901000,2024,Москва,Муниципальный округ Зюзино,Внутригородская территория города федерального значения,126194.2,30742.0,,,642.0,,,12074.0,2082.0,2111.0,472.0,123288.0
45902000,45902000,2024,Москва,Муниципальный округ Коньково,Внутригородская территория города федерального значения,164088.8,45144.0,,,4842.0,279.0,,8585.0,302.0,7610.0,2104.0,152544.0
45903000,45903000,2024,Москва,Муниципальный округ Котловка,Внутригородская территория города федерального значения,159641.6,12878.0,,,1739.0,,,5130.0,64.0,362.0,740.0,65708.0
45904000,45904000,2024,Москва,Муниципальный округ Ломоносовский,Внутригородская территория города федерального значения,164648.3,8486.0,,,311.0,,,1065.0,,2365.0,643.0,87044.0
45905000,45905000,2024,Москва,Муниципальный округ Обручевский,Внутригородская территория города федерального значения,164188.7,32944.0,,,683.0,56.0,,3445.0,143.0,7251.0,7019.0,87258.0
45906000,45906000,2024,Москва,Муниципальный округ Северное Бутово,Внутригородская территория города федерального значения,140130.2,4419.0,,,,,,966.0,,1396.0,747.0,97516.0
45907000,45907000,2024,Москва,Муниципальный округ Теплый Стан,Внутригородская территория города федерального значения,121234.8,6458.0,,,60.0,,,559.0,573.0,2578.0,686.0,131899.0
45908000,45908000,2024,Москва,Муниципальный округ Черемушки,Внутригородская территория города федерального значения,235335.8,70022.0,,1148.0,4419.0,,,8249.0,1182.0,2503.0,1953.0,107951.0
45909000,45909000,2024,Москва,Муниципальный округ Южное Бутово,Внутригородская территория города федерального значения,116897.0,13919.0,,,954.0,65.0,,1968.0,,4303.0,1479.0,211116.0
45910000,45910000,2024,Москва,Муниципальный округ Ясенево,Внутригородская территория города федерального значения,148214.9,16679.0,,,1329.0,1242.0,,1242.0,134.0,1882.0,1967.0,176505.0
45911000,45911000,2024,Москва,Муниципальный округ Бирюлево Восточное,Внутригородская территория города федерального значения,122129.0,9870.0,,,1402.0,2.0,,3714.0,,1764.0,564.0,156160.0
45912000,45912000,2024,Москва,Муниципальный округ Бирюлево Западное,Внутригородская территория города федерального значения,126319.5,7434.0,,,1818.0,,618.0,982.0,,728.0,580.0,85308.0
45913000,45913000,2024,Москва,Муниципальный округ Братеево,Внутригородская территория города федерального значения,108766.1,4119.0,,,,,,1025.0,,1132.0,608.0,101271.0
45914000,45914000,2024,Москва,Муниципальный округ Даниловский,Внутригородская территория города федерального значения,209472.4,108508.0,,33.0,5423.0,9803.0,,12421.0,5964.0,3095.0,967.0,104272.0
45915000,45915000,2024,Москва,Муниципальный округ Донской,Внутригородская территория города федерального значения,190541.9,50996.0,,725.0,1755.0,,,8635.0,641.0,2583.0,8897.0,51291.0
45916000,45916000,2024,Москва,Муниципальный округ Зябликово,Внутригородская территория города федерального значения,167071.2,6282.0,,,168.0,,,231.0,,1827.0,3165.0,133658.0
45917000,45917000,2024,Москва,Муниципальный округ Москворечье-Сабурово,Внутригородская территория города федерального значения,138021.5,25379.0,,,1623.0,107.0,,2271.0,3940.0,3166.0,6827.0,86969.0
45918000,45918000,2024,Москва,Муниципальный округ Нагатино-Садовники,Внутригородская территория города федерального значения,159567.9,36032.0,,,5180.0,,,9849.0,795.0,1306.0,6065.0,83390.0
45919000,45919000,2024,Москва,Муниципальный округ Нагатинский затон,Внутригородская территория города федерального значения,130753.7,4665.0,,,,,,947.0,,1219.0,102.0,120779.0
45920000,45920000,2024,Москва,Муниципальный округ Нагорный,Внутригородская территория города федерального значения,219575.6,19781.0,,,1020.0,,,3387.0,313.0,1821.0,967.0,77073.0
45921000,45921000,2024,Москва,Муниципальный округ Орехово-Борисово Северное,Внутригородская территория города федерального значения,118742.5,7845.0,,,,,,862.0,140.0,1256.0,1471.0,124886.0
45922000,45922000,2024,Москва,Муниципальный округ Орехово-Борисово Южное,Внутригородская территория города федерального значения,122290.3,9916.0,,,227.0,,,825.0,231.0,2079.0,1021.0,146959.0
45923000,45923000,2024,Москва,Муниципальный округ Царицыно,Внутригородская территория города федерального значения,125095.9,11830.0,,,3169.0,,467.0,1770.0,72.0,1382.0,2891.0,119021.0
45924000,45924000,2024,Москва,Муниципальный округ Чертаново Северное,Внутригородская территория города федерального значения,164137.5,10790.0,,,585.0,40.0,,1910.0,,1468.0,14.0,109640.0
45925000,45925000,2024,Москва,Муниципальный округ Чертаново Центральное,Внутригородская территория города федерального значения,125365.5,8650.0,,,1270.0,,,2094.0,,1011.0,851.0,111983.0
45926000,45926000,2024,Москва,Муниципальный округ Чертаново Южное,Внутригородская территория города федерального значения,152138.1,12334.0,,,1533.0,,,4042.0,50.0,1768.0,870.0,156092.0
45927000,45927000,2024,Москва,Муниципальный округ Старое Крюково,Внутригородская территория города федерального значения,160068.6,11993.0,,,5135.0,,,566.0,1066.0,2100.0,,37824.0
45931000,45931000,2024,Москва,Городской округ Троицк,Внутригородская территория города федерального значения,125638.0,11357.0,,,723.0,399.0,,696.0,1936.0,1137.0,1947.0,71615.0
45932000,45932000,2024,Москва,Городской округ Щербинка,Внутригородская территория города федерального значения,141844.7,9542.0,,,3229.0,,,1823.0,128.0,1042.0,270.0,62771.0
45941000,45941000,2024,Москва,Поселение Внуковское,Внутригородская территория города федерального значения,135886.0,3077.0,,,,,,951.0,,,,64390.0
45942000,45942000,2024,Москва,Поселение Воскресенское,Внутригородская территория города федерального значения,110214.4,1327.0,,,,,,233.0,,,,19919.0
45943000,45943000,2024,Москва,Поселение Вороновское,Внутригородская территория города федерального значения,119990.0,4178.0,,,,,,,1317.0,,733.0,14565.0
45944000,45944000,2024,Москва,Поселение Десеновское,Внутригородская территория города федерального значения,111816.1,3272.0,,,,,,300.0,,1237.0,,47195.0
45945000,45945000,2024,Москва,Поселение Киевский,Внутригородская территория города федерального значения,109628.8,2955.0,,,,,,14.0,,686.0,,12040.0
45946000,45946000,2024,Москва,Поселение Кленовское,Внутригородская территория города федерального значения,93209.0,267.0,,,,,,,,,,5747.0
45947000,45947000,2024,Москва,Поселение Кокошкино,Внутригородская территория города федерального значения,185658.9,658.0,,,,,,,,,,21756.0
45948000,45948000,2024,Москва,Поселение Краснопахорское,Внутригородская территория города федерального значения,121098.4,1430.0,,,339.0,,,147.0,,,,13029.0
45949000,45949000,2024,Москва,Поселение Марушкинское,Внутригородская территория города федерального значения,116707.6,4304.0,,,1232.0,,,2028.0,,,,16230.0
45951000,45951000,2024,Москва,Поселение Михайлово-Ярцевское,Внутригородская территория города федерального значения,107179.7,5337.0,,,,,,,,123.0,,9107.0
45952000,45952000,2024,Москва,Поселение Московский,Внутригородская территория города федерального значения,240641.4,28074.0,,,2077.0,375.0,,7223.0,,1639.0,651.0,114244.0
45953000,45953000,2024,Москва,Поселение «Мосрентген»,Внутригородская территория города федерального значения,134899.1,3348.0,,,159.0,,,930.0,523.0,749.0,,21590.0
45954000,45954000,2024,Москва,Поселение Новофедоровское,Внутригородская территория города федерального значения,104248.9,220.0,,,,,,,,,,23187.0
45955000,45955000,2024,Москва,Поселение Первомайское,Внутригородская территория города федерального значения,90102.0,2509.0,,,,,,164.0,,363.0,,27069.0
45956000,45956000,2024,Москва,Поселение Роговское,Внутригородская территория города федерального значения,182569.0,101.0,,,,,,,,,,6688.0
45957000,45957000,2024,Москва,Поселение Рязановское,Внутригородская территория города федерального значения,175654.3,2921.0,,,,,,282.0,43.0,820.0,,33033.0
45958000,45958000,2024,Москва,Поселение Сосенское,Внутригородская территория города федерального значения,161868.4,22964.0,,,1063.0,493.0,,2836.0,743.0,2885.0,3910.0,122303.0
45959000,45959000,2024,Москва,Поселение Филимонковское,Внутригородская территория города федерального значения,105347.3,744.0,,,,,,4.0,,,,17811.0
45961000,45961000,2024,Москва,Поселение Щаповское,Внутригородская территория города федерального значения,100707.3,2055.0,,,811.0,,,59.0,,,,13360.0
46704000,46704000,2024,Московская область,Балашиха,"Городской округ, городской округ с внутригородским делением",102186.6,64354.0,,,9113.0,1330.0,1315.0,15431.0,3401.0,10732.0,7810.0,554248.0
46705000,46705000,2024,Московская область,Бронницы,"Городской округ, городской округ с внутригородским делением",79343.4,5510.0,,,1768.0,,,658.0,387.0,775.0,279.0,20981.0
46707000,46707000,2024,Московская область,Ленинский,"Городской округ, городской округ с внутригородским делением",118959.9,43382.0,,,4576.0,644.0,353.0,11873.0,1751.0,5024.0,2562.0,327211.0
46708000,46708000,2024,Московская область,Волоколамский,"Городской округ, городской округ с внутригородским делением",77087.1,8751.0,663.0,,1158.0,709.0,188.0,685.0,1377.0,1310.0,873.0,64721.0
46709000,46709000,2024,Московская область,Домодедово,"Городской округ, городской округ с внутригородским делением",116808.3,67915.0,706.0,,5650.0,1504.0,1093.0,18570.0,2516.0,4451.0,5190.0,69892.0
46710000,46710000,2024,Московская область,Воскресенск,"Городской округ, городской округ с внутригородским делением",89073.4,23437.0,256.0,,7451.0,693.0,685.0,2470.0,1418.0,2988.0,2086.0,38805.0
46711000,46711000,2024,Московская область,Дзержинский,"Городской округ, городской округ с внутригородским делением",108785.2,12233.0,,,3928.0,738.0,758.0,1780.0,196.0,1005.0,723.0,57434.0
46715000,46715000,2024,Московская область,Дмитровский,"Городской округ, городской округ с внутригородским делением",89670.2,40438.0,1573.0,,11634.0,1393.0,1216.0,5473.0,1794.0,4425.0,3377.0,65565.0
46716000,46716000,2024,Московская область,Долгопрудный,"Городской округ, городской округ с внутригородским делением",140511.0,22849.0,,,5229.0,,337.0,5528.0,274.0,4660.0,1438.0,119089.0
46718000,46718000,2024,Московская область,Дубна,"Городской округ, городской округ с внутригородским делением",119658.1,19929.0,,,9283.0,271.0,360.0,839.0,1272.0,2078.0,1895.0,74032.0
46722000,46722000,2024,Московская область,Егорьевск,"Городской округ, городской округ с внутригородским делением",82618.9,20248.0,289.0,,7564.0,523.0,904.0,1355.0,1616.0,2824.0,2696.0,111759.0
46725000,46725000,2024,Московская область,Жуковский,"Городской округ, городской округ с внутригородским делением",116756.8,27289.0,,,2407.0,333.0,,3393.0,2022.0,2629.0,2185.0,110083.0
46728000,46728000,2024,Московская область,Сергиево-Посадский,"Городской округ, городской округ с внутригородским делением",90162.6,50366.0,122.0,,15831.0,1923.0,2430.0,3362.0,2398.0,5642.0,5917.0,160527.0
46729000,46729000,2024,Московская область,Зарайск,"Городской округ, городской округ с внутригородским делением",65077.5,5157.0,771.0,,693.0,,,309.0,520.0,961.0,576.0,20383.0
46733000,46733000,2024,Московская область,Истра,"Городской округ, городской округ с внутригородским делением",111672.8,36930.0,360.0,,8497.0,635.0,649.0,9195.0,1223.0,4396.0,2121.0,100401.0
46734000,46734000,2024,Московская область,Королев,"Городской округ, городской округ с внутригородским делением",117436.2,47513.0,,,10903.0,2541.0,430.0,3349.0,2357.0,5153.0,4298.0,226007.0
46735000,46735000,2024,Московская область,Кашира,"Городской округ, городской округ с внутригородским делением",85341.4,15127.0,1549.0,,3636.0,538.0,1021.0,1149.0,1253.0,1448.0,974.0,65747.0
46737000,46737000,2024,Московская область,Клин,"Городской округ, городской округ с внутригородским делением",82878.8,22287.0,110.0,,8127.0,529.0,726.0,2112.0,1346.0,2733.0,2576.0,42525.0
46738000,46738000,2024,Московская область,Коломна,"Городской округ, городской округ с внутригородским делением",88235.0,48016.0,1041.0,,12304.0,3244.0,1843.0,4431.0,2743.0,5611.0,4820.0,156073.0
46739000,46739000,2024,Московская область,Котельники,"Городской округ, городской округ с внутригородским делением",118773.0,11521.0,,,1196.0,,,5220.0,640.0,861.0,601.0,72311.0
46740000,46740000,2024,Московская область,Лобня,"Городской округ, городской округ с внутригородским делением",161420.5,23818.0,,,2780.0,32.0,494.0,2883.0,565.0,1707.0,982.0,81143.0
46741000,46741000,2024,Московская область,Лыткарино,"Городской округ, городской округ с внутригородским делением",111222.9,12047.0,,,4881.0,,,1265.0,228.0,1119.0,507.0,66526.0
46742000,46742000,2024,Московская область,Лосино-Петровский,"Городской округ, городской округ с внутригородским делением",78580.1,6605.0,,,2507.0,163.0,,616.0,209.0,1205.0,861.0,55475.0
46744000,46744000,2024,Московская область,Красногорск,"Городской округ, городской округ с внутригородским делением",137301.9,95513.0,,,8758.0,4696.0,668.0,16620.0,12924.0,7600.0,10860.0,87416.0
46745000,46745000,2024,Московская область,Можайский,"Городской округ, городской округ с внутригородским делением",71940.1,12608.0,789.0,,2873.0,871.0,293.0,961.0,1930.0,1484.0,1364.0,92529.0
46746000,46746000,2024,Московская область,Мытищи,"Городской округ, городской округ с внутригородским делением",110614.2,77184.0,36.0,,13481.0,2596.0,802.0,21713.0,3991.0,9536.0,6740.0,275313.0
46747000,46747000,2024,Московская область,Луховицы,"Городской округ, городской округ с внутригородским делением",92259.2,14429.0,1806.0,,3570.0,,,810.0,549.0,1672.0,1181.0,35776.0
46748000,46748000,2024,Московская область,Люберцы,"Городской округ, городской округ с внутригородским делением",112072.0,59123.0,,,9294.0,1144.0,816.0,11685.0,3133.0,7892.0,7352.0,364888.0
46750000,46750000,2024,Московская область,Наро-Фоминский,"Городской округ, городской округ с внутригородским делением",89700.3,30178.0,526.0,,6545.0,1072.0,626.0,4824.0,2188.0,3252.0,3161.0,40643.0
46751000,46751000,2024,Московская область,Богородский,"Городской округ, городской округ с внутригородским делением",106506.2,60697.0,578.0,,17338.0,4126.0,386.0,15847.0,3859.0,4291.0,3444.0,168622.0
46752000,46752000,2024,Московская область,Лотошино,"Городской округ, городской округ с внутригородским делением",61386.3,1992.0,,,,,,142.0,312.0,395.0,,6160.0
46755000,46755000,2024,Московская область,Одинцовский,"Городской округ, городской округ с внутригородским делением",127207.5,105513.0,2836.0,,10803.0,5384.0,1127.0,23716.0,4991.0,11777.0,10319.0,482184.0
46757000,46757000,2024,Московская область,Орехово-Зуевский,"Городской округ, городской округ с внутригородским делением",84913.1,38982.0,266.0,,12916.0,1242.0,1389.0,3927.0,2077.0,5309.0,5273.0,240323.0
46758000,46758000,2024,Московская область,Пушкинский,"Городской округ, городской округ с внутригородским делением",88257.1,54816.0,1653.0,,9901.0,901.0,933.0,13490.0,2129.0,5827.0,4975.0,275332.0
46759000,46759000,2024,Московская область,Павлово-Посадский,"Городской округ, городской округ с внутригородским делением",81198.2,16014.0,,,5517.0,1174.0,403.0,1491.0,828.0,2093.0,1562.0,21230.0
46760000,46760000,2024,Московская область,Подольск,"Городской округ, городской округ с внутригородским делением",172415.1,100843.0,167.0,,22895.0,4693.0,878.0,25655.0,2982.0,7245.0,6725.0,312911.0
46762000,46762000,2024,Московская область,Пущино,"Городской округ, городской округ с внутригородским делением",86843.1,3092.0,,,,,,315.0,31.0,433.0,260.0,19342.0
46764000,46764000,2024,Московская область,Реутов,"Городской округ, городской округ с внутригородским делением",107100.5,20316.0,,,1497.0,203.0,149.0,3802.0,3286.0,2546.0,1325.0,112070.0
46766000,46766000,2024,Московская область,Рузский,"Городской округ, городской округ с внутригородским делением",91991.8,15262.0,,888.0,2730.0,373.0,469.0,1519.0,1521.0,1789.0,2811.0,79874.0
46767000,46767000,2024,Московская область,Протвино,"Городской округ, городской округ с внутригородским делением",91076.8,7869.0,,,2010.0,,,301.0,530.0,623.0,381.0,37221.0
46768000,46768000,2024,Московская область,Раменский,"Городской округ, городской округ с внутригородским делением",97837.0,58693.0,2118.0,154.0,12779.0,1798.0,1256.0,13294.0,2159.0,6757.0,3904.0,161224.0
46770000,46770000,2024,Московская область,Серпухов,"Городской округ, городской округ с внутригородским делением",95253.0,33239.0,,,12078.0,827.0,553.0,2613.0,2553.0,4376.0,3086.0,47931.0
46771000,46771000,2024,Московская область,Солнечногорск,"Городской округ, городской округ с внутригородским делением",102601.2,37410.0,,,7750.0,689.0,1047.0,9383.0,2100.0,3692.0,4136.0,77225.0
46772000,46772000,2024,Московская область,Серебряные Пруды,"Городской округ, городской округ с внутригородским делением",70705.8,3996.0,133.0,,,,,284.0,768.0,530.0,,23278.0
46776000,46776000,2024,Московская область,Ступино,"Городской округ, городской округ с внутригородским делением",102284.6,29229.0,730.0,,13274.0,1115.0,,2725.0,1750.0,2975.0,2982.0,118129.0
46778000,46778000,2024,Московская область,Талдомский,"Городской округ, городской округ с внутригородским делением",86441.7,7151.0,54.0,,1607.0,,,874.0,469.0,1038.0,681.0,64165.0
46780000,46780000,2024,Московская область,Фрязино,"Городской округ, городской округ с внутригородским делением",123955.5,16946.0,,,11804.0,189.0,,1137.0,265.0,1228.0,589.0,58661.0
46781000,46781000,2024,Московская область,Черноголовка,"Городской округ, городской округ с внутригородским делением",142578.8,11431.0,,,1609.0,,,6579.0,116.0,506.0,59.0,18472.0
46783000,46783000,2024,Московская область,Химки,"Городской округ, городской округ с внутригородским делением",132724.0,102182.0,,,11840.0,430.0,1899.0,20704.0,8655.0,7889.0,5036.0,277185.0
46784000,46784000,2024,Московская область,Чехов,"Городской округ, городской округ с внутригородским делением",92079.7,25568.0,131.0,,5689.0,,,4075.0,2041.0,2985.0,4534.0,55229.0
46786000,46786000,2024,Московская область,Шатура,"Городской округ, городской округ с внутригородским делением",72601.9,12529.0,229.0,,2394.0,1218.0,834.0,1091.0,1518.0,1863.0,1827.0,35410.0
46787000,46787000,2024,Московская область,Шаховская,"Городской округ, городской округ с внутригородским делением",71927.4,3975.0,,,438.0,,,1076.0,326.0,757.0,,17014.0
46788000,46659000,2024,Московская область,Щёлково,"Городской округ, городской округ с внутригородским делением",99529.8,36041.0,,73.0,11521.0,1319.0,262.0,5070.0,3284.0,4622.0,3860.0,179124.0
46790000,46790000,2024,Московская область,Электросталь,"Городской округ, городской округ с внутригородским делением",174519.6,28053.0,,,12497.0,754.0,432.0,3022.0,1476.0,3207.0,2271.0,141778.0
47515000,47515000,2024,Мурманская область,Печенгский муниципальный округ,Муниципальный округ,106442.9,9269.0,192.0,,1212.0,538.0,155.0,385.0,899.0,1232.0,811.0,4655.0
47517000,47517000,2024,Мурманская область,Ковдорский муниципальный округ,Муниципальный округ,118867.3,6843.0,,,201.0,289.0,39.0,213.0,282.0,667.0,455.0,15489.0
47519000,47519000,2024,Мурманская область,Город Апатиты,Муниципальный округ,100902.6,12570.0,,,1371.0,1148.0,,778.0,1132.0,1896.0,2220.0,48277.0
47522000,47522000,2024,Мурманская область,Город Кировск,Муниципальный округ,155467.1,16026.0,,,422.0,175.0,,417.0,605.0,1100.0,1364.0,25984.0
47524000,47524000,2024,Мурманская область,Город Мончегорск,Муниципальный округ,110712.0,14820.0,,,5810.0,515.0,168.0,547.0,716.0,1890.0,1651.0,39203.0
47526000,47526000,2024,Мурманская область,Город Оленегорск,Муниципальный округ,100016.8,7723.0,,,202.0,426.0,,397.0,1215.0,1183.0,766.0,27867.0
47528000,47528000,2024,Мурманская область,Город Полярные Зори,Муниципальный округ,142415.5,6626.0,,,,3431.0,,189.0,412.0,701.0,564.0,1621.0
47605000,47605000,2024,Мурманская область,Кольский муниципальный район,Муниципальный район,138007.3,23732.0,1118.0,,784.0,1522.0,241.0,715.0,2031.0,1831.0,1144.0,7261.0
47608000,47608000,2024,Мурманская область,Кандалакшский муниципальный район,Муниципальный район,93922.5,11543.0,,,1373.0,1102.0,187.0,552.0,1345.0,1952.0,1528.0,7822.0
47610000,47610000,2024,Мурманская область,Ловозерский муниципальный район,Муниципальный район,86372.9,3126.0,,,,173.0,,86.0,675.0,484.0,210.0,8770.0
47620000,47620000,2024,Мурманская область,Терский муниципальный район,Муниципальный район,85974.2,1038.0,,,,42.0,,58.0,136.0,218.0,119.0,4698.0
47701000,47701000,2024,Мурманская область,Город-герой Мурманск,"Городской округ, городской округ с внутригородским делением",125235.4,83514.0,4417.0,971.0,5306.0,3652.0,903.0,6309.0,13795.0,10763.0,10259.0,266681.0
49510000,49510000,2024,Новгородская область,Волотовский,Муниципальный округ,47694.2,437.0,,,,,,23.0,82.0,73.0,79.0,4071.0
49512000,49512000,2024,Новгородская область,Демянский,Муниципальный округ,47131.2,1295.0,89.0,,,73.0,,63.0,328.0,264.0,235.0,4361.0
49514000,49514000,2024,Новгородская область,Крестецкий,Муниципальный округ,70229.5,2401.0,590.0,,,91.0,,133.0,222.0,330.0,147.0,11189.0
49523000,49523000,2024,Новгородская область,Марёвский,Муниципальный округ,43342.5,506.0,,,,,,,154.0,71.0,84.0,3202.0
49524000,49524000,2024,Новгородская область,Мошенской,Муниципальный округ,42513.7,701.0,,,,64.0,,25.0,167.0,133.0,123.0,5580.0
49532000,49532000,2024,Новгородская область,Пестовский,Муниципальный округ,52642.3,2399.0,,,,,,148.0,396.0,458.0,361.0,4542.0
49538000,49538000,2024,Новгородская область,Солецкий,Муниципальный округ,45516.0,1646.0,,,,126.0,,116.0,526.0,226.0,267.0,10758.0
49545000,49545000,2024,Новгородская область,Хвойнинский,Муниципальный округ,58128.9,2642.0,157.0,,101.0,153.0,,207.0,299.0,292.0,283.0,13129.0
49603000,49503000,2024,Новгородская область,Батецкий муниципальный район,Муниципальный район,45621.3,559.0,,,79.0,,,27.0,148.0,112.0,48.0,4775.0
49606000,49606000,2024,Новгородская область,Боровичский муниципальный район,Муниципальный район,59524.5,14261.0,,,5492.0,1034.0,,747.0,1421.0,1576.0,1779.0,60283.0
49608000,49608000,2024,Новгородская область,Валдайский муниципальный район,Муниципальный район,59422.2,5513.0,212.0,,578.0,432.0,,236.0,609.0,575.0,765.0,7968.0
49616000,49616000,2024,Новгородская область,Любытинский муниципальный район,Муниципальный район,56204.7,1356.0,72.0,,,57.0,,54.0,241.0,143.0,222.0,7088.0
49620000,49620000,2024,Новгородская область,Маловишерский муниципальный район,Муниципальный район,59223.2,2138.0,,,,99.0,,119.0,362.0,318.0,394.0,9677.0
49625000,49625000,2024,Новгородская область,Новгородский муниципальный район,Муниципальный район,66606.7,9243.0,1076.0,,2206.0,397.0,,1747.0,1211.0,1079.0,437.0,64120.0
49628000,49628000,2024,Новгородская область,Окуловский муниципальный район,Муниципальный район,63637.5,4226.0,47.0,,1372.0,183.0,,417.0,831.0,544.0,431.0,13441.0
49630000,49630000,2024,Новгородская область,Парфинский муниципальный район,Муниципальный район,46930.1,1961.0,,,,,,77.0,509.0,250.0,166.0,11516.0
49634000,49634000,2024,Новгородская область,Поддорский муниципальный район,Муниципальный район,43933.7,489.0,,,,,,12.0,116.0,61.0,119.0,3220.0
49639000,49639000,2024,Новгородская область,Старорусский муниципальный район,Муниципальный район,53512.4,7326.0,,,1986.0,656.0,,319.0,938.0,1034.0,1382.0,10580.0
49647000,49547000,2024,Новгородская область,Холмский муниципальный район,Муниципальный район,54421.9,737.0,,,,70.0,,46.0,154.0,84.0,108.0,4643.0
49650000,49650000,2024,Новгородская область,Чудовский муниципальный район,Муниципальный район,69403.2,3494.0,,,1226.0,189.0,,273.0,332.0,448.0,238.0,18345.0
49655000,49655000,2024,Новгородская область,Шимский муниципальный район,Муниципальный район,55998.5,1382.0,,,,105.0,,66.0,317.0,194.0,242.0,3374.0
49701000,49701000,2024,Новгородская область,Великий Новгород,"Городской округ, городской округ с внутригородским делением",75444.3,62183.0,200.0,,15344.0,2907.0,936.0,6126.0,7933.0,7689.0,7477.0,222340.0
52601000,52601000,2024,Омская область,Азовский немецкий национальный муниципальный район,Муниципальный район,50337.3,2969.0,860.0,,22.0,147.0,,82.0,370.0,730.0,302.0,25339.0
52603000,52603000,2024,Омская область,Большереченский муниципальный район,Муниципальный район,45128.4,3402.0,223.0,,,111.0,47.0,332.0,424.0,824.0,759.0,21499.0
52606000,52606000,2024,Омская область,Большеуковский муниципальный район,Муниципальный район,44267.3,1173.0,,,,,,40.0,249.0,301.0,230.0,5838.0
52609000,52609000,2024,Омская область,Горьковский муниципальный район,Муниципальный район,43825.7,2108.0,109.0,,,163.0,,59.0,353.0,588.0,,18069.0
52612000,52612000,2024,Омская область,Знаменский муниципальный район,Муниципальный район,42358.2,1908.0,,,,141.0,,73.0,330.0,554.0,326.0,9777.0
52615000,52615000,2024,Омская область,Исилькульский муниципальный район,Муниципальный район,46016.7,6331.0,975.0,,120.0,305.0,70.0,264.0,829.0,1375.0,868.0,19737.0
52618000,52618000,2024,Омская область,Калачинский муниципальный район,Муниципальный район,52071.7,6131.0,85.0,,870.0,493.0,138.0,423.0,607.0,1348.0,815.0,35486.0
52621000,52621000,2024,Омская область,Колосовский муниципальный район,Муниципальный район,43047.7,1632.0,,,,128.0,,64.0,263.0,457.0,322.0,8763.0
52623000,52623000,2024,Омская область,Кормиловский муниципальный район,Муниципальный район,53569.9,3532.0,847.0,,274.0,168.0,75.0,109.0,350.0,699.0,478.0,23179.0
52626000,52626000,2024,Омская область,Крутинский муниципальный район,Муниципальный район,46049.3,2173.0,278.0,,,145.0,,61.0,297.0,473.0,481.0,6682.0
52629000,52629000,2024,Омская область,Любинский муниципальный район,Муниципальный район,50588.3,5134.0,573.0,,926.0,162.0,74.0,202.0,511.0,1089.0,861.0,16377.0
52630000,52630000,2024,Омская область,Марьяновский муниципальный район,Муниципальный район,50511.5,3451.0,517.0,,383.0,210.0,,112.0,340.0,732.0,608.0,8613.0
52632000,52632000,2024,Омская область,Москаленский муниципальный район,Муниципальный район,48378.3,3734.0,776.0,,195.0,165.0,64.0,112.0,399.0,976.0,451.0,26392.0
52634000,52634000,2024,Омская область,Муромцевский муниципальный район,Муниципальный район,42808.4,2943.0,167.0,,,181.0,48.0,105.0,403.0,950.0,522.0,9106.0
52636000,52636000,2024,Омская область,Называевский муниципальный район,Муниципальный район,46477.2,2742.0,22.0,,9.0,220.0,,120.0,468.0,744.0,438.0,17786.0
52639000,52639000,2024,Омская область,Нижнеомский муниципальный район,Муниципальный район,43901.7,1809.0,51.0,,,132.0,,68.0,306.0,552.0,,12230.0
52641000,52641000,2024,Омская область,Нововаршавский муниципальный район,Муниципальный район,50341.4,3093.0,281.0,,,211.0,27.0,99.0,356.0,760.0,375.0,8764.0
52642000,52642000,2024,Омская область,Одесский муниципальный район,Муниципальный район,47241.1,2327.0,211.0,,3.0,115.0,,81.0,331.0,622.0,328.0,15856.0
52643000,52643000,2024,Омская область,Оконешниковский муниципальный район,Муниципальный район,45186.1,1525.0,44.0,,,108.0,37.0,72.0,295.0,426.0,,7116.0
52644000,52644000,2024,Омская область,Омский муниципальный район,Муниципальный район,55625.4,16279.0,1909.0,,3756.0,362.0,393.0,626.0,605.0,2990.0,1834.0,1495.0
52646000,52646000,2024,Омская область,Павлоградский муниципальный район,Муниципальный район,48039.5,3032.0,967.0,,62.0,138.0,,79.0,307.0,602.0,326.0,17473.0
52648000,52648000,2024,Омская область,Полтавский муниципальный район,Муниципальный район,47737.2,3102.0,498.0,,260.0,132.0,,95.0,320.0,775.0,396.0,11890.0
52650000,52650000,2024,Омская область,Русско-Полянский муниципальный район,Муниципальный район,44913.0,2624.0,532.0,,14.0,140.0,,109.0,345.0,691.0,347.0,6037.0
52651000,52651000,2024,Омская область,Саргатский муниципальный район,Муниципальный район,44770.5,2135.0,71.0,,,197.0,,118.0,303.0,695.0,324.0,15815.0
52652000,52652000,2024,Омская область,Седельниковский муниципальный район,Муниципальный район,43667.2,1494.0,,,,82.0,,63.0,280.0,474.0,266.0,8137.0
52653000,52653000,2024,Омская область,Таврический муниципальный район,Муниципальный район,47839.0,4422.0,267.0,,,167.0,210.0,199.0,569.0,1052.0,904.0,21698.0
52654000,52654000,2024,Омская область,Тарский муниципальный район,Муниципальный район,49200.2,6865.0,36.0,,132.0,498.0,142.0,336.0,880.0,1612.0,1738.0,27139.0
52655000,52655000,2024,Омская область,Тевризский муниципальный район,Муниципальный район,45468.8,1929.0,,,,124.0,,63.0,328.0,595.0,,6735.0
52656000,52656000,2024,Омская область,Тюкалинский муниципальный район,Муниципальный район,46387.1,3023.0,,,,174.0,28.0,121.0,547.0,836.0,443.0,9670.0
52657000,52657000,2024,Омская область,Усть-Ишимский муниципальный район,Муниципальный район,44483.8,1570.0,,,,95.0,,16.0,307.0,495.0,,9157.0
52658000,52658000,2024,Омская область,Черлакский муниципальный район,Муниципальный район,44547.8,3030.0,197.0,,,164.0,,139.0,453.0,927.0,507.0,24866.0
52659000,52659000,2024,Омская область,Шербакульский муниципальный район,Муниципальный район,45717.9,2730.0,505.0,,,75.0,,88.0,371.0,770.0,385.0,18767.0
52701000,52701000,2024,Омская область,Город Омск,"Городской округ, городской округ с внутригородским делением",77427.2,276216.0,475.0,,63287.0,9492.0,2444.0,25175.0,26726.0,38291.0,35671.0,1104485.0
53604000,53604000,2024,Оренбургская область,Адамовский муниципальный район,Муниципальный район,43601.6,2291.0,329.0,,,109.0,50.0,96.0,273.0,737.0,272.0,18976.0
53605000,53605000,2024,Оренбургская область,Акбулакский муниципальный район,Муниципальный район,41483.2,2510.0,,,,83.0,43.0,100.0,775.0,823.0,241.0,19016.0
53606000,53606000,2024,Оренбургская область,Александровский муниципальный район,Муниципальный район,53187.5,1700.0,,300.0,,37.0,26.0,44.0,228.0,479.0,215.0,12753.0
53607000,53607000,2024,Оренбургская область,Асекеевский муниципальный район,Муниципальный район,50076.5,1575.0,,,,,33.0,41.0,217.0,532.0,276.0,15753.0
53610000,53610000,2024,Оренбургская область,Беляевский муниципальный район,Муниципальный район,50165.4,1603.0,161.0,,,23.0,20.0,44.0,237.0,462.0,252.0,13156.0
53611000,53611000,2024,Оренбургская область,Бугурусланский муниципальный район,Муниципальный район,53931.6,1197.0,,,,,,34.0,76.0,503.0,,16252.0
53612000,53612000,2024,Оренбургская область,Бузулукский муниципальный район,Муниципальный район,59712.0,2165.0,142.0,,76.0,,,50.0,132.0,851.0,,30955.0
53615000,53615000,2024,Оренбургская область,Грачёвский муниципальный район,Муниципальный район,53369.0,1541.0,,,,,35.0,84.0,125.0,413.0,199.0,10558.0
53617000,53617000,2024,Оренбургская область,Домбаровский муниципальный район,Муниципальный район,54897.1,1809.0,,,,57.0,28.0,70.0,214.0,569.0,197.0,11105.0
53619000,53619000,2024,Оренбургская область,Илекский муниципальный район,Муниципальный район,47564.7,2393.0,296.0,,,,34.0,92.0,269.0,756.0,523.0,25229.0
53622000,53622000,2024,Оренбургская область,Кваркенский муниципальный район,Муниципальный район,53385.3,1662.0,,,,35.0,,57.0,221.0,573.0,190.0,14438.0
53623000,53623000,2024,Оренбургская область,Красногвардейский муниципальный район,Муниципальный район,45739.4,1405.0,,,,,,64.0,223.0,722.0,,16960.0
53625000,53625000,2024,Оренбургская область,Курманаевский муниципальный район,Муниципальный район,51089.2,1450.0,,,,,,35.0,199.0,440.0,238.0,14152.0
53627000,53627000,2024,Оренбургская область,Матвеевский муниципальный район,Муниципальный район,50219.0,1177.0,,,,28.0,,30.0,172.0,385.0,170.0,8826.0
53630000,53630000,2024,Оренбургская область,Новоорский муниципальный район,Муниципальный район,65573.1,3293.0,,,101.0,808.0,,187.0,249.0,907.0,473.0,23447.0
53631000,53631000,2024,Оренбургская область,Новосергиевский муниципальный район,Муниципальный район,55143.1,5086.0,359.0,459.0,122.0,76.0,126.0,201.0,438.0,1137.0,585.0,28827.0
53633000,53633000,2024,Оренбургская область,Октябрьский муниципальный район,Муниципальный район,53243.7,2988.0,563.0,,,,,95.0,282.0,656.0,416.0,17079.0
53634000,53634000,2024,Оренбургская область,Оренбургский муниципальный район,Муниципальный район,74657.0,17455.0,1199.0,784.0,4663.0,199.0,145.0,1579.0,298.0,2949.0,773.0,118373.0
53636000,53636000,2024,Оренбургская область,Первомайский муниципальный район,Муниципальный район,53986.9,2534.0,220.0,,,,14.0,88.0,346.0,809.0,367.0,20575.0
53637000,53637000,2024,Оренбургская область,Переволоцкий муниципальный район,Муниципальный район,54376.2,2822.0,261.0,162.0,140.0,37.0,54.0,120.0,326.0,794.0,322.0,20288.0
53638000,53638000,2024,Оренбургская область,Пономарёвский муниципальный район,Муниципальный район,43159.2,1164.0,,,,,,62.0,207.0,455.0,198.0,12885.0
53640000,53640000,2024,Оренбургская область,Сакмарский муниципальный район,Муниципальный район,54767.9,3378.0,971.0,,,25.0,47.0,146.0,405.0,823.0,480.0,29252.0
53641000,53641000,2024,Оренбургская область,Саракташский муниципальный район,Муниципальный район,51540.8,3772.0,441.0,15.0,192.0,,36.0,158.0,459.0,1318.0,642.0,39786.0
53642000,53642000,2024,Оренбургская область,Светлинский муниципальный район,Муниципальный район,45985.6,1083.0,,,,,42.0,42.0,116.0,437.0,142.0,9689.0
53643000,53643000,2024,Оренбургская область,Северный муниципальный район,Муниципальный район,60306.4,1877.0,464.0,,,20.0,,50.0,137.0,400.0,213.0,10754.0
53651000,53651000,2024,Оренбургская область,Ташлинский муниципальный район,Муниципальный район,57467.1,3712.0,742.0,509.0,,,,115.0,246.0,772.0,345.0,19856.0
53652000,53652000,2024,Оренбургская область,Тоцкий муниципальный район,Муниципальный район,46971.3,2977.0,55.0,,,53.0,,136.0,804.0,816.0,663.0,30816.0
53653000,53653000,2024,Оренбургская область,Тюльганский муниципальный район,Муниципальный район,42087.2,1963.0,,,,,,47.0,217.0,907.0,304.0,17089.0
53656000,53656000,2024,Оренбургская область,Шарлыкский муниципальный район,Муниципальный район,46125.0,1682.0,,,,,,98.0,362.0,499.0,345.0,14855.0
53701000,53701000,2024,Оренбургская область,Город Оренбург,"Городской округ, городской округ с внутригородским делением",77401.4,151564.0,771.0,7968.0,16191.0,8153.0,1843.0,13156.0,22920.0,19930.0,22877.0,536862.0
53704000,53502000,2024,Оренбургская область,Абдулинский,"Городской округ, городской округ с внутригородским делением",63306.4,3914.0,,,,111.0,,174.0,398.0,644.0,444.0,6513.0
53708000,53708000,2024,Оренбургская область,Город Бугуруслан,"Городской округ, городской округ с внутригородским делением",59751.9,8463.0,,169.0,490.0,1091.0,125.0,410.0,695.0,1921.0,1155.0,42205.0
53712000,53712000,2024,Оренбургская область,Город Бузулук,"Городской округ, городской округ с внутригородским делением",79778.4,27855.0,60.0,12300.0,1108.0,1613.0,425.0,1331.0,1430.0,2515.0,2570.0,88339.0
53713000,53503000,2024,Оренбургская область,Гайский,"Городской округ, городской округ с внутригородским делением",83424.5,12961.0,,,1528.0,576.0,806.0,384.0,483.0,1215.0,1098.0,6677.0
53714000,53504000,2024,Оренбургская область,Кувандыкский,"Городской округ, городской округ с внутригородским делением",51752.6,4757.0,,,348.0,170.0,41.0,218.0,513.0,937.0,588.0,26398.0
53715000,53715000,2024,Оренбургская область,Город Медногорск,"Городской округ, городской округ с внутригородским делением",64872.6,4539.0,,,2176.0,362.0,28.0,175.0,103.0,603.0,514.0,1136.0
53720000,53720000,2024,Оренбургская область,Город Новотроицк,"Городской округ, городской округ с внутригородским делением",74255.2,24044.0,,301.0,13575.0,865.0,376.0,703.0,1109.0,2309.0,1896.0,4941.0
53723000,53723000,2024,Оренбургская область,Город Орск,"Городской округ, городской округ с внутригородским делением",74043.2,40175.0,156.0,1532.0,12647.0,2269.0,650.0,2131.0,2912.0,6071.0,4332.0,187517.0
53725000,53505000,2024,Оренбургская область,Соль-Илецкий,"Городской округ, городской округ с внутригородским делением",50777.4,8262.0,117.0,,,298.0,149.0,437.0,1763.0,1709.0,1000.0,45181.0
53727000,53506000,2024,Оренбургская область,Сорочинский,"Городской округ, городской округ с внутригородским делением",48696.2,5357.0,,158.0,396.0,330.0,92.0,316.0,338.0,1158.0,996.0,27874.0
53732000,53507000,2024,Оренбургская область,Ясненский,"Городской округ, городской округ с внутригородским делением",64263.7,4327.0,,,284.0,,,190.0,287.0,602.0,501.0,17793.0
54501000,54501000,2024,Орловская область,Орловский,Муниципальный округ,65790.7,13474.0,1449.0,,3107.0,363.0,174.0,1602.0,297.0,2070.0,1479.0,9597.0
54604000,54604000,2024,Орловская область,Болховский муниципальный район,Муниципальный район,45166.3,2729.0,149.0,,,85.0,,106.0,273.0,778.0,499.0,5762.0
54608000,54608000,2024,Орловская область,Верховский муниципальный район,Муниципальный район,52594.0,2349.0,259.0,,,147.0,,116.0,333.0,517.0,270.0,6981.0
54610000,54610000,2024,Орловская область,Глазуновский муниципальный район,Муниципальный район,49502.0,1578.0,325.0,,,59.0,,51.0,223.0,394.0,221.0,10168.0
54612000,54612000,2024,Орловская область,Дмитровский муниципальный район,Муниципальный район,52611.2,1714.0,619.0,,,60.0,,55.0,278.0,385.0,205.0,5221.0
54615000,54615000,2024,Орловская область,Должанский муниципальный район,Муниципальный район,50892.8,1793.0,358.0,,,66.0,,44.0,225.0,351.0,233.0,8587.0
54618000,54618000,2024,Орловская область,Залегощенский муниципальный район,Муниципальный район,48806.0,2055.0,551.0,,,95.0,,74.0,231.0,463.0,268.0,7332.0
54620000,54620000,2024,Орловская область,Знаменский муниципальный район,Муниципальный район,43410.3,541.0,,,,46.0,,,109.0,162.0,,4269.0
54623000,54623000,2024,Орловская область,Колпнянский муниципальный район,Муниципальный район,69003.6,1782.0,362.0,,,115.0,,70.0,237.0,312.0,218.0,7043.0
54624000,54624000,2024,Орловская область,Краснозоренский муниципальный район,Муниципальный район,50320.2,1174.0,,,,39.0,,28.0,119.0,245.0,,5084.0
54625000,54625000,2024,Орловская область,Кромской муниципальный район,Муниципальный район,54417.4,4760.0,749.0,,,134.0,,111.0,628.0,682.0,310.0,13548.0
54626000,54626000,2024,Орловская область,Корсаковский муниципальный район,Муниципальный район,47056.7,559.0,,,,30.0,,,107.0,147.0,129.0,3706.0
54629000,54629000,2024,Орловская область,Ливенский муниципальный район,Муниципальный район,59619.4,4130.0,2146.0,,691.0,,,98.0,80.0,908.0,66.0,25788.0
54632000,54632000,2024,Орловская область,Малоархангельский муниципальный район,Муниципальный район,46776.8,1574.0,332.0,,,60.0,,86.0,235.0,337.0,,5814.0
54636000,54636000,2024,Орловская область,Мценский муниципальный район,Муниципальный район,59768.2,2920.0,638.0,,852.0,,18.0,69.0,109.0,468.0,459.0,16482.0
54639000,54639000,2024,Орловская область,Новодеревеньковский муниципальный район,Муниципальный район,51968.3,1670.0,615.0,,,,,57.0,207.0,299.0,207.0,3842.0
54643000,54643000,2024,Орловская область,Новосильский муниципальный район,Муниципальный район,50855.7,1097.0,218.0,,,86.0,24.0,48.0,242.0,231.0,,6534.0
54650000,54650000,2024,Орловская область,Покровский муниципальный район,Муниципальный район,53224.9,2217.0,938.0,,,115.0,11.0,69.0,231.0,408.0,315.0,8108.0
54652000,54652000,2024,Орловская область,Свердловский муниципальный район,Муниципальный район,49255.1,2529.0,480.0,,,75.0,,215.0,265.0,467.0,273.0,8408.0
54653000,54653000,2024,Орловская область,Сосковский муниципальный район,Муниципальный район,46070.7,753.0,,,,,,,150.0,186.0,,5062.0
54654000,54654000,2024,Орловская область,Троснянский муниципальный район,Муниципальный район,54617.8,1309.0,515.0,,,,,42.0,173.0,345.0,106.0,7678.0
54655000,54655000,2024,Орловская область,Урицкий муниципальный район,Муниципальный район,43893.7,2904.0,151.0,,701.0,,,122.0,553.0,511.0,427.0,7934.0
54657000,54657000,2024,Орловская область,Хотынецкий муниципальный район,Муниципальный район,53718.3,1438.0,395.0,,,,,75.0,227.0,323.0,122.0,7819.0
54659000,54659000,2024,Орловская область,Шаблыкинский муниципальный район,Муниципальный район,60459.7,1444.0,802.0,,,,,28.0,140.0,198.0,,2764.0
54701000,54701000,2024,Орловская область,Город Орёл,"Городской округ, городской округ с внутригородским делением",61277.0,79741.0,823.0,,10523.0,3236.0,,7967.0,10349.0,14347.0,10708.0,292406.0
54705000,54705000,2024,Орловская область,Город Ливны,"Городской округ, городской округ с внутригородским делением",51959.9,12478.0,,,5122.0,633.0,216.0,579.0,1154.0,1486.0,1413.0,42694.0
54710000,54710000,2024,Орловская область,Город Мценск,"Городской округ, городской округ с внутригородским делением",53229.6,10259.0,108.0,,4251.0,481.0,171.0,527.0,1046.0,1500.0,1131.0,35554.0
56603000,56603000,2024,Пензенская область,Башмаковский муниципальный район,Муниципальный район,60294.0,2761.0,794.0,,,,,98.0,250.0,464.0,,9735.0
56606000,56606000,2024,Пензенская область,Спасский муниципальный район,Муниципальный район,50927.0,1151.0,,,,,,106.0,188.0,348.0,,6864.0
56609000,56609000,2024,Пензенская область,Бековский муниципальный район,Муниципальный район,48089.9,2628.0,729.0,,840.0,28.0,,80.0,228.0,315.0,221.0,5936.0
56612000,56612000,2024,Пензенская область,Белинский муниципальный район,Муниципальный район,46192.3,3278.0,322.0,,938.0,109.0,,110.0,381.0,621.0,386.0,8481.0
56613000,56613000,2024,Пензенская область,Бессоновский муниципальный район,Муниципальный район,62408.5,6586.0,1900.0,,1178.0,122.0,45.0,417.0,570.0,882.0,924.0,44901.0
56615000,56615000,2024,Пензенская область,Вадинский муниципальный район,Муниципальный район,47719.8,704.0,,,,,,24.0,132.0,164.0,,7153.0
56618000,56618000,2024,Пензенская область,Городищенский муниципальный район,Муниципальный район,47836.2,3405.0,,,812.0,,70.0,173.0,500.0,773.0,677.0,45419.0
56623000,56623000,2024,Пензенская область,Земетчинский муниципальный район,Муниципальный район,51322.9,2380.0,548.0,,545.0,36.0,,107.0,315.0,371.0,,9471.0
56626000,56626000,2024,Пензенская область,Иссинский муниципальный район,Муниципальный район,48212.4,1032.0,125.0,,,,,80.0,116.0,185.0,,8268.0
56629000,56629000,2024,Пензенская область,Каменский муниципальный район,Муниципальный район,55626.9,6306.0,852.0,,883.0,675.0,10.0,472.0,642.0,1066.0,760.0,32821.0
56631000,56631000,2024,Пензенская область,Камешкирский муниципальный район,Муниципальный район,42526.4,946.0,,,,29.0,,57.0,231.0,282.0,168.0,9895.0
56633000,56633000,2024,Пензенская область,Колышлейский муниципальный район,Муниципальный район,48162.6,2514.0,801.0,,,89.0,,115.0,310.0,478.0,426.0,12712.0
56640000,56640000,2024,Пензенская область,Кузнецкий муниципальный район,Муниципальный район,52943.4,1737.0,180.0,,,,,146.0,101.0,661.0,,33481.0
56642000,56642000,2024,Пензенская область,Лопатинский муниципальный район,Муниципальный район,47132.3,1024.0,,,,,,33.0,203.0,198.0,,11327.0
56643000,56643000,2024,Пензенская область,Лунинский муниципальный район,Муниципальный район,45966.3,1588.0,198.0,,,,21.0,96.0,319.0,319.0,,7058.0
56644000,56644000,2024,Пензенская область,Малосердобинский муниципальный район,Муниципальный район,40943.8,662.0,,,,,,42.0,154.0,192.0,,7959.0
56645000,56645000,2024,Пензенская область,Мокшанский муниципальный район,Муниципальный район,50058.6,2963.0,340.0,,570.0,60.0,32.0,143.0,324.0,552.0,653.0,10518.0
56647000,56647000,2024,Пензенская область,Наровчатский муниципальный район,Муниципальный район,48008.3,1044.0,398.0,,,,,44.0,214.0,212.0,,9756.0
56649000,56649000,2024,Пензенская область,Неверкинский муниципальный район,Муниципальный район,39738.6,1025.0,,,,,,45.0,235.0,388.0,,13081.0
56651000,56651000,2024,Пензенская область,Нижнеломовский муниципальный район,Муниципальный район,65412.3,12796.0,4134.0,,3712.0,506.0,159.0,1101.0,517.0,834.0,1017.0,15465.0
56653000,56653000,2024,Пензенская область,Никольский муниципальный район,Муниципальный район,51354.5,3310.0,228.0,,791.0,126.0,,221.0,426.0,479.0,365.0,27530.0
56654000,56654000,2024,Пензенская область,Пачелмский муниципальный район,Муниципальный район,47733.8,1055.0,243.0,,,37.0,,51.0,191.0,296.0,,6095.0
56655000,56655000,2024,Пензенская область,Пензенский муниципальный район,Муниципальный район,58702.9,7688.0,877.0,,634.0,79.0,142.0,1274.0,351.0,1803.0,1125.0,66409.0
56656000,56656000,2024,Пензенская область,Сердобский муниципальный район,Муниципальный район,47333.5,7037.0,827.0,,747.0,703.0,132.0,310.0,1112.0,951.0,1067.0,29472.0
56657000,56657000,2024,Пензенская область,Сосновоборский муниципальный район,Муниципальный район,38565.0,1044.0,,,,,,67.0,195.0,323.0,,7892.0
56658000,56658000,2024,Пензенская область,Тамалинский муниципальный район,Муниципальный район,48864.2,1408.0,274.0,,,85.0,,173.0,215.0,262.0,,6133.0
56659000,56659000,2024,Пензенская область,Шемышейский муниципальный район,Муниципальный район,39959.6,1203.0,23.0,,,,,73.0,282.0,319.0,,6242.0
56701000,56701000,2024,Пензенская область,Город Пенза,"Городской округ, городской округ с внутригородским делением",66589.0,126934.0,1819.0,,27636.0,4103.0,1327.0,11820.0,15727.0,18062.0,16805.0,488299.0
56705000,56705000,2024,Пензенская область,Город Кузнецк,"Городской округ, городской округ с внутригородским делением",52273.7,12247.0,,,1846.0,1018.0,,958.0,2209.0,2281.0,1924.0,76753.0
57502000,57502000,2024,Пермский край,Александровский муниципальный округ,Муниципальный округ,58279.0,3619.0,,181.0,654.0,663.0,126.0,184.0,416.0,564.0,374.0,20517.0
57503000,57503000,2024,Пермский край,Бардымский муниципальный округ,Муниципальный округ,64471.0,3189.0,,285.0,,124.0,,163.0,437.0,857.0,318.0,26262.0
57506000,57506000,2024,Пермский край,Березовский муниципальный округ,Муниципальный округ,59871.3,2047.0,,,,69.0,,105.0,286.0,379.0,211.0,13486.0
57508000,57508000,2024,Пермский край,Большесосновский муниципальный округ,Муниципальный округ,52881.4,1505.0,,,,66.0,,77.0,306.0,474.0,186.0,11730.0
57513000,57513000,2024,Пермский край,Гайнский муниципальный округ,Муниципальный округ,61144.0,1415.0,281.0,,,38.0,,47.0,270.0,403.0,,11679.0
57516000,57516000,2024,Пермский край,Губахинский муниципальный округ,Муниципальный округ,69339.0,10769.0,,,4680.0,337.0,,447.0,1370.0,922.0,1065.0,3282.0
57518000,57518000,2024,Пермский край,Еловский муниципальный округ,Муниципальный округ,48798.7,1180.0,,,,64.0,,54.0,253.0,296.0,221.0,8527.0
57522000,57522000,2024,Пермский край,Карагайский муниципальный округ,Муниципальный округ,49766.6,2673.0,577.0,,20.0,,,139.0,451.0,741.0,364.0,19967.0
57524000,57524000,2024,Пермский край,Кишертский муниципальный округ,Муниципальный округ,52600.8,1446.0,263.0,,,45.0,,32.0,292.0,295.0,207.0,10872.0
57525000,57525000,2024,Пермский край,Косинский муниципальный округ,Муниципальный округ,58600.5,766.0,,,,,,20.0,203.0,246.0,,5543.0
57526000,57526000,2024,Пермский край,Кочевский муниципальный округ,Муниципальный округ,64669.4,1265.0,,,,,,43.0,308.0,369.0,168.0,9259.0
57528000,57528000,2024,Пермский край,Кудымкарский муниципальный округ,Муниципальный округ,51081.4,7250.0,393.0,,,490.0,,405.0,1402.0,1710.0,1638.0,28939.0
57529000,57529000,2024,Пермский край,Куединский муниципальный округ,Муниципальный округ,51245.8,4405.0,416.0,690.0,1015.0,147.0,14.0,157.0,458.0,780.0,333.0,22949.0
57530000,57530000,2024,Пермский край,Кунгурский муниципальный округ,Муниципальный округ,57065.1,15435.0,1104.0,450.0,2890.0,979.0,357.0,946.0,2250.0,2407.0,1723.0,41617.0
57538000,57538000,2024,Пермский край,Ординский муниципальный округ,Муниципальный округ,53812.9,2035.0,289.0,241.0,,,,82.0,349.0,359.0,401.0,13958.0
57546000,57546000,2024,Пермский край,Пермский муниципальный округ,Муниципальный округ,72918.6,17307.0,1255.0,,2789.0,271.0,132.0,2343.0,1168.0,3222.0,1934.0,128718.0
57548000,57548000,2024,Пермский край,Сивинский муниципальный округ,Муниципальный округ,49361.4,1775.0,502.0,,,85.0,,75.0,266.0,419.0,202.0,11869.0
57552000,57552000,2024,Пермский край,Уинский муниципальный округ,Муниципальный округ,52556.1,1026.0,,99.0,,33.0,,59.0,282.0,264.0,121.0,9728.0
57555000,57555000,2024,Пермский край,Частинский муниципальный округ,Муниципальный округ,58265.8,1815.0,,281.0,,75.0,,52.0,310.0,462.0,,11783.0
57559000,57559000,2024,Пермский край,Юрлинский муниципальный округ,Муниципальный округ,45241.8,973.0,,,,,,54.0,211.0,344.0,,8439.0
57560000,57560000,2024,Пермский край,Юсьвинский муниципальный округ,Муниципальный округ,49483.7,1882.0,348.0,,,66.0,,49.0,314.0,562.0,222.0,16182.0
57701000,57701000,2024,Пермский край,Пермский,"Городской округ, городской округ с внутригородским делением",88118.2,277965.0,388.0,1761.0,84864.0,8827.0,2626.0,25288.0,25202.0,27189.0,26069.0,1026912.0
57708000,57504000,2024,Пермский край,Город Березники,"Городской округ, городской округ с внутригородским делением",89172.5,50475.0,29.0,1255.0,23369.0,1239.0,459.0,2397.0,2653.0,3546.0,3228.0,140535.0
57712000,57512000,2024,Пермский край,Верещагинский,"Городской округ, городской округ с внутригородским делением",51615.6,5416.0,,,,196.0,103.0,265.0,647.0,1150.0,630.0,16936.0
57714000,57514000,2024,Пермский край,Горнозаводский,"Городской округ, городской округ с внутригородским делением",67217.5,4451.0,,,,171.0,60.0,184.0,342.0,584.0,349.0,21697.0
57718000,57517000,2024,Пермский край,Добрянский,"Городской округ, городской округ с внутригородским делением",81849.5,9764.0,,1575.0,815.0,1078.0,169.0,565.0,758.0,1252.0,1011.0,39711.0
57719000,57523000,2024,Пермский край,Город Кизел,"Городской округ, городской округ с внутригородским делением",50204.2,2819.0,,,,243.0,,144.0,601.0,393.0,414.0,2151.0
57720000,57531000,2024,Пермский край,Краснокамский,"Городской округ, городской округ с внутригородским делением",73277.6,12067.0,,76.0,5472.0,453.0,284.0,978.0,1004.0,1474.0,1135.0,66475.0
57726000,57532000,2024,Пермский край,Лысьвенский,"Городской округ, городской округ с внутригородским делением",59536.1,12761.0,,,6161.0,444.0,229.0,655.0,1068.0,1734.0,1354.0,52708.0
57727000,57534000,2024,Пермский край,Нытвенский,"Городской округ, городской округ с внутригородским делением",59224.5,6741.0,602.0,,2544.0,263.0,167.0,313.0,586.0,986.0,598.0,25654.0
57728000,57540000,2024,Пермский край,Осинский,"Городской округ, городской округ с внутригородским делением",67450.8,5343.0,,825.0,,224.0,,298.0,564.0,933.0,588.0,6974.0
57729000,57542000,2024,Пермский край,Оханский,"Городской округ, городской округ с внутригородским делением",47448.6,1760.0,134.0,,31.0,59.0,,78.0,401.0,406.0,442.0,7806.0
57730000,57550000,2024,Пермский край,Соликамский,"Городской округ, городской округ с внутригородским делением",72739.3,29275.0,62.0,367.0,15898.0,825.0,281.0,1180.0,2695.0,2575.0,2356.0,88184.0
57731000,57551000,2024,Пермский край,Суксунский,"Городской округ, городской округ с внутригородским делением",67480.1,3062.0,,,,77.0,,160.0,359.0,502.0,724.0,9828.0
57735000,57735000,2024,Пермский край,Чайковский,"Городской округ, городской округ с внутригородским делением",70557.7,19568.0,707.0,,3936.0,1427.0,,965.0,1423.0,3056.0,2422.0,74913.0
57756000,57556000,2024,Пермский край,Чердынский,"Городской округ, городской округ с внутригородским делением",48749.8,2442.0,117.0,,,76.0,50.0,107.0,805.0,411.0,308.0,7071.0
57757000,57557000,2024,Пермский край,Чернушинский,"Городской округ, городской округ с внутригородским делением",74102.2,9286.0,,2507.0,506.0,408.0,177.0,561.0,855.0,1292.0,793.0,33062.0
57758000,57558000,2024,Пермский край,Чусовской,"Городской округ, городской округ с внутригородским делением",62029.9,13558.0,855.0,379.0,3406.0,917.0,235.0,681.0,1929.0,1392.0,1295.0,11814.0
57759000,57520000,2024,Пермский край,Ильинский,"Городской округ, городской округ с внутригородским делением",51646.9,2008.0,,,,117.0,,81.0,351.0,545.0,265.0,14250.0
57760000,57527000,2024,Пермский край,Красновишерский,"Городской округ, городской округ с внутригородским делением",52325.2,2417.0,,187.0,115.0,75.0,75.0,131.0,369.0,550.0,411.0,13976.0
57761000,57536000,2024,Пермский край,Октябрьский,"Городской округ, городской округ с внутригородским делением",60795.1,3539.0,162.0,259.0,,104.0,,146.0,481.0,737.0,439.0,13498.0
57762000,57544000,2024,Пермский край,Очерский,"Городской округ, городской округ с внутригородским делением",59360.1,3641.0,69.0,,,431.0,,198.0,518.0,578.0,271.0,22301.0
58514000,58514000,2024,Псковская область,Красногородский,Муниципальный округ,38848.7,921.0,,,,57.0,,67.0,116.0,288.0,250.0,3365.0
58518000,58518000,2024,Псковская область,Локнянский,Муниципальный округ,41230.4,942.0,,,,76.0,,77.0,160.0,235.0,229.0,7535.0
58520000,58520000,2024,Псковская область,Невельский,Муниципальный округ,48842.2,3558.0,,,,198.0,,243.0,488.0,425.0,505.0,7157.0
58523000,58523000,2024,Псковская область,Новоржевский,Муниципальный округ,38828.1,901.0,,,,79.0,,84.0,133.0,172.0,177.0,3148.0
58529000,58529000,2024,Псковская область,Опочецкий,Муниципальный округ,42888.8,2380.0,,,,268.0,25.0,262.0,444.0,568.0,510.0,5358.0
58540000,58540000,2024,Псковская область,Печорский,Муниципальный округ,53153.1,2410.0,,,,133.0,,189.0,485.0,458.0,456.0,8637.0
58553000,58553000,2024,Псковская область,Пыталовский,Муниципальный округ,50507.8,1450.0,,,,70.0,48.0,110.0,443.0,395.0,169.0,9542.0
58556000,58556000,2024,Псковская область,Струго-Красненский,Муниципальный округ,42718.1,1347.0,,,,129.0,,140.0,363.0,248.0,230.0,4570.0
58604000,58504000,2024,Псковская область,Бежаницкий муниципальный район,Муниципальный район,47785.3,1927.0,295.0,,105.0,246.0,36.0,276.0,270.0,236.0,223.0,4199.0
58606000,58606000,2024,Псковская область,Великолукский муниципальный район,Муниципальный район,54214.8,1956.0,172.0,,,75.0,,209.0,234.0,397.0,363.0,19020.0
58608000,58608000,2024,Псковская область,Гдовский муниципальный район,Муниципальный район,43483.6,1200.0,,,46.0,115.0,17.0,110.0,306.0,258.0,202.0,8544.0
58610000,58610000,2024,Псковская область,Дедовичский муниципальный район,Муниципальный район,50884.3,2118.0,,,,385.0,,144.0,276.0,371.0,199.0,11451.0
58612000,58512000,2024,Псковская область,Дновский муниципальный район,Муниципальный район,62309.5,3076.0,,,1051.0,132.0,45.0,114.0,217.0,260.0,201.0,7626.0
58616000,58616000,2024,Псковская область,Куньинский муниципальный район,Муниципальный район,45166.8,742.0,43.0,,,85.0,,47.0,147.0,163.0,142.0,4583.0
58626000,58626000,2024,Псковская область,Новосокольнический муниципальный район,Муниципальный район,52751.2,1912.0,273.0,,63.0,118.0,57.0,152.0,205.0,358.0,199.0,4768.0
58633000,58633000,2024,Псковская область,Островский муниципальный район,Муниципальный район,46005.5,4053.0,148.0,,504.0,369.0,,271.0,748.0,651.0,685.0,20773.0
58637000,58637000,2024,Псковская область,Палкинский муниципальный район,Муниципальный район,44390.6,840.0,,,,54.0,,37.0,127.0,187.0,207.0,7208.0
58643000,58543000,2024,Псковская область,Плюсский муниципальный район,Муниципальный район,55319.8,1123.0,,,,106.0,,131.0,128.0,161.0,164.0,2982.0
58647000,58547000,2024,Псковская область,Порховский муниципальный район,Муниципальный район,45317.9,3160.0,219.0,,403.0,233.0,74.0,185.0,367.0,534.0,751.0,14635.0
58649000,58649000,2024,Псковская область,Псковский муниципальный район,Муниципальный район,53166.2,5470.0,1312.0,,493.0,250.0,44.0,541.0,655.0,970.0,709.0,44749.0
58650000,58650000,2024,Псковская область,Пустошкинский муниципальный район,Муниципальный район,43254.7,930.0,,,,66.0,,100.0,156.0,194.0,145.0,7174.0
58651000,58651000,2024,Псковская область,Пушкиногорский муниципальный район,Муниципальный район,48343.6,1776.0,,,,83.0,,89.0,295.0,234.0,196.0,7103.0
58654000,58654000,2024,Псковская область,Себежский муниципальный район,Муниципальный район,51684.5,2953.0,,,,164.0,29.0,330.0,1029.0,554.0,315.0,11723.0
58658000,58558000,2024,Псковская область,Усвятский муниципальный район,Муниципальный район,39292.9,400.0,,,,41.0,,60.0,100.0,92.0,63.0,4720.0
58701000,58701000,2024,Псковская область,Город Псков,"Городской округ, городской округ с внутригородским делением",63953.7,50929.0,309.0,,7703.0,2549.0,861.0,5242.0,8792.0,7070.0,6049.0,187129.0
58710000,58710000,2024,Псковская область,Город Великие Луки,"Городской округ, городской округ с внутригородским делением",62918.6,28297.0,,,12552.0,881.0,453.0,1917.0,1743.0,3079.0,2514.0,85442.0
60601000,60601000,2024,Ростовская область,Азовский муниципальный район,Муниципальный район,52831.2,7685.0,832.0,,482.0,72.0,191.0,596.0,736.0,2461.0,1489.0,106693.0
60602000,60602000,2024,Ростовская область,Аксайский муниципальный район,Муниципальный район,79630.8,31059.0,383.0,,6467.0,478.0,409.0,8617.0,2526.0,2979.0,1713.0,48910.0
60605000,60605000,2024,Ростовская область,Багаевский муниципальный район,Муниципальный район,79522.7,4676.0,217.0,,,113.0,,197.0,431.0,1062.0,572.0,32216.0
60606000,60606000,2024,Ростовская область,Белокалитвинский муниципальный район,Муниципальный район,54979.4,14672.0,419.0,,4034.0,452.0,699.0,804.0,980.0,3011.0,1937.0,41988.0
60607000,60607000,2024,Ростовская область,Боковский муниципальный район,Муниципальный район,42373.9,1651.0,91.0,,,70.0,,60.0,209.0,589.0,356.0,13156.0
60608000,60608000,2024,Ростовская область,Верхнедонской муниципальный район,Муниципальный район,46489.5,1892.0,199.0,,11.0,,,75.0,245.0,623.0,317.0,17415.0
60609000,60609000,2024,Ростовская область,Веселовский муниципальный район,Муниципальный район,54746.4,3125.0,1266.0,,,,,117.0,374.0,613.0,421.0,25531.0
60612000,60612000,2024,Ростовская область,Волгодонской муниципальный район,Муниципальный район,46300.7,2180.0,,,,,,91.0,268.0,850.0,462.0,33916.0
60613000,60613000,2024,Ростовская область,Дубовский муниципальный район,Муниципальный район,48346.3,2150.0,244.0,,,,93.0,68.0,295.0,644.0,477.0,20196.0
60615000,60615000,2024,Ростовская область,Егорлыкский муниципальный район,Муниципальный район,48443.4,3423.0,,,,105.0,,200.0,416.0,992.0,965.0,29609.0
60617000,60617000,2024,Ростовская область,Заветинский муниципальный район,Муниципальный район,44014.0,1479.0,,,,,,35.0,294.0,478.0,417.0,15391.0
60618000,60618000,2024,Ростовская область,Зерноградский муниципальный район,Муниципальный район,53215.2,8467.0,1690.0,,447.0,515.0,280.0,584.0,746.0,1834.0,1101.0,23554.0
60619000,60619000,2024,Ростовская область,Зимовниковский муниципальный район,Муниципальный район,49299.8,4306.0,756.0,,16.0,132.0,,255.0,529.0,1114.0,589.0,31908.0
60622000,60622000,2024,Ростовская область,Кагальницкий муниципальный район,Муниципальный район,57577.4,3987.0,1123.0,,331.0,112.0,,340.0,321.0,831.0,458.0,28684.0
60623000,60623000,2024,Ростовская область,Каменский муниципальный район,Муниципальный район,51531.3,4702.0,562.0,,118.0,75.0,,282.0,330.0,1087.0,630.0,40717.0
60624000,60624000,2024,Ростовская область,Кашарский муниципальный район,Муниципальный район,49465.6,2698.0,450.0,,102.0,65.0,,78.0,382.0,767.0,577.0,19088.0
60625000,60625000,2024,Ростовская область,Константиновский муниципальный район,Муниципальный район,44171.3,3707.0,,,,126.0,99.0,244.0,580.0,1408.0,519.0,30032.0
60626000,60626000,2024,Ростовская область,Красносулинский муниципальный район,Муниципальный район,70662.8,12979.0,203.0,3065.0,2391.0,306.0,231.0,546.0,870.0,1955.0,1429.0,71430.0
60627000,60627000,2024,Ростовская область,Куйбышевский муниципальный район,Муниципальный район,52415.6,1457.0,,,,,,47.0,202.0,491.0,314.0,13005.0
60630000,60630000,2024,Ростовская область,Мартыновский муниципальный район,Муниципальный район,43592.2,3081.0,410.0,,,,,123.0,379.0,1210.0,550.0,34159.0
60631000,60631000,2024,Ростовская область,Матвеево-Курганский муниципальный район,Муниципальный район,48659.5,4662.0,740.0,,230.0,,93.0,235.0,492.0,1423.0,757.0,46183.0
60632000,60632000,2024,Ростовская область,Миллеровский муниципальный район,Муниципальный район,56084.0,11652.0,1582.0,,1609.0,978.0,249.0,792.0,975.0,1900.0,1431.0,34315.0
60633000,60633000,2024,Ростовская область,Милютинский муниципальный район,Муниципальный район,48809.3,1706.0,392.0,,,,25.0,39.0,210.0,473.0,,12414.0
60634000,60634000,2024,Ростовская область,Морозовский муниципальный район,Муниципальный район,53575.6,6596.0,560.0,,1814.0,216.0,120.0,370.0,774.0,1053.0,691.0,35245.0
60635000,60635000,2024,Ростовская область,Мясниковский муниципальный район,Муниципальный район,69991.4,7750.0,656.0,,978.0,196.0,222.0,2340.0,635.0,1425.0,477.0,53883.0
60636000,60636000,2024,Ростовская область,Неклиновский муниципальный район,Муниципальный район,50513.3,7839.0,1564.0,,132.0,,234.0,456.0,811.0,2111.0,1553.0,89763.0
60640000,60640000,2024,Ростовская область,Обливский муниципальный район,Муниципальный район,45283.3,1740.0,147.0,,,70.0,,118.0,335.0,446.0,367.0,16510.0
60641000,60641000,2024,Ростовская область,Октябрьский муниципальный район,Муниципальный район,66122.5,10436.0,1121.0,,1691.0,,267.0,1675.0,553.0,2346.0,865.0,60186.0
60642000,60642000,2024,Ростовская область,Орловский муниципальный район,Муниципальный район,48234.0,4170.0,407.0,,339.0,157.0,212.0,244.0,374.0,1019.0,655.0,32060.0
60644000,60644000,2024,Ростовская область,Песчанокопский муниципальный район,Муниципальный район,52592.4,3222.0,615.0,,,109.0,,168.0,346.0,737.0,540.0,25584.0
60645000,60645000,2024,Ростовская область,Пролетарский муниципальный район,Муниципальный район,52323.1,4132.0,883.0,,331.0,110.0,112.0,156.0,428.0,949.0,564.0,14129.0
60647000,60647000,2024,Ростовская область,Ремонтненский муниципальный район,Муниципальный район,43865.2,2088.0,236.0,,,,119.0,70.0,376.0,567.0,462.0,16258.0
60648000,60648000,2024,Ростовская область,Родионово-Несветайский муниципальный район,Муниципальный район,53556.0,2574.0,,,,,,99.0,342.0,692.0,600.0,21908.0
60650000,60650000,2024,Ростовская область,Сальский муниципальный район,Муниципальный район,54516.1,15861.0,802.0,,1608.0,1213.0,127.0,895.0,998.0,3325.0,2551.0,56988.0
60651000,60651000,2024,Ростовская область,Семикаракорский муниципальный район,Муниципальный район,53083.4,7491.0,934.0,,2129.0,277.0,108.0,345.0,521.0,1299.0,821.0,47200.0
60652000,60652000,2024,Ростовская область,Советский муниципальный район,Муниципальный район,41834.9,688.0,,,,,,,121.0,219.0,222.0,5783.0
60653000,60653000,2024,Ростовская область,Тарасовский муниципальный район,Муниципальный район,47332.4,3421.0,330.0,66.0,23.0,93.0,,141.0,377.0,1116.0,673.0,26401.0
60654000,60654000,2024,Ростовская область,Тацинский муниципальный район,Муниципальный район,51264.1,3890.0,164.0,,396.0,84.0,,140.0,359.0,999.0,649.0,33486.0
60655000,60655000,2024,Ростовская область,Усть-Донецкий муниципальный район,Муниципальный район,51897.5,3433.0,499.0,,,,251.0,180.0,374.0,731.0,687.0,20768.0
60656000,60656000,2024,Ростовская область,Целинский муниципальный район,Муниципальный район,60995.7,4268.0,1300.0,,96.0,,,463.0,387.0,880.0,507.0,29220.0
60657000,60657000,2024,Ростовская область,Цимлянский муниципальный район,Муниципальный район,69245.1,5513.0,547.0,,1043.0,815.0,,243.0,393.0,1092.0,690.0,14677.0
60658000,60658000,2024,Ростовская область,Чертковский муниципальный район,Муниципальный район,52239.9,3758.0,618.0,,,95.0,,185.0,494.0,1005.0,626.0,29710.0
60659000,60659000,2024,Ростовская область,Шолоховский муниципальный район,Муниципальный район,46426.4,3638.0,73.0,,,206.0,88.0,142.0,552.0,817.0,639.0,24518.0
60701000,60701000,2024,Ростовская область,Город Ростов-на-Дону,"Городской округ, городской округ с внутригородским делением",86913.3,286147.0,478.0,131.0,34414.0,8133.0,2955.0,37953.0,40612.0,34046.0,33838.0,1140487.0
60704000,60704000,2024,Ростовская область,Город Азов,"Городской округ, городской округ с внутригородским делением",62349.4,17234.0,,,6114.0,1349.0,,1503.0,1187.0,2388.0,1840.0,80381.0
60707000,60707000,2024,Ростовская область,Город Батайск,"Городской округ, городской округ с внутригородским делением",68587.7,18898.0,,,1980.0,742.0,322.0,3107.0,1002.0,3028.0,1854.0,124987.0
60712000,60712000,2024,Ростовская область,Город Волгодонск,"Городской округ, городской округ с внутригородским делением",74323.9,34841.0,124.0,,11012.0,5289.0,,2444.0,1706.0,4587.0,3477.0,163963.0
60715000,60715000,2024,Ростовская область,Город Гуково,"Городской округ, городской округ с внутригородским делением",46520.0,5553.0,,,457.0,470.0,448.0,503.0,507.0,1450.0,1122.0,58965.0
60717000,60717000,2024,Ростовская область,Город Донецк,"Городской округ, городской округ с внутригородским делением",44250.6,4319.0,,,835.0,391.0,,407.0,439.0,1031.0,728.0,45737.0
60718000,60718000,2024,Ростовская область,Город Зверево,"Городской округ, городской округ с внутригородским делением",58343.5,4296.0,,,,,,304.0,347.0,482.0,752.0,18460.0
60719000,60719000,2024,Ростовская область,Город Каменск-Шахтинский,"Городской округ, городской округ с внутригородским делением",65443.2,19015.0,,,6828.0,1449.0,408.0,998.0,1498.0,2187.0,2132.0,83286.0
60727000,60727000,2024,Ростовская область,Город Новочеркасск,"Городской округ, городской округ с внутригородским делением",63868.5,34296.0,,,12052.0,2767.0,1163.0,1756.0,3832.0,5463.0,4029.0,160529.0
60730000,60730000,2024,Ростовская область,Город Новошахтинск,"Городской округ, городской округ с внутригородским делением",53584.8,11699.0,,,2068.0,645.0,396.0,890.0,1072.0,2330.0,1577.0,101483.0
60737000,60737000,2024,Ростовская область,Город Таганрог,"Городской округ, городской округ с внутригородским делением",69309.0,52407.0,,,19426.0,1846.0,1473.0,3893.0,2636.0,7090.0,5858.0,241557.0
60740000,60740000,2024,Ростовская область,Город Шахты,"Городской округ, городской округ с внутригородским делением",61932.3,31551.0,,48.0,10693.0,2085.0,1213.0,2713.0,2649.0,4430.0,4989.0,220802.0
63602000,63602000,2024,Саратовская область,Александрово-Гайский муниципальный район,Муниципальный район,50824.1,1874.0,,,,,,63.0,194.0,579.0,303.0,14280.0
63603000,63603000,2024,Саратовская область,Аркадакский муниципальный район,Муниципальный район,44492.7,2976.0,497.0,,,41.0,,123.0,359.0,793.0,451.0,10624.0
63604000,63604000,2024,Саратовская область,Аткарский муниципальный район,Муниципальный район,47933.4,5224.0,175.0,,611.0,,,384.0,636.0,1117.0,975.0,21675.0
63606000,63606000,2024,Саратовская область,Базарно-Карабулакский муниципальный район,Муниципальный район,41671.5,3606.0,96.0,,121.0,301.0,,174.0,494.0,1046.0,1002.0,14479.0
63607000,63607000,2024,Саратовская область,Балаковский муниципальный район,Муниципальный район,72660.5,42129.0,433.0,,11889.0,6616.0,,2884.0,2253.0,4697.0,5443.0,200241.0
63608000,63608000,2024,Саратовская область,Балашовский муниципальный район,Муниципальный район,47550.6,14938.0,210.0,,,1262.0,,962.0,1769.0,3314.0,3079.0,99921.0
63609000,63609000,2024,Саратовская область,Балтайский муниципальный район,Муниципальный район,39974.2,1245.0,211.0,,,,,40.0,223.0,343.0,249.0,9850.0
63611000,63611000,2024,Саратовская область,Вольский муниципальный район,Муниципальный район,49672.8,17219.0,130.0,,2452.0,890.0,469.0,603.0,2702.0,3667.0,3356.0,61046.0
63612000,63612000,2024,Саратовская область,Воскресенский муниципальный район,Муниципальный район,47934.7,1338.0,19.0,,,,,62.0,188.0,364.0,,10854.0
63613000,63613000,2024,Саратовская область,Дергачевский муниципальный район,Муниципальный район,38847.0,2798.0,501.0,,,70.0,110.0,105.0,333.0,739.0,592.0,7227.0
63614000,63614000,2024,Саратовская область,Духовницкий муниципальный район,Муниципальный район,49765.8,1533.0,,387.0,,,,39.0,255.0,314.0,275.0,4412.0
63616000,63616000,2024,Саратовская область,Екатериновский муниципальный район,Муниципальный район,47785.6,2034.0,204.0,,,,,87.0,254.0,561.0,,10591.0
63617000,63617000,2024,Саратовская область,Ершовский муниципальный район,Муниципальный район,53668.0,7482.0,934.0,,647.0,842.0,,255.0,571.0,1182.0,933.0,30920.0
63619000,63619000,2024,Саратовская область,Ивантеевский муниципальный район,Муниципальный район,43334.6,2239.0,269.0,368.0,,,,65.0,208.0,639.0,,12313.0
63621000,63621000,2024,Саратовская область,Калининский муниципальный район,Муниципальный район,47516.0,4199.0,1005.0,,,270.0,,190.0,542.0,1048.0,521.0,26679.0
63622000,63622000,2024,Саратовская область,Красноармейский муниципальный район,Муниципальный район,43374.0,5735.0,41.0,,,242.0,,263.0,1173.0,1162.0,1157.0,17057.0
63623000,63623000,2024,Саратовская область,Краснокутский муниципальный район,Муниципальный район,47620.4,3903.0,128.0,,,41.0,74.0,178.0,467.0,1347.0,480.0,30318.0
63624000,63624000,2024,Саратовская область,Краснопартизанский муниципальный район,Муниципальный район,41997.3,1353.0,169.0,,,,,46.0,244.0,396.0,228.0,4077.0
63625000,63625000,2024,Саратовская область,Лысогорский муниципальный район,Муниципальный район,48388.2,2392.0,191.0,,,,,87.0,286.0,609.0,486.0,10545.0
63626000,63626000,2024,Саратовская область,Марксовский муниципальный район,Муниципальный район,48052.8,8779.0,1440.0,,1315.0,369.0,,399.0,675.0,2005.0,1601.0,28925.0
63629000,63629000,2024,Саратовская область,Новобурасский муниципальный район,Муниципальный район,43299.4,1679.0,337.0,,,,,78.0,220.0,573.0,,5716.0
63630000,63630000,2024,Саратовская область,Новоузенский муниципальный район,Муниципальный район,39927.4,2954.0,49.0,,,217.0,,124.0,456.0,1037.0,560.0,14937.0
63632000,63632000,2024,Саратовская область,Озинский муниципальный район,Муниципальный район,39996.7,1896.0,,,,59.0,,86.0,381.0,677.0,401.0,7371.0
63634000,63634000,2024,Саратовская область,Перелюбский муниципальный район,Муниципальный район,45244.7,2032.0,516.0,24.0,,,,51.0,252.0,640.0,,10960.0
63635000,63635000,2024,Саратовская область,Петровский муниципальный район,Муниципальный район,47805.9,4385.0,30.0,,,131.0,,319.0,553.0,1074.0,709.0,25564.0
63636000,63636000,2024,Саратовская область,Питерский муниципальный район,Муниципальный район,37833.4,1473.0,,,,,,41.0,248.0,581.0,308.0,14503.0
63637000,63637000,2024,Саратовская область,Пугачевский муниципальный район,Муниципальный район,45150.5,8984.0,922.0,116.0,924.0,621.0,164.0,445.0,1302.0,1880.0,1099.0,39412.0
63639000,63639000,2024,Саратовская область,Ровенский муниципальный район,Муниципальный район,40355.1,1382.0,,,,,,58.0,167.0,611.0,256.0,4457.0
63640000,63640000,2024,Саратовская область,Романовский муниципальный район,Муниципальный район,39097.0,1182.0,23.0,,,,,37.0,212.0,333.0,,6422.0
63641000,63641000,2024,Саратовская область,Ртищевский муниципальный район,Муниципальный район,49550.0,9126.0,373.0,,443.0,617.0,,438.0,740.0,1831.0,930.0,50179.0
63642000,63642000,2024,Саратовская область,Самойловский муниципальный район,Муниципальный район,38548.4,1898.0,,,,,,102.0,271.0,571.0,499.0,15904.0
63644000,63644000,2024,Саратовская область,Советский муниципальный район,Муниципальный район,50621.3,2717.0,,,,296.0,94.0,129.0,367.0,695.0,318.0,
63646000,63646000,2024,Саратовская область,Татищевский муниципальный район,Муниципальный район,54763.5,4662.0,742.0,,,228.0,,424.0,464.0,859.0,420.0,20563.0
63647000,63647000,2024,Саратовская область,Турковский муниципальный район,Муниципальный район,40761.0,1166.0,35.0,,,,,52.0,191.0,364.0,286.0,5164.0
63648000,63648000,2024,Саратовская область,Федоровский муниципальный район,Муниципальный район,47657.8,1809.0,,,,35.0,,46.0,226.0,500.0,,10844.0
63649000,63649000,2024,Саратовская область,Хвалынский муниципальный район,Муниципальный район,41161.3,2829.0,25.0,,,49.0,,110.0,318.0,880.0,816.0,8776.0
63650000,63650000,2024,Саратовская область,Энгельсский муниципальный район,Муниципальный район,59289.0,50127.0,576.0,408.0,13464.0,2135.0,980.0,5022.0,4333.0,8133.0,6198.0,49552.0
63700000,CD,2024,Саратовская область,Городские округа Саратовской области,"Городской округ, городской округ с внутригородским делением",68438.0,230495.0,1654.0,2226.0,46363.0,8334.0,2930.0,19560.0,25023.0,32708.0,30056.0,
63701000,63701000,2024,Саратовская область,Город Саратов,"Городской округ, городской округ с внутригородским делением",68749.6,227294.0,1654.0,2226.0,46360.0,8268.0,2686.0,19480.0,24263.0,32134.0,29150.0,41457.0
63746000,63746000,2024,Саратовская область,Город Шиханы,"Городской округ, городской округ с внутригородским делением",50635.5,677.0,,,,,,41.0,150.0,146.0,183.0,4872.0
63760000,63550000,2024,Саратовская область,Поселок Михайловский,"Городской округ, городской округ с внутригородским делением",53630.8,848.0,,,,,213.0,,72.0,67.0,,2321.0
64701000,64701000,2024,Сахалинская область,Город Южно-Сахалинск,"Городской округ, городской округ с внутригородским делением",155575.2,77024.0,2779.0,3672.0,1095.0,3295.0,936.0,4184.0,11125.0,8957.0,10346.0,187027.0
64704000,64504000,2024,Сахалинская область,Александровск-Сахалинский район,"Городской округ, городской округ с внутригородским делением",96625.0,2074.0,,,,172.0,,17.0,398.0,597.0,487.0,8679.0
64708000,64508000,2024,Сахалинская область,Анивский,"Городской округ, городской округ с внутригородским делением",108286.4,3109.0,486.0,,,,,57.0,436.0,930.0,410.0,11289.0
64712000,64512000,2024,Сахалинская область,Долинский,"Городской округ, городской округ с внутригородским делением",106257.6,3370.0,168.0,,,,132.0,86.0,586.0,1162.0,646.0,10305.0
64716000,64516000,2024,Сахалинская область,Корсаковский,"Городской округ, городской округ с внутригородским делением",128090.6,7295.0,210.0,,297.0,432.0,145.0,253.0,1460.0,1447.0,894.0,33123.0
64720000,64520000,2024,Сахалинская область,Курильский,"Городской округ, городской округ с внутригородским делением",149723.6,2658.0,395.0,,233.0,148.0,,,313.0,242.0,189.0,6956.0
64724000,64524000,2024,Сахалинская область,Макаровский,"Городской округ, городской округ с внутригородским делением",95628.8,1480.0,156.0,,,,,13.0,328.0,264.0,267.0,5564.0
64728000,64528000,2024,Сахалинская область,Невельский,"Городской округ, городской округ с внутригородским делением",108694.7,3676.0,318.0,,,,,55.0,579.0,720.0,525.0,10568.0
64732000,64532000,2024,Сахалинская область,Ногликский,"Городской округ, городской округ с внутригородским делением",192734.4,7123.0,,1869.0,6.0,271.0,124.0,104.0,320.0,559.0,371.0,10273.0
64736000,64536000,2024,Сахалинская область,Охинский,"Городской округ, городской округ с внутригородским делением",126841.9,6352.0,164.0,1242.0,,421.0,133.0,54.0,541.0,1164.0,754.0,1520.0
64740000,64540000,2024,Сахалинская область,Поронайский,"Городской округ, городской округ с внутригородским делением",93411.3,4176.0,77.0,,,296.0,133.0,64.0,622.0,1030.0,636.0,17433.0
64743000,64543000,2024,Сахалинская область,Северо-Курильский,"Городской округ, городской округ с внутригородским делением",188521.6,1428.0,578.0,,206.0,,,,155.0,96.0,,2378.0
64746000,64546000,2024,Сахалинская область,Смирныховский,"Городской округ, городской округ с внутригородским делением",94562.8,2872.0,121.0,,,95.0,,27.0,625.0,531.0,371.0,8312.0
64748000,64548000,2024,Сахалинская область,Томаринский,"Городской округ, городской округ с внутригородским делением",102967.7,2308.0,116.0,,,,,,301.0,395.0,376.0,4213.0
64750000,64550000,2024,Сахалинская область,Тымовский,"Городской округ, городской округ с внутригородским делением",101926.2,2932.0,86.0,,9.0,167.0,61.0,34.0,665.0,737.0,778.0,5628.0
64752000,64552000,2024,Сахалинская область,Углегорский,"Городской округ, городской округ с внутригородским делением",147821.8,8250.0,,2190.0,,,122.0,203.0,511.0,931.0,643.0,13914.0
64754000,64554000,2024,Сахалинская область,Холмский,"Городской округ, городской округ с внутригородским делением",108750.4,7205.0,,35.0,,417.0,,150.0,1046.0,1638.0,1401.0,7870.0
64756000,64556000,2024,Сахалинская область,Южно-Курильский,"Городской округ, городской округ с внутригородским делением",153313.4,4178.0,1029.0,,939.0,210.0,,29.0,320.0,446.0,,4497.0
65608000,65608000,2024,Свердловская область,Байкаловский муниципальный район,Муниципальный район,53780.1,3333.0,825.0,,,54.0,27.0,74.0,488.0,801.0,313.0,14422.0
65623000,65623000,2024,Свердловская область,Камышловский муниципальный район,Муниципальный район,52378.1,3578.0,773.0,,,43.0,19.0,96.0,729.0,1184.0,351.0,0.0
65628000,65628000,2024,Свердловская область,Нижнесергинский муниципальный район,Муниципальный район,61036.3,7100.0,,,2143.0,234.0,158.0,255.0,881.0,1499.0,616.0,8527.0
65639000,65639000,2024,Свердловская область,Слободо-Туринский муниципальный район,Муниципальный район,53489.2,1863.0,,,,60.0,28.0,66.0,356.0,788.0,,11664.0
65645000,65645000,2024,Свердловская область,Таборинский муниципальный район,Муниципальный район,50324.4,686.0,,,,32.0,,,261.0,218.0,,0.0
65701000,65701000,2024,Свердловская область,Город Екатеринбург,"Городской округ, городской округ с внутригородским делением",101589.0,468962.0,2669.0,2123.0,72876.0,14722.0,6910.0,76613.0,35795.0,48209.0,42912.0,1536183.0
65703000,65502000,2024,Свердловская область,Артемовский,"Городской округ, городской округ с внутригородским делением",59481.7,10385.0,,,2224.0,1364.0,76.0,500.0,927.0,2105.0,1227.0,28655.0
65704000,65503000,2024,Свердловская область,Артинский,"Городской округ, городской округ с внутригородским делением",51459.1,3872.0,362.0,,,116.0,65.0,260.0,575.0,1237.0,548.0,13431.0
65705000,65505000,2024,Свердловская область,Ачитский,"Городской округ, городской округ с внутригородским делением",64903.7,3339.0,,,,,26.0,111.0,273.0,901.0,380.0,9092.0
65706000,65506000,2024,Свердловская область,Белоярский,"Городской округ, городской округ с внутригородским делением",67794.2,5678.0,570.0,,468.0,,23.0,797.0,995.0,1344.0,647.0,12898.0
65707000,65514000,2024,Свердловская область,Богданович,"Городской округ, городской округ с внутригородским делением",64660.1,11204.0,1162.0,,3407.0,741.0,,437.0,809.0,2081.0,813.0,29770.0
65708000,65509000,2024,Свердловская область,Верхнесалдинский,"Городской округ, городской округ с внутригородским делением",80504.6,19216.0,,,12912.0,705.0,474.0,517.0,810.0,1482.0,702.0,41952.0
65709000,65516000,2024,Свердловская область,Верхотурский,"Городской округ, городской округ с внутригородским делением",58918.1,2518.0,109.0,,,,,127.0,621.0,853.0,360.0,6860.0
65710000,65511000,2024,Свердловская область,Гаринский,"Городской округ, городской округ с внутригородским делением",76557.2,741.0,,,,,,19.0,141.0,130.0,,515.0
65711000,65530000,2024,Свердловская область,Ирбитское,"Городской округ, городской округ с внутригородским делением",59483.3,5308.0,2293.0,,197.0,,50.0,51.0,488.0,1442.0,,26013.0
65712000,65531000,2024,Свердловская область,Каменский,"Городской округ, городской округ с внутригородским делением",56177.8,3417.0,781.0,,326.0,169.0,,207.0,225.0,955.0,260.0,3847.0
65713000,65539000,2024,Свердловская область,Красноуфимский округ,"Городской округ, городской округ с внутригородским делением",51932.3,3120.0,,,,,,55.0,229.0,1363.0,146.0,1481.0
65714000,65541000,2024,Свердловская область,Невьянский,"Городской округ, городской округ с внутригородским делением",75222.0,8254.0,,813.0,2094.0,158.0,80.0,409.0,1022.0,1513.0,694.0,15140.0
65715000,65543000,2024,Свердловская область,Нижнетуринский,"Городской округ, городской округ с внутригородским делением",67976.0,5241.0,,,1396.0,,,314.0,482.0,883.0,485.0,17708.0
65716000,65544000,2024,Свердловская область,Новолялинский,"Городской округ, городской округ с внутригородским делением",52468.4,3362.0,,,676.0,156.0,51.0,178.0,475.0,1001.0,319.0,8166.0
65717000,65512000,2024,Свердловская область,Горноуральский,"Городской округ, городской округ с внутригородским делением",53304.7,3139.0,336.0,,,211.0,,197.0,304.0,1215.0,292.0,2765.0
65718000,65546000,2024,Свердловская область,Пышминский,"Городской округ, городской округ с внутригородским делением",53137.8,3055.0,689.0,,,200.0,46.0,134.0,257.0,930.0,385.0,9102.0
65719000,65525000,2024,Свердловская область,Ревда,"Городской округ, городской округ с внутригородским делением",83436.2,12560.0,,,5229.0,413.0,,1112.0,1001.0,1588.0,1123.0,59036.0
65720000,65547000,2024,Свердловская область,Режевской,"Городской округ, городской округ с внутригородским делением",68749.4,7274.0,,,1112.0,365.0,107.0,445.0,702.0,1807.0,1106.0,45338.0
65721000,65551000,2024,Свердловская область,Сосьвинский,"Городской округ, городской округ с внутригородским делением",68694.0,1603.0,,,,,,73.0,94.0,527.0,188.0,12459.0
65722000,65552000,2024,Свердловская область,Сысертский,"Городской округ, городской округ с внутригородским делением",71343.5,12467.0,652.0,,3217.0,227.0,172.0,1952.0,914.0,2609.0,1331.0,65368.0
65723000,65553000,2024,Свердловская область,Тавдинский,"Городской округ, городской округ с внутригородским делением",52608.5,5492.0,,,773.0,247.0,,251.0,1315.0,1275.0,983.0,32056.0
65724000,65554000,2024,Свердловская область,Талицкий,"Городской округ, городской округ с внутригородским делением",56097.7,7121.0,516.0,,579.0,698.0,54.0,335.0,746.0,1822.0,1253.0,39733.0
65725000,65555000,2024,Свердловская область,Тугулымский,"Городской округ, городской округ с внутригородским делением",50712.1,2805.0,,,,166.0,,141.0,738.0,912.0,495.0,11946.0
65726000,65556000,2024,Свердловская область,Туринский,"Городской округ, городской округ с внутригородским делением",52992.1,3879.0,286.0,,,268.0,,247.0,515.0,987.0,479.0,16542.0
65727000,65557000,2024,Свердловская область,Шалинский,"Городской округ, городской округ с внутригородским делением",49926.3,2465.0,338.0,,,,,98.0,390.0,779.0,373.0,10264.0
65728000,65538000,2024,Свердловская область,Город Алапаевск,"Городской округ, городской округ с внутригородским делением",56865.1,6484.0,,,593.0,119.0,,515.0,1006.0,1498.0,1382.0,5114.0
65729000,65729000,2024,Свердловская область,Арамильский,"Городской округ, городской округ с внутригородским делением",79463.7,3698.0,,,1519.0,156.0,,369.0,268.0,734.0,,3391.0
65730000,65504000,2024,Свердловская область,Асбестовский,"Городской округ, городской округ с внутригородским делением",62189.6,15297.0,,,2232.0,679.0,298.0,713.0,1091.0,2106.0,2089.0,58293.0
65731000,65507000,2024,Свердловская область,Березовский,"Городской округ, городской округ с внутригородским делением",74891.5,14543.0,123.0,1032.0,2645.0,326.0,657.0,3083.0,1089.0,2373.0,1178.0,76770.0
65732000,65732000,2024,Свердловская область,Верхняя Пышма,"Городской округ, городской округ с внутригородским делением",121612.1,22734.0,,,10063.0,502.0,595.0,2200.0,1225.0,3321.0,1345.0,90810.0
65733000,65515000,2024,Свердловская область,Верхний Тагил,"Городской округ, городской округ с внутригородским делением",63572.3,2806.0,,,,606.0,87.0,105.0,76.0,468.0,,10991.0
65734000,65734000,2024,Свердловская область,Верхняя Тура,"Городской округ, городской округ с внутригородским делением",77512.3,2734.0,,,1405.0,,,67.0,109.0,418.0,,8418.0
65735000,65510000,2024,Свердловская область,Волчанский,"Городской округ, городской округ с внутригородским делением",59169.4,1803.0,,,,,,79.0,72.0,388.0,243.0,194.0
65736000,65517000,2024,Свердловская область,Дегтярск,"Городской округ, городской округ с внутригородским делением",54823.3,1210.0,,,,,,164.0,114.0,447.0,,14941.0
65737000,65518000,2024,Свердловская область,Заречный,"Городской округ, городской округ с внутригородским делением",92315.7,9275.0,,,570.0,3315.0,373.0,712.0,622.0,1305.0,623.0,31897.0
65738000,65529000,2024,Свердловская область,Ивдельский,"Городской округ, городской округ с внутригородским делением",76838.7,3920.0,,661.0,,124.0,,193.0,772.0,618.0,335.0,17176.0
65739000,65739000,2024,Свердловская область,Город Ирбит,"Городской округ, городской округ с внутригородским делением",57882.8,8480.0,,,1607.0,172.0,,466.0,898.0,1864.0,1350.0,36505.0
65740000,65740000,2024,Свердловская область,Каменск-Уральский,"Городской округ, городской округ с внутригородским делением",78639.4,48667.0,,,23634.0,1363.0,969.0,2528.0,2869.0,5476.0,4218.0,163501.0
65741000,65741000,2024,Свердловская область,Камышловский,"Городской округ, городской округ с внутригородским делением",60568.7,7397.0,,,1280.0,249.0,,379.0,1029.0,1305.0,939.0,0.0
65742000,65519000,2024,Свердловская область,Карпинск,"Городской округ, городской округ с внутригородским делением",64332.3,5041.0,,138.0,466.0,152.0,,320.0,417.0,1122.0,750.0,25214.0
65743000,65532000,2024,Свердловская область,Качканарский,"Городской округ, городской округ с внутригородским делением",84160.7,11839.0,,5634.0,1124.0,262.0,,471.0,554.0,1232.0,854.0,38418.0
65744000,65533000,2024,Свердловская область,Кировградский,"Городской округ, городской округ с внутригородским делением",68445.2,6800.0,,,3012.0,232.0,284.0,270.0,844.0,1134.0,518.0,23721.0
65745000,65520000,2024,Свердловская область,Краснотурьинск,"Городской округ, городской округ с внутригородским делением",75733.3,16494.0,,2426.0,3260.0,920.0,252.0,718.0,1522.0,2190.0,1925.0,3363.0
65746000,65521000,2024,Свердловская область,Красноуральск,"Городской округ, городской округ с внутригородским делением",77467.3,5864.0,,,2317.0,177.0,,263.0,525.0,841.0,555.0,21994.0
65747000,65747000,2024,Свердловская область,Красноуфимск,"Городской округ, городской округ с внутригородским делением",74010.3,10534.0,,,651.0,224.0,104.0,494.0,1064.0,1778.0,1188.0,486.0
65748000,65534000,2024,Свердловская область,Кушвинский,"Городской округ, городской округ с внутригородским делением",71488.4,7941.0,,1200.0,1644.0,232.0,,358.0,610.0,1163.0,682.0,26551.0
65750000,65522000,2024,Свердловская область,Нижняя Салда,"Городской округ, городской округ с внутригородским делением",62956.5,3281.0,,,,,72.0,133.0,245.0,451.0,512.0,163.0
65751000,65513000,2024,Свердловская область,Город Нижний Тагил,"Городской округ, городской округ с внутригородским делением",79610.3,104645.0,344.0,,45246.0,4252.0,1468.0,5270.0,6654.0,11701.0,9023.0,2672.0
65753000,65524000,2024,Свердловская область,Первоуральск,"Городской округ, городской округ с внутригородским делением",79425.9,33754.0,487.0,,14058.0,959.0,459.0,3300.0,2099.0,3915.0,3251.0,130039.0
65754000,65545000,2024,Свердловская область,Полевской,"Городской округ, городской округ с внутригородским делением",75830.5,15866.0,,,7900.0,537.0,390.0,898.0,770.0,2090.0,1349.0,53748.0
65755000,65548000,2024,Свердловская область,Североуральский,"Городской округ, городской округ с внутригородским делением",74651.5,9223.0,,2448.0,876.0,424.0,,376.0,666.0,1208.0,1029.0,23871.0
65756000,65549000,2024,Свердловская область,Серовский,"Городской округ, городской округ с внутригородским делением",74232.0,22494.0,,,8338.0,1531.0,117.0,1128.0,1437.0,4048.0,1903.0,92349.0
65757000,65526000,2024,Свердловская область,Среднеуральск,"Городской округ, городской округ с внутригородским делением",85577.2,3310.0,,,519.0,461.0,,956.0,188.0,514.0,128.0,23891.0
65758000,65528000,2024,Свердловская область,Сухой Лог,"Городской округ, городской округ с внутригородским делением",74281.6,10861.0,547.0,,4168.0,362.0,,595.0,665.0,1800.0,1238.0,14047.0
65759000,65508000,2024,Свердловская область,Бисертский,"Городской округ, городской округ с внутригородским делением",48978.2,1101.0,,,,57.0,,103.0,121.0,420.0,,9116.0
65760000,65760000,2024,Свердловская область,Верхнее Дуброво,"Городской округ, городской округ с внутригородским делением",74336.1,1143.0,,,,,,62.0,45.0,160.0,,4522.0
65761000,65761000,2024,Свердловская область,Верх-Нейвинский,"Городской округ, городской округ с внутригородским делением",80988.8,1102.0,,,,,,58.0,76.0,180.0,,4346.0
65762000,65535000,2024,Свердловская область,Малышевский,"Городской округ, городской округ с внутригородским делением",68613.5,1425.0,,,,,,59.0,103.0,318.0,,9499.0
65763000,65763000,2024,Свердловская область,Рефтинский,"Городской округ, городской округ с внутригородским делением",90919.5,4578.0,,,,1899.0,,154.0,161.0,641.0,,15137.0
65764000,65523000,2024,Свердловская область,Пелым,"Городской округ, городской округ с внутригородским делением",102305.9,1139.0,,,,62.0,,24.0,23.0,111.0,,3418.0
65766000,65527000,2024,Свердловская область,Староуткинск,"Городской округ, городской округ с внутригородским делением",47553.2,265.0,,,,30.0,,29.0,24.0,,,2496.0
65769000,65536000,2024,Свердловская область,Махнёвское,"Городской округ, городской округ с внутригородским делением",45740.6,547.0,,,,48.0,,20.0,115.0,208.0,,2644.0
65771000,65537000,2024,Свердловская область,Алапаевское,"Городской округ, городской округ с внутригородским делением",60835.5,5007.0,736.0,,1522.0,288.0,,145.0,143.0,1016.0,543.0,22842.0
66603000,66503000,2024,Смоленская область,Велижский муниципальный район,Муниципальный район,43608.9,1144.0,,,,74.0,,56.0,278.0,307.0,205.0,6005.0
66605000,66505000,2024,Смоленская область,Вяземский муниципальный район,Муниципальный район,60265.2,15836.0,196.0,,5307.0,851.0,143.0,879.0,1187.0,2227.0,1574.0,69941.0
66608000,66508000,2024,Смоленская область,Гагаринский муниципальный район,Муниципальный район,77713.3,8859.0,275.0,,4154.0,135.0,385.0,473.0,575.0,1277.0,548.0,39257.0
66609000,66509000,2024,Смоленская область,Глинковский муниципальный район,Муниципальный район,47232.3,597.0,,,,,,,114.0,145.0,,0.0
66611000,66511000,2024,Смоленская область,Демидовский муниципальный район,Муниципальный район,39952.1,1798.0,,,,85.0,,96.0,337.0,513.0,292.0,7456.0
66614000,66514000,2024,Смоленская область,Дорогобужский муниципальный район,Муниципальный район,71388.1,6128.0,55.0,,2795.0,402.0,,169.0,493.0,792.0,502.0,19449.0
66616000,66516000,2024,Смоленская область,Духовщинский муниципальный район,Муниципальный район,50272.8,1902.0,,,,584.0,,82.0,204.0,450.0,203.0,5012.0
66619000,66519000,2024,Смоленская область,Ельнинский муниципальный район,Муниципальный район,44343.3,1270.0,,,,79.0,,84.0,239.0,314.0,,7911.0
66621000,66521000,2024,Смоленская область,Ершичский муниципальный район,Муниципальный район,40367.3,716.0,44.0,,,29.0,,30.0,126.0,187.0,173.0,5052.0
66623000,66523000,2024,Смоленская область,Кардымовский муниципальный район,Муниципальный район,53651.1,2206.0,,,758.0,78.0,,82.0,137.0,287.0,276.0,4443.0
66624000,66524000,2024,Смоленская область,Краснинский муниципальный район,Муниципальный район,43346.9,1252.0,,,,66.0,,155.0,227.0,374.0,,6763.0
66627000,66527000,2024,Смоленская область,Монастырщинский муниципальный район,Муниципальный район,43381.2,1084.0,149.0,,,61.0,35.0,46.0,190.0,234.0,,7769.0
66630000,66530000,2024,Смоленская область,Новодугинский муниципальный район,Муниципальный район,40534.1,1335.0,33.0,,,,,59.0,263.0,430.0,217.0,0.0
66633000,66533000,2024,Смоленская область,Починковский муниципальный район,Муниципальный район,50576.0,5091.0,909.0,,664.0,132.0,81.0,219.0,738.0,917.0,641.0,7351.0
66636000,66536000,2024,Смоленская область,Рославльский муниципальный район,Муниципальный район,53933.4,10984.0,601.0,,2890.0,897.0,102.0,766.0,1085.0,1994.0,1468.0,43592.0
66638000,66538000,2024,Смоленская область,Руднянский муниципальный район,Муниципальный район,46800.5,3025.0,20.0,,802.0,139.0,41.0,168.0,419.0,409.0,519.0,11346.0
66641000,66541000,2024,Смоленская область,Сафоновский муниципальный район,Муниципальный район,54974.6,10104.0,383.0,,3349.0,666.0,173.0,658.0,1118.0,1564.0,1046.0,49887.0
66644000,66544000,2024,Смоленская область,Смоленский муниципальный район,Муниципальный район,65632.8,10040.0,471.0,,797.0,57.0,63.0,1072.0,469.0,1366.0,1491.0,61413.0
66646000,66546000,2024,Смоленская область,Сычевский муниципальный район,Муниципальный район,52535.6,2454.0,301.0,,,51.0,,46.0,300.0,383.0,1155.0,11980.0
66648000,66548000,2024,Смоленская область,Темкинский муниципальный район,Муниципальный район,42277.7,532.0,,,,,,28.0,130.0,135.0,,0.0
66650000,66550000,2024,Смоленская область,Угранский муниципальный район,Муниципальный район,45267.7,956.0,,,,,,57.0,151.0,210.0,,0.0
66652000,66552000,2024,Смоленская область,Хиславичский муниципальный район,Муниципальный район,42242.5,967.0,103.0,,,52.0,,37.0,161.0,203.0,,3095.0
66654000,66554000,2024,Смоленская область,Холм-Жирковский муниципальный район,Муниципальный район,62154.1,1430.0,,,,,25.0,45.0,157.0,272.0,,3006.0
66656000,66556000,2024,Смоленская область,Шумячский муниципальный район,Муниципальный район,39974.4,1107.0,,,,103.0,13.0,53.0,191.0,324.0,197.0,2995.0
66658000,66558000,2024,Смоленская область,Ярцевский муниципальный район,Муниципальный район,55685.9,8218.0,34.0,,3113.0,375.0,131.0,571.0,625.0,1434.0,919.0,46827.0
66701000,66701000,2024,Смоленская область,Город Смоленск,"Городской округ, городской округ с внутригородским делением",68443.7,89566.0,159.0,,17282.0,3835.0,1377.0,7861.0,11682.0,12866.0,12406.0,310645.0
66710000,66710000,2024,Смоленская область,Город Десногорск,"Городской округ, городской округ с внутригородским делением",87361.0,10599.0,,,969.0,5077.0,,258.0,494.0,704.0,699.0,24618.0
67302000,67302000,2024,Севастополь,Балаклавский муниципальный округ,Внутригородская территория города федерального значения,68033.0,3714.0,464.0,,,279.0,,487.0,35.0,565.0,,12465.0
67304000,67304000,2024,Севастополь,Город Инкерман,Внутригородская территория города федерального значения,66830.6,963.0,,,,,,68.0,,243.0,,0.0
67306000,67306000,2024,Севастополь,Орлиновский муниципальный округ,Внутригородская территория города федерального значения,55134.1,386.0,,,,,,,38.0,,,7190.0
67308000,67308000,2024,Севастополь,Терновский муниципальный округ,Внутригородская территория города федерального значения,44199.5,124.0,,,,,,,,,,5070.0
67310000,67310000,2024,Севастополь,Гагаринский муниципальный округ,Внутригородская территория города федерального значения,72839.2,16905.0,,,844.0,,,1821.0,1145.0,6346.0,1392.0,194464.0
67312000,67312000,2024,Севастополь,Ленинский муниципальный округ,Внутригородская территория города федерального значения,71028.6,34749.0,30.0,,883.0,2250.0,2122.0,2159.0,8211.0,3037.0,5445.0,139333.0
67314000,67314000,2024,Севастополь,Нахимовский муниципальный округ,Внутригородская территория города федерального значения,57607.9,12058.0,,,2101.0,,,1228.0,1905.0,2592.0,1948.0,128027.0
67316000,67316000,2024,Севастополь,Верхнесадовский муниципальный округ,Внутригородская территория города федерального значения,59951.3,487.0,,,,,,,,98.0,,0.0
67318000,67318000,2024,Севастополь,Андреевский муниципальный округ,Внутригородская территория города федерального значения,63370.7,600.0,,,,,,,,,,3360.0
67320000,67320000,2024,Севастополь,Качинский муниципальный округ,Внутригородская территория города федерального значения,46773.7,343.0,,,,,,,,161.0,,13171.0
68502000,68502000,2024,Тамбовская область,Бондарский муниципальный округ,Муниципальный округ,46999.5,1217.0,169.0,,,,,37.0,179.0,185.0,191.0,8210.0
68503000,68503000,2024,Тамбовская область,Гавриловский муниципальный округ,Муниципальный округ,55400.1,1370.0,501.0,,,,,40.0,175.0,224.0,219.0,9164.0
68504000,68504000,2024,Тамбовская область,Жердевский муниципальный округ,Муниципальный округ,64545.6,4609.0,1760.0,,332.0,95.0,,211.0,409.0,619.0,460.0,24844.0
68506000,68506000,2024,Тамбовская область,Знаменский муниципальный округ,Муниципальный округ,53739.0,2764.0,413.0,,,99.0,,84.0,574.0,397.0,398.0,5333.0
68508000,68508000,2024,Тамбовская область,Инжавинский муниципальный округ,Муниципальный округ,51231.2,4067.0,824.0,,1338.0,,,102.0,294.0,512.0,424.0,9520.0
68510000,68510000,2024,Тамбовская область,Кирсановский муниципальный округ,Муниципальный округ,49416.8,2412.0,487.0,,270.0,,,82.0,396.0,547.0,,17742.0
68512000,68512000,2024,Тамбовская область,Мичуринский муниципальный округ,Муниципальный округ,60541.3,6223.0,1306.0,,,507.0,,136.0,748.0,971.0,509.0,31171.0
68514000,68514000,2024,Тамбовская область,Мордовский муниципальный округ,Муниципальный округ,48586.8,1971.0,380.0,,,,7.0,81.0,364.0,427.0,284.0,6536.0
68516000,68516000,2024,Тамбовская область,Моршанский муниципальный округ,Муниципальный округ,55294.0,3229.0,561.0,,,,,93.0,173.0,634.0,310.0,30838.0
68518000,68518000,2024,Тамбовская область,Мучкапский муниципальный округ,Муниципальный округ,44689.0,1347.0,,,,,,54.0,198.0,313.0,268.0,5727.0
68520000,68520000,2024,Тамбовская область,Никифоровский муниципальный округ,Муниципальный округ,52189.0,2351.0,246.0,,557.0,,,87.0,231.0,455.0,299.0,8805.0
68522000,68522000,2024,Тамбовская область,Первомайский муниципальный округ,Муниципальный округ,56790.7,5163.0,1762.0,,598.0,50.0,2.0,204.0,410.0,667.0,450.0,10412.0
68524000,68524000,2024,Тамбовская область,Петровский муниципальный округ,Муниципальный округ,51120.9,2186.0,558.0,,,,35.0,227.0,250.0,472.0,300.0,13536.0
68526000,68526000,2024,Тамбовская область,Пичаевский муниципальный округ,Муниципальный округ,47307.8,1348.0,368.0,,,,,71.0,153.0,231.0,220.0,10656.0
68528000,68528000,2024,Тамбовская область,Рассказовский муниципальный округ,Муниципальный округ,49100.5,2747.0,825.0,,381.0,,,47.0,517.0,462.0,,20262.0
68530000,68530000,2024,Тамбовская область,Ржаксинский муниципальный округ,Муниципальный округ,47048.8,1705.0,487.0,,,,,65.0,203.0,269.0,283.0,4368.0
68532000,68532000,2024,Тамбовская область,Сампурский муниципальный округ,Муниципальный округ,48078.1,1504.0,368.0,,,,,49.0,194.0,300.0,325.0,11610.0
68534000,68534000,2024,Тамбовская область,Сосновский муниципальный округ,Муниципальный округ,40100.6,3753.0,783.0,,428.0,41.0,,164.0,677.0,491.0,633.0,24282.0
68536000,68536000,2024,Тамбовская область,Староюрьевский муниципальный округ,Муниципальный округ,51813.6,1394.0,440.0,,,,,65.0,154.0,210.0,264.0,11015.0
68540000,68540000,2024,Тамбовская область,Тамбовский муниципальный округ,Муниципальный округ,66626.9,11080.0,1533.0,,3405.0,,7.0,1054.0,812.0,1442.0,917.0,5410.0
68542000,68542000,2024,Тамбовская область,Токарёвский муниципальный округ,Муниципальный округ,61793.1,4186.0,1155.0,,,,15.0,118.0,183.0,267.0,459.0,8587.0
68544000,68544000,2024,Тамбовская область,Уваровский муниципальный округ,Муниципальный округ,55091.1,948.0,517.0,,,,,,68.0,161.0,,9170.0
68546000,68546000,2024,Тамбовская область,Умётский муниципальный округ,Муниципальный округ,48407.2,1086.0,,,,,,33.0,188.0,219.0,191.0,5259.0
68701000,68701000,2024,Тамбовская область,Город Тамбов,"Городской округ, городской округ с внутригородским делением",60551.3,86276.0,600.0,,20000.0,3835.0,,8094.0,11232.0,11670.0,12019.0,288947.0
68705000,68705000,2024,Тамбовская область,Город Кирсанов,"Городской округ, городской округ с внутригородским делением",48888.3,3263.0,,,805.0,163.0,,218.0,459.0,587.0,505.0,15827.0
68710000,68710000,2024,Тамбовская область,Город Котовск,"Городской округ, городской округ с внутригородским делением",59305.8,7846.0,,,3704.0,,,313.0,468.0,947.0,361.0,26128.0
68715000,68715000,2024,Тамбовская область,Город Мичуринск,"Городской округ, городской округ с внутригородским делением",60937.2,18846.0,,,5377.0,,,1149.0,1242.0,2723.0,2076.0,88785.0
68720000,68720000,2024,Тамбовская область,Город Моршанск,"Городской округ, городской округ с внутригородским делением",43097.5,7046.0,29.0,,1425.0,,,513.0,936.0,1114.0,1117.0,38294.0
68725000,68725000,2024,Тамбовская область,Город Рассказово,"Городской округ, городской округ с внутригородским делением",48163.7,6461.0,,,1677.0,,,567.0,698.0,1016.0,1224.0,46633.0
68730000,68730000,2024,Тамбовская область,Город Уварово,"Городской округ, городской округ с внутригородским делением",46146.3,4307.0,64.0,,,384.0,,287.0,496.0,605.0,975.0,22986.0
69604000,69604000,2024,Томская область,Александровский муниципальный район,Муниципальный район,126598.4,3273.0,,965.0,118.0,241.0,36.0,35.0,250.0,350.0,216.0,7233.0
69608000,69608000,2024,Томская область,Асиновский муниципальный район,Муниципальный район,51907.3,5565.0,256.0,,488.0,438.0,109.0,207.0,940.0,1112.0,967.0,24628.0
69612000,69612000,2024,Томская область,Бакчарский муниципальный район,Муниципальный район,62639.2,1513.0,,,,,,56.0,345.0,505.0,354.0,11191.0
69616000,69616000,2024,Томская область,Верхнекетский муниципальный район,Муниципальный район,65346.1,2023.0,,,,143.0,15.0,58.0,426.0,641.0,,6708.0
69620000,69620000,2024,Томская область,Зырянский муниципальный район,Муниципальный район,51218.0,1621.0,90.0,,,,,53.0,316.0,516.0,376.0,11051.0
69624000,69624000,2024,Томская область,Каргасокский муниципальный район,Муниципальный район,101019.6,7863.0,,3164.0,463.0,597.0,93.0,86.0,588.0,929.0,477.0,17438.0
69628000,69628000,2024,Томская область,Кожевниковский муниципальный район,Муниципальный район,55490.7,3392.0,610.0,,264.0,,,81.0,459.0,817.0,,20183.0
69632000,69632000,2024,Томская область,Колпашевский муниципальный район,Муниципальный район,78500.9,5786.0,,,204.0,490.0,79.0,243.0,969.0,1395.0,1275.0,20099.0
69636000,69636000,2024,Томская область,Кривошеинский муниципальный район,Муниципальный район,64584.0,1791.0,189.0,,,78.0,,52.0,358.0,541.0,,12022.0
69640000,69640000,2024,Томская область,Молчановский муниципальный район,Муниципальный район,69354.3,2006.0,15.0,,,,,62.0,432.0,562.0,560.0,12103.0
69644000,69644000,2024,Томская область,Парабельский муниципальный район,Муниципальный район,115751.0,5901.0,,2608.0,199.0,143.0,55.0,58.0,460.0,589.0,339.0,11379.0
69648000,69648000,2024,Томская область,Первомайский муниципальный район,Муниципальный район,51540.8,2656.0,818.0,,38.0,,,54.0,408.0,745.0,,16471.0
69652000,69652000,2024,Томская область,Тегульдетский муниципальный район,Муниципальный район,70669.8,1220.0,327.0,,,,,28.0,292.0,257.0,,6463.0
69654000,69654000,2024,Томская область,Томский муниципальный район,Муниципальный район,66370.5,14371.0,3133.0,,,166.0,118.0,711.0,574.0,2896.0,1993.0,89298.0
69656000,69656000,2024,Томская область,Чаинский муниципальный район,Муниципальный район,69126.2,1316.0,,,,,,62.0,298.0,448.0,326.0,11633.0
69658000,69658000,2024,Томская область,Шегарский муниципальный район,Муниципальный район,50048.9,2951.0,167.0,,,58.0,,102.0,463.0,825.0,916.0,19646.0
69701000,69701000,2024,Томская область,Город Томск,"Городской округ, городской округ с внутригородским делением",90444.3,132561.0,515.0,1166.0,21963.0,4405.0,1346.0,11668.0,14763.0,23227.0,17260.0,545391.0
69707000,69707000,2024,Томская область,Город Кедровый,"Городской округ, городской округ с внутригородским делением",76099.6,380.0,,,,,,,119.0,111.0,,1822.0
69710000,69710000,2024,Томская область,Город Стрежевой,"Городской округ, городской округ с внутригородским делением",102903.1,8757.0,,1293.0,,357.0,,586.0,678.0,1179.0,922.0,37478.0
70604000,70604000,2024,Тульская область,Арсеньевский муниципальный район,Муниципальный район,48226.3,772.0,,,,,,35.0,139.0,264.0,116.0,9159.0
70606000,70606000,2024,Тульская область,Белевский муниципальный район,Муниципальный район,57262.0,2579.0,,,662.0,,,110.0,363.0,472.0,572.0,18494.0
70608000,70608000,2024,Тульская область,Богородицкий муниципальный район,Муниципальный район,64849.9,6971.0,213.0,,1741.0,,112.0,370.0,573.0,1281.0,993.0,49454.0
70612000,70612000,2024,Тульская область,Веневский муниципальный район,Муниципальный район,61582.5,3522.0,,,666.0,,133.0,272.0,422.0,904.0,534.0,33948.0
70616000,70616000,2024,Тульская область,Воловский муниципальный район,Муниципальный район,71011.9,3029.0,882.0,,,,,72.0,169.0,378.0,144.0,13746.0
70618000,70618000,2024,Тульская область,Дубенский муниципальный район,Муниципальный район,54710.0,1996.0,,,303.0,,110.0,61.0,238.0,408.0,356.0,14743.0
70622000,70622000,2024,Тульская область,Заокский муниципальный район,Муниципальный район,60987.6,2296.0,,,,,,185.0,262.0,780.0,236.0,26774.0
70624000,70624000,2024,Тульская область,Каменский муниципальный район,Муниципальный район,60127.2,1118.0,348.0,,,,,,159.0,305.0,103.0,8141.0
70626000,70626000,2024,Тульская область,Кимовский муниципальный район,Муниципальный район,62210.4,5461.0,,,2097.0,,,272.0,543.0,1132.0,707.0,38587.0
70628000,70628000,2024,Тульская область,Киреевский муниципальный район,Муниципальный район,55658.2,7209.0,271.0,,1874.0,,66.0,474.0,928.0,1917.0,1074.0,73376.0
70630000,70630000,2024,Тульская область,Куркинский муниципальный район,Муниципальный район,57155.1,1781.0,424.0,,,,,52.0,169.0,300.0,130.0,10641.0
70636000,70636000,2024,Тульская область,Одоевский муниципальный район,Муниципальный район,55383.7,1504.0,,,172.0,,,62.0,213.0,386.0,340.0,11804.0
70638000,70638000,2024,Тульская область,Плавский муниципальный район,Муниципальный район,56367.1,4804.0,810.0,,1224.0,52.0,14.0,192.0,703.0,736.0,409.0,29592.0
70640000,70640000,2024,Тульская область,Суворовский муниципальный район,Муниципальный район,59611.5,4527.0,,,,952.0,54.0,240.0,524.0,976.0,868.0,34424.0
70642000,70642000,2024,Тульская область,Тепло-Огаревский муниципальный район,Муниципальный район,50110.0,1167.0,,,,,,76.0,176.0,352.0,157.0,11101.0
70644000,70644000,2024,Тульская область,Узловский муниципальный район,Муниципальный район,74356.2,18502.0,805.0,,9471.0,815.0,138.0,575.0,665.0,2475.0,1179.0,75414.0
70646000,70646000,2024,Тульская область,Чернский муниципальный район,Муниципальный район,55736.8,2479.0,433.0,,,24.0,,96.0,206.0,713.0,439.0,18218.0
70648000,70648000,2024,Тульская область,Щекинский муниципальный район,Муниципальный район,74387.0,19118.0,1135.0,,6657.0,1117.0,376.0,945.0,1334.0,3184.0,1966.0,101699.0
70650000,70650000,2024,Тульская область,Ясногорский муниципальный район,Муниципальный район,85275.5,4624.0,553.0,,1887.0,,98.0,243.0,418.0,823.0,268.0,30348.0
70701000,70701000,2024,Тульская область,Город Тула,"Городской округ, городской округ с внутригородским делением",87275.6,179057.0,883.0,440.0,59480.0,6977.0,2461.0,15085.0,14664.0,18142.0,18519.0,461692.0
70702000,70702000,2024,Тульская область,Рабочий поселок Новогуровский,"Городской округ, городской округ с внутригородским делением",103540.9,711.0,,,,,,17.0,26.0,155.0,,3607.0
70706000,70706000,2024,Тульская область,Город Алексин,"Городской округ, городской округ с внутригородским делением",65671.5,28847.0,,,7447.0,877.0,,530.0,650.0,2048.0,1236.0,59184.0
70712000,70712000,2024,Тульская область,Город Донской,"Городской округ, городской округ с внутригородским делением",55751.0,9785.0,,,4567.0,790.0,,449.0,1044.0,1652.0,711.0,62255.0
70714000,70714000,2024,Тульская область,Город Ефремов,"Городской округ, городской округ с внутригородским делением",65612.1,11299.0,675.0,,3769.0,646.0,199.0,640.0,646.0,2148.0,1141.0,56354.0
70724000,70724000,2024,Тульская область,Город Новомосковск,"Городской округ, городской округ с внутригородским делением",80775.1,29453.0,579.0,,9798.0,1349.0,688.0,1783.0,1852.0,4933.0,2490.0,12464.0
70730000,70730000,2024,Тульская область,Славный,"Городской округ, городской округ с внутригородским делением",91118.3,509.0,,,,,,,20.0,,,1811.0
71603000,71603000,2024,Тюменская область без автономных округов,Абатский муниципальный район,Муниципальный район,57922.5,1956.0,213.0,,,98.0,,108.0,304.0,584.0,366.0,18641.0
71605000,71605000,2024,Тюменская область без автономных округов,Армизонский муниципальный район,Муниципальный район,53701.3,957.0,62.0,,,34.0,,33.0,190.0,283.0,,9306.0
71607000,71607000,2024,Тюменская область без автономных округов,Аромашевский муниципальный район,Муниципальный район,55769.3,1114.0,91.0,,,66.0,,52.0,207.0,,,10235.0
71610000,71610000,2024,Тюменская область без автономных округов,Бердюжский муниципальный район,Муниципальный район,54815.8,1600.0,244.0,,,70.0,,65.0,239.0,344.0,288.0,10693.0
71613000,71613000,2024,Тюменская область без автономных округов,Вагайский муниципальный район,Муниципальный район,59621.4,2532.0,,,,169.0,,100.0,333.0,851.0,452.0,17835.0
71615000,71615000,2024,Тюменская область без автономных округов,Викуловский муниципальный район,Муниципальный район,53629.6,1650.0,173.0,,,30.0,,140.0,272.0,513.0,333.0,14670.0
71624000,71624000,2024,Тюменская область без автономных округов,Исетский муниципальный район,Муниципальный район,58380.7,3219.0,617.0,,,183.0,,161.0,400.0,724.0,684.0,25979.0
71626000,71626000,2024,Тюменская область без автономных округов,Ишимский муниципальный район,Муниципальный район,57455.9,2981.0,838.0,,291.0,101.0,,,148.0,724.0,415.0,28178.0
71630000,71630000,2024,Тюменская область без автономных округов,Казанский муниципальный район,Муниципальный район,55932.0,2457.0,603.0,,,150.0,,90.0,363.0,539.0,437.0,19959.0
71632000,71632000,2024,Тюменская область без автономных округов,Нижнетавдинский муниципальный район,Муниципальный район,59034.7,2914.0,459.0,,,132.0,,135.0,409.0,663.0,528.0,27122.0
71634000,71634000,2024,Тюменская область без автономных округов,Омутинский муниципальный район,Муниципальный район,57938.6,2778.0,259.0,,,128.0,,111.0,409.0,490.0,443.0,18399.0
71636000,71636000,2024,Тюменская область без автономных округов,Сладковский муниципальный район,Муниципальный район,54093.6,1434.0,284.0,,,125.0,,33.0,187.0,334.0,225.0,10763.0
71638000,71638000,2024,Тюменская область без автономных округов,Сорокинский муниципальный район,Муниципальный район,55426.9,1439.0,210.0,,,107.0,,41.0,224.0,479.0,213.0,9230.0
71642000,71642000,2024,Тюменская область без автономных округов,Тобольский муниципальный район,Муниципальный район,73986.0,2278.0,,,8.0,178.0,,,188.0,626.0,207.0,21652.0
71644000,71644000,2024,Тюменская область без автономных округов,Тюменский муниципальный район,Муниципальный район,81701.1,18177.0,2957.0,228.0,3529.0,408.0,151.0,1997.0,675.0,2968.0,2678.0,143580.0
71648000,71648000,2024,Тюменская область без автономных округов,Уватский муниципальный район,Муниципальный район,122655.3,10755.0,197.0,4275.0,94.0,372.0,80.0,158.0,432.0,975.0,420.0,18683.0
71650000,71650000,2024,Тюменская область без автономных округов,Упоровский муниципальный район,Муниципальный район,54553.1,3074.0,1268.0,,,139.0,,83.0,286.0,590.0,377.0,19403.0
71653000,71653000,2024,Тюменская область без автономных округов,Юргинский муниципальный район,Муниципальный район,54980.6,1774.0,398.0,,,113.0,,38.0,196.0,426.0,410.0,11096.0
71656000,71656000,2024,Тюменская область без автономных округов,Ялуторовский муниципальный район,Муниципальный район,58735.2,1445.0,359.0,,18.0,110.0,,,214.0,422.0,99.0,15981.0
71658000,71658000,2024,Тюменская область без автономных округов,Ярковский муниципальный район,Муниципальный район,62492.9,2651.0,312.0,,,155.0,,82.0,275.0,672.0,531.0,23139.0
71701000,71701000,2024,Тюменская область,Город Тюмень,"Городской округ, городской округ с внутригородским делением",106290.0,211835.0,463.0,7836.0,25311.0,5754.0,3095.0,24249.0,21713.0,23439.0,25248.0,861098.0
71702000,71518000,2024,Тюменская область,Голышмановский,"Городской округ, городской округ с внутригородским делением",62188.6,4412.0,1479.0,,,121.0,,218.0,488.0,876.0,522.0,23386.0
71703000,71522000,2024,Тюменская область,Заводоуковский,"Городской округ, городской округ с внутригородским делением",60984.4,8449.0,1498.0,,1515.0,424.0,,494.0,770.0,1326.0,1516.0,20128.0
71705000,71705000,2024,Тюменская область,Город Ишим,"Городской округ, городской округ с внутригородским делением",64808.8,14434.0,71.0,,1547.0,925.0,525.0,1024.0,1611.0,1760.0,2246.0,67329.0
71710000,71710000,2024,Тюменская область,Город Тобольск,"Городской округ, городской округ с внутригородским делением",97335.7,26091.0,133.0,,5352.0,915.0,372.0,1797.0,1852.0,3675.0,2724.0,102733.0
71715000,71715000,2024,Тюменская область,Город Ялуторовск,"Городской округ, городской округ с внутригородским делением",64096.2,6503.0,,,763.0,351.0,196.0,515.0,580.0,1131.0,1274.0,38970.0
71811000,71811000,2024,Ханты-Мансийский автономный округ — Югра,Белоярский муниципальный район,Муниципальный район,146470.7,10475.0,,853.0,78.0,443.0,139.0,331.0,818.0,1262.0,819.0,28479.0
71812000,71812000,2024,Ханты-Мансийский автономный округ — Югра,Березовский муниципальный район,Муниципальный район,123093.5,7114.0,,107.0,,355.0,122.0,197.0,965.0,1439.0,1012.0,22821.0
71816000,71816000,2024,Ханты-Мансийский автономный округ — Югра,Кондинский муниципальный район,Муниципальный район,116572.3,10693.0,,2400.0,192.0,423.0,50.0,182.0,939.0,1847.0,1051.0,9481.0
71818000,71818000,2024,Ханты-Мансийский автономный округ — Югра,Нефтеюганский муниципальный район,Муниципальный район,138589.1,28786.0,,15601.0,616.0,792.0,246.0,310.0,545.0,1444.0,963.0,47486.0
71819000,71819000,2024,Ханты-Мансийский автономный округ — Югра,Нижневартовский муниципальный район,Муниципальный район,127830.1,42166.0,,31229.0,1286.0,1555.0,226.0,230.0,409.0,1946.0,1189.0,38693.0
71821000,71821000,2024,Ханты-Мансийский автономный округ — Югра,Октябрьский муниципальный район,Муниципальный район,129455.8,14903.0,,6236.0,223.0,444.0,147.0,257.0,914.0,1709.0,891.0,32120.0
71824000,71824000,2024,Ханты-Мансийский автономный округ — Югра,Советский муниципальный район,Муниципальный район,105421.9,11847.0,275.0,1970.0,678.0,507.0,255.0,544.0,1355.0,2029.0,1962.0,2729.0
71826000,71826000,2024,Ханты-Мансийский автономный округ — Югра,Сургутский муниципальный район,Муниципальный район,141717.7,91380.0,,53912.0,6606.0,2076.0,581.0,1859.0,2078.0,4678.0,1916.0,129992.0
71829000,71829000,2024,Ханты-Мансийский автономный округ — Югра,Ханты-Мансийский муниципальный район,Муниципальный район,142244.3,23631.0,,17481.0,631.0,413.0,,89.0,382.0,1288.0,,19022.0
71871000,71871000,2024,Ханты-Мансийский автономный округ — Югра,Ханты-Мансийск,"Городской округ, городской округ с внутригородским делением",133101.4,44478.0,937.0,3736.0,346.0,1573.0,484.0,1369.0,10199.0,5426.0,6290.0,111772.0
71872000,71872000,2024,Ханты-Мансийский автономный округ — Югра,Лангепас,"Городской округ, городской округ с внутригородским делением",114243.3,10594.0,,3092.0,641.0,275.0,,387.0,990.0,1498.0,1149.0,44157.0
71873000,71873000,2024,Ханты-Мансийский автономный округ — Югра,Мегион,"Городской округ, городской округ с внутригородским делением",124732.7,17153.0,,4431.0,727.0,1188.0,409.0,451.0,747.0,2106.0,1530.0,59715.0
71874000,71874000,2024,Ханты-Мансийский автономный округ — Югра,Нефтеюганск,"Городской округ, городской округ с внутригородским делением",134448.9,43268.0,,16432.0,1490.0,848.0,2075.0,1992.0,2454.0,3505.0,2774.0,126690.0
71875000,71875000,2024,Ханты-Мансийский автономный округ — Югра,Нижневартовск,"Городской округ, городской округ с внутригородским делением",119385.6,72520.0,,14808.0,2576.0,2856.0,933.0,5024.0,4796.0,10619.0,7979.0,290535.0
71876000,71876000,2024,Ханты-Мансийский автономный округ — Югра,Сургут,"Городской округ, городской округ с внутригородским делением",140879.7,120095.0,,19733.0,4341.0,6254.0,1246.0,10435.0,6511.0,14411.0,13800.0,420347.0
71877000,71877000,2024,Ханты-Мансийский автономный округ — Югра,Радужный,"Городской округ, городской округ с внутригородским делением",117694.5,8692.0,,2931.0,133.0,652.0,134.0,392.0,560.0,1418.0,946.0,45574.0
71878000,71878000,2024,Ханты-Мансийский автономный округ — Югра,Урай,"Городской округ, городской округ с внутригородским делением",114415.3,10120.0,,1510.0,329.0,616.0,,550.0,872.0,1781.0,1553.0,41356.0
71879000,71879000,2024,Ханты-Мансийский автономный округ — Югра,Нягань,"Городской округ, городской округ с внутригородским делением",117913.9,14877.0,,2911.0,498.0,1293.0,272.0,868.0,1265.0,2066.0,2269.0,63466.0
71883000,71883000,2024,Ханты-Мансийский автономный округ — Югра,Когалым,"Городской округ, городской округ с внутригородским делением",142278.9,26472.0,,10117.0,1360.0,918.0,164.0,742.0,1193.0,1785.0,1403.0,63963.0
71884000,71884000,2024,Ханты-Мансийский автономный округ — Югра,Покачи,"Городской округ, городской округ с внутригородским делением",115289.7,5321.0,,2378.0,124.0,,,184.0,219.0,645.0,,16556.0
71885000,71885000,2024,Ханты-Мансийский автономный округ — Югра,Пыть-Ях,"Городской округ, городской округ с внутригородским делением",118280.6,15674.0,,6023.0,617.0,519.0,,437.0,572.0,1396.0,1307.0,40530.0
71887000,71887000,2024,Ханты-Мансийский автономный округ — Югра,Югорск,"Городской округ, городской округ с внутригородским делением",142055.4,13449.0,,,1313.0,405.0,,681.0,917.0,1791.0,1371.0,39233.0
71933000,71933000,2024,Ямало-Ненецкий автономный округ,Муниципальный округ Красноселькупский район,Муниципальный округ,177997.6,4707.0,,2092.0,,291.0,,,579.0,454.0,271.0,5640.0
71936000,71936000,2024,Ямало-Ненецкий автономный округ,Муниципальный округ Надымский район,Муниципальный округ,192600.2,38742.0,,8633.0,665.0,1691.0,959.0,1258.0,1935.0,2786.0,2354.0,56738.0
71938000,71938000,2024,Ямало-Ненецкий автономный округ,Муниципальный округ Приуральский район,Муниципальный округ,129786.2,3541.0,194.0,,89.0,328.0,91.0,63.0,532.0,879.0,305.0,10095.0
71940000,71940000,2024,Ямало-Ненецкий автономный округ,Муниципальный округ Пуровский район,Муниципальный округ,176767.4,56164.0,433.0,28179.0,3850.0,2402.0,313.0,438.0,1864.0,2893.0,1296.0,36676.0
71943000,71943000,2024,Ямало-Ненецкий автономный округ,Муниципальный округ Тазовский район,Муниципальный округ,181196.5,29599.0,391.0,10276.0,469.0,1539.0,277.0,98.0,939.0,1494.0,745.0,17876.0
71946000,71946000,2024,Ямало-Ненецкий автономный округ,Муниципальный округ Шурышкарский район,Муниципальный округ,118486.6,3189.0,144.0,,,,69.0,9.0,509.0,976.0,332.0,9162.0
71948000,71948000,2024,Ямало-Ненецкий автономный округ,Муниципальный округ Ямальский район,Муниципальный округ,163565.2,35707.0,216.0,7972.0,723.0,1407.0,286.0,323.0,771.0,1610.0,529.0,16268.0
71951000,71951000,2024,Ямало-Ненецкий автономный округ,Город Салехард,"Городской округ, городской округ с внутригородским делением",169044.9,23591.0,31.0,198.0,137.0,1065.0,410.0,953.0,6503.0,2640.0,2455.0,49160.0
71952000,71952000,2024,Ямало-Ненецкий автономный округ,Город Губкинский,"Городской округ, городской округ с внутригородским делением",157226.9,14472.0,,4858.0,544.0,491.0,162.0,419.0,708.0,1858.0,872.0,34958.0
71953000,71953000,2024,Ямало-Ненецкий автономный округ,Город Лабытнанги,"Городской округ, городской округ с внутригородским делением",124659.2,12953.0,,,278.0,1089.0,240.0,517.0,1632.0,1519.0,1178.0,31295.0
71955000,71955000,2024,Ямало-Ненецкий автономный округ,Город Муравленко,"Городской округ, городской округ с внутригородским делением",130077.5,8511.0,,1582.0,154.0,574.0,,302.0,921.0,1500.0,930.0,29581.0
71956000,71956000,2024,Ямало-Ненецкий автономный округ,Город Новый Уренгой,"Городской округ, городской округ с внутригородским делением",174598.5,72181.0,,17878.0,1225.0,3053.0,592.0,1936.0,2666.0,5149.0,3038.0,106890.0
71958000,71958000,2024,Ямало-Ненецкий автономный округ,Город Ноябрьск,"Городской округ, городской округ с внутригородским делением",156219.1,32291.0,108.0,8143.0,1000.0,1853.0,458.0,1410.0,2208.0,4059.0,3470.0,102938.0
73602000,73602000,2024,Ульяновская область,Базарносызганский муниципальный район,Муниципальный район,38635.8,1135.0,,,,,,21.0,392.0,194.0,317.0,7275.0
73604000,73604000,2024,Ульяновская область,Барышский муниципальный район,Муниципальный район,42037.2,4480.0,,,201.0,494.0,39.0,193.0,625.0,1125.0,1134.0,22870.0
73607000,73607000,2024,Ульяновская область,Вешкаймский муниципальный район,Муниципальный район,40269.2,1813.0,93.0,,130.0,164.0,55.0,69.0,315.0,511.0,334.0,7221.0
73610000,73610000,2024,Ульяновская область,Инзенский муниципальный район,Муниципальный район,45354.6,3681.0,,,,,28.0,187.0,797.0,863.0,665.0,8215.0
73614000,73614000,2024,Ульяновская область,Карсунский муниципальный район,Муниципальный район,38809.2,2846.0,45.0,,,159.0,75.0,149.0,485.0,896.0,562.0,9485.0
73616000,73616000,2024,Ульяновская область,Кузоватовский муниципальный район,Муниципальный район,43252.9,2386.0,103.0,,,111.0,,123.0,280.0,626.0,459.0,10656.0
73620000,73620000,2024,Ульяновская область,Майнский муниципальный район,Муниципальный район,42546.4,2605.0,,,,146.0,,118.0,486.0,691.0,446.0,11565.0
73622000,73622000,2024,Ульяновская область,Мелекесский муниципальный район,Муниципальный район,49988.7,3317.0,285.0,,213.0,108.0,,121.0,409.0,1027.0,449.0,19483.0
73625000,73625000,2024,Ульяновская область,Николаевский муниципальный район,Муниципальный район,48128.2,2935.0,,,,154.0,39.0,124.0,407.0,782.0,498.0,21200.0
73627000,73627000,2024,Ульяновская область,Новомалыклинский муниципальный район,Муниципальный район,42183.3,1311.0,,,,80.0,,38.0,180.0,288.0,,11548.0
73629000,73629000,2024,Ульяновская область,Новоспасский муниципальный район,Муниципальный район,53868.8,5012.0,,,910.0,305.0,,252.0,439.0,771.0,464.0,10475.0
73632000,73632000,2024,Ульяновская область,Павловский муниципальный район,Муниципальный район,48968.3,1833.0,,,,97.0,57.0,47.0,351.0,395.0,249.0,4786.0
73634000,73634000,2024,Ульяновская область,Радищевский муниципальный район,Муниципальный район,39825.0,1216.0,,,,72.0,,55.0,283.0,353.0,204.0,3860.0
73636000,73636000,2024,Ульяновская область,Сенгилеевский муниципальный район,Муниципальный район,55450.6,3118.0,,,587.0,120.0,,100.0,425.0,603.0,449.0,6786.0
73639000,73639000,2024,Ульяновская область,Старокулаткинский муниципальный район,Муниципальный район,36450.9,1256.0,,,,,,36.0,296.0,349.0,186.0,9545.0
73642000,73642000,2024,Ульяновская область,Старомайнский муниципальный район,Муниципальный район,41303.6,1365.0,,,,95.0,,83.0,314.0,540.0,208.0,8851.0
73644000,73644000,2024,Ульяновская область,Сурский муниципальный район,Муниципальный район,40095.8,1586.0,84.0,,,,,80.0,330.0,451.0,269.0,8832.0
73648000,73648000,2024,Ульяновская область,Тереньгульский муниципальный район,Муниципальный район,42415.2,1551.0,,,,104.0,,72.0,250.0,441.0,246.0,5145.0
73652000,73652000,2024,Ульяновская область,Ульяновский муниципальный район,Муниципальный район,52985.3,4303.0,,,,135.0,,210.0,440.0,977.0,1258.0,10431.0
73654000,73654000,2024,Ульяновская область,Цильнинский муниципальный район,Муниципальный район,44786.8,2975.0,,,,182.0,,107.0,365.0,871.0,373.0,23007.0
73656000,73656000,2024,Ульяновская область,Чердаклинский муниципальный район,Муниципальный район,69072.4,6521.0,417.0,,1932.0,153.0,67.0,304.0,684.0,1319.0,460.0,27173.0
73701000,73701000,2024,Ульяновская область,Город Ульяновск,"Городской округ, городской округ с внутригородским делением",69508.0,153914.0,821.0,,43559.0,4273.0,,12790.0,16686.0,20466.0,18589.0,611683.0
73705000,73705000,2024,Ульяновская область,Город Димитровград,"Городской округ, городской округ с внутригородским делением",64255.5,27657.0,,,10994.0,1103.0,463.0,1362.0,1886.0,3463.0,2891.0,108804.0
73715000,73715000,2024,Ульяновская область,Город Новоульяновск,"Городской округ, городской округ с внутригородским делением",62325.9,3469.0,,,1583.0,134.0,,162.0,305.0,360.0,498.0,3341.0
75533000,75533000,2024,Челябинская область,Коркинский муниципальный округ,Муниципальный округ,60182.9,8388.0,,,1853.0,,221.0,596.0,817.0,2157.0,1125.0,54132.0
75603000,75603000,2024,Челябинская область,Агаповский муниципальный район,Муниципальный район,57484.3,4028.0,620.0,,483.0,,46.0,112.0,514.0,1301.0,,31761.0
75606000,75606000,2024,Челябинская область,Аргаяшский муниципальный район,Муниципальный район,59756.1,4738.0,993.0,,218.0,15.0,45.0,193.0,658.0,1473.0,866.0,39383.0
75609000,75609000,2024,Челябинская область,Ашинский муниципальный район,Муниципальный район,70379.1,14516.0,,,6833.0,253.0,222.0,678.0,1156.0,1551.0,1073.0,54113.0
75612000,75612000,2024,Челябинская область,Брединский муниципальный район,Муниципальный район,48500.9,2484.0,369.0,,,,,99.0,431.0,794.0,447.0,23380.0
75614000,75614000,2024,Челябинская область,Варненский муниципальный район,Муниципальный район,73409.7,5776.0,,,,,,87.0,466.0,943.0,509.0,24054.0
75617000,75617000,2024,Челябинская область,Верхнеуральский муниципальный район,Муниципальный район,70358.1,6481.0,,,163.0,,98.0,190.0,869.0,1329.0,908.0,31251.0
75619000,75619000,2024,Челябинская область,Еманжелинский муниципальный район,Муниципальный район,54543.8,6097.0,1426.0,,729.0,,,326.0,606.0,1550.0,561.0,47326.0
75620000,75620000,2024,Челябинская область,Еткульский муниципальный район,Муниципальный район,61685.8,3912.0,566.0,,693.0,,,97.0,426.0,985.0,384.0,29743.0
75623000,75623000,2024,Челябинская область,Карталинский муниципальный район,Муниципальный район,63612.2,7749.0,,,879.0,322.0,115.0,326.0,744.0,1285.0,665.0,16564.0
75626000,75626000,2024,Челябинская область,Каслинский муниципальный район,Муниципальный район,56740.0,4905.0,,,720.0,,,264.0,885.0,1014.0,691.0,29118.0
75629000,75629000,2024,Челябинская область,Катав-Ивановский муниципальный район,Муниципальный район,53527.9,4199.0,,,,308.0,,280.0,570.0,906.0,531.0,24237.0
75632000,75632000,2024,Челябинская область,Кизильский муниципальный район,Муниципальный район,47177.6,1770.0,,,,,,33.0,419.0,801.0,,19276.0
75634000,75634000,2024,Челябинская область,Красноармейский муниципальный район,Муниципальный район,61073.5,4976.0,544.0,,1023.0,52.0,68.0,288.0,625.0,1485.0,519.0,49996.0
75636000,75636000,2024,Челябинская область,Кунашакский муниципальный район,Муниципальный район,52293.7,3669.0,,,,,,96.0,521.0,1157.0,416.0,27505.0
75638000,75638000,2024,Челябинская область,Кусинский муниципальный район,Муниципальный район,47588.8,2473.0,,,,,,171.0,477.0,728.0,547.0,4359.0
75642000,75642000,2024,Челябинская область,Нагайбакский муниципальный район,Муниципальный район,60069.3,3101.0,,,,53.0,28.0,48.0,452.0,743.0,361.0,15475.0
75644000,75544000,2024,Челябинская область,Нязепетровский муниципальный район,Муниципальный район,46232.3,2217.0,,,,,284.0,101.0,387.0,569.0,,3554.0
75647000,75647000,2024,Челябинская область,Октябрьский муниципальный район,Муниципальный район,52761.0,2323.0,,,,,64.0,57.0,428.0,830.0,,18139.0
75648000,75548000,2024,Челябинская область,Пластовский муниципальный район,Муниципальный район,102847.9,5437.0,,,,,,174.0,575.0,1053.0,510.0,18165.0
75649000,75549000,2024,Челябинская область,Саткинский муниципальный район,Муниципальный район,60418.5,16802.0,,1464.0,6361.0,455.0,277.0,764.0,1064.0,2608.0,1766.0,74031.0
75652000,75652000,2024,Челябинская область,Сосновский муниципальный район,Муниципальный район,78815.5,14823.0,597.0,,3968.0,68.0,158.0,1336.0,875.0,2614.0,931.0,93044.0
75654000,75654000,2024,Челябинская область,Троицкий муниципальный район,Муниципальный район,47390.5,2416.0,481.0,,,23.0,,,229.0,1010.0,258.0,22817.0
75655000,75655000,2024,Челябинская область,Увельский муниципальный район,Муниципальный район,69599.1,5657.0,654.0,,,304.0,59.0,64.0,542.0,1015.0,738.0,30982.0
75656000,75656000,2024,Челябинская область,Уйский муниципальный район,Муниципальный район,47728.1,2426.0,,,,,32.0,72.0,557.0,936.0,,20981.0
75657000,75657000,2024,Челябинская область,Чебаркульский муниципальный район,Муниципальный район,60279.1,4050.0,1436.0,,,,,82.0,433.0,848.0,362.0,28564.0
75659000,75659000,2024,Челябинская область,Чесменский муниципальный район,Муниципальный район,53848.6,1912.0,,,,,,60.0,381.0,626.0,305.0,15114.0
75701000,75701000,2024,Челябинская область,Челябинский,"Городской округ, городской округ с внутригородским делением",84815.5,331439.0,764.0,281.0,104359.0,8827.0,3683.0,31556.0,31017.0,43336.0,35559.0,1177058.0
75701310,CD,2024,Челябинская область,Калининский,Внутригородской район,77795.8,32375.0,,,9988.0,,,3110.0,1873.0,6533.0,6044.0,228936.0
75701315,CD,2024,Челябинская область,Курчатовский,Внутригородской район,81903.1,35198.0,,,10557.0,646.0,288.0,6989.0,1465.0,7191.0,1671.0,221636.0
75701320,CD,2024,Челябинская область,Ленинский,Внутригородской район,97286.9,65446.0,,,41059.0,1841.0,115.0,5956.0,2008.0,4886.0,4007.0,186591.0
75701330,CD,2024,Челябинская область,Металлургический,Внутригородской район,74202.7,35758.0,,,20347.0,553.0,,1506.0,1534.0,4184.0,4104.0,127498.0
75701370,CD,2024,Челябинская область,Советский,Внутригородской район,84602.5,54304.0,,,7994.0,1340.0,536.0,4638.0,6654.0,5757.0,5339.0,133570.0
75701380,CD,2024,Челябинская область,Тракторозаводский,Внутригородской район,87320.3,30059.0,,,8970.0,881.0,,2700.0,631.0,5345.0,3538.0,177302.0
75701390,CD,2024,Челябинская область,Центральный,Внутригородской район,82636.1,78300.0,,,5444.0,2957.0,,6658.0,16852.0,9438.0,10855.0,101525.0
75706000,75706000,2024,Челябинская область,Верхнеуфалейский,"Городской округ, городской округ с внутригородским делением",59045.2,4963.0,,,1562.0,,,287.0,521.0,881.0,515.0,2982.0
75712000,75712000,2024,Челябинская область,Златоустовский,"Городской округ, городской округ с внутригородским делением",58394.4,27061.0,,,7357.0,1397.0,483.0,1848.0,2274.0,4682.0,2867.0,158597.0
75715000,75715000,2024,Челябинская область,Карабашский,"Городской округ, городской округ с внутригородским делением",66587.7,3066.0,,,,111.0,,94.0,378.0,342.0,236.0,241.0
75728000,75728000,2024,Челябинская область,Копейский,"Городской округ, городской округ с внутригородским делением",71657.4,26042.0,,,9010.0,544.0,,3464.0,2487.0,4351.0,2399.0,144957.0
75734000,75734000,2024,Челябинская область,Кыштымский,"Городской округ, городской округ с внутригородским делением",65719.5,9487.0,17.0,,3903.0,363.0,,473.0,992.0,1490.0,1016.0,35243.0
75738000,75738000,2024,Челябинская область,Магнитогорский,"Городской округ, городской округ с внутригородским делением",83303.8,109326.0,,,39733.0,3946.0,2888.0,7298.0,4715.0,11080.0,9923.0,408715.0
75742000,75742000,2024,Челябинская область,Миасский,"Городской округ, городской округ с внутригородским делением",78991.3,39998.0,,,18084.0,1253.0,668.0,2368.0,2256.0,5342.0,3347.0,160837.0
75752000,75752000,2024,Челябинская область,Троицкий,"Городской округ, городской округ с внутригородским делением",57716.2,11796.0,,,1330.0,1703.0,244.0,682.0,1680.0,2826.0,1685.0,69845.0
75755000,75755000,2024,Челябинская область,Усть-Катавский,"Городской округ, городской округ с внутригородским делением",57046.3,6010.0,,,,314.0,,203.0,536.0,892.0,536.0,23326.0
75758000,75758000,2024,Челябинская область,Чебаркульский,"Городской округ, городской округ с внутригородским делением",57557.8,8863.0,594.0,,2929.0,277.0,,474.0,1152.0,1100.0,1376.0,44648.0
75759000,75759000,2024,Челябинская область,Локомотивный,"Городской округ, городской округ с внутригородским делением",47015.3,1169.0,,,,,,,222.0,260.0,,8574.0
75764000,75764000,2024,Челябинская область,Южноуральский,"Городской округ, городской округ с внутригородским делением",70031.6,8403.0,,,3917.0,757.0,,752.0,617.0,1024.0,664.0,37265.0
76503000,76503000,2024,Забайкальский край,Акшинский муниципальный округ,Муниципальный округ,55990.0,1475.0,,,,,,,415.0,554.0,224.0,8437.0
76504000,76504000,2024,Забайкальский край,Александрово-Заводский муниципальный округ,Муниципальный округ,85227.7,1953.0,,,,,,,342.0,394.0,169.0,5560.0
76510000,76510000,2024,Забайкальский край,Газимуро-Заводский муниципальный округ,Муниципальный округ,136668.3,8711.0,,3378.0,,58.0,,27.0,261.0,469.0,259.0,7885.0
76515000,76515000,2024,Забайкальский край,Каларский муниципальный округ,Муниципальный округ,191191.8,8409.0,,64.0,3876.0,193.0,,,208.0,335.0,,3182.0
76518000,76518000,2024,Забайкальский край,Калганский муниципальный округ,Муниципальный округ,100515.1,1808.0,,955.0,,,,,219.0,312.0,206.0,5488.0
76526000,76526000,2024,Забайкальский край,Могочинский муниципальный округ,Муниципальный округ,114246.8,8815.0,27.0,2074.0,543.0,247.0,,42.0,436.0,763.0,315.0,17963.0
76530000,76530000,2024,Забайкальский край,Нерчинско-Заводский муниципальный округ,Муниципальный округ,86410.2,1334.0,,203.0,,,,18.0,178.0,584.0,,6903.0
76534000,76534000,2024,Забайкальский край,Ононский муниципальный округ,Муниципальный округ,50639.5,1301.0,,,,,,,265.0,555.0,228.0,8214.0
76538000,76538000,2024,Забайкальский край,Приаргунский муниципальный округ,Муниципальный округ,61588.3,3048.0,139.0,,,384.0,,74.0,595.0,941.0,331.0,7885.0
76544000,76544000,2024,Забайкальский край,Тунгокоченский муниципальный округ,Муниципальный округ,79039.8,1835.0,,,,100.0,,14.0,298.0,530.0,,4766.0
76602000,76602000,2024,Забайкальский край,Агинский муниципальный район,Муниципальный район,49514.6,1789.0,,,,46.0,22.0,,540.0,830.0,,15564.0
76606000,76506000,2024,Забайкальский край,Балейский муниципальный район,Муниципальный район,82657.8,2988.0,,852.0,,,,38.0,444.0,733.0,473.0,5222.0
76609000,76609000,2024,Забайкальский край,Борзинский муниципальный район,Муниципальный район,75712.2,8089.0,,,192.0,639.0,48.0,196.0,993.0,1452.0,1177.0,43803.0
76611000,76611000,2024,Забайкальский край,Дульдургинский муниципальный район,Муниципальный район,62244.6,2124.0,31.0,,,358.0,,26.0,315.0,807.0,286.0,13633.0
76612000,76512000,2024,Забайкальский край,Забайкальский муниципальный район,Муниципальный район,93748.4,3937.0,,,,223.0,,77.0,933.0,561.0,274.0,19300.0
76620000,76620000,2024,Забайкальский край,Карымский муниципальный район,Муниципальный район,79219.7,7007.0,,,874.0,144.0,,74.0,1218.0,1131.0,807.0,21025.0
76621000,76521000,2024,Забайкальский край,Муниципальный район Город Краснокаменск и Краснокаменский район,Муниципальный район,77474.7,14399.0,18.0,,5199.0,747.0,9.0,288.0,1264.0,2070.0,1554.0,4206.0
76622000,76622000,2024,Забайкальский край,Красночикойский муниципальный район,Муниципальный район,72216.5,2825.0,89.0,354.0,,133.0,,34.0,539.0,891.0,403.0,15817.0
76624000,76624000,2024,Забайкальский край,Кыринский муниципальный район,Муниципальный район,82082.5,1954.0,53.0,,,,,17.0,449.0,545.0,354.0,9949.0
76625000,76625000,2024,Забайкальский край,Могойтуйский муниципальный район,Муниципальный район,56189.5,3147.0,,,,103.0,34.0,85.0,663.0,1288.0,495.0,11779.0
76628000,76628000,2024,Забайкальский край,Нерчинский муниципальный район,Муниципальный район,67910.7,4891.0,167.0,1087.0,,107.0,,220.0,888.0,1163.0,551.0,16468.0
76632000,76632000,2024,Забайкальский край,Оловяннинский муниципальный район,Муниципальный район,72903.8,4445.0,,,,843.0,87.0,86.0,898.0,902.0,790.0,17984.0
76636000,76536000,2024,Забайкальский край,Петровск-Забайкальский муниципальный район,Муниципальный район,76863.8,2309.0,,,,,,,104.0,788.0,,14576.0
76640000,76640000,2024,Забайкальский край,Сретенский муниципальный район,Муниципальный район,94046.2,3660.0,,,,24.0,,27.0,530.0,1122.0,484.0,12749.0
76642000,76642000,2024,Забайкальский край,Тунгиро-Олёкминский муниципальный район,Муниципальный район,80506.5,363.0,,124.0,,,,,68.0,80.0,,1098.0
76646000,76546000,2024,Забайкальский край,Улётовский муниципальный район,Муниципальный район,64435.7,2384.0,94.0,,,54.0,,69.0,436.0,598.0,497.0,16787.0
76647000,76647000,2024,Забайкальский край,Хилокский муниципальный район,Муниципальный район,79406.6,5607.0,93.0,,300.0,225.0,,45.0,798.0,886.0,404.0,24713.0
76648000,76648000,2024,Забайкальский край,Чернышевский муниципальный район,Муниципальный район,97270.4,7461.0,,,420.0,402.0,69.0,62.0,635.0,1134.0,455.0,8384.0
76650000,76650000,2024,Забайкальский край,Читинский муниципальный район,Муниципальный район,64652.2,6899.0,65.0,159.0,594.0,292.0,62.0,205.0,2077.0,1858.0,612.0,71661.0
76652000,76552000,2024,Забайкальский край,Шелопугинский муниципальный район,Муниципальный район,61345.5,947.0,,,,,,,219.0,303.0,178.0,5546.0
76654000,76654000,2024,Забайкальский край,Шилкинский муниципальный район,Муниципальный район,74550.7,7561.0,,,,720.0,44.0,119.0,815.0,1518.0,1381.0,10555.0
76701000,76701000,2024,Забайкальский край,Город Чита,"Городской округ, городской округ с внутригородским делением",90678.2,90279.0,568.0,1078.0,3819.0,4440.0,1104.0,5796.0,16593.0,12063.0,16252.0,333159.0
76702000,76702000,2024,Забайкальский край,Поселок Агинское,"Городской округ, городской округ с внутригородским делением",63486.7,3576.0,,,,,,48.0,767.0,1121.0,642.0,82.0
76715000,76715000,2024,Забайкальский край,Город Петровск-Забайкальский,"Городской округ, городской округ с внутригородским делением",60368.9,4007.0,,,,231.0,,223.0,645.0,670.0,985.0,14473.0
77603000,77603000,2024,Чукотский автономный округ,Анадырский муниципальный район,Муниципальный район,167493.4,3337.0,265.0,,,,,122.0,170.0,507.0,39.0,5001.0
77609000,77609000,2024,Чукотский автономный округ,Билибинский муниципальный район,Муниципальный район,199396.5,7290.0,166.0,2167.0,231.0,1068.0,,142.0,444.0,457.0,338.0,5449.0
77633000,77633000,2024,Чукотский автономный округ,Чукотский муниципальный район,Муниципальный район,133540.3,1191.0,216.0,,,,,93.0,163.0,300.0,175.0,4915.0
77701000,77701000,2024,Чукотский автономный округ,Анадырь,"Городской округ, городской округ с внутригородским делением",199856.1,10203.0,85.0,2449.0,93.0,700.0,,415.0,2851.0,687.0,965.0,13412.0
77705000,77505000,2024,Чукотский автономный округ,Певек,"Городской округ, городской округ с внутригородским делением",207520.9,4531.0,,1434.0,67.0,703.0,,160.0,200.0,225.0,167.0,696.0
77710000,77510000,2024,Чукотский автономный округ,Провиденский,"Городской округ, городской округ с внутригородским делением",155150.9,1090.0,51.0,,,,,73.0,148.0,259.0,92.0,3657.0
77715000,77515000,2024,Чукотский автономный округ,Эгвекинот,"Городской округ, городской округ с внутригородским делением",170752.1,2225.0,264.0,,,,,72.0,201.0,390.0,199.0,1648.0
78603000,78603000,2024,Ярославская область,Большесельский муниципальный район,Муниципальный район,50677.7,1472.0,74.0,,,113.0,39.0,42.0,176.0,263.0,291.0,9122.0
78606000,78606000,2024,Ярославская область,Борисоглебский муниципальный район,Муниципальный район,52498.4,1787.0,313.0,,,69.0,,77.0,207.0,545.0,365.0,11831.0
78609000,78609000,2024,Ярославская область,Брейтовский муниципальный район,Муниципальный район,45626.1,983.0,18.0,,,79.0,,42.0,226.0,213.0,211.0,5332.0
78612000,78612000,2024,Ярославская область,Гаврилов-Ямский муниципальный район,Муниципальный район,62073.5,5603.0,17.0,,,208.0,17.0,242.0,483.0,982.0,1064.0,15576.0
78615000,78615000,2024,Ярославская область,Даниловский муниципальный район,Муниципальный район,54092.9,3903.0,58.0,,16.0,264.0,,172.0,390.0,925.0,560.0,6902.0
78618000,78618000,2024,Ярославская область,Любимский муниципальный район,Муниципальный район,48998.8,1609.0,284.0,,,119.0,39.0,32.0,212.0,382.0,229.0,4725.0
78621000,78621000,2024,Ярославская область,Мышкинский муниципальный район,Муниципальный район,62791.0,2157.0,,,,110.0,,86.0,205.0,394.0,339.0,9051.0
78623000,78623000,2024,Ярославская область,Некоузский муниципальный район,Муниципальный район,58673.1,3133.0,23.0,,,221.0,,110.0,603.0,432.0,317.0,11435.0
78626000,78626000,2024,Ярославская область,Некрасовский муниципальный район,Муниципальный район,55614.7,3346.0,259.0,,,168.0,81.0,156.0,493.0,613.0,1043.0,10001.0
78629000,78629000,2024,Ярославская область,Первомайский муниципальный район,Муниципальный район,50142.8,1514.0,25.0,,,94.0,,52.0,239.0,400.0,285.0,8362.0
78634000,78634000,2024,Ярославская область,Пошехонский муниципальный район,Муниципальный район,45040.6,1730.0,30.0,,,98.0,,65.0,279.0,438.0,379.0,5061.0
78637000,78637000,2024,Ярославская область,Ростовский муниципальный район,Муниципальный район,59404.8,13310.0,456.0,,3772.0,692.0,390.0,869.0,1370.0,2109.0,1164.0,42127.0
78640000,78640000,2024,Ярославская область,Рыбинский муниципальный район,Муниципальный район,68584.3,5273.0,2066.0,,1221.0,23.0,,124.0,157.0,895.0,327.0,26409.0
78643000,78643000,2024,Ярославская область,Тутаевский муниципальный район,Муниципальный район,57575.9,8351.0,20.0,,3045.0,383.0,,571.0,870.0,1758.0,990.0,52373.0
78646000,78646000,2024,Ярославская область,Угличский муниципальный район,Муниципальный район,57746.0,8002.0,359.0,,1222.0,395.0,162.0,563.0,946.0,1626.0,1223.0,46215.0
78650000,78650000,2024,Ярославская область,Ярославский муниципальный район,Муниципальный район,77400.4,14384.0,1268.0,,837.0,746.0,162.0,3244.0,256.0,2019.0,1265.0,2426.0
78701000,78701000,2024,Ярославская область,Город Ярославль,"Городской округ, городской округ с внутригородским делением",76713.9,160990.0,189.0,,36517.0,5073.0,2239.0,17161.0,15634.0,22461.0,16655.0,567443.0
78705000,78532000,2024,Ярославская область,Город Переславль-Залесский,"Городской округ, городской округ с внутригородским делением",65925.5,10558.0,144.0,,4065.0,596.0,,742.0,717.0,1853.0,1087.0,54039.0
78715000,78715000,2024,Ярославская область,Город Рыбинск,"Городской округ, городской округ с внутригородским делением",72473.2,49857.0,,,21010.0,1837.0,934.0,2378.0,3137.0,5613.0,4777.0,171810.0
79605000,79605000,2024,Республика Адыгея,Гиагинский муниципальный район,Муниципальный район,54547.7,5208.0,196.0,,2601.0,131.0,34.0,161.0,328.0,915.0,434.0,31872.0
79615000,79615000,2024,Республика Адыгея,Кошехабльский муниципальный район,Муниципальный район,51262.1,2908.0,,,,,,62.0,403.0,1097.0,446.0,30319.0
79618000,79618000,2024,Республика Адыгея,Красногвардейский муниципальный район,Муниципальный район,48849.1,3388.0,220.0,,527.0,,67.0,118.0,317.0,1090.0,624.0,32095.0
79622000,79622000,2024,Республика Адыгея,Майкопский муниципальный район,Муниципальный район,47965.8,4721.0,190.0,160.0,238.0,,7.0,209.0,676.0,1505.0,892.0,59156.0
79630000,79630000,2024,Республика Адыгея,Тахтамукайский муниципальный район,Муниципальный район,75708.3,14167.0,272.0,43.0,2185.0,139.0,,5074.0,818.0,2447.0,833.0,131043.0
79633000,79633000,2024,Республика Адыгея,Теучежский муниципальный район,Муниципальный район,74168.0,4921.0,192.0,,49.0,58.0,,1862.0,490.0,693.0,109.0,22260.0
79640000,79640000,2024,Республика Адыгея,Шовгеновский муниципальный район,Муниципальный район,42776.6,1668.0,77.0,,,,,21.0,177.0,671.0,317.0,16287.0
79701000,79701000,2024,Республика Адыгея,Город Майкоп,"Городской округ, городской округ с внутригородским делением",57440.5,34686.0,146.0,,3121.0,1387.0,846.0,2186.0,6778.0,6488.0,6459.0,161898.0
79703000,79703000,2024,Республика Адыгея,Город Адыгейск,"Городской округ, городской округ с внутригородским делением",47407.2,1592.0,,,58.0,92.0,,124.0,234.0,450.0,416.0,15661.0
80601000,80601000,2024,Республика Башкортостан,Абзелиловский муниципальный район,Муниципальный район,52673.4,5722.0,212.0,,165.0,142.0,77.0,422.0,531.0,1621.0,1356.0,43983.0
80602000,80602000,2024,Республика Башкортостан,Альшеевский муниципальный район,Муниципальный район,60609.4,5124.0,131.0,,,112.0,63.0,257.0,428.0,1093.0,827.0,35536.0
80603000,80603000,2024,Республика Башкортостан,Архангельский муниципальный район,Муниципальный район,46871.6,1720.0,79.0,,,66.0,,95.0,294.0,548.0,340.0,16616.0
80604000,80604000,2024,Республика Башкортостан,Аскинский муниципальный район,Муниципальный район,47944.1,2208.0,29.0,,,70.0,,102.0,329.0,812.0,444.0,17418.0
80605000,80605000,2024,Республика Башкортостан,Аургазинский муниципальный район,Муниципальный район,47303.5,3478.0,786.0,190.0,,158.0,,144.0,380.0,867.0,452.0,29757.0
80606000,80606000,2024,Республика Башкортостан,Баймакский муниципальный район,Муниципальный район,47395.4,5638.0,43.0,,369.0,86.0,35.0,269.0,668.0,1902.0,1062.0,17580.0
80607000,80607000,2024,Республика Башкортостан,Бакалинский муниципальный район,Муниципальный район,43414.8,2703.0,,,,88.0,,165.0,384.0,1162.0,518.0,24813.0
80608000,80608000,2024,Республика Башкортостан,Балтачевский муниципальный район,Муниципальный район,45217.8,1892.0,76.0,,,,,130.0,313.0,683.0,367.0,17837.0
80609000,80609000,2024,Республика Башкортостан,Белебеевский муниципальный район,Муниципальный район,58297.8,15373.0,224.0,530.0,4694.0,1442.0,290.0,891.0,1013.0,2220.0,1900.0,77978.0
80610000,80610000,2024,Республика Башкортостан,Белокатайский муниципальный район,Муниципальный район,50585.9,1995.0,33.0,,,60.0,,79.0,269.0,728.0,316.0,17369.0
80611000,80611000,2024,Республика Башкортостан,Белорецкий муниципальный район,Муниципальный район,57286.0,21032.0,267.0,,7148.0,1201.0,303.0,1087.0,1533.0,3147.0,2707.0,33172.0
80612000,80612000,2024,Республика Башкортостан,Бижбулякский муниципальный район,Муниципальный район,50782.7,2437.0,52.0,313.0,,112.0,,117.0,326.0,722.0,350.0,20951.0
80613000,80613000,2024,Республика Башкортостан,Бирский муниципальный район,Муниципальный район,50586.9,6819.0,206.0,,624.0,455.0,,517.0,696.0,1814.0,1469.0,61478.0
80614000,80614000,2024,Республика Башкортостан,Благоварский муниципальный район,Муниципальный район,57138.2,2960.0,574.0,,201.0,98.0,,110.0,316.0,726.0,348.0,23850.0
80615000,80615000,2024,Республика Башкортостан,Благовещенский муниципальный район,Муниципальный район,75715.0,9545.0,386.0,,4496.0,350.0,129.0,481.0,537.0,1016.0,786.0,13480.0
80617000,80617000,2024,Республика Башкортостан,Буздякский муниципальный район,Муниципальный район,52308.9,2945.0,507.0,,,97.0,,159.0,310.0,742.0,485.0,25432.0
80618000,80618000,2024,Республика Башкортостан,Бураевский муниципальный район,Муниципальный район,71323.4,4060.0,76.0,13.0,,,,139.0,292.0,625.0,353.0,20840.0
80619000,80619000,2024,Республика Башкортостан,Бурзянский муниципальный район,Муниципальный район,37911.8,2286.0,,,,94.0,,72.0,303.0,1002.0,277.0,17061.0
80621000,80621000,2024,Республика Башкортостан,Гафурийский муниципальный район,Муниципальный район,48074.0,3371.0,61.0,,,179.0,35.0,157.0,408.0,991.0,1141.0,29525.0
80622000,80622000,2024,Республика Башкортостан,Давлекановский муниципальный район,Муниципальный район,49262.3,4369.0,56.0,,1039.0,213.0,,270.0,496.0,995.0,573.0,14385.0
80623000,80623000,2024,Республика Башкортостан,Дуванский муниципальный район,Муниципальный район,51092.4,4246.0,292.0,,209.0,555.0,,249.0,497.0,1079.0,782.0,30750.0
80624000,80624000,2024,Республика Башкортостан,Дюртюлинский муниципальный район,Муниципальный район,56946.4,8290.0,514.0,869.0,107.0,500.0,134.0,452.0,820.0,1681.0,1224.0,59179.0
80625000,80625000,2024,Республика Башкортостан,Ермекеевский муниципальный район,Муниципальный район,56981.8,1696.0,395.0,133.0,,40.0,,47.0,265.0,289.0,229.0,14369.0
80626000,80626000,2024,Республика Башкортостан,Зианчуринский муниципальный район,Муниципальный район,43741.2,2640.0,263.0,,,78.0,,145.0,366.0,902.0,451.0,23381.0
80627000,80627000,2024,Республика Башкортостан,Зилаирский муниципальный район,Муниципальный район,45957.4,1726.0,82.0,,,,,82.0,304.0,643.0,236.0,14231.0
80628000,80628000,2024,Республика Башкортостан,Иглинский муниципальный район,Муниципальный район,63419.6,5301.0,43.0,,,175.0,,871.0,643.0,1438.0,872.0,71099.0
80630000,80630000,2024,Республика Башкортостан,Илишевский муниципальный район,Муниципальный район,62935.4,4561.0,341.0,314.0,,133.0,,171.0,459.0,1221.0,536.0,30405.0
80631000,80631000,2024,Республика Башкортостан,Ишимбайский муниципальный район,Муниципальный район,62428.7,12838.0,44.0,768.0,2934.0,1086.0,243.0,837.0,996.0,2261.0,1660.0,62672.0
80633000,80633000,2024,Республика Башкортостан,Калтасинский муниципальный район,Муниципальный район,66702.3,3118.0,112.0,470.0,,141.0,52.0,140.0,359.0,633.0,365.0,21101.0
80634000,80634000,2024,Республика Башкортостан,Караидельский муниципальный район,Муниципальный район,44545.4,2259.0,22.0,,,76.0,,98.0,415.0,848.0,369.0,23105.0
80635000,80635000,2024,Республика Башкортостан,Кармаскалинский муниципальный район,Муниципальный район,55837.1,4823.0,521.0,,230.0,154.0,,353.0,460.0,1404.0,577.0,51575.0
80636000,80636000,2024,Республика Башкортостан,Кигинский муниципальный район,Муниципальный район,43959.4,1692.0,,,,80.0,,99.0,264.0,636.0,343.0,16339.0
80637000,80637000,2024,Республика Башкортостан,Краснокамский муниципальный район,Муниципальный район,64901.0,5180.0,191.0,2015.0,,,,99.0,309.0,670.0,811.0,25332.0
80638000,80638000,2024,Республика Башкортостан,Кугарчинский муниципальный район,Муниципальный район,47305.4,3094.0,220.0,,,163.0,,178.0,443.0,928.0,608.0,26359.0
80639000,80639000,2024,Республика Башкортостан,Куюргазинский муниципальный район,Муниципальный район,59356.6,2731.0,356.0,,19.0,67.0,,104.0,294.0,588.0,215.0,20738.0
80640000,80640000,2024,Республика Башкортостан,Кушнаренковский муниципальный район,Муниципальный район,50295.3,2547.0,,,,105.0,34.0,291.0,349.0,771.0,406.0,26370.0
80641000,80641000,2024,Республика Башкортостан,Мелеузовский муниципальный район,Муниципальный район,54630.9,10309.0,397.0,,2556.0,505.0,259.0,674.0,1197.0,1848.0,1322.0,24435.0
80642000,80642000,2024,Республика Башкортостан,Мечетлинский муниципальный район,Муниципальный район,45561.3,2428.0,,,,74.0,,149.0,300.0,784.0,660.0,21838.0
80643000,80643000,2024,Республика Башкортостан,Мишкинский муниципальный район,Муниципальный район,45268.6,1750.0,,,,,,84.0,309.0,735.0,312.0,20716.0
80644000,80644000,2024,Республика Башкортостан,Миякинский муниципальный район,Муниципальный район,47598.1,2473.0,337.0,,,204.0,,139.0,338.0,662.0,390.0,23086.0
80645000,80645000,2024,Республика Башкортостан,Нуримановский муниципальный район,Муниципальный район,45435.8,2315.0,,,,125.0,,117.0,329.0,622.0,479.0,19945.0
80647000,80647000,2024,Республика Башкортостан,Салаватский муниципальный район,Муниципальный район,51691.7,3514.0,,,,100.0,,154.0,306.0,938.0,1168.0,23304.0
80648000,80648000,2024,Республика Башкортостан,Стерлибашевский муниципальный район,Муниципальный район,42737.0,1866.0,,,,93.0,,81.0,292.0,717.0,311.0,16360.0
80649000,80649000,2024,Республика Башкортостан,Стерлитамакский муниципальный район,Муниципальный район,57412.3,5380.0,1014.0,,931.0,272.0,,329.0,494.0,825.0,193.0,47531.0
80650000,80650000,2024,Республика Башкортостан,Татышлинский муниципальный район,Муниципальный район,72519.4,4787.0,217.0,267.0,,94.0,,118.0,326.0,764.0,426.0,20679.0
80651000,80651000,2024,Республика Башкортостан,Туймазинский муниципальный район,Муниципальный район,61257.3,19463.0,417.0,1276.0,3812.0,999.0,220.0,1255.0,1359.0,3494.0,2407.0,130733.0
80652000,80652000,2024,Республика Башкортостан,Уфимский муниципальный район,Муниципальный район,90380.8,19716.0,1173.0,2750.0,2245.0,492.0,144.0,2293.0,737.0,2303.0,867.0,117125.0
80653000,80653000,2024,Республика Башкортостан,Учалинский муниципальный район,Муниципальный район,81713.4,14786.0,254.0,2877.0,2256.0,592.0,121.0,519.0,689.0,2302.0,1416.0,32330.0
80654000,80654000,2024,Республика Башкортостан,Федоровский муниципальный район,Муниципальный район,45108.6,1401.0,12.0,,,63.0,,71.0,241.0,460.0,241.0,15491.0
80655000,80655000,2024,Республика Башкортостан,Хайбуллинский муниципальный район,Муниципальный район,79129.2,6486.0,,3462.0,,,,165.0,401.0,1007.0,479.0,29249.0
80656000,80656000,2024,Республика Башкортостан,Чекмагушевский муниципальный район,Муниципальный район,54175.5,3651.0,863.0,,,104.0,,164.0,391.0,810.0,490.0,27671.0
80657000,80657000,2024,Республика Башкортостан,Чишминский муниципальный район,Муниципальный район,61702.3,5957.0,557.0,,1001.0,253.0,,358.0,566.0,946.0,752.0,50536.0
80658000,80658000,2024,Республика Башкортостан,Шаранский муниципальный район,Муниципальный район,54072.2,2409.0,,,,70.0,,86.0,269.0,742.0,347.0,18637.0
80659000,80659000,2024,Республика Башкортостан,Янаульский муниципальный район,Муниципальный район,62296.6,6578.0,374.0,1166.0,,403.0,25.0,324.0,576.0,984.0,753.0,25449.0
80701000,80701000,2024,Республика Башкортостан,Город Уфа,"Городской округ, городской округ с внутригородским делением",87313.0,300508.0,550.0,6120.0,59782.0,10059.0,3401.0,30679.0,25094.0,31625.0,35057.0,23411.0
80703000,80703000,2024,Республика Башкортостан,Город Агидель,"Городской округ, городской округ с внутригородским делением",63802.6,1392.0,,,,107.0,,100.0,234.0,337.0,110.0,13728.0
80723000,80723000,2024,Республика Башкортостан,Город Кумертау,"Городской округ, городской округ с внутригородским делением",60446.9,10343.0,,,3236.0,1204.0,197.0,768.0,637.0,1539.0,1751.0,3854.0
80727000,80727000,2024,Республика Башкортостан,Город Нефтекамск,"Городской округ, городской округ с внутригородским делением",63974.7,27490.0,,1357.0,6914.0,2077.0,397.0,3773.0,1256.0,3806.0,2341.0,144598.0
80735000,80735000,2024,Республика Башкортостан,Город Октябрьский,"Городской округ, городской округ с внутригородским делением",68419.2,21519.0,,3619.0,5944.0,1517.0,204.0,1085.0,834.0,2621.0,2119.0,116427.0
80739000,80739000,2024,Республика Башкортостан,Город Салават,"Городской округ, городской округ с внутригородским делением",73747.8,30845.0,,,12120.0,1498.0,634.0,1805.0,1751.0,3138.0,2966.0,146633.0
80743000,80743000,2024,Республика Башкортостан,Город Сибай,"Городской округ, городской округ с внутригородским делением",56023.4,7921.0,,164.0,322.0,769.0,,663.0,780.0,1843.0,1715.0,55881.0
80745000,80745000,2024,Республика Башкортостан,Город Стерлитамак,"Городской округ, городской округ с внутригородским делением",65443.6,49654.0,24.0,,16466.0,1851.0,819.0,5145.0,3095.0,7140.0,5354.0,280497.0
81603000,81603000,2024,Республика Бурятия,Баргузинский муниципальный район,Муниципальный район,58586.3,2573.0,52.0,,,104.0,,56.0,488.0,825.0,570.0,6080.0
81606000,81606000,2024,Республика Бурятия,Баунтовский эвенкийский муниципальный район,Муниципальный район,115788.5,2885.0,,1472.0,,,,,216.0,434.0,,7945.0
81609000,81609000,2024,Республика Бурятия,Бичурский муниципальный район,Муниципальный район,69334.3,2995.0,106.0,,,81.0,,256.0,444.0,870.0,451.0,20826.0
81612000,81612000,2024,Республика Бурятия,Джидинский муниципальный район,Муниципальный район,52038.8,2452.0,,,,134.0,,29.0,503.0,968.0,467.0,21155.0
81615000,81615000,2024,Республика Бурятия,Еравнинский муниципальный район,Муниципальный район,112586.5,4492.0,,,,147.0,,40.0,404.0,707.0,269.0,16448.0
81618000,81618000,2024,Республика Бурятия,Заиграевский муниципальный район,Муниципальный район,62641.5,6932.0,662.0,,220.0,349.0,183.0,125.0,1510.0,1697.0,844.0,50607.0
81621000,81621000,2024,Республика Бурятия,Закаменский муниципальный район,Муниципальный район,47674.7,3580.0,,,,214.0,194.0,43.0,491.0,1530.0,490.0,12627.0
81622000,81622000,2024,Республика Бурятия,Иволгинский муниципальный район,Муниципальный район,57922.7,3418.0,,,,149.0,31.0,106.0,520.0,1593.0,585.0,69756.0
81624000,81624000,2024,Республика Бурятия,Кабанский муниципальный район,Муниципальный район,62687.6,9031.0,149.0,,1919.0,842.0,110.0,168.0,828.0,1883.0,1305.0,26977.0
81627000,81627000,2024,Республика Бурятия,Кижингинский муниципальный район,Муниципальный район,50322.7,1652.0,,,,68.0,,25.0,237.0,780.0,,14168.0
81630000,81630000,2024,Республика Бурятия,Курумканский муниципальный район,Муниципальный район,60544.8,1507.0,57.0,,,,,20.0,291.0,594.0,281.0,12809.0
81633000,81633000,2024,Республика Бурятия,Кяхтинский муниципальный район,Муниципальный район,60799.6,4762.0,,,,260.0,,69.0,1051.0,1211.0,991.0,20138.0
81635000,81635000,2024,Республика Бурятия,Муйский муниципальный район,Муниципальный район,135925.1,4967.0,,1401.0,348.0,426.0,,22.0,201.0,360.0,215.0,8030.0
81636000,81636000,2024,Республика Бурятия,Мухоршибирский муниципальный район,Муниципальный район,78466.8,4769.0,,,18.0,129.0,,60.0,615.0,981.0,584.0,21379.0
81639000,81639000,2024,Республика Бурятия,Окинский муниципальный район,Муниципальный район,90079.6,1583.0,,695.0,,,,,176.0,350.0,141.0,5349.0
81642000,81642000,2024,Республика Бурятия,Прибайкальский муниципальный район,Муниципальный район,59712.6,3118.0,163.0,,,140.0,,79.0,420.0,834.0,658.0,23701.0
81645000,81645000,2024,Республика Бурятия,Северо-Байкальский муниципальный район,Муниципальный район,109845.1,3487.0,,,,335.0,,,177.0,453.0,253.0,7465.0
81648000,81648000,2024,Республика Бурятия,Селенгинский муниципальный район,Муниципальный район,71174.6,5370.0,89.0,,81.0,1341.0,,99.0,852.0,1413.0,774.0,16116.0
81650000,81650000,2024,Республика Бурятия,Тарбагатайский муниципальный район,Муниципальный район,56676.4,1989.0,,,,118.0,,49.0,325.0,657.0,232.0,27330.0
81651000,81651000,2024,Республика Бурятия,Тункинский муниципальный район,Муниципальный район,53093.9,2694.0,,,,125.0,,48.0,454.0,962.0,643.0,20261.0
81657000,81657000,2024,Республика Бурятия,Хоринский муниципальный район,Муниципальный район,52188.8,2035.0,118.0,,,,,51.0,442.0,662.0,439.0,15992.0
81701000,81701000,2024,Республика Бурятия,Город Улан-Удэ,"Городской округ, городской округ с внутригородским делением",77647.8,90837.0,1125.0,83.0,15959.0,4045.0,1525.0,5455.0,15166.0,13385.0,14459.0,435751.0
81720000,81720000,2024,Республика Бурятия,Город Северобайкальск,"Городской округ, городской округ с внутригородским делением",109723.6,6176.0,,,375.0,490.0,,119.0,562.0,780.0,571.0,24340.0
82601000,82601000,2024,Республика Дагестан,Агульский муниципальный район,Муниципальный район,34045.0,1155.0,8.0,,,,,,144.0,568.0,299.0,0.0
82603000,82603000,2024,Республика Дагестан,Акушинский муниципальный район,Муниципальный район,36979.7,3138.0,20.0,,,,,,349.0,1698.0,644.0,0.0
82605000,82605000,2024,Республика Дагестан,Ахвахский муниципальный район,Муниципальный район,37168.4,1511.0,,,,,,,197.0,821.0,329.0,25033.0
82606000,82606000,2024,Республика Дагестан,Ахтынский муниципальный район,Муниципальный район,68720.9,3226.0,,,,,,,307.0,1152.0,571.0,31787.0
82607000,82607000,2024,Республика Дагестан,Бабаюртовский муниципальный район,Муниципальный район,33658.9,4035.0,,,,,,,462.0,2061.0,854.0,53972.0
82609000,82609000,2024,Республика Дагестан,Ботлихский муниципальный район,Муниципальный район,35070.3,3620.0,119.0,,,,,,520.0,1862.0,758.0,0.0
82611000,82611000,2024,Республика Дагестан,Буйнакский муниципальный район,Муниципальный район,33535.4,3660.0,,,,,,,177.0,2793.0,,0.0
82613000,82613000,2024,Республика Дагестан,Гергебильский муниципальный район,Муниципальный район,32904.7,1916.0,,,,,,,210.0,977.0,514.0,20345.0
82615000,82615000,2024,Республика Дагестан,Гумбетовский муниципальный район,Муниципальный район,36806.2,1688.0,13.0,,,,,,268.0,843.0,357.0,21505.0
82616000,82616000,2024,Республика Дагестан,Гунибский муниципальный район,Муниципальный район,38998.7,2319.0,,,,,,,296.0,1247.0,469.0,30336.0
82618000,82618000,2024,Республика Дагестан,Дахадаевский муниципальный район,Муниципальный район,31162.5,2922.0,,,,,,,284.0,1474.0,859.0,36363.0
82620000,82620000,2024,Республика Дагестан,Дербентский муниципальный район,Муниципальный район,36990.6,5574.0,670.0,,267.0,,,,198.0,3447.0,,100734.0
82621000,82621000,2024,Республика Дагестан,Докузпаринский муниципальный район,Муниципальный район,29639.4,1365.0,,,,,,,99.0,754.0,307.0,15241.0
82622000,82622000,2024,Республика Дагестан,Казбековский муниципальный район,Муниципальный район,39664.2,3469.0,34.0,,,,,,486.0,1818.0,727.0,45861.0
82623000,82623000,2024,Республика Дагестан,Кайтагский муниципальный район,Муниципальный район,34465.5,2290.0,,,,,,,251.0,1163.0,608.0,33519.0
82624000,82624000,2024,Республика Дагестан,Каякентский муниципальный район,Муниципальный район,35719.9,4241.0,514.0,,,,,,380.0,2085.0,927.0,60110.0
82626000,82626000,2024,Республика Дагестан,Кизилюртовский муниципальный район,Муниципальный район,42237.2,2934.0,,,,146.0,,,109.0,2170.0,,76783.0
82627000,82627000,2024,Республика Дагестан,Кизлярский муниципальный район,Муниципальный район,39044.0,2678.0,,,,,,,141.0,1826.0,,79806.0
82629000,82629000,2024,Республика Дагестан,Кулинский муниципальный район,Муниципальный район,33719.4,992.0,6.0,,,,,,128.0,439.0,227.0,10511.0
82630000,82630000,2024,Республика Дагестан,Курахский муниципальный район,Муниципальный район,32521.6,1482.0,9.0,,,,,,219.0,755.0,318.0,0.0
82632000,82632000,2024,Республика Дагестан,Лакский муниципальный район,Муниципальный район,37283.8,1198.0,26.0,,,,,,213.0,530.0,262.0,0.0
82634000,82634000,2024,Республика Дагестан,Левашинский муниципальный район,Муниципальный район,37203.9,4653.0,107.0,,,,,9.0,643.0,2217.0,1022.0,82449.0
82635000,82635000,2024,Республика Дагестан,Карабудахкентский муниципальный район,Муниципальный район,36516.0,6999.0,118.0,,,,,,484.0,3858.0,912.0,8775.0
82636000,82636000,2024,Республика Дагестан,Кумторкалинский муниципальный район,Муниципальный район,54104.6,2841.0,,,,,,30.0,434.0,1055.0,591.0,6552.0
82637000,82637000,2024,Республика Дагестан,Магарамкентский муниципальный район,Муниципальный район,33518.8,4295.0,221.0,,,,,,429.0,2149.0,777.0,55463.0
82639000,82639000,2024,Республика Дагестан,Новолакский муниципальный район,Муниципальный район,34333.7,2753.0,,,,,,,424.0,1690.0,479.0,34467.0
82640000,82640000,2024,Республика Дагестан,Ногайский муниципальный район,Муниципальный район,43117.1,2331.0,,,,,,,414.0,992.0,498.0,17417.0
82642000,82642000,2024,Республика Дагестан,Рутульский муниципальный район,Муниципальный район,31482.8,2071.0,,,,,,,213.0,1225.0,391.0,20343.0
82644000,82644000,2024,Республика Дагестан,Сергокалинский муниципальный район,Муниципальный район,33832.6,2265.0,24.0,,,,,,243.0,1297.0,559.0,26678.0
82646000,82646000,2024,Республика Дагестан,Шамильский муниципальный район,Муниципальный район,34175.7,2584.0,51.0,,14.0,,,,271.0,1200.0,776.0,31222.0
82647000,82647000,2024,Республика Дагестан,Сулейман-Стальский муниципальный район,Муниципальный район,35383.2,3733.0,222.0,,,,,,315.0,1986.0,770.0,57293.0
82648000,82648000,2024,Республика Дагестан,Табасаранский муниципальный район,Муниципальный район,30671.7,4561.0,35.0,,,,,3.0,404.0,2921.0,877.0,0.0
82649000,82649000,2024,Республика Дагестан,Тарумовский муниципальный район,Муниципальный район,45817.3,2687.0,108.0,,,,,,499.0,993.0,635.0,35611.0
82651000,82651000,2024,Республика Дагестан,Тляратинский муниципальный район,Муниципальный район,34373.3,2602.0,31.0,,,,,,267.0,1551.0,477.0,24092.0
82653000,82653000,2024,Республика Дагестан,Унцукульский муниципальный район,Муниципальный район,34819.5,3424.0,9.0,,,,,4.0,248.0,1732.0,577.0,26819.0
82654000,82654000,2024,Республика Дагестан,Хасавюртовский муниципальный район,Муниципальный район,33854.8,6420.0,148.0,,,,,,351.0,5018.0,,176314.0
82655000,82655000,2024,Республика Дагестан,Хивский муниципальный район,Муниципальный район,32282.2,1757.0,23.0,,7.0,,,,229.0,953.0,350.0,20536.0
82656000,82656000,2024,Республика Дагестан,Хунзахский муниципальный район,Муниципальный район,32769.6,3279.0,74.0,,,,,3.0,281.0,1704.0,667.0,0.0
82657000,82657000,2024,Республика Дагестан,Цумадинский муниципальный район,Муниципальный район,38621.5,1811.0,,,,,,,257.0,1038.0,373.0,0.0
82658000,82658000,2024,Республика Дагестан,Цунтинский муниципальный район,Муниципальный район,34031.4,2518.0,,,,,,,323.0,1304.0,512.0,21377.0
82659000,82659000,2024,Республика Дагестан,Чародинский муниципальный район,Муниципальный район,33368.6,1368.0,,,,,,,187.0,597.0,367.0,0.0
82700000,CD,2024,Республика Дагестан,Городские округа Республики Дагестан,"Городской округ, городской округ с внутригородским делением",52152.1,177168.0,1324.0,923.0,7679.0,7382.0,2046.0,4021.0,33749.0,45581.0,40662.0,
82701000,82701000,2024,Республика Дагестан,Город Махачкала,"Городской округ, городской округ с внутригородским делением",57841.4,108508.0,783.0,366.0,1112.0,6643.0,1071.0,3088.0,25948.0,23342.0,21531.0,36457.0
82701365,CD,2024,Республика Дагестан,Ленинский район,"Городской округ, городской округ с внутригородским делением",51472.9,25537.0,160.0,,356.0,1017.0,,2061.0,3451.0,6889.0,3757.0,
82701370,CD,2024,Республика Дагестан,Советский район,"Городской округ, городской округ с внутригородским делением",45694.3,397.0,,,,,,,,,,
82705000,82705000,2024,Республика Дагестан,Город Буйнакск,"Городской округ, городской округ с внутригородским делением",41443.7,8231.0,61.0,,,107.0,77.0,34.0,1260.0,2478.0,3662.0,69554.0
82708000,82708000,2024,Республика Дагестан,Город Дагестанские Огни,"Городской округ, городской округ с внутригородским делением",31815.9,2894.0,,,,,,,166.0,1346.0,623.0,32330.0
82710000,82710000,2024,Республика Дагестан,Город Дербент,"Городской округ, городской округ с внутригородским делением",41926.0,14190.0,262.0,,1027.0,,145.0,163.0,1496.0,4220.0,3468.0,127084.0
82715000,82715000,2024,Республика Дагестан,Город Избербаш,"Городской округ, городской округ с внутригородским делением",40332.7,3896.0,,,,,,40.0,415.0,1798.0,986.0,58322.0
82720000,82720000,2024,Республика Дагестан,Город Каспийск,"Городской округ, городской округ с внутригородским делением",45862.8,11104.0,,,1993.0,325.0,338.0,301.0,798.0,4236.0,1682.0,129833.0
82725000,82725000,2024,Республика Дагестан,Город Кизилюрт,"Городской округ, городской округ с внутригородским делением",43601.3,6251.0,,,170.0,,,38.0,943.0,1408.0,2086.0,50403.0
82730000,82730000,2024,Республика Дагестан,Город Кизляр,"Городской округ, городской округ с внутригородским делением",51791.0,8786.0,153.0,,,,,56.0,1089.0,1827.0,2070.0,53441.0
82735000,82735000,2024,Республика Дагестан,Город Хасавюрт,"Городской округ, городской округ с внутригородским делением",40753.9,11766.0,29.0,,,,,281.0,1487.0,4043.0,4307.0,159252.0
82738000,82738000,2024,Республика Дагестан,Город Южно-Сухокумск,"Городской округ, городской округ с внутригородским делением",40344.9,1456.0,5.0,,,,,,147.0,395.0,246.0,10618.0
83610000,83610000,2024,Кабардино-Балкарская Республика,Баксанский муниципальный район,Муниципальный район,36848.7,3399.0,725.0,,,,,,95.0,1937.0,,65452.0
83615000,83615000,2024,Кабардино-Балкарская Республика,Зольский муниципальный район,Муниципальный район,41051.7,2800.0,,,,,10.0,31.0,458.0,1399.0,,50875.0
83618000,83618000,2024,Кабардино-Балкарская Республика,Лескенский муниципальный район,Муниципальный район,37476.2,1408.0,,,,,20.0,,278.0,889.0,,31306.0
83620000,83620000,2024,Кабардино-Балкарская Республика,Майский муниципальный район,Муниципальный район,43597.7,2967.0,265.0,,677.0,,,91.0,377.0,897.0,,11466.0
83625000,83625000,2024,Кабардино-Балкарская Республика,Прохладненский муниципальный район,Муниципальный район,37157.1,2560.0,172.0,,455.0,,,21.0,283.0,1248.0,,50159.0
83630000,83630000,2024,Кабардино-Балкарская Республика,Черекский муниципальный район,Муниципальный район,46480.6,2167.0,,,,174.0,,,540.0,930.0,,30636.0
83635000,83635000,2024,Кабардино-Балкарская Республика,Терский муниципальный район,Муниципальный район,41697.3,4075.0,147.0,,,85.0,70.0,46.0,537.0,1609.0,,33325.0
83640000,83640000,2024,Кабардино-Балкарская Республика,Урванский муниципальный район,Муниципальный район,39502.5,5617.0,,,423.0,,,120.0,616.0,2131.0,1350.0,75785.0
83645000,83645000,2024,Кабардино-Балкарская Республика,Чегемский муниципальный район,Муниципальный район,42077.9,4533.0,65.0,,330.0,98.0,126.0,59.0,952.0,1800.0,,20955.0
83648000,83648000,2024,Кабардино-Балкарская Республика,Эльбрусский муниципальный район,Муниципальный район,49134.7,2975.0,,,,,,38.0,522.0,1089.0,462.0,17211.0
83701000,83701000,2024,Кабардино-Балкарская Республика,Нальчик,"Городской округ, городской округ с внутригородским делением",54194.3,54653.0,482.0,,2251.0,5000.0,856.0,1456.0,12963.0,9778.0,12094.0,25708.0
83703000,83703000,2024,Кабардино-Балкарская Республика,Баксан,"Городской округ, городской округ с внутригородским делением",41355.4,4356.0,,,,78.0,,79.0,873.0,1521.0,1109.0,21033.0
83710000,83710000,2024,Кабардино-Балкарская Республика,Прохладный,"Городской округ, городской округ с внутригородским делением",44481.9,6080.0,,,705.0,312.0,135.0,362.0,1038.0,1202.0,1123.0,60023.0
84610000,84610000,2024,Республика Алтай,Кош-Агачский муниципальный район,Муниципальный район,70732.2,2452.0,,,,20.0,,54.0,550.0,988.0,434.0,18620.0
84615000,84615000,2024,Республика Алтай,Майминский муниципальный район,Муниципальный район,73551.6,6737.0,163.0,,518.0,79.0,83.0,302.0,1338.0,1030.0,499.0,30941.0
84620000,84620000,2024,Республика Алтай,Онгудайский муниципальный район,Муниципальный район,46742.2,2349.0,144.0,,,63.0,,56.0,413.0,889.0,393.0,14025.0
84625000,84625000,2024,Республика Алтай,Турочакский муниципальный район,Муниципальный район,57696.8,1955.0,,,,,,76.0,400.0,647.0,262.0,10794.0
84630000,84630000,2024,Республика Алтай,Улаганский муниципальный район,Муниципальный район,63315.0,1992.0,,,,77.0,,71.0,399.0,843.0,386.0,11926.0
84635000,84635000,2024,Республика Алтай,Усть-Канский муниципальный район,Муниципальный район,45304.0,2099.0,,,,54.0,,41.0,383.0,1068.0,330.0,14207.0
84640000,84640000,2024,Республика Алтай,Усть-Коксинский муниципальный район,Муниципальный район,47699.6,2492.0,313.0,,20.0,97.0,,38.0,429.0,977.0,302.0,15634.0
84643000,84643000,2024,Республика Алтай,Чемальский муниципальный район,Муниципальный район,65317.7,1706.0,,,,,,91.0,331.0,506.0,341.0,10557.0
84645000,84645000,2024,Республика Алтай,Чойский муниципальный район,Муниципальный район,55749.4,1360.0,,,,,,,281.0,449.0,,7439.0
84650000,84650000,2024,Республика Алтай,Шебалинский муниципальный район,Муниципальный район,50870.5,1818.0,,,,,,73.0,370.0,753.0,271.0,12114.0
84701000,84701000,2024,Республика Алтай,Город Горно-Алтайск,"Городской округ, городской округ с внутригородским делением",73499.3,16029.0,103.0,,59.0,719.0,,959.0,4131.0,3388.0,3280.0,64508.0
85605000,85605000,2024,Республика Калмыкия,Городовиковский муниципальный район,Муниципальный район,36828.2,1366.0,,,,,82.0,54.0,119.0,736.0,271.0,13573.0
85610000,85610000,2024,Республика Калмыкия,Ики-Бурульский муниципальный район,Муниципальный район,59212.0,850.0,,,,,,,73.0,358.0,171.0,9992.0
85615000,85615000,2024,Республика Калмыкия,Лаганский муниципальный район,Муниципальный район,39218.1,1253.0,,,,,4.0,71.0,113.0,700.0,250.0,18650.0
85620000,85620000,2024,Республика Калмыкия,Малодербетовский муниципальный район,Муниципальный район,37385.0,860.0,,,,,,32.0,114.0,396.0,228.0,9256.0
85623000,85623000,2024,Республика Калмыкия,Октябрьский муниципальный район,Муниципальный район,46467.4,774.0,,,,,,14.0,57.0,350.0,147.0,7654.0
85625000,85625000,2024,Республика Калмыкия,Кетченеровский муниципальный район,Муниципальный район,38553.5,839.0,120.0,,,,,,80.0,388.0,182.0,8588.0
85628000,85628000,2024,Республика Калмыкия,Приютненский муниципальный район,Муниципальный район,40289.6,1021.0,,,,,,17.0,133.0,436.0,369.0,9468.0
85632000,85632000,2024,Республика Калмыкия,Сарпинский муниципальный район,Муниципальный район,43198.5,1042.0,,,,,,35.0,155.0,346.0,340.0,11466.0
85637000,85637000,2024,Республика Калмыкия,Целинный муниципальный район,Муниципальный район,46291.2,1190.0,10.0,,,31.0,7.0,52.0,128.0,772.0,110.0,20296.0
85642000,85642000,2024,Республика Калмыкия,Черноземельский муниципальный район,Муниципальный район,61590.9,1890.0,302.0,,13.0,,9.0,21.0,98.0,505.0,150.0,11850.0
85646000,85646000,2024,Республика Калмыкия,Юстинский муниципальный район,Муниципальный район,42368.8,816.0,,,,,,24.0,76.0,451.0,175.0,8903.0
85650000,85650000,2024,Республика Калмыкия,Яшалтинский муниципальный район,Муниципальный район,34866.1,1131.0,,,,,,50.0,132.0,595.0,245.0,14402.0
85654000,85654000,2024,Республика Калмыкия,Яшкульский муниципальный район,Муниципальный район,48712.0,1678.0,174.0,,,,,29.0,337.0,572.0,212.0,15057.0
85701000,85701000,2024,Республика Калмыкия,Город Элиста,"Городской округ, городской округ с внутригородским делением",53420.5,28167.0,493.0,,265.0,2105.0,,994.0,8074.0,5312.0,4235.0,107615.0
86504000,86504000,2024,Республика Карелия,Беломорский муниципальный округ,Муниципальный округ,86078.3,3094.0,258.0,,,269.0,,196.0,439.0,463.0,353.0,12305.0
86533000,86533000,2024,Республика Карелия,Питкярантский муниципальный округ,Муниципальный округ,71373.2,3366.0,92.0,,,278.0,70.0,168.0,355.0,545.0,369.0,7973.0
86545000,86545000,2024,Республика Карелия,Сегежский муниципальный округ,Муниципальный округ,79173.2,8636.0,994.0,,2282.0,873.0,49.0,372.0,1221.0,955.0,748.0,2547.0
86550000,86550000,2024,Республика Карелия,Суоярвский муниципальный округ,Муниципальный округ,74690.2,2589.0,274.0,,,202.0,,162.0,304.0,474.0,258.0,12070.0
86609000,86609000,2024,Республика Карелия,Калевальский муниципальный район,Муниципальный район,70023.1,973.0,62.0,,,84.0,,46.0,213.0,265.0,210.0,3404.0
86610000,86510000,2024,Республика Карелия,Сортавальский муниципальный район,Муниципальный район,69993.1,4990.0,86.0,,378.0,437.0,,384.0,809.0,920.0,700.0,23603.0
86612000,86612000,2024,Республика Карелия,Кемский муниципальный район,Муниципальный район,99031.2,4264.0,209.0,,,473.0,,170.0,542.0,474.0,363.0,9580.0
86615000,86615000,2024,Республика Карелия,Кондопожский муниципальный район,Муниципальный район,72960.2,8845.0,224.0,,,536.0,177.0,329.0,614.0,996.0,1189.0,31368.0
86618000,86618000,2024,Республика Карелия,Лахденпохский муниципальный район,Муниципальный район,69672.6,1714.0,211.0,,,138.0,,101.0,277.0,392.0,168.0,4777.0
86621000,86621000,2024,Республика Карелия,Лоухский муниципальный район,Муниципальный район,98732.7,2100.0,118.0,,,,,87.0,332.0,372.0,270.0,3000.0
86624000,86624000,2024,Республика Карелия,Медвежьегорский муниципальный район,Муниципальный район,75138.7,5259.0,316.0,115.0,,158.0,,264.0,791.0,784.0,971.0,17163.0
86627000,86627000,2024,Республика Карелия,Муезерский муниципальный район,Муниципальный район,58821.0,1096.0,54.0,,,,,52.0,272.0,356.0,205.0,2445.0
86630000,86630000,2024,Республика Карелия,Олонецкий муниципальный район,Муниципальный район,60626.4,3072.0,547.0,,,138.0,,207.0,418.0,713.0,562.0,7541.0
86636000,86636000,2024,Республика Карелия,Прионежский муниципальный район,Муниципальный район,83749.8,3503.0,176.0,631.0,273.0,32.0,61.0,108.0,106.0,756.0,315.0,0.0
86639000,86639000,2024,Республика Карелия,Пряжинский муниципальный район,Муниципальный район,70038.6,3320.0,227.0,,,267.0,,75.0,560.0,474.0,818.0,9068.0
86642000,86642000,2024,Республика Карелия,Пудожский муниципальный район,Муниципальный район,66905.8,1964.0,,,,199.0,,129.0,361.0,553.0,316.0,6803.0
86701000,86701000,2024,Республика Карелия,Петрозаводский,"Городской округ, городской округ с внутригородским делением",80872.6,65117.0,930.0,338.0,5753.0,3152.0,955.0,6001.0,11014.0,11163.0,8758.0,0.0
86706000,86706000,2024,Республика Карелия,Костомукшский,"Городской округ, городской округ с внутригородским делением",112900.5,8605.0,130.0,,717.0,47.0,,466.0,607.0,848.0,833.0,26470.0
87512000,87512000,2024,Республика Коми,Муниципальный округ Вуктыл,Муниципальный округ,111490.6,3625.0,,1207.0,,158.0,,133.0,286.0,304.0,284.0,1124.0
87523000,87523000,2024,Республика Коми,Муниципальный округ Усинск,Муниципальный округ,138116.7,20882.0,,8441.0,1143.0,906.0,374.0,510.0,897.0,1695.0,877.0,31884.0
87525000,87525000,2024,Республика Коми,Муниципальный округ Ухта,Муниципальный округ,107558.6,31732.0,135.0,2651.0,2277.0,1756.0,1103.0,1665.0,2591.0,4634.0,3534.0,
87604000,87604000,2024,Республика Коми,Ижемский муниципальный район,Муниципальный район,71478.0,2711.0,,,,171.0,,88.0,479.0,1098.0,438.0,16187.0
87608000,87508000,2024,Республика Коми,Княжпогостский муниципальный район,Муниципальный район,83973.8,5724.0,83.0,,266.0,443.0,,161.0,923.0,569.0,578.0,12630.0
87612000,87612000,2024,Республика Коми,Койгородский муниципальный район,Муниципальный район,66260.9,1632.0,397.0,,,,,47.0,224.0,309.0,254.0,7470.0
87616000,87616000,2024,Республика Коми,Корткеросский муниципальный район,Муниципальный район,59748.5,2882.0,228.0,,,,,229.0,521.0,907.0,382.0,18232.0
87620000,87620000,2024,Республика Коми,Муниципальный район Печора,Муниципальный район,107336.0,13576.0,75.0,1418.0,675.0,1642.0,279.0,685.0,1392.0,1635.0,1691.0,37327.0
87624000,87624000,2024,Республика Коми,Прилузский муниципальный район,Муниципальный район,66032.3,4741.0,1137.0,,,,,130.0,523.0,774.0,715.0,17018.0
87626000,87626000,2024,Республика Коми,Муниципальный район Сосногорск,Муниципальный район,89784.3,8751.0,,293.0,1247.0,622.0,192.0,431.0,918.0,1331.0,1018.0,3011.0
87628000,87628000,2024,Республика Коми,Сыктывдинский муниципальный район,Муниципальный район,69555.4,4884.0,873.0,,,163.0,50.0,190.0,663.0,1268.0,543.0,21462.0
87632000,87632000,2024,Республика Коми,Сысольский муниципальный район,Муниципальный район,61634.9,2956.0,179.0,,137.0,,,97.0,509.0,629.0,575.0,11592.0
87636000,87636000,2024,Республика Коми,Троицко-Печорский муниципальный район,Муниципальный район,61461.9,2100.0,94.0,,,212.0,,75.0,422.0,384.0,356.0,3637.0
87640000,87640000,2024,Республика Коми,Удорский муниципальный район,Муниципальный район,63791.4,2758.0,278.0,,,,,66.0,553.0,568.0,461.0,7782.0
87644000,87644000,2024,Республика Коми,Усть-Вымский муниципальный район,Муниципальный район,72808.3,7382.0,,,1806.0,278.0,176.0,185.0,959.0,800.0,724.0,23548.0
87648000,87648000,2024,Республика Коми,Усть-Куломский муниципальный район,Муниципальный район,61561.6,3993.0,420.0,,,,,79.0,711.0,1155.0,644.0,21766.0
87652000,87652000,2024,Республика Коми,Усть-Цилемский муниципальный район,Муниципальный район,68239.7,2104.0,53.0,,,200.0,,49.0,454.0,649.0,298.0,10360.0
87701000,87701000,2024,Республика Коми,Сыктывкар,"Городской округ, городской округ с внутригородским делением",81693.1,71751.0,1171.0,,9548.0,4284.0,977.0,4959.0,12622.0,10427.0,12245.0,677.0
87710000,87510000,2024,Республика Коми,Воркута,"Городской округ, городской округ с внутригородским делением",121203.1,21021.0,,,675.0,1670.0,,766.0,1930.0,2362.0,2446.0,298.0
87715000,87515000,2024,Республика Коми,Инта,"Городской округ, городской округ с внутригородским делением",96563.9,5260.0,149.0,,39.0,470.0,,207.0,847.0,929.0,666.0,19764.0
88604000,88604000,2024,Республика Марий Эл,Волжский муниципальный район,Муниципальный район,50458.9,2342.0,,,171.0,181.0,,65.0,80.0,651.0,432.0,16795.0
88608000,88608000,2024,Республика Марий Эл,Горномарийский муниципальный район,Муниципальный район,34906.1,1186.0,,,,69.0,,,96.0,741.0,,19578.0
88612000,88612000,2024,Республика Марий Эл,Звениговский муниципальный район,Муниципальный район,61841.2,7899.0,657.0,,2782.0,356.0,92.0,208.0,601.0,1550.0,943.0,19319.0
88616000,88516000,2024,Республика Марий Эл,Килемарский муниципальный район,Муниципальный район,44881.7,1276.0,28.0,,,95.0,,34.0,217.0,383.0,193.0,3864.0
88620000,88620000,2024,Республика Марий Эл,Куженерский муниципальный район,Муниципальный район,41317.4,2126.0,,,453.0,74.0,,35.0,247.0,542.0,219.0,4681.0
88624000,88624000,2024,Республика Марий Эл,Мари-Турекский муниципальный район,Муниципальный район,39885.6,2385.0,191.0,,27.0,123.0,,64.0,297.0,893.0,440.0,12747.0
88628000,88628000,2024,Республика Марий Эл,Медведевский муниципальный район,Муниципальный район,57759.1,11541.0,1452.0,,2148.0,254.0,190.0,571.0,1806.0,2250.0,1035.0,67769.0
88632000,88632000,2024,Республика Марий Эл,Моркинский муниципальный район,Муниципальный район,45105.3,3068.0,70.0,,20.0,125.0,,125.0,372.0,875.0,684.0,17200.0
88636000,88636000,2024,Республика Марий Эл,Новоторъяльский муниципальный район,Муниципальный район,42378.1,2130.0,523.0,,23.0,85.0,,45.0,211.0,575.0,289.0,7821.0
88640000,88640000,2024,Республика Марий Эл,Оршанский муниципальный район,Муниципальный район,47456.7,1551.0,133.0,,13.0,87.0,46.0,61.0,220.0,503.0,232.0,5445.0
88644000,88644000,2024,Республика Марий Эл,Параньгинский муниципальный район,Муниципальный район,41324.6,1652.0,231.0,,15.0,80.0,,47.0,226.0,548.0,257.0,13008.0
88648000,88648000,2024,Республика Марий Эл,Сернурский муниципальный район,Муниципальный район,51576.7,3483.0,316.0,,704.0,238.0,,102.0,394.0,703.0,517.0,13257.0
88652000,88652000,2024,Республика Марий Эл,Советский муниципальный район,Муниципальный район,47480.4,4776.0,1866.0,,351.0,178.0,,147.0,406.0,894.0,512.0,10437.0
88656000,88656000,2024,Республика Марий Эл,Юринский муниципальный район,Муниципальный район,45485.1,1041.0,,,,51.0,,20.0,187.0,229.0,181.0,2468.0
88701000,88701000,2024,Республика Марий Эл,Город Йошкар-Ола,"Городской округ, городской округ с внутригородским делением",72240.8,67704.0,278.0,,20620.0,2861.0,976.0,4421.0,8469.0,8761.0,8787.0,10669.0
88705000,88705000,2024,Республика Марий Эл,Город Волжск,"Городской округ, городской округ с внутригородским делением",72852.5,11651.0,,,5593.0,466.0,215.0,651.0,737.0,1738.0,1267.0,51634.0
88715000,88715000,2024,Республика Марий Эл,Город Козьмодемьянск,"Городской округ, городской округ с внутригородским делением",62177.5,6685.0,,,3462.0,256.0,,165.0,535.0,786.0,749.0,19054.0
89603000,89603000,2024,Республика Мордовия,Ардатовский муниципальный район,Муниципальный район,50305.4,3188.0,321.0,,,108.0,,96.0,259.0,775.0,629.0,12845.0
89605000,89605000,2024,Республика Мордовия,Атюрьевский муниципальный район,Муниципальный район,37086.3,767.0,,,,43.0,,44.0,111.0,294.0,127.0,9012.0
89607000,89607000,2024,Республика Мордовия,Атяшевский муниципальный район,Муниципальный район,53073.3,3945.0,776.0,,,44.0,,84.0,204.0,537.0,273.0,17246.0
89610000,89610000,2024,Республика Мордовия,Большеберезниковский муниципальный район,Муниципальный район,43037.1,1484.0,121.0,,,51.0,,68.0,136.0,255.0,458.0,11711.0
89613000,89613000,2024,Республика Мордовия,Большеигнатовский муниципальный район,Муниципальный район,40699.3,776.0,,,,38.0,,22.0,91.0,140.0,74.0,6717.0
89616000,89616000,2024,Республика Мордовия,Дубенский муниципальный район,Муниципальный район,51253.2,1630.0,,,,40.0,,57.0,155.0,326.0,277.0,11280.0
89618000,89618000,2024,Республика Мордовия,Ельниковский муниципальный район,Муниципальный район,45661.0,1026.0,,,,47.0,,32.0,121.0,222.0,263.0,9068.0
89621000,89621000,2024,Республика Мордовия,Зубово-Полянский муниципальный район,Муниципальный район,40550.3,12003.0,197.0,,3902.0,90.0,,315.0,2556.0,1688.0,1301.0,45470.0
89624000,89624000,2024,Республика Мордовия,Инсарский муниципальный район,Муниципальный район,52361.3,1997.0,,,587.0,80.0,,56.0,136.0,439.0,282.0,3902.0
89626000,89626000,2024,Республика Мордовия,Ичалковский муниципальный район,Муниципальный район,51547.6,2975.0,496.0,,574.0,60.0,26.0,75.0,283.0,624.0,451.0,16897.0
89628000,89628000,2024,Республика Мордовия,Кадошкинский муниципальный район,Муниципальный район,47389.6,892.0,,,,18.0,,30.0,94.0,156.0,65.0,6593.0
89629000,89629000,2024,Республика Мордовия,Ковылкинский муниципальный район,Муниципальный район,49393.3,8108.0,792.0,,1690.0,216.0,,227.0,742.0,1179.0,829.0,35879.0
89631000,89631000,2024,Республика Мордовия,Кочкуровский муниципальный район,Муниципальный район,51421.4,1232.0,253.0,,219.0,44.0,,37.0,127.0,213.0,118.0,9356.0
89634000,89634000,2024,Республика Мордовия,Краснослободский муниципальный район,Муниципальный район,46337.1,3500.0,801.0,,126.0,180.0,,139.0,347.0,735.0,586.0,12851.0
89637000,89637000,2024,Республика Мордовия,Лямбирский муниципальный район,Муниципальный район,66626.1,4550.0,1949.0,,488.0,51.0,,190.0,275.0,661.0,658.0,33537.0
89640000,89640000,2024,Республика Мордовия,Ромодановский муниципальный район,Муниципальный район,54295.6,2903.0,511.0,,,57.0,,94.0,190.0,459.0,228.0,18857.0
89643000,89643000,2024,Республика Мордовия,Рузаевский муниципальный район,Муниципальный район,68748.4,14479.0,893.0,,4752.0,550.0,,487.0,857.0,1865.0,1172.0,42124.0
89646000,89646000,2024,Республика Мордовия,Старошайговский муниципальный район,Муниципальный район,45192.2,1316.0,345.0,,,49.0,,43.0,163.0,241.0,222.0,11300.0
89649000,89649000,2024,Республика Мордовия,Темниковский муниципальный район,Муниципальный район,43557.8,1584.0,,,,87.0,,98.0,202.0,454.0,329.0,6430.0
89651000,89651000,2024,Республика Мордовия,Теньгушевский муниципальный район,Муниципальный район,43659.5,1203.0,,,,42.0,,46.0,339.0,242.0,164.0,8971.0
89654000,89654000,2024,Республика Мордовия,Торбеевский муниципальный район,Муниципальный район,53695.6,4355.0,240.0,,,35.0,,105.0,365.0,603.0,377.0,9292.0
89657000,89657000,2024,Республика Мордовия,Чамзинский муниципальный район,Муниципальный район,68736.9,9090.0,2810.0,,3690.0,205.0,,212.0,368.0,806.0,491.0,28433.0
89701000,89701000,2024,Республика Мордовия,Саранск,"Городской округ, городской округ с внутригородским делением",62598.4,83614.0,1158.0,,20699.0,2376.0,1129.0,7046.0,10086.0,12392.0,11122.0,9710.0
91601000,91601000,2024,Карачаево-Черкесская Республика,Абазинский муниципальный район,Муниципальный район,40284.5,2254.0,,,,,,33.0,137.0,536.0,,18121.0
91603000,91603000,2024,Карачаево-Черкесская Республика,Адыге-Хабльский муниципальный район,Муниципальный район,42207.3,1754.0,,,,,,,301.0,633.0,,16364.0
91610000,91610000,2024,Карачаево-Черкесская Республика,Зеленчукский муниципальный район,Муниципальный район,49497.5,5379.0,143.0,,,96.0,36.0,154.0,954.0,1587.0,908.0,53555.0
91615000,91615000,2024,Карачаево-Черкесская Республика,Карачаевский муниципальный район,Муниципальный район,39152.7,2511.0,,,,,,,163.0,1211.0,,31278.0
91620000,91620000,2024,Карачаево-Черкесская Республика,Малокарачаевский муниципальный район,Муниципальный район,39521.4,3015.0,,,298.0,,,31.0,396.0,1383.0,491.0,42682.0
91623000,91623000,2024,Карачаево-Черкесская Республика,Ногайский муниципальный район,Муниципальный район,35727.4,928.0,,,,,,,123.0,528.0,,16400.0
91625000,91625000,2024,Карачаево-Черкесская Республика,Прикубанский муниципальный район,Муниципальный район,52439.0,3420.0,227.0,,,113.0,,124.0,403.0,1189.0,,1009.0
91630000,91630000,2024,Карачаево-Черкесская Республика,Урупский муниципальный район,Муниципальный район,56531.0,2355.0,,,,86.0,,34.0,221.0,637.0,,5481.0
91635000,91635000,2024,Карачаево-Черкесская Республика,Усть-Джегутинский муниципальный район,Муниципальный район,53103.8,5339.0,,,1260.0,129.0,162.0,94.0,523.0,1730.0,769.0,19347.0
91640000,91640000,2024,Карачаево-Черкесская Республика,Хабезский муниципальный район,Муниципальный район,38811.6,2680.0,,,,,,26.0,352.0,1360.0,,31020.0
91701000,91701000,2024,Карачаево-Черкесская Республика,Черкесский,"Городской округ, городской округ с внутригородским делением",56717.4,27763.0,157.0,,1815.0,2058.0,,1699.0,8124.0,4926.0,4393.0,112782.0
91705000,91705000,2024,Карачаево-Черкесская Республика,Карачаевский,"Городской округ, городской округ с внутригородским делением",43034.8,4394.0,,,,160.0,,104.0,544.0,1729.0,1186.0,36649.0
92601000,92601000,2024,Республика Татарстан,Агрызский муниципальный район,Муниципальный район,66228.7,5673.0,311.0,,426.0,235.0,,184.0,449.0,1015.0,597.0,34401.0
92602000,92602000,2024,Республика Татарстан,Азнакаевский муниципальный район,Муниципальный район,74115.1,12493.0,855.0,3134.0,493.0,456.0,36.0,502.0,772.0,2226.0,1143.0,41583.0
92604000,92604000,2024,Республика Татарстан,Аксубаевский муниципальный район,Муниципальный район,56984.5,3382.0,212.0,333.0,,119.0,,86.0,339.0,1063.0,495.0,9060.0
92605000,92605000,2024,Республика Татарстан,Актанышский муниципальный район,Муниципальный район,62934.9,5059.0,1118.0,,,145.0,56.0,281.0,354.0,1187.0,503.0,27287.0
92606000,92606000,2024,Республика Татарстан,Алексеевский муниципальный район,Муниципальный район,78554.5,4877.0,481.0,,317.0,132.0,,175.0,422.0,1043.0,419.0,24626.0
92607000,92607000,2024,Республика Татарстан,Алькеевский муниципальный район,Муниципальный район,57182.1,3346.0,931.0,,,106.0,,104.0,322.0,802.0,340.0,18063.0
92608000,92608000,2024,Республика Татарстан,Альметьевский муниципальный район,Муниципальный район,97189.0,62825.0,499.0,14422.0,6085.0,1777.0,658.0,3171.0,2496.0,7260.0,4975.0,39038.0
92610000,92610000,2024,Республика Татарстан,Апастовский муниципальный район,Муниципальный район,54835.7,3321.0,687.0,,124.0,122.0,,314.0,336.0,737.0,381.0,13535.0
92612000,92612000,2024,Республика Татарстан,Арский муниципальный район,Муниципальный район,53071.2,6134.0,735.0,,520.0,202.0,,298.0,555.0,2133.0,828.0,19958.0
92613000,92613000,2024,Республика Татарстан,Атнинский муниципальный район,Муниципальный район,53607.9,2565.0,1067.0,,9.0,82.0,,43.0,212.0,556.0,230.0,12245.0
92614000,92614000,2024,Республика Татарстан,Бавлинский муниципальный район,Муниципальный район,72234.0,6589.0,,1255.0,538.0,205.0,105.0,378.0,524.0,1225.0,749.0,20971.0
92615000,92615000,2024,Республика Татарстан,Балтасинский муниципальный район,Муниципальный район,57117.0,6035.0,1801.0,,306.0,188.0,,114.0,383.0,1387.0,479.0,24525.0
92617000,92617000,2024,Республика Татарстан,Бугульминский муниципальный район,Муниципальный район,72273.3,19731.0,864.0,1789.0,2520.0,1158.0,254.0,1072.0,1183.0,3546.0,1854.0,84118.0
92618000,92618000,2024,Республика Татарстан,Буинский муниципальный район,Муниципальный район,54996.2,7561.0,1175.0,,1087.0,660.0,136.0,361.0,610.0,1605.0,842.0,19538.0
92620000,92620000,2024,Республика Татарстан,Верхнеуслонский муниципальный район,Муниципальный район,182259.8,8610.0,156.0,,275.0,147.0,25.0,326.0,433.0,1464.0,383.0,13190.0
92622000,92622000,2024,Республика Татарстан,Высокогорский муниципальный район,Муниципальный район,73992.4,8787.0,454.0,,1927.0,634.0,86.0,1385.0,702.0,1885.0,584.0,0.0
92624000,92624000,2024,Республика Татарстан,Дрожжановский муниципальный район,Муниципальный район,49846.8,3026.0,470.0,,,177.0,,64.0,291.0,887.0,414.0,0.0
92626000,92626000,2024,Республика Татарстан,Елабужский муниципальный район,Муниципальный район,126084.3,36579.0,414.0,1011.0,22227.0,705.0,,1245.0,980.0,3071.0,1801.0,73759.0
92627000,92627000,2024,Республика Татарстан,Заинский муниципальный район,Муниципальный район,69419.4,9155.0,954.0,623.0,1342.0,1005.0,109.0,409.0,698.0,1671.0,1035.0,52217.0
92628000,92628000,2024,Республика Татарстан,Зеленодольский муниципальный район,Муниципальный район,65225.1,57089.0,1230.0,,10981.0,993.0,405.0,3939.0,2017.0,3853.0,3777.0,46681.0
92629000,92629000,2024,Республика Татарстан,Кайбицкий муниципальный район,Муниципальный район,59305.7,2108.0,378.0,,,106.0,,89.0,245.0,494.0,258.0,0.0
92630000,92630000,2024,Республика Татарстан,Камско-Устьинский муниципальный район,Муниципальный район,56603.2,2337.0,215.0,,294.0,102.0,,80.0,307.0,494.0,280.0,14157.0
92632000,92632000,2024,Республика Татарстан,Спасский муниципальный район,Муниципальный район,55706.6,2618.0,,,,153.0,,95.0,338.0,787.0,363.0,9867.0
92633000,92633000,2024,Республика Татарстан,Кукморский муниципальный район,Муниципальный район,55589.5,7046.0,649.0,,1556.0,225.0,,208.0,484.0,2192.0,757.0,33439.0
92634000,92634000,2024,Республика Татарстан,Лаишевский муниципальный район,Муниципальный район,103579.8,16803.0,603.0,,3172.0,244.0,,2324.0,712.0,1467.0,675.0,9055.0
92636000,92636000,2024,Республика Татарстан,Лениногорский муниципальный район,Муниципальный район,74421.7,14841.0,364.0,3666.0,232.0,515.0,248.0,667.0,810.0,2771.0,2108.0,17541.0
92638000,92638000,2024,Республика Татарстан,Мамадышский муниципальный район,Муниципальный район,65096.3,6146.0,841.0,,1184.0,202.0,,188.0,486.0,1519.0,770.0,15774.0
92639000,92639000,2024,Республика Татарстан,Менделеевский муниципальный район,Муниципальный район,86032.8,5275.0,,147.0,1734.0,220.0,8.0,180.0,596.0,973.0,729.0,22541.0
92640000,92640000,2024,Республика Татарстан,Мензелинский муниципальный район,Муниципальный район,57040.1,4016.0,513.0,49.0,,151.0,,184.0,475.0,1239.0,484.0,15700.0
92642000,92642000,2024,Республика Татарстан,Муслюмовский муниципальный район,Муниципальный район,58339.2,2932.0,481.0,,,148.0,,82.0,331.0,781.0,354.0,18692.0
92644000,92644000,2024,Республика Татарстан,Нижнекамский муниципальный район,Муниципальный район,98467.6,74379.0,681.0,145.0,29896.0,2874.0,1021.0,3673.0,2805.0,9192.0,5177.0,254213.0
92645000,92645000,2024,Республика Татарстан,Новошешминский муниципальный район,Муниципальный район,93598.9,3226.0,116.0,878.0,,89.0,,74.0,245.0,583.0,273.0,0.0
92646000,92646000,2024,Республика Татарстан,Нурлатский муниципальный район,Муниципальный район,69712.6,9496.0,388.0,2328.0,119.0,392.0,,455.0,627.0,1828.0,1039.0,18536.0
92648000,92648000,2024,Республика Татарстан,Пестречинский муниципальный район,Муниципальный район,65735.3,6413.0,728.0,,571.0,185.0,,1503.0,633.0,1603.0,539.0,66372.0
92650000,92650000,2024,Республика Татарстан,Рыбно-Слободский муниципальный район,Муниципальный район,48648.0,2994.0,221.0,,134.0,201.0,,99.0,418.0,953.0,465.0,23892.0
92652000,92652000,2024,Республика Татарстан,Сабинский муниципальный район,Муниципальный район,61804.9,7676.0,2057.0,,,459.0,,316.0,602.0,1436.0,760.0,8976.0
92653000,92653000,2024,Республика Татарстан,Сармановский муниципальный район,Муниципальный район,65866.4,6009.0,597.0,903.0,87.0,255.0,,204.0,505.0,1087.0,718.0,20396.0
92654000,92654000,2024,Республика Татарстан,Ютазинский муниципальный район,Муниципальный район,59884.9,3457.0,,,1174.0,121.0,100.0,101.0,294.0,744.0,348.0,10353.0
92655000,92655000,2024,Республика Татарстан,Тетюшский муниципальный район,Муниципальный район,51809.6,2962.0,240.0,,,183.0,,119.0,421.0,877.0,480.0,10204.0
92656000,92656000,2024,Республика Татарстан,Тюлячинский муниципальный район,Муниципальный район,55637.4,2308.0,294.0,,,85.0,,69.0,249.0,637.0,272.0,0.0
92657000,92657000,2024,Республика Татарстан,Тукаевский муниципальный район,Муниципальный район,77587.4,12770.0,2870.0,176.0,2225.0,55.0,,1357.0,401.0,1073.0,461.0,51140.0
92658000,92658000,2024,Республика Татарстан,Черемшанский муниципальный район,Муниципальный район,65974.0,3467.0,155.0,804.0,,108.0,,75.0,362.0,906.0,351.0,0.0
92659000,92659000,2024,Республика Татарстан,Чистопольский муниципальный район,Муниципальный район,64210.4,12256.0,431.0,,3287.0,839.0,,655.0,1028.0,2327.0,1662.0,15168.0
92701000,92701000,2024,Республика Татарстан,Город Казань,"Городской округ, городской округ с внутригородским делением",94672.7,339504.0,1233.0,1304.0,61952.0,7813.0,3157.0,35409.0,28920.0,53383.0,35940.0,1318604.0
92730000,92730000,2024,Республика Татарстан,Город Набережные Челны,"Городской округ, городской округ с внутригородским делением",87755.3,134240.0,286.0,295.0,52411.0,2688.0,2236.0,15955.0,4239.0,16765.0,9846.0,0.0
93605000,93605000,2024,Республика Тыва,Бай-Тайгинский муниципальный район,Муниципальный район,46623.0,1569.0,,,,,,,187.0,960.0,,10431.0
93610000,93610000,2024,Республика Тыва,Барун-Хемчикский муниципальный район,Муниципальный район,48513.7,2348.0,21.0,,,,,,193.0,1108.0,822.0,11626.0
93615000,93615000,2024,Республика Тыва,Дзун-Хемчикский муниципальный район,Муниципальный район,51531.3,3005.0,,,,,,,285.0,1815.0,421.0,9459.0
93620000,93620000,2024,Республика Тыва,Каа-Хемский муниципальный район,Муниципальный район,59905.0,2509.0,,,,,,,247.0,1184.0,444.0,11974.0
93622000,93622000,2024,Республика Тыва,Кызылский муниципальный район,Муниципальный район,61583.4,3575.0,5.0,,,,,45.0,466.0,1853.0,608.0,16198.0
93625000,93625000,2024,Республика Тыва,Монгун-Тайгинский муниципальный район,Муниципальный район,56235.8,1041.0,,,,,,,116.0,563.0,,6055.0
93630000,93630000,2024,Республика Тыва,Овюрский муниципальный район,Муниципальный район,53792.9,1313.0,,,,,,,185.0,702.0,177.0,7259.0
93635000,93635000,2024,Республика Тыва,Пий-Хемский муниципальный район,Муниципальный район,62886.8,1734.0,36.0,,,28.0,,,303.0,854.0,,5439.0
93638000,93638000,2024,Республика Тыва,Сут-Хольский муниципальный район,Муниципальный район,46724.8,1309.0,,,,,,,173.0,805.0,,8043.0
93640000,93640000,2024,Республика Тыва,Тандинский муниципальный район,Муниципальный район,55744.8,2116.0,48.0,,,,,,423.0,1064.0,377.0,15098.0
93643000,93643000,2024,Республика Тыва,Тере-Хольский муниципальный район,Муниципальный район,95231.4,422.0,,105.0,,,,,81.0,165.0,,1930.0
93645000,93645000,2024,Республика Тыва,Тес-Хемский муниципальный район,Муниципальный район,46886.1,1379.0,,,,,,,241.0,837.0,,8858.0
93650000,93650000,2024,Республика Тыва,Тоджинский муниципальный район,Муниципальный район,96701.2,2525.0,,,,,,,239.0,610.0,,6694.0
93654000,93654000,2024,Республика Тыва,Улуг-Хемский муниципальный район,Муниципальный район,52073.1,2992.0,48.0,,,,,,480.0,1464.0,646.0,8296.0
93656000,93656000,2024,Республика Тыва,Чаа-Хольский муниципальный район,Муниципальный район,49644.4,849.0,,,,,,,174.0,414.0,,5941.0
93657000,93657000,2024,Республика Тыва,Чеди-Хольский муниципальный район,Муниципальный район,51951.6,1101.0,,,,,,,145.0,533.0,175.0,7592.0
93658000,93658000,2024,Республика Тыва,Эрзинский муниципальный район,Муниципальный район,51004.3,1145.0,,,,,,,167.0,690.0,,8464.0
93701000,93701000,2024,Республика Тыва,Город Кызыл,"Городской округ, городской округ с внутригородским делением",79611.0,32108.0,189.0,699.0,376.0,1355.0,458.0,550.0,7991.0,6960.0,6320.0,130042.0
93703000,93703000,2024,Республика Тыва,Город Ак-Довурак,"Городской округ, городской округ с внутригородским делением",53422.9,1604.0,,,,,,,312.0,917.0,50.0,11977.0
94502000,94502000,2024,Удмуртская Республика,Муниципальный округ Алнашский район,Муниципальный округ,46374.0,3352.0,741.0,,55.0,96.0,20.0,150.0,197.0,1030.0,693.0,19971.0
94504000,94504000,2024,Удмуртская Республика,Муниципальный округ Балезинский район,Муниципальный округ,49049.5,5718.0,566.0,36.0,768.0,163.0,53.0,122.0,683.0,1284.0,750.0,26866.0
94506000,94506000,2024,Удмуртская Республика,Муниципальный округ Вавожский район,Муниципальный округ,57916.2,2966.0,1149.0,,185.0,61.0,,82.0,219.0,699.0,268.0,13809.0
94508000,94508000,2024,Удмуртская Республика,Муниципальный округ Воткинский район,Муниципальный округ,72380.4,4558.0,,813.0,1107.0,62.0,,65.0,164.0,994.0,14.0,23474.0
94510000,94510000,2024,Удмуртская Республика,Муниципальный округ Глазовский район,Муниципальный округ,52703.0,2601.0,1056.0,,383.0,,,,127.0,492.0,263.0,15220.0
94512000,94512000,2024,Удмуртская Республика,Муниципальный округ Граховский район,Муниципальный округ,47943.0,1249.0,234.0,,16.0,72.0,,30.0,130.0,394.0,174.0,8624.0
94514000,94514000,2024,Удмуртская Республика,Муниципальный округ Дебёсский район,Муниципальный округ,51971.3,2426.0,431.0,127.0,,81.0,3.0,97.0,248.0,759.0,255.0,10744.0
94516000,94516000,2024,Удмуртская Республика,Муниципальный округ Завьяловский район,Муниципальный округ,60377.9,13550.0,1894.0,1048.0,1435.0,359.0,15.0,695.0,1353.0,2315.0,1158.0,83460.0
94518000,94518000,2024,Удмуртская Республика,Муниципальный округ Игринский район,Муниципальный округ,58555.5,6404.0,236.0,1051.0,583.0,222.0,10.0,225.0,557.0,1604.0,626.0,32538.0
94520000,94520000,2024,Удмуртская Республика,Муниципальный округ Камбарский район,Муниципальный округ,54584.1,3375.0,,119.0,587.0,101.0,450.0,108.0,333.0,708.0,298.0,9838.0
94522000,94522000,2024,Удмуртская Республика,Муниципальный округ Каракулинский район,Муниципальный округ,60435.8,2750.0,274.0,1127.0,18.0,57.0,,46.0,160.0,519.0,301.0,10095.0
94524000,94524000,2024,Удмуртская Республика,Муниципальный округ Кезский район,Муниципальный округ,49008.0,3225.0,260.0,71.0,754.0,115.0,3.0,136.0,284.0,838.0,384.0,17833.0
94526000,94526000,2024,Удмуртская Республика,Муниципальный округ Кизнерский район,Муниципальный округ,49308.2,2806.0,36.0,,,108.0,,89.0,350.0,997.0,550.0,17496.0
94528000,94528000,2024,Удмуртская Республика,Муниципальный округ Киясовский район,Муниципальный округ,48497.2,1351.0,155.0,,,85.0,,29.0,187.0,444.0,224.0,8518.0
94530000,94530000,2024,Удмуртская Республика,Муниципальный округ Красногорский район,Муниципальный округ,48409.2,1377.0,51.0,,,,,82.0,203.0,418.0,272.0,7480.0
94533000,94533000,2024,Удмуртская Республика,Муниципальный округ Малопургинский район,Муниципальный округ,51464.0,3855.0,320.0,,221.0,113.0,,120.0,340.0,1228.0,581.0,30993.0
94535000,94535000,2024,Удмуртская Республика,Муниципальный округ Можгинский район,Муниципальный округ,54381.6,3962.0,940.0,,163.0,,,48.0,307.0,1066.0,375.0,24523.0
94537000,94537000,2024,Удмуртская Республика,Муниципальный округ Сарапульский район,Муниципальный округ,60522.9,3939.0,825.0,488.0,349.0,,,190.0,180.0,1000.0,233.0,23267.0
94539000,94539000,2024,Удмуртская Республика,Муниципальный округ Селтинский район,Муниципальный округ,48548.8,1564.0,195.0,,,68.0,,101.0,214.0,518.0,243.0,10292.0
94541000,94541000,2024,Удмуртская Республика,Муниципальный округ Сюмсинский район,Муниципальный округ,52140.1,1763.0,63.0,,,81.0,,41.0,201.0,584.0,465.0,9970.0
94544000,94544000,2024,Удмуртская Республика,Муниципальный округ Увинский район,Муниципальный округ,63935.5,10159.0,1464.0,32.0,3319.0,360.0,45.0,480.0,631.0,1983.0,821.0,33739.0
94546000,94546000,2024,Удмуртская Республика,Муниципальный округ Шарканский район,Муниципальный округ,50340.8,2927.0,656.0,116.0,6.0,81.0,,121.0,243.0,1011.0,,18886.0
94548000,94548000,2024,Удмуртская Республика,Муниципальный округ Юкаменский район,Муниципальный округ,42610.6,1175.0,20.0,,,85.0,,32.0,181.0,377.0,261.0,7231.0
94550000,94550000,2024,Удмуртская Республика,Муниципальный округ Якшур-Бодьинский район,Муниципальный округ,62204.2,3821.0,145.0,807.0,60.0,129.0,25.0,97.0,262.0,991.0,794.0,19293.0
94552000,94552000,2024,Удмуртская Республика,Муниципальный округ Ярский район,Муниципальный округ,50798.6,1839.0,132.0,,,57.0,,132.0,189.0,603.0,269.0,10983.0
94701000,94701000,2024,Удмуртская Республика,Город Ижевск,"Городской округ, городской округ с внутригородским делением",79451.4,170075.0,681.0,3629.0,55794.0,4935.0,1407.0,13937.0,13956.0,22745.0,19102.0,618776.0
94710000,94710000,2024,Удмуртская Республика,Город Воткинск,"Городской округ, городской округ с внутригородским делением",76115.4,24632.0,206.0,,12787.0,696.0,258.0,1068.0,1172.0,2947.0,2262.0,96037.0
94720000,94720000,2024,Удмуртская Республика,Город Глазов,"Городской округ, городской округ с внутригородским делением",64938.7,21122.0,316.0,,7623.0,1134.0,37.0,1106.0,1187.0,3367.0,2675.0,85870.0
94730000,94730000,2024,Удмуртская Республика,Город Можга,"Городской округ, городской округ с внутригородским делением",54035.1,9773.0,80.0,,2930.0,455.0,96.0,426.0,780.0,2131.0,1385.0,43557.0
94740000,94740000,2024,Удмуртская Республика,Город Сарапул,"Городской округ, городской округ с внутригородским делением",73016.4,21704.0,190.0,,11449.0,651.0,336.0,988.0,1432.0,2741.0,1867.0,89442.0
95605000,95605000,2024,Республика Хакасия,Алтайский муниципальный район,Муниципальный район,76908.1,4526.0,,1494.0,53.0,155.0,,117.0,506.0,1231.0,,24152.0
95608000,95608000,2024,Республика Хакасия,Аскизский муниципальный район,Муниципальный район,55738.5,5793.0,,,,155.0,121.0,87.0,891.0,1962.0,861.0,29064.0
95612000,95612000,2024,Республика Хакасия,Бейский муниципальный район,Муниципальный район,62690.4,2658.0,,538.0,,,,25.0,437.0,857.0,,17067.0
95615000,95615000,2024,Республика Хакасия,Боградский муниципальный район,Муниципальный район,48923.9,1795.0,,,,82.0,34.0,29.0,401.0,747.0,286.0,11030.0
95620000,95620000,2024,Республика Хакасия,Орджоникидзевский муниципальный район,Муниципальный район,50171.7,1780.0,,,,70.0,37.0,52.0,454.0,553.0,,9604.0
95625000,95625000,2024,Республика Хакасия,Таштыпский муниципальный район,Муниципальный район,61405.4,2273.0,,,,85.0,28.0,173.0,485.0,745.0,309.0,15165.0
95630000,95630000,2024,Республика Хакасия,Усть-Абаканский муниципальный район,Муниципальный район,60840.7,4856.0,76.0,333.0,553.0,70.0,231.0,131.0,1004.0,1461.0,543.0,32897.0
95635000,95635000,2024,Республика Хакасия,Ширинский муниципальный район,Муниципальный район,62412.6,5054.0,328.0,,6.0,197.0,18.0,120.0,617.0,1109.0,1019.0,24253.0
95701000,95701000,2024,Республика Хакасия,Город Абакан,"Городской округ, городской округ с внутригородским делением",79022.0,46765.0,126.0,222.0,2101.0,2333.0,452.0,3553.0,8619.0,7721.0,6771.0,185804.0
95702000,95702000,2024,Республика Хакасия,Город Абаза,"Городской округ, городской округ с внутригородским делением",60495.4,2462.0,,,,,,85.0,343.0,525.0,403.0,11962.0
95708000,95708000,2024,Республика Хакасия,Город Саяногорск,"Городской округ, городской округ с внутригородским делением",91089.2,15520.0,,,6429.0,1110.0,223.0,478.0,1065.0,1858.0,1495.0,175.0
95709000,95709000,2024,Республика Хакасия,Город Сорск,"Городской округ, городской округ с внутригородским делением",74830.8,2589.0,,1159.0,,,,29.0,195.0,329.0,401.0,895.0
95715000,95715000,2024,Республика Хакасия,Город Черногорск,"Городской округ, городской округ с внутригородским делением",71890.6,12341.0,,2783.0,1461.0,252.0,,613.0,1505.0,2603.0,1540.0,77948.0
96602000,96602000,2024,Чеченская Республика,Ачхой-Мартановский муниципальный район,Муниципальный район,32540.3,6955.0,47.0,,,191.0,,,706.0,4688.0,964.0,99296.0
96604000,96604000,2024,Чеченская Республика,Веденский муниципальный район,Муниципальный район,34757.9,3495.0,,,,128.0,,,613.0,1817.0,,42150.0
96607000,96607000,2024,Чеченская Республика,Грозненский муниципальный район,Муниципальный район,31205.1,7307.0,,,,263.0,,,448.0,5310.0,,86700.0
96610000,96610000,2024,Чеченская Республика,Гудермесский муниципальный район,Муниципальный район,36490.4,14438.0,256.0,,56.0,372.0,,17.0,1185.0,8117.0,2175.0,114733.0
96611000,96611000,2024,Чеченская Республика,Итум-Калинский муниципальный район,Муниципальный район,44973.3,1029.0,,,,63.0,,,350.0,395.0,,6659.0
96612000,96612000,2024,Чеченская Республика,Курчалоевский муниципальный район,Муниципальный район,31683.1,9991.0,,,,218.0,,,656.0,6989.0,1247.0,124171.0
96616000,96616000,2024,Чеченская Республика,Надтеречный муниципальный район,Муниципальный район,33819.6,5683.0,31.0,,,206.0,,,710.0,3248.0,1136.0,67097.0
96622000,96622000,2024,Чеченская Республика,Наурский муниципальный район,Муниципальный район,37875.1,5520.0,42.0,,,179.0,,2.0,1336.0,2785.0,749.0,60856.0
96625000,96625000,2024,Чеченская Республика,Ножай-Юртовский муниципальный район,Муниципальный район,30005.4,6332.0,,,,139.0,,,721.0,4081.0,957.0,56999.0
96628000,96628000,2024,Чеченская Республика,Шатойский муниципальный район,Муниципальный район,34607.0,3190.0,,,,122.0,,,689.0,1372.0,787.0,24025.0
96631000,96631000,2024,Чеченская Республика,Серноводский муниципальный район,Муниципальный район,31512.5,2593.0,,,,,,,337.0,1381.0,386.0,28877.0
96634000,96634000,2024,Чеченская Республика,Урус-Мартановский муниципальный район,Муниципальный район,31641.5,10299.0,5.0,,14.0,308.0,,14.0,997.0,7091.0,1239.0,65698.0
96637000,96637000,2024,Чеченская Республика,Шалинский муниципальный район,Муниципальный район,35216.2,11792.0,,,809.0,210.0,,4.0,1161.0,6444.0,2279.0,141382.0
96640000,96640000,2024,Чеченская Республика,Шелковской муниципальный район,Муниципальный район,34751.0,6258.0,48.0,,,317.0,,,835.0,3581.0,1112.0,63767.0
96691000,96691000,2024,Чеченская Республика,Шаройский муниципальный район,Муниципальный район,45075.9,557.0,,,,,,,272.0,211.0,,2901.0
96701000,96701000,2024,Чеченская Республика,Город Грозный,"Городской округ, городской округ с внутригородским делением",52751.8,92502.0,682.0,2121.0,374.0,2787.0,912.0,950.0,27487.0,24825.0,17027.0,333672.0
96702000,96702000,2024,Чеченская Республика,Город Аргун,"Городской округ, городской округ с внутригородским делением",32720.3,6757.0,,,286.0,177.0,,,633.0,4128.0,903.0,61968.0
97503000,97503000,2024,Чувашская Республика,Алатырский муниципальный округ,Муниципальный округ,42949.9,1216.0,240.0,,,,,,179.0,329.0,308.0,13314.0
97505000,97505000,2024,Чувашская Республика,Аликовский муниципальный округ,Муниципальный округ,45151.6,1233.0,128.0,,,,,94.0,163.0,378.0,197.0,13550.0
97507000,97507000,2024,Чувашская Республика,Батыревский муниципальный округ,Муниципальный округ,42382.9,3048.0,97.0,,,117.0,19.0,146.0,360.0,1119.0,797.0,30773.0
97510000,97510000,2024,Чувашская Республика,Вурнарский муниципальный округ,Муниципальный округ,54604.9,4376.0,403.0,,1248.0,119.0,,131.0,375.0,909.0,588.0,28415.0
97513000,97513000,2024,Чувашская Республика,Ибресинский муниципальный округ,Муниципальный округ,47073.9,1936.0,131.0,,,88.0,,119.0,252.0,573.0,433.0,19914.0
97516000,97516000,2024,Чувашская Республика,Канашский муниципальный округ,Муниципальный округ,42234.0,2101.0,191.0,,,,,65.0,187.0,882.0,,31495.0
97519000,97519000,2024,Чувашская Республика,Козловский муниципальный округ,Муниципальный округ,48876.6,2322.0,,,642.0,127.0,,117.0,394.0,430.0,284.0,14831.0
97521000,97521000,2024,Чувашская Республика,Комсомольский муниципальный округ,Муниципальный округ,42179.6,1762.0,27.0,,,68.0,,112.0,256.0,654.0,365.0,20409.0
97524000,97524000,2024,Чувашская Республика,Красноармейский муниципальный округ,Муниципальный округ,58927.2,1604.0,,,,74.0,,39.0,180.0,330.0,208.0,12470.0
97526000,97526000,2024,Чувашская Республика,Красночетайский муниципальный округ,Муниципальный округ,42630.2,1160.0,,,,86.0,,41.0,152.0,376.0,200.0,13525.0
97529000,97529000,2024,Чувашская Республика,Мариинско-Посадский муниципальный округ,Муниципальный округ,45128.6,1815.0,,,245.0,101.0,23.0,79.0,268.0,576.0,246.0,18507.0
97532000,97532000,2024,Чувашская Республика,Моргаушский муниципальный округ,Муниципальный округ,53654.6,3239.0,210.0,,668.0,128.0,,88.0,308.0,855.0,638.0,30685.0
97535000,97535000,2024,Чувашская Республика,Порецкий муниципальный округ,Муниципальный округ,46956.8,1049.0,,,,75.0,20.0,65.0,142.0,236.0,178.0,10342.0
97538000,97538000,2024,Чувашская Республика,Урмарский муниципальный округ,Муниципальный округ,41482.4,1668.0,,,6.0,113.0,,100.0,276.0,580.0,349.0,20067.0
97541000,97541000,2024,Чувашская Республика,Цивильский муниципальный округ,Муниципальный округ,51148.0,6324.0,365.0,,1663.0,145.0,88.0,284.0,848.0,1041.0,540.0,18270.0
97544000,97544000,2024,Чувашская Республика,Чебоксарский муниципальный округ,Муниципальный округ,55148.3,7442.0,1623.0,,1324.0,141.0,88.0,345.0,695.0,1389.0,1301.0,61487.0
97547000,97547000,2024,Чувашская Республика,Шемуршинский муниципальный округ,Муниципальный округ,40106.1,1104.0,,,,64.0,,46.0,136.0,337.0,287.0,11365.0
97550000,97550000,2024,Чувашская Республика,Шумерлинский муниципальный округ,Муниципальный округ,75940.1,1039.0,,,,4.0,,,74.0,218.0,,7407.0
97553000,97553000,2024,Чувашская Республика,Ядринский муниципальный округ,Муниципальный округ,55961.7,3067.0,92.0,,484.0,158.0,,148.0,325.0,644.0,425.0,7662.0
97555000,97555000,2024,Чувашская Республика,Яльчикский муниципальный округ,Муниципальный округ,41548.4,1310.0,154.0,,11.0,71.0,,58.0,182.0,376.0,,14957.0
97558000,97558000,2024,Чувашская Республика,Янтиковский муниципальный округ,Муниципальный округ,43802.8,1228.0,,,,54.0,,36.0,151.0,393.0,174.0,12065.0
97701000,97701000,2024,Чувашская Республика,Город Чебоксары,"Городской округ, городской округ с внутригородским делением",72298.7,117771.0,251.0,,34278.0,2861.0,1459.0,10346.0,10319.0,16688.0,16173.0,506480.0
97704000,97704000,2024,Чувашская Республика,Город Алатырь,"Городской округ, городской округ с внутригородским делением",49270.3,7298.0,,,3287.0,449.0,137.0,376.0,689.0,899.0,966.0,31304.0
97707000,97707000,2024,Чувашская Республика,Город Канаш,"Городской округ, городской округ с внутригородским делением",61592.8,10282.0,,,3075.0,499.0,167.0,618.0,652.0,1437.0,1219.0,43508.0
97710000,97710000,2024,Чувашская Республика,Город Новочебоксарск,"Городской округ, городской округ с внутригородским делением",60377.1,18451.0,,,6300.0,810.0,729.0,1698.0,1301.0,3265.0,2320.0,268.0
97713000,97713000,2024,Чувашская Республика,Город Шумерля,"Городской округ, городской округ с внутригородским делением",60368.5,5818.0,,,2312.0,246.0,167.0,322.0,493.0,759.0,842.0,26008.0
98601000,98601000,2024,Республика Саха (Якутия),Абыйский муниципальный район,Муниципальный район,110217.6,1191.0,,,,241.0,,,173.0,354.0,144.0,3737.0
98603000,98603000,2024,Республика Саха (Якутия),Алданский муниципальный район,Муниципальный район,139656.8,21651.0,93.0,4533.0,141.0,1185.0,111.0,402.0,929.0,1916.0,1717.0,35652.0
98604000,98604000,2024,Республика Саха (Якутия),Таттинский муниципальный район,Муниципальный район,87074.5,3506.0,97.0,,,450.0,,20.0,446.0,1335.0,445.0,16750.0
98606000,98606000,2024,Республика Саха (Якутия),Аллаиховский муниципальный район,Муниципальный район,123718.0,817.0,,,,,,10.0,152.0,164.0,69.0,1850.0
98608000,98608000,2024,Республика Саха (Якутия),Амгинский муниципальный район,Муниципальный район,82805.1,3725.0,103.0,,,,33.0,,466.0,1608.0,437.0,16705.0
98610000,98610000,2024,Республика Саха (Якутия),Анабарский национальный (долгано-эвенкийский) муниципальный район,Муниципальный район,185480.4,1775.0,,,,157.0,12.0,,155.0,248.0,85.0,3456.0
98612000,98612000,2024,Республика Саха (Якутия),Булунский муниципальный район,Муниципальный район,146103.6,2792.0,176.0,,,313.0,,15.0,394.0,473.0,226.0,8126.0
98614000,98614000,2024,Республика Саха (Якутия),Верхневилюйский муниципальный район,Муниципальный район,85335.1,4154.0,114.0,,,449.0,61.0,,671.0,1799.0,528.0,20721.0
98615000,98615000,2024,Республика Саха (Якутия),Верхнеколымский муниципальный район,Муниципальный район,119812.6,1446.0,,,,,,23.0,196.0,212.0,151.0,3687.0
98616000,98616000,2024,Республика Саха (Якутия),Верхоянский муниципальный район,Муниципальный район,125194.5,3665.0,,107.0,,506.0,,17.0,347.0,1153.0,332.0,9998.0
98618000,98618000,2024,Республика Саха (Якутия),Вилюйский муниципальный район,Муниципальный район,95056.9,5980.0,93.0,,,610.0,49.0,49.0,705.0,2176.0,850.0,12996.0
98620000,98620000,2024,Республика Саха (Якутия),Горный муниципальный район,Муниципальный район,85549.4,2569.0,81.0,,,280.0,15.0,22.0,425.0,1059.0,295.0,11936.0
98622000,98622000,2024,Республика Саха (Якутия),Жиганский национальный эвенкийский муниципальный район,Муниципальный район,93988.0,1283.0,,,,202.0,,21.0,211.0,468.0,170.0,4023.0
98624000,98624000,2024,Республика Саха (Якутия),Кобяйский муниципальный район,Муниципальный район,99222.2,3298.0,96.0,384.0,,590.0,,19.0,391.0,1049.0,297.0,11053.0
98626000,98626000,2024,Республика Саха (Якутия),Нюрбинский муниципальный район,Муниципальный район,118883.9,7979.0,185.0,,,608.0,,113.0,719.0,1994.0,738.0,12723.0
98627000,98627000,2024,Республика Саха (Якутия),Ленский муниципальный район,Муниципальный район,150610.1,31387.0,231.0,9339.0,692.0,903.0,156.0,535.0,1047.0,1632.0,783.0,3864.0
98629000,98629000,2024,Республика Саха (Якутия),Мегино-Кангаласский муниципальный район,Муниципальный район,88872.6,7054.0,90.0,,,738.0,,178.0,916.0,2934.0,694.0,5300.0
98631000,98631000,2024,Республика Саха (Якутия),Мирнинский муниципальный район,Муниципальный район,167695.2,39251.0,192.0,16497.0,1036.0,1894.0,357.0,629.0,1722.0,2838.0,1589.0,69140.0
98633000,98633000,2024,Республика Саха (Якутия),Момский муниципальный район,Муниципальный район,100951.0,1229.0,,,,,,,196.0,459.0,,3836.0
98635000,98635000,2024,Республика Саха (Якутия),Намский муниципальный район,Муниципальный район,84208.6,4619.0,50.0,,,465.0,21.0,29.0,567.0,2242.0,599.0,25069.0
98637000,98637000,2024,Республика Саха (Якутия),Нижнеколымский муниципальный район,Муниципальный район,121451.5,1101.0,,,,,,21.0,180.0,290.0,130.0,4175.0
98639000,98639000,2024,Республика Саха (Якутия),Оймяконский муниципальный район,Муниципальный район,193572.2,5664.0,85.0,3296.0,,432.0,,18.0,301.0,486.0,298.0,7566.0
98641000,98641000,2024,Республика Саха (Якутия),Олекминский муниципальный район,Муниципальный район,136467.8,12435.0,180.0,2608.0,121.0,505.0,,73.0,633.0,1679.0,861.0,11981.0
98642000,98642000,2024,Республика Саха (Якутия),Оленекский эвенкийский национальный муниципальный район,Муниципальный район,163066.6,2205.0,,926.0,,235.0,,10.0,183.0,378.0,140.0,4364.0
98644000,98644000,2024,Республика Саха (Якутия),Хангаласский муниципальный район,Муниципальный район,87875.4,7301.0,204.0,,,836.0,61.0,63.0,1073.0,2577.0,825.0,17096.0
98646000,98646000,2024,Республика Саха (Якутия),Среднеколымский муниципальный район,Муниципальный район,95283.9,1876.0,55.0,,,,,,232.0,654.0,228.0,6714.0
98648000,98648000,2024,Республика Саха (Якутия),Сунтарский муниципальный район,Муниципальный район,83598.4,5023.0,92.0,,,,,3.0,726.0,2417.0,626.0,22228.0
98650000,98650000,2024,Республика Саха (Якутия),Томпонский муниципальный район,Муниципальный район,130182.5,4635.0,42.0,,,442.0,,70.0,401.0,906.0,348.0,10897.0
98652000,98652000,2024,Республика Саха (Якутия),Усть-Алданский муниципальный район,Муниципальный район,82703.3,4398.0,69.0,,,,,,539.0,2064.0,498.0,22012.0
98654000,98654000,2024,Республика Саха (Якутия),Усть-Майский муниципальный район,Муниципальный район,137080.0,2968.0,72.0,902.0,,439.0,,48.0,317.0,449.0,310.0,2231.0
98656000,98656000,2024,Республика Саха (Якутия),Усть-Янский муниципальный район,Муниципальный район,126513.3,2314.0,118.0,253.0,,441.0,,27.0,322.0,487.0,237.0,3274.0
98658000,98658000,2024,Республика Саха (Якутия),Чурапчинский муниципальный район,Муниципальный район,81064.2,4586.0,57.0,,,450.0,,55.0,701.0,2246.0,491.0,21807.0
98659000,98659000,2024,Республика Саха (Якутия),Эвено-Бытантайский национальный муниципальный район,Муниципальный район,87366.1,821.0,36.0,,,,,,137.0,310.0,83.0,2962.0
98660000,98660000,2024,Республика Саха (Якутия),Нерюнгринский муниципальный район,Муниципальный район,161347.5,34627.0,203.0,12448.0,500.0,1559.0,460.0,991.0,1379.0,2692.0,2044.0,1237.0
98701000,98701000,2024,Республика Саха (Якутия),Город Якутск,"Городской округ, городской округ с внутригородским делением",121249.1,85689.0,1046.0,1098.0,1418.0,4550.0,1371.0,3346.0,14630.0,15905.0,15511.0,384979.0
98702000,98702000,2024,Республика Саха (Якутия),Жатай,"Городской округ, городской округ с внутригородским делением",118111.7,2425.0,,,337.0,,,202.0,65.0,433.0,,11772.0
99605000,99605000,2024,Еврейская автономная область,Биробиджанский муниципальный район,Муниципальный район,61844.1,1286.0,179.0,,,,,,202.0,367.0,326.0,9980.0
99610000,99610000,2024,Еврейская автономная область,Ленинский муниципальный район,Муниципальный район,66714.9,2232.0,7.0,,,160.0,39.0,17.0,528.0,683.0,191.0,15325.0
99620000,99620000,2024,Еврейская автономная область,Облученский муниципальный район,Муниципальный район,97090.7,8642.0,85.0,1498.0,688.0,457.0,,63.0,528.0,868.0,697.0,20101.0
99625000,99625000,2024,Еврейская автономная область,Октябрьский муниципальный район,Муниципальный район,56576.3,1062.0,,,,93.0,,,153.0,536.0,,7462.0
99630000,99630000,2024,Еврейская автономная область,Смидовичский муниципальный район,Муниципальный район,96699.5,4106.0,,,,328.0,42.0,66.0,495.0,644.0,282.0,21982.0
99701000,99701000,2024,Еврейская автономная область,Город Биробиджан,"Городской округ, городской округ с внутригородским делением",76309.1,18976.0,50.0,,115.0,1492.0,268.0,1677.0,4618.0,2488.0,3496.0,67788.0
