territory_id,name,region,type,status,oktmo8_current,oktmo8_used_for_pop,pop_2024_rosstat,monotown_min_category,far_north_or_equated,arctic_zone_mo_listed,arctic_whole_region,arctic_any,zato,regional_capital,onp_2025_rows,onp_agglomeration_core,onp_agglomeration_member,onp_zato_main,onp_social_services_center
1,городской округ город Майкоп,Республика Адыгея,городской округ,административный_центр_субъекта,79701000,79701000.0,161898.0,,0,0,0,0,0,1,1,0,0,0,0
2,городской округ город Адыгейск,Республика Адыгея,городской округ,,79703000,79703000.0,15661.0,,0,0,0,0,0,0,1,0,0,0,0
3,Гиагинский муниципальный район,Республика Адыгея,муниципальный район,,79605000,79605000.0,31872.0,,0,0,0,0,0,0,1,0,0,0,1
4,Кошехабльский муниципальный район,Республика Адыгея,муниципальный район,,79615000,79615000.0,30319.0,,0,0,0,0,0,0,1,0,0,0,1
5,Красногвардейский муниципальный район,Республика Адыгея,муниципальный район,,79618000,79618000.0,32095.0,,0,0,0,0,0,0,1,0,0,0,1
6,Майкопский муниципальный район,Республика Адыгея,муниципальный район,,79622000,79622000.0,59156.0,,0,0,0,0,0,0,1,0,0,0,0
7,Тахтамукайский муниципальный район,Республика Адыгея,муниципальный район,,79630000,79630000.0,131043.0,,0,0,0,0,0,0,2,0,0,0,1
8,Теучежский муниципальный район,Республика Адыгея,муниципальный район,,79633000,79633000.0,22260.0,,0,0,0,0,0,0,0,0,0,0,0
9,Шовгеновский муниципальный район,Республика Адыгея,муниципальный район,,79640000,79640000.0,16287.0,,0,0,0,0,0,0,1,0,0,0,1
10,городской округ город Горно-Алтайск,Республика Алтай,городской округ,административный_центр_субъекта,84701000,84701000.0,64508.0,,0,0,0,0,0,1,1,0,0,0,0
11,Кош-Агачский муниципальный район,Республика Алтай,муниципальный район,,84610000,84610000.0,18620.0,,1,0,0,0,0,0,1,0,0,0,0
12,Майминский муниципальный район,Республика Алтай,муниципальный район,,84615000,84615000.0,30941.0,,0,0,0,0,0,0,0,0,0,0,0
13,Онгудайский муниципальный район,Республика Алтай,муниципальный район,,84620000,84620000.0,14025.0,,0,0,0,0,0,0,1,0,0,0,1
14,Турочакский муниципальный район,Республика Алтай,муниципальный район,,84625000,84625000.0,10794.0,,0,0,0,0,0,0,1,0,0,0,0
15,Улаганский муниципальный район,Республика Алтай,муниципальный район,,84630000,84630000.0,11926.0,,1,0,0,0,0,0,1,0,0,0,1
16,Усть-Канский муниципальный район,Республика Алтай,муниципальный район,,84635000,84635000.0,14207.0,,0,0,0,0,0,0,1,0,0,0,1
17,Усть-Коксинский муниципальный район,Республика Алтай,муниципальный район,,84640000,84640000.0,15634.0,,0,0,0,0,0,0,1,0,0,0,0
18,Чемальский муниципальный район,Республика Алтай,муниципальный район,,84643000,84643000.0,10557.0,,0,0,0,0,0,0,1,0,0,0,1
19,Чойский муниципальный район,Республика Алтай,муниципальный район,,84645000,84645000.0,7439.0,,0,0,0,0,0,0,1,0,0,0,1
20,Шебалинский муниципальный район,Республика Алтай,муниципальный район,,84650000,84650000.0,12114.0,,0,0,0,0,0,0,1,0,0,0,1
21,городской округ город Уфа,Республика Башкортостан,городской округ,административный_центр_субъекта,80701000,80701000.0,1186715.0,,0,0,0,0,0,1,1,1,0,0,0
22,городской округ город Агидель,Республика Башкортостан,городской округ,,80703000,80703000.0,13728.0,,0,0,0,0,0,0,1,0,0,0,1
23,городской округ город Кумертау,Республика Башкортостан,городской округ,,80723000,80723000.0,61143.0,1.0,0,0,0,0,0,0,1,0,0,0,1
25,городской округ город Нефтекамск,Республика Башкортостан,городской округ,,80727000,80727000.0,144598.0,2.0,0,0,0,0,0,0,1,0,0,0,1
26,городской округ город Октябрьский,Республика Башкортостан,городской округ,,80735000,80735000.0,116427.0,,0,0,0,0,0,0,1,0,0,0,1
27,городской округ город Салават,Республика Башкортостан,городской округ,,80739000,80739000.0,146633.0,,0,0,0,0,0,0,1,0,0,0,1
28,городской округ город Сибай,Республика Башкортостан,городской округ,,80743000,80743000.0,56470.0,,0,0,0,0,0,0,1,0,0,0,1
29,городской округ город Стерлитамак,Республика Башкортостан,городской округ,,80745000,80745000.0,280497.0,,0,0,0,0,0,0,1,1,0,0,0
30,Абзелиловский муниципальный район,Республика Башкортостан,муниципальный район,,80601000,80601000.0,43983.0,,0,0,0,0,0,0,1,0,0,0,1
31,Альшеевский муниципальный район,Республика Башкортостан,муниципальный район,,80602000,80602000.0,35536.0,,0,0,0,0,0,0,1,0,0,0,0
32,Архангельский муниципальный район,Республика Башкортостан,муниципальный район,,80603000,80603000.0,16616.0,,0,0,0,0,0,0,1,0,0,0,1
33,Аскинский муниципальный район,Республика Башкортостан,муниципальный район,,80604000,80604000.0,17418.0,,0,0,0,0,0,0,1,0,0,0,1
34,Аургазинский муниципальный район,Республика Башкортостан,муниципальный район,,80605000,80605000.0,29757.0,,0,0,0,0,0,0,1,0,0,0,1
35,Баймакский муниципальный район,Республика Башкортостан,муниципальный район,,80606000,80606000.0,53399.0,,0,0,0,0,0,0,1,0,0,0,1
36,Бакалинский муниципальный район,Республика Башкортостан,муниципальный район,,80607000,80607000.0,24813.0,,0,0,0,0,0,0,1,0,0,0,1
37,Балтачевский муниципальный район,Республика Башкортостан,муниципальный район,,80608000,80608000.0,17837.0,,0,0,0,0,0,0,1,0,0,0,1
38,Белебеевский муниципальный район,Республика Башкортостан,муниципальный район,,80609000,80609000.0,94978.0,1.0,0,0,0,0,0,0,1,0,0,0,1
39,Белокатайский муниципальный район,Республика Башкортостан,муниципальный район,,80610000,80610000.0,17369.0,,0,0,0,0,0,0,1,0,0,0,1
40,Белорецкий муниципальный район,Республика Башкортостан,муниципальный район,,80611000,80611000.0,96915.0,2.0,0,0,0,0,0,0,2,0,0,0,1
41,Бижбулякский муниципальный район,Республика Башкортостан,муниципальный район,,80612000,80612000.0,20951.0,,0,0,0,0,0,0,1,0,0,0,1
42,Бирский муниципальный район,Республика Башкортостан,муниципальный район,,80613000,80613000.0,61478.0,,0,0,0,0,0,0,1,0,0,0,1
43,Благоварский муниципальный район,Республика Башкортостан,муниципальный район,,80614000,80614000.0,23850.0,,0,0,0,0,0,0,1,0,0,0,1
44,Благовещенский муниципальный район,Республика Башкортостан,муниципальный район,,80615000,80615000.0,48718.0,3.0,0,0,0,0,0,0,1,0,0,0,1
45,Буздякский муниципальный район,Республика Башкортостан,муниципальный район,,80617000,80617000.0,25432.0,,0,0,0,0,0,0,1,0,0,0,1
46,Бураевский муниципальный район,Республика Башкортостан,муниципальный район,,80618000,80618000.0,20840.0,,0,0,0,0,0,0,1,0,0,0,1
47,Бурзянский муниципальный район,Республика Башкортостан,муниципальный район,,80619000,80619000.0,17061.0,,0,0,0,0,0,0,1,0,0,0,1
48,Гафурийский муниципальный район,Республика Башкортостан,муниципальный район,,80621000,80621000.0,29525.0,,0,0,0,0,0,0,1,0,0,0,1
49,Давлекановский муниципальный район,Республика Башкортостан,муниципальный район,,80622000,80622000.0,35565.0,,0,0,0,0,0,0,1,0,0,0,1
50,Дуванский муниципальный район,Республика Башкортостан,муниципальный район,,80623000,80623000.0,30750.0,,0,0,0,0,0,0,1,0,0,0,1
51,Дюртюлинский муниципальный район,Республика Башкортостан,муниципальный район,,80624000,80624000.0,59179.0,,0,0,0,0,0,0,1,0,0,0,1
52,Ермекеевский муниципальный район,Республика Башкортостан,муниципальный район,,80625000,80625000.0,14369.0,,0,0,0,0,0,0,1,0,0,0,1
53,Зианчуринский муниципальный район,Республика Башкортостан,муниципальный район,,80626000,80626000.0,23381.0,,0,0,0,0,0,0,1,0,0,0,1
54,Зилаирский муниципальный район,Республика Башкортостан,муниципальный район,,80627000,80627000.0,14231.0,,0,0,0,0,0,0,1,0,0,0,1
55,Иглинский муниципальный район,Республика Башкортостан,муниципальный район,,80628000,80628000.0,71099.0,,0,0,0,0,0,0,1,0,1,0,0
56,Илишевский муниципальный район,Республика Башкортостан,муниципальный район,,80630000,80630000.0,30405.0,,0,0,0,0,0,0,1,0,0,0,1
57,Ишимбайский муниципальный район,Республика Башкортостан,муниципальный район,,80631000,80631000.0,82948.0,,0,0,0,0,0,0,1,0,0,0,0
58,Калтасинский муниципальный район,Республика Башкортостан,муниципальный район,,80633000,80633000.0,21101.0,,0,0,0,0,0,0,1,0,0,0,1
59,Караидельский муниципальный район,Республика Башкортостан,муниципальный район,,80634000,80634000.0,23105.0,,0,0,0,0,0,0,1,0,0,0,1
60,Кармаскалинский муниципальный район,Республика Башкортостан,муниципальный район,,80635000,80635000.0,51575.0,,0,0,0,0,0,0,1,0,0,0,1
61,Кигинский муниципальный район,Республика Башкортостан,муниципальный район,,80636000,80636000.0,16339.0,,0,0,0,0,0,0,1,0,0,0,1
62,Краснокамский муниципальный район,Республика Башкортостан,муниципальный район,,80637000,80637000.0,25332.0,,0,0,0,0,0,0,1,0,0,0,1
63,Кугарчинский муниципальный район,Республика Башкортостан,муниципальный район,,80638000,80638000.0,26359.0,,0,0,0,0,0,0,1,0,0,0,1
64,Куюргазинский муниципальный район,Республика Башкортостан,муниципальный район,,80639000,80639000.0,20738.0,,0,0,0,0,0,0,1,0,0,0,1
65,Кушнаренковский муниципальный район,Республика Башкортостан,муниципальный район,,80640000,80640000.0,26370.0,,0,0,0,0,0,0,1,0,0,0,1
66,Мелеузовский муниципальный район,Республика Башкортостан,муниципальный район,,80641000,80641000.0,79609.0,,0,0,0,0,0,0,1,0,0,0,1
67,Мечетлинский муниципальный район,Республика Башкортостан,муниципальный район,,80642000,80642000.0,21838.0,,0,0,0,0,0,0,1,0,0,0,1
68,Мишкинский муниципальный район,Республика Башкортостан,муниципальный район,,80643000,80643000.0,20716.0,,0,0,0,0,0,0,1,0,0,0,1
69,Миякинский муниципальный район,Республика Башкортостан,муниципальный район,,80644000,80644000.0,23086.0,,0,0,0,0,0,0,1,0,0,0,1
70,Нуримановский муниципальный район,Республика Башкортостан,муниципальный район,,80645000,80645000.0,19945.0,,0,0,0,0,0,0,1,0,0,0,1
71,Салаватский муниципальный район,Республика Башкортостан,муниципальный район,,80647000,80647000.0,23304.0,,0,0,0,0,0,0,1,0,0,0,1
72,Стерлибашевский муниципальный район,Республика Башкортостан,муниципальный район,,80648000,80648000.0,16360.0,,0,0,0,0,0,0,1,0,0,0,1
73,Стерлитамакский муниципальный район,Республика Башкортостан,муниципальный район,,80649000,80649000.0,47531.0,,0,0,0,0,0,0,0,0,0,0,0
74,Татышлинский муниципальный район,Республика Башкортостан,муниципальный район,,80650000,80650000.0,20679.0,,0,0,0,0,0,0,1,0,0,0,1
75,Туймазинский муниципальный район,Республика Башкортостан,муниципальный район,,80651000,80651000.0,130733.0,,0,0,0,0,0,0,1,0,0,0,1
76,Уфимский муниципальный район,Республика Башкортостан,муниципальный район,,80652000,80652000.0,117125.0,,0,0,0,0,0,0,0,0,0,0,0
77,Учалинский муниципальный район,Республика Башкортостан,муниципальный район,,80653000,80653000.0,68451.0,3.0,0,0,0,0,0,0,1,0,0,0,1
78,Федоровский муниципальный район,Республика Башкортостан,муниципальный район,,80654000,80654000.0,15491.0,,0,0,0,0,0,0,1,0,0,0,1
79,Хайбуллинский муниципальный район,Республика Башкортостан,муниципальный район,,80655000,80655000.0,29249.0,,0,0,0,0,0,0,1,0,0,0,0
80,Чекмагушевский муниципальный район,Республика Башкортостан,муниципальный район,,80656000,80656000.0,27671.0,,0,0,0,0,0,0,1,0,0,0,1
81,Чишминский муниципальный район,Республика Башкортостан,муниципальный район,,80657000,80657000.0,50536.0,,0,0,0,0,0,0,1,0,0,0,1
82,Шаранский муниципальный район,Республика Башкортостан,муниципальный район,,80658000,80658000.0,18637.0,,0,0,0,0,0,0,1,0,0,0,1
83,Янаульский муниципальный район,Республика Башкортостан,муниципальный район,,80659000,80659000.0,42391.0,,0,0,0,0,0,0,1,0,0,0,1
85,городской округ город Северобайкальск,Республика Бурятия,городской округ,,81720000,81720000.0,24340.0,2.0,1,0,0,0,0,0,1,0,0,0,0
86,Баргузинский муниципальный район,Республика Бурятия,муниципальный район,,81603000,81603000.0,19584.0,,1,0,0,0,0,0,1,0,0,0,1
87,Баунтовский эвенкийский муниципальный район,Республика Бурятия,муниципальный район,,81606000,81606000.0,7945.0,,1,0,0,0,0,0,1,0,0,0,1
88,Бичурский муниципальный район,Республика Бурятия,муниципальный район,,81609000,81609000.0,20826.0,,0,0,0,0,0,0,1,0,0,0,1
89,Джидинский муниципальный район,Республика Бурятия,муниципальный район,,81612000,81612000.0,21155.0,,0,0,0,0,0,0,1,0,0,0,1
90,Еравнинский муниципальный район,Республика Бурятия,муниципальный район,,81615000,81615000.0,16448.0,,0,0,0,0,0,0,1,0,0,0,0
91,Заиграевский муниципальный район,Республика Бурятия,муниципальный район,,81618000,81618000.0,50607.0,,0,0,0,0,0,0,1,0,1,0,0
92,Закаменский муниципальный район,Республика Бурятия,муниципальный район,,81621000,81621000.0,23555.0,3.0,0,0,0,0,0,0,1,0,0,0,1
93,Иволгинский муниципальный район,Республика Бурятия,муниципальный район,,81622000,81622000.0,69756.0,,0,0,0,0,0,0,0,0,0,0,0
94,Кабанский муниципальный район,Республика Бурятия,муниципальный район,,81624000,81624000.0,50630.0,1.0,0,0,0,0,0,0,2,0,0,0,1
95,Кижингинский муниципальный район,Республика Бурятия,муниципальный район,,81627000,81627000.0,14168.0,,0,0,0,0,0,0,1,0,0,0,1
96,Курумканский муниципальный район,Республика Бурятия,муниципальный район,,81630000,81630000.0,12809.0,,1,0,0,0,0,0,1,0,0,0,1
97,Кяхтинский муниципальный район,Республика Бурятия,муниципальный район,,81633000,81633000.0,31266.0,,0,0,0,0,0,0,1,0,0,0,0
98,Муйский муниципальный район,Республика Бурятия,муниципальный район,,81635000,81635000.0,8570.0,,1,0,0,0,0,0,1,0,0,0,1
99,Мухоршибирский муниципальный район,Республика Бурятия,муниципальный район,,81636000,81636000.0,21379.0,2.0,0,0,0,0,0,0,1,0,0,0,1
100,Окинский муниципальный район,Республика Бурятия,муниципальный район,,81639000,81639000.0,5349.0,,1,0,0,0,0,0,1,0,0,0,1
101,Прибайкальский муниципальный район,Республика Бурятия,муниципальный район,,81642000,81642000.0,23701.0,,0,0,0,0,0,0,2,0,0,0,1
102,Северо-Байкальский муниципальный район,Республика Бурятия,муниципальный район,,81645000,81645000.0,10074.0,,1,0,0,0,0,0,2,0,0,0,1
103,Селенгинский муниципальный район,Республика Бурятия,муниципальный район,,81648000,81648000.0,40426.0,2.0,0,0,0,0,0,0,1,0,0,0,1
104,Тарбагатайский муниципальный район,Республика Бурятия,муниципальный район,,81650000,81650000.0,27330.0,,0,0,0,0,0,0,0,0,0,0,0
105,Тункинский муниципальный район,Республика Бурятия,муниципальный район,,81651000,81651000.0,20261.0,,0,0,0,0,0,0,1,0,0,0,1
106,Хоринский муниципальный район,Республика Бурятия,муниципальный район,,81657000,81657000.0,15992.0,,0,0,0,0,0,0,1,0,0,0,1
107,городской округ город Махачкала,Республика Дагестан,городской округ,административный_центр_субъекта,82701000,82701000.0,759490.0,,0,0,0,0,0,1,1,1,0,0,0
108,городской округ город Буйнакск,Республика Дагестан,городской округ,,82705000,82705000.0,69554.0,,0,0,0,0,0,0,1,0,0,0,1
109,городской округ город Дагестанские Огни,Республика Дагестан,городской округ,,82708000,82708000.0,32330.0,1.0,0,0,0,0,0,0,1,0,0,0,1
111,городской округ город Избербаш,Республика Дагестан,городской округ,,82715000,82715000.0,58322.0,,0,0,0,0,0,0,1,0,0,0,1
113,городской округ город Кизилюрт,Республика Дагестан,городской округ,,82725000,82725000.0,50403.0,,0,0,0,0,0,0,1,0,0,0,1
114,городской округ город Кизляр,Республика Дагестан,городской округ,,82730000,82730000.0,53441.0,,0,0,0,0,0,0,1,0,0,0,1
116,городской округ город Южно-Сухокумск,Республика Дагестан,городской округ,,82738000,82738000.0,10618.0,,0,0,0,0,0,0,1,0,0,0,1
121,Бабаюртовский муниципальный район,Республика Дагестан,муниципальный район,,82607000,82607000.0,53972.0,,0,0,0,0,0,0,1,0,0,0,1
140,Кумторкалинский муниципальный район,Республика Дагестан,муниципальный район,,82636000,82636000.0,29603.0,,0,0,0,0,0,0,0,0,0,0,0
142,Новолакский муниципальный район,Республика Дагестан,муниципальный район,,82639000,82639000.0,34467.0,,0,0,0,0,0,0,1,0,0,0,1
143,Ногайский муниципальный район,Республика Дагестан,муниципальный район,,82640000,82640000.0,17417.0,,0,0,0,0,0,0,1,0,0,0,1
145,Сергокалинский муниципальный район,Республика Дагестан,муниципальный район,,82644000,82644000.0,26678.0,,0,0,0,0,0,0,1,0,0,0,1
158,городской округ город Магас,Республика Ингушетия,городской округ,административный_центр_субъекта,26701000,26701000.0,18521.0,,0,0,0,0,0,1,1,0,0,0,0
160,городской округ город Назрань,Республика Ингушетия,городской округ,,26706000,26706000.0,126292.0,,0,0,0,0,0,0,1,0,0,0,1
167,городской округ Нальчик,Кабардино-Балкарская Республика,городской округ,административный_центр_субъекта,83701000,83701000.0,271464.0,,0,0,0,0,0,1,1,0,0,0,0
168,городской округ Баксан,Кабардино-Балкарская Республика,городской округ,,83703000,83703000.0,61043.0,,0,0,0,0,0,0,2,0,0,0,1
169,городской округ Прохладный,Кабардино-Балкарская Республика,городской округ,,83710000,83710000.0,60023.0,,0,0,0,0,0,0,1,0,0,0,1
172,Лескенский муниципальный район,Кабардино-Балкарская Республика,муниципальный район,,83618000,83618000.0,31306.0,,0,0,0,0,0,0,1,0,0,0,1
173,Майский муниципальный район,Кабардино-Балкарская Республика,муниципальный район,,83620000,83620000.0,37609.0,,0,0,0,0,0,0,1,0,0,0,1
174,Прохладненский муниципальный район,Кабардино-Балкарская Республика,муниципальный район,,83625000,83625000.0,50159.0,,0,0,0,0,0,0,0,0,0,0,0
176,Терский муниципальный район,Кабардино-Балкарская Республика,муниципальный район,,83635000,83635000.0,53393.0,,0,0,0,0,0,0,1,0,0,0,1
177,Урванский муниципальный район,Кабардино-Балкарская Республика,муниципальный район,,83640000,83640000.0,75785.0,,0,0,0,0,0,0,1,0,0,0,1
178,Чегемский муниципальный район,Кабардино-Балкарская Республика,муниципальный район,,83645000,83645000.0,78266.0,,0,0,0,0,0,0,1,0,0,0,1
179,Эльбрусский муниципальный район,Кабардино-Балкарская Республика,муниципальный район,,83648000,83648000.0,39453.0,,0,0,0,0,0,0,2,0,0,0,0
181,Городовиковский муниципальный район,Республика Калмыкия,муниципальный район,,85605000,85605000.0,13573.0,,0,0,0,0,0,0,1,0,0,0,1
183,Кетченеровский муниципальный район,Республика Калмыкия,муниципальный район,,85625000,85625000.0,8588.0,,0,0,0,0,0,0,1,0,0,0,1
184,Лаганский муниципальный район,Республика Калмыкия,муниципальный район,,85615000,85615000.0,18650.0,,0,0,0,0,0,0,1,0,0,0,0
185,Малодербетовский муниципальный район,Республика Калмыкия,муниципальный район,,85620000,85620000.0,9256.0,,0,0,0,0,0,0,1,0,0,0,1
186,Октябрьский муниципальный район,Республика Калмыкия,муниципальный район,,85623000,85623000.0,7654.0,,0,0,0,0,0,0,1,0,0,0,1
187,Приютненский муниципальный район,Республика Калмыкия,муниципальный район,,85628000,85628000.0,9468.0,,0,0,0,0,0,0,1,0,0,0,1
188,Сарпинский муниципальный район,Республика Калмыкия,муниципальный район,,85632000,85632000.0,11466.0,,0,0,0,0,0,0,1,0,0,0,1
189,Целинный муниципальный район,Республика Калмыкия,муниципальный район,,85637000,85637000.0,20296.0,,0,0,0,0,0,0,1,0,0,0,1
190,Черноземельский муниципальный район,Республика Калмыкия,муниципальный район,,85642000,85642000.0,11850.0,,0,0,0,0,0,0,1,0,0,0,1
191,Юстинский муниципальный район,Республика Калмыкия,муниципальный район,,85646000,85646000.0,8903.0,,0,0,0,0,0,0,1,0,0,0,0
192,Яшалтинский муниципальный район,Республика Калмыкия,муниципальный район,,85650000,85650000.0,14402.0,,0,0,0,0,0,0,1,0,0,0,1
193,Яшкульский муниципальный район,Республика Калмыкия,муниципальный район,,85654000,85654000.0,15057.0,,0,0,0,0,0,0,1,0,0,0,1
194,городской округ Черкесский,Карачаево-Черкесская Республика,городской округ,административный_центр_субъекта,91701000,91701000.0,112782.0,,0,0,0,0,0,1,1,0,0,0,0
195,городской округ Карачаевский,Карачаево-Черкесская Республика,городской округ,,91705000,91705000.0,41150.0,,0,0,0,0,0,0,2,0,0,0,1
196,Абазинский муниципальный район,Карачаево-Черкесская Республика,муниципальный район,,91601000,91601000.0,18121.0,,0,0,0,0,0,0,1,0,0,0,1
197,Адыге-Хабльский муниципальный район,Карачаево-Черкесская Республика,муниципальный район,,91603000,91603000.0,16364.0,,0,0,0,0,0,0,1,0,0,0,1
198,Зеленчукский муниципальный район,Карачаево-Черкесская Республика,муниципальный район,,91610000,91610000.0,53555.0,,0,0,0,0,0,0,2,0,0,0,0
200,Малокарачаевский муниципальный район,Карачаево-Черкесская Республика,муниципальный район,,91620000,91620000.0,42682.0,,0,0,0,0,0,0,1,0,0,0,0
201,Ногайский муниципальный район,Карачаево-Черкесская Республика,муниципальный район,,91623000,91623000.0,16400.0,,0,0,0,0,0,0,1,0,0,0,1
202,Прикубанский муниципальный район,Карачаево-Черкесская Республика,муниципальный район,,91625000,91625000.0,30028.0,,0,0,0,0,0,0,1,0,0,0,1
203,Урупский муниципальный район,Карачаево-Черкесская Республика,муниципальный район,,91630000,91630000.0,24072.0,2.0,0,0,0,0,0,0,1,0,0,0,1
204,Усть-Джегутинский муниципальный район,Карачаево-Черкесская Республика,муниципальный район,,91635000,91635000.0,50870.0,,0,0,0,0,0,0,1,0,0,0,1
205,Хабезский муниципальный район,Карачаево-Черкесская Республика,муниципальный район,,91640000,91640000.0,31020.0,,0,0,0,0,0,0,1,0,0,0,1
206,городской округ Петрозаводский,Республика Карелия,городской округ,административный_центр_субъекта,86701000,86701000.0,235694.0,,1,0,0,0,0,1,1,0,0,0,0
207,городской округ Костомукшский,Республика Карелия,городской округ,,86706000,86706000.0,26470.0,2.0,1,1,0,1,0,0,0,0,0,0,0
208,Беломорский муниципальный округ,Республика Карелия,муниципальный округ,,86504000,86504000.0,12305.0,,1,1,0,1,0,0,1,0,0,0,1
209,Калевальский муниципальный район,Республика Карелия,муниципальный район,,86609000,86609000.0,5888.0,,1,1,0,1,0,0,1,0,0,0,0
210,Кемский муниципальный район,Республика Карелия,муниципальный район,,86612000,86612000.0,12493.0,,1,1,0,1,0,0,1,0,0,0,0
211,Кондопожский муниципальный район,Республика Карелия,муниципальный район,,86615000,86615000.0,31368.0,1.0,1,0,0,0,0,0,1,0,0,0,0
212,Лахденпохский муниципальный район,Республика Карелия,муниципальный район,,86618000,86618000.0,10502.0,2.0,1,0,0,0,0,0,1,0,0,0,0
213,Лоухский муниципальный район,Республика Карелия,муниципальный район,,86621000,86621000.0,10092.0,,1,1,0,1,0,0,1,0,0,0,0
214,Медвежьегорский муниципальный район,Республика Карелия,муниципальный район,,86624000,86624000.0,23603.0,2.0,1,0,0,0,0,0,1,0,0,0,1
215,Муезерский муниципальный район,Республика Карелия,муниципальный район,,86627000,86627000.0,7695.0,1.0,1,0,0,0,0,0,1,0,0,0,0
216,Олонецкий муниципальный район,Республика Карелия,муниципальный район,,86630000,86630000.0,18460.0,,1,0,0,0,0,0,1,0,0,0,1
217,Питкярантский муниципальный округ,Республика Карелия,муниципальный округ,,86533000,86533000.0,14495.0,1.0,1,0,0,0,0,0,1,0,0,0,1
218,Прионежский муниципальный район,Республика Карелия,муниципальный район,,86636000,86636000.0,21969.0,,1,0,0,0,0,0,0,0,0,0,0
219,Пряжинский муниципальный район,Республика Карелия,муниципальный район,,86639000,86639000.0,12023.0,,1,0,0,0,0,0,1,0,0,0,1
220,Пудожский муниципальный район,Республика Карелия,муниципальный район,,86642000,86642000.0,13907.0,1.0,1,0,0,0,0,0,1,0,0,0,1
221,Сегежский муниципальный округ,Республика Карелия,муниципальный округ,,86545000,86545000.0,31219.0,1.0,1,1,0,1,0,0,1,0,0,0,1
222,Сортавальский муниципальный район,Республика Карелия,муниципальный район,,86610000,86610000.0,23603.0,2.0,1,0,0,0,0,0,2,0,0,0,0
223,Суоярвский муниципальный округ,Республика Карелия,муниципальный округ,,86550000,86550000.0,12070.0,1.0,1,0,0,0,0,0,2,0,0,0,0
224,городской округ Сыктывкар,Республика Коми,городской округ,административный_центр_субъекта,87701000,87701000.0,232811.0,,1,0,0,0,0,1,1,0,0,0,0
225,городской округ Воркута,Республика Коми,городской округ,,87710000,87710000.0,67547.0,2.0,1,1,0,1,0,0,1,0,0,0,0
226,муниципальный округ Вуктыл,Республика Коми,муниципальный округ,,87512000,87512000.0,10125.0,,1,0,0,0,0,0,1,0,0,0,1
227,городской округ Инта,Республика Коми,городской округ,,87715000,87715000.0,20870.0,2.0,1,1,0,1,0,0,1,0,0,0,1
228,муниципальный округ Усинск,Республика Коми,муниципальный округ,,87523000,87523000.0,35807.0,,1,1,0,1,0,0,1,0,0,0,1
229,городской округ Ухта,Республика Коми,городской округ,,87725000,87725000.0,93096.0,,1,0,0,0,0,0,1,0,0,0,1
230,Ижемский муниципальный район,Республика Коми,муниципальный район,,87604000,87604000.0,16187.0,,1,0,0,0,0,0,1,0,0,0,1
231,Княжпогостский муниципальный район,Республика Коми,муниципальный район,,87608000,87608000.0,14981.0,1.0,1,0,0,0,0,0,1,0,0,0,1
232,Койгородский муниципальный район,Республика Коми,муниципальный район,,87612000,87612000.0,7470.0,,1,0,0,0,0,0,1,0,0,0,1
233,Корткеросский муниципальный район,Республика Коми,муниципальный район,,87616000,87616000.0,18232.0,,1,0,0,0,0,0,1,0,0,0,1
234,муниципальный район Печора,Республика Коми,муниципальный район,,87620000,87620000.0,42164.0,,1,0,0,0,0,0,1,0,0,0,0
235,Прилузский муниципальный район,Республика Коми,муниципальный район,,87624000,87624000.0,17018.0,,1,0,0,0,0,0,1,0,0,0,1
236,муниципальный район Сосногорск,Республика Коми,муниципальный район,,87626000,87626000.0,33872.0,,1,0,0,0,0,0,1,0,0,0,1
237,Сыктывдинский муниципальный район,Республика Коми,муниципальный район,,87628000,87628000.0,21442.0,,1,0,0,0,0,0,0,0,0,0,0
238,Сысольский муниципальный район,Республика Коми,муниципальный район,,87632000,87632000.0,11592.0,,1,0,0,0,0,0,1,0,0,0,1
239,Троицко-Печорский муниципальный район,Республика Коми,муниципальный район,,87636000,87636000.0,9461.0,,1,0,0,0,0,0,1,0,0,0,1
240,Удорский муниципальный район,Республика Коми,муниципальный район,,87640000,87640000.0,12261.0,,1,0,0,0,0,0,1,0,0,0,1
241,Усть-Вымский муниципальный район,Республика Коми,муниципальный район,,87644000,87644000.0,23548.0,2.0,1,0,0,0,0,0,1,0,0,0,1
242,Усть-Куломский муниципальный район,Республика Коми,муниципальный район,,87648000,87648000.0,21766.0,,1,0,0,0,0,0,1,0,0,0,1
243,Усть-Цилемский муниципальный район,Республика Коми,муниципальный район,,87652000,87652000.0,10360.0,,1,1,0,1,0,0,1,0,0,0,1
269,городской округ город Йошкар-Ола,Республика Марий Эл,городской округ,административный_центр_субъекта,88701000,88701000.0,295711.0,,0,0,0,0,0,1,1,1,0,0,0
270,городской округ город Волжск,Республика Марий Эл,городской округ,,88705000,88705000.0,51634.0,,0,0,0,0,0,0,1,0,0,0,1
271,городской округ город Козьмодемьянск,Республика Марий Эл,городской округ,,88715000,88715000.0,19054.0,,0,0,0,0,0,0,1,0,0,0,1
272,Волжский муниципальный район,Республика Марий Эл,муниципальный район,,88604000,88604000.0,20454.0,,0,0,0,0,0,0,0,0,0,0,0
273,Горномарийский муниципальный район,Республика Марий Эл,муниципальный район,,88608000,88608000.0,19578.0,,0,0,0,0,0,0,0,0,0,0,0
274,Звениговский муниципальный район,Республика Марий Эл,муниципальный район,,88612000,88612000.0,38471.0,,0,0,0,0,0,0,1,0,0,0,1
275,Килемарский муниципальный район,Республика Марий Эл,муниципальный район,,88616000,88616000.0,11082.0,,0,0,0,0,0,0,1,0,0,0,1
276,Куженерский муниципальный район,Республика Марий Эл,муниципальный район,,88620000,88620000.0,11382.0,,0,0,0,0,0,0,1,0,0,0,1
277,Мари-Турекский муниципальный район,Республика Марий Эл,муниципальный район,,88624000,88624000.0,17046.0,,0,0,0,0,0,0,1,0,0,0,1
278,Медведевский муниципальный район,Республика Марий Эл,муниципальный район,,88628000,88628000.0,67769.0,,0,0,0,0,0,0,1,0,1,0,0
279,Моркинский муниципальный район,Республика Марий Эл,муниципальный район,,88632000,88632000.0,25758.0,,0,0,0,0,0,0,1,0,0,0,1
280,Новоторъяльский муниципальный район,Республика Марий Эл,муниципальный район,,88636000,88636000.0,13402.0,,0,0,0,0,0,0,1,0,0,0,1
281,Оршанский муниципальный район,Республика Марий Эл,муниципальный район,,88640000,88640000.0,12182.0,,0,0,0,0,0,0,1,0,0,0,1
282,Параньгинский муниципальный район,Республика Марий Эл,муниципальный район,,88644000,88644000.0,13008.0,,0,0,0,0,0,0,1,0,0,0,1
283,Сернурский муниципальный район,Республика Марий Эл,муниципальный район,,88648000,88648000.0,21264.0,,0,0,0,0,0,0,1,0,0,0,1
284,Советский муниципальный район,Республика Марий Эл,муниципальный район,,88652000,88652000.0,26112.0,,0,0,0,0,0,0,1,0,0,0,1
285,Юринский муниципальный район,Республика Марий Эл,муниципальный район,,88656000,88656000.0,5947.0,,0,0,0,0,0,0,1,0,0,0,1
286,городской округ Саранск,Республика Мордовия,городской округ,административный_центр_субъекта,89701000,89701000.0,339151.0,,0,0,0,0,0,1,1,1,0,0,0
287,Ардатовский муниципальный район,Республика Мордовия,муниципальный район,,89603000,89603000.0,23694.0,2.0,0,0,0,0,0,0,1,0,0,0,1
288,Атюрьевский муниципальный район,Республика Мордовия,муниципальный район,,89605000,89605000.0,9012.0,,0,0,0,0,0,0,1,0,0,0,1
289,Атяшевский муниципальный район,Республика Мордовия,муниципальный район,,89607000,89607000.0,17246.0,3.0,0,0,0,0,0,0,1,0,0,0,1
290,Большеберезниковский муниципальный район,Республика Мордовия,муниципальный район,,89610000,89610000.0,11711.0,,0,0,0,0,0,0,1,0,0,0,1
291,Большеигнатовский муниципальный район,Республика Мордовия,муниципальный район,,89613000,89613000.0,6717.0,,0,0,0,0,0,0,1,0,0,0,1
292,Дубенский муниципальный район,Республика Мордовия,муниципальный район,,89616000,89616000.0,11280.0,,0,0,0,0,0,0,1,0,0,0,1
293,Ельниковский муниципальный район,Республика Мордовия,муниципальный район,,89618000,89618000.0,9068.0,,0,0,0,0,0,0,1,0,0,0,1
294,Зубово-Полянский муниципальный район,Республика Мордовия,муниципальный район,,89621000,89621000.0,45470.0,2.0,0,0,0,0,0,0,2,0,0,0,1
295,Инсарский муниципальный район,Республика Мордовия,муниципальный район,,89624000,89624000.0,11516.0,,0,0,0,0,0,0,1,0,0,0,1
296,Ичалковский муниципальный район,Республика Мордовия,муниципальный район,,89626000,89626000.0,16897.0,,0,0,0,0,0,0,1,0,0,0,1
297,Кадошкинский муниципальный район,Республика Мордовия,муниципальный район,,89628000,89628000.0,6593.0,2.0,0,0,0,0,0,0,1,0,0,0,1
298,Ковылкинский муниципальный район,Республика Мордовия,муниципальный район,,89629000,89629000.0,35879.0,,0,0,0,0,0,0,1,0,0,0,1
299,Кочкуровский муниципальный район,Республика Мордовия,муниципальный район,,89631000,89631000.0,9356.0,,0,0,0,0,0,0,1,0,0,0,1
300,Краснослободский муниципальный район,Республика Мордовия,муниципальный район,,89634000,89634000.0,21456.0,,0,0,0,0,0,0,1,0,0,0,1
301,Лямбирский муниципальный район,Республика Мордовия,муниципальный район,,89637000,89637000.0,33537.0,,0,0,0,0,0,0,1,0,1,0,0
302,Ромодановский муниципальный район,Республика Мордовия,муниципальный район,,89640000,89640000.0,18857.0,,0,0,0,0,0,0,1,0,0,0,1
303,Рузаевский муниципальный район,Республика Мордовия,муниципальный район,,89643000,89643000.0,58820.0,2.0,0,0,0,0,0,0,1,0,0,0,1
304,Старошайговский муниципальный район,Республика Мордовия,муниципальный район,,89646000,89646000.0,11300.0,,0,0,0,0,0,0,1,0,0,0,1
305,Темниковский муниципальный район,Республика Мордовия,муниципальный район,,89649000,89649000.0,12696.0,,0,0,0,0,0,0,1,0,0,0,1
306,Теньгушевский муниципальный район,Республика Мордовия,муниципальный район,,89651000,89651000.0,8971.0,,0,0,0,0,0,0,1,0,0,0,1
307,Торбеевский муниципальный район,Республика Мордовия,муниципальный район,,89654000,89654000.0,18231.0,,0,0,0,0,0,0,1,0,0,0,1
308,Чамзинский муниципальный район,Республика Мордовия,муниципальный район,,89657000,89657000.0,28433.0,2.0,0,0,0,0,0,0,1,0,0,0,1
309,городской округ город Якутск,Республика Саха (Якутия),городской округ,административный_центр_субъекта,98701000,98701000.0,384979.0,,1,0,0,0,0,1,1,1,0,0,0
310,городской округ Жатай,Республика Саха (Якутия),городской округ,,98702000,98702000.0,11772.0,,1,0,0,0,0,0,0,0,0,0,0
311,Абыйский муниципальный район,Республика Саха (Якутия),муниципальный район,,98601000,98601000.0,3737.0,,1,1,0,1,0,0,1,0,0,0,1
312,Алданский муниципальный район,Республика Саха (Якутия),муниципальный район,,98603000,98603000.0,38998.0,3.0,1,0,0,0,0,0,2,0,0,0,1
313,Аллаиховский муниципальный район,Республика Саха (Якутия),муниципальный район,,98606000,98606000.0,2351.0,,1,1,0,1,0,0,1,0,0,0,1
314,Амгинский муниципальный район,Республика Саха (Якутия),муниципальный район,,98608000,98608000.0,16705.0,,1,0,0,0,0,0,1,0,0,0,1
315,Анабарский национальный (долгано-эвенкийский) муниципальный район,Республика Саха (Якутия),муниципальный район,,98610000,98610000.0,3456.0,,1,1,0,1,0,0,1,0,0,0,1
316,Булунский муниципальный район,Республика Саха (Якутия),муниципальный район,,98612000,98612000.0,8126.0,,1,1,0,1,0,0,2,0,0,0,1
317,Верхневилюйский муниципальный район,Республика Саха (Якутия),муниципальный район,,98614000,98614000.0,20721.0,,1,0,0,0,0,0,1,0,0,0,1
318,Верхнеколымский муниципальный район,Республика Саха (Якутия),муниципальный район,,98615000,98615000.0,3687.0,,1,1,0,1,0,0,1,0,0,0,1
319,Верхоянский муниципальный район,Республика Саха (Якутия),муниципальный район,,98616000,98616000.0,9998.0,,1,1,0,1,0,0,1,0,0,0,1
320,Вилюйский муниципальный район,Республика Саха (Якутия),муниципальный район,,98618000,98618000.0,25157.0,,1,0,0,0,0,0,2,0,0,0,1
321,Горный муниципальный район,Республика Саха (Якутия),муниципальный район,,98620000,98620000.0,11936.0,,1,0,0,0,0,0,1,0,0,0,1
322,Жиганский муниципальный район,Республика Саха (Якутия),муниципальный район,,98622000,98622000.0,4023.0,,1,1,0,1,0,0,1,0,0,0,1
323,Кобяйский муниципальный район,Республика Саха (Якутия),муниципальный район,,98624000,98624000.0,11053.0,,1,0,0,0,0,0,1,0,0,0,1
324,Нюрбинский муниципальный район,Республика Саха (Якутия),муниципальный район,,98626000,98626000.0,22761.0,,1,0,0,0,0,0,1,0,0,0,1
325,Ленский муниципальный район,Республика Саха (Якутия),муниципальный район,,98627000,98627000.0,31833.0,,1,0,0,0,0,0,2,0,0,0,1
326,Мегино-Кангаласский муниципальный район,Республика Саха (Якутия),муниципальный район,,98629000,98629000.0,32932.0,,1,0,0,0,0,0,2,0,0,0,1
327,Мирнинский муниципальный район,Республика Саха (Якутия),муниципальный район,,98631000,98631000.0,71704.0,2.0,1,0,0,0,0,0,3,0,0,0,1
328,Момский муниципальный район,Республика Саха (Якутия),муниципальный район,,98633000,98633000.0,3836.0,,1,1,0,1,0,0,1,0,0,0,1
329,Намский муниципальный район,Республика Саха (Якутия),муниципальный район,,98635000,98635000.0,25069.0,,1,0,0,0,0,0,1,0,0,0,1
330,Нерюнгринский муниципальный район,Республика Саха (Якутия),муниципальный район,,98660000,98660000.0,68431.0,2.0,1,0,0,0,0,0,1,0,0,0,0
331,Нижнеколымский муниципальный район,Республика Саха (Якутия),муниципальный район,,98637000,98637000.0,4175.0,,1,1,0,1,0,0,1,0,0,0,1
332,Оймяконский муниципальный район,Республика Саха (Якутия),муниципальный район,,98639000,98639000.0,7566.0,,1,0,0,0,0,0,1,0,0,0,1
333,Олекминский муниципальный район,Республика Саха (Якутия),муниципальный район,,98641000,98641000.0,20525.0,,1,0,0,0,0,0,1,0,0,0,1
334,Оленекский эвенкийский национальный муниципальный район,Республика Саха (Якутия),муниципальный район,,98642000,98642000.0,4364.0,,1,1,0,1,0,0,1,0,0,0,1
335,Среднеколымский муниципальный район,Республика Саха (Якутия),муниципальный район,,98646000,98646000.0,6714.0,,1,1,0,1,0,0,1,0,0,0,1
336,Сунтарский муниципальный район,Республика Саха (Якутия),муниципальный район,,98648000,98648000.0,22228.0,,1,0,0,0,0,0,1,0,0,0,1
337,Таттинский муниципальный район,Республика Саха (Якутия),муниципальный район,,98604000,98604000.0,16750.0,,1,0,0,0,0,0,1,0,0,0,1
338,Томпонский муниципальный район,Республика Саха (Якутия),муниципальный район,,98650000,98650000.0,10897.0,,1,0,0,0,0,0,1,0,0,0,1
339,Усть-Алданский муниципальный район,Республика Саха (Якутия),муниципальный район,,98652000,98652000.0,22012.0,,1,0,0,0,0,0,1,0,0,0,1
340,Усть-Майский муниципальный район,Республика Саха (Якутия),муниципальный район,,98654000,98654000.0,7343.0,,1,0,0,0,0,0,1,0,0,0,1
341,Усть-Янский муниципальный район,Республика Саха (Якутия),муниципальный район,,98656000,98656000.0,6725.0,,1,1,0,1,0,0,2,0,0,0,1
342,Хангаласский муниципальный район,Республика Саха (Якутия),муниципальный район,,98644000,98644000.0,34331.0,3.0,1,0,0,0,0,0,1,0,0,0,1
343,Чурапчинский муниципальный район,Республика Саха (Якутия),муниципальный район,,98658000,98658000.0,21807.0,,1,0,0,0,0,0,1,0,0,0,1
344,Эвено-Бытантайский национальный муниципальный район,Республика Саха (Якутия),муниципальный район,,98659000,98659000.0,2962.0,,1,1,0,1,0,0,1,0,0,0,1
345,городской округ город Владикавказ,Республика Северная Осетия — Алания,городской округ,административный_центр_субъекта,90701000,90701000.0,309358.0,,0,0,0,0,0,1,2,1,1,0,0
346,Алагирский муниципальный район,Республика Северная Осетия — Алания,муниципальный район,,90605000,90605000.0,38229.0,,0,0,0,0,0,0,2,0,0,0,1
347,Ардонский муниципальный район,Республика Северная Осетия — Алания,муниципальный район,,90610000,90610000.0,31304.0,,0,0,0,0,0,0,1,0,0,0,1
348,Дигорский муниципальный район,Республика Северная Осетия — Алания,муниципальный район,,90615000,90615000.0,18606.0,,0,0,0,0,0,0,1,0,0,0,1
349,Ирафский муниципальный район,Республика Северная Осетия — Алания,муниципальный район,,90620000,90620000.0,15554.0,,0,0,0,0,0,0,1,0,0,0,1
350,Кировский муниципальный район,Республика Северная Осетия — Алания,муниципальный район,,90625000,90625000.0,27871.0,,0,0,0,0,0,0,1,0,0,0,1
351,Моздокский муниципальный район,Республика Северная Осетия — Алания,муниципальный район,,90630000,90630000.0,81941.0,,0,0,0,0,0,0,1,0,0,0,1
352,Правобережный муниципальный район,Республика Северная Осетия — Алания,муниципальный район,,90635000,90635000.0,55643.0,,0,0,0,0,0,0,1,0,0,0,1
353,Пригородный муниципальный район,Республика Северная Осетия — Алания,муниципальный район,,90640000,90640000.0,100373.0,,0,0,0,0,0,0,0,0,0,0,0
354,городской округ город Казань,Республика Татарстан,городской округ,административный_центр_субъекта,92701000,92701000.0,1318604.0,,0,0,0,0,0,1,1,1,0,0,0
355,городской округ город Набережные Челны,Республика Татарстан,городской округ,,92730000,92730000.0,544383.0,1.0,0,0,0,0,0,0,1,1,0,0,0
356,Агрызский муниципальный район,Республика Татарстан,муниципальный район,,92601000,92601000.0,34401.0,,0,0,0,0,0,0,1,0,0,0,0
357,Азнакаевский муниципальный район,Республика Татарстан,муниципальный район,,92602000,92602000.0,57093.0,,0,0,0,0,0,0,1,0,0,0,1
358,Аксубаевский муниципальный район,Республика Татарстан,муниципальный район,,92604000,92604000.0,26162.0,,0,0,0,0,0,0,1,0,0,0,1
359,Актанышский муниципальный район,Республика Татарстан,муниципальный район,,92605000,92605000.0,27287.0,,0,0,0,0,0,0,1,0,0,0,1
360,Алексеевский муниципальный район,Республика Татарстан,муниципальный район,,92606000,92606000.0,24626.0,,0,0,0,0,0,0,1,0,0,0,1
361,Алькеевский муниципальный район,Республика Татарстан,муниципальный район,,92607000,92607000.0,18063.0,,0,0,0,0,0,0,1,0,0,0,1
362,Альметьевский муниципальный район,Республика Татарстан,муниципальный район,,92608000,92608000.0,212359.0,,0,0,0,0,0,0,1,0,0,0,1
363,Апастовский муниципальный район,Республика Татарстан,муниципальный район,,92610000,92610000.0,18676.0,,0,0,0,0,0,0,1,0,0,0,1
364,Арский муниципальный район,Республика Татарстан,муниципальный район,,92612000,92612000.0,49659.0,,0,0,0,0,0,0,1,0,0,0,1
365,Атнинский муниципальный район,Республика Татарстан,муниципальный район,,92613000,92613000.0,12245.0,,0,0,0,0,0,0,1,0,0,0,1
366,Бавлинский муниципальный район,Республика Татарстан,муниципальный район,,92614000,92614000.0,32239.0,,0,0,0,0,0,0,1,0,0,0,1
367,Балтасинский муниципальный район,Республика Татарстан,муниципальный район,,92615000,92615000.0,32840.0,,0,0,0,0,0,0,1,0,0,0,1
368,Бугульминский муниципальный район,Республика Татарстан,муниципальный район,,92617000,92617000.0,99177.0,,0,0,0,0,0,0,1,0,0,0,1
369,Буинский муниципальный район,Республика Татарстан,муниципальный район,,92618000,92618000.0,39135.0,,0,0,0,0,0,0,1,0,0,0,1
370,Верхнеуслонский муниципальный район,Республика Татарстан,муниципальный район,,92620000,92620000.0,17641.0,,0,0,0,0,0,0,1,0,1,0,0
371,Высокогорский муниципальный район,Республика Татарстан,муниципальный район,,92622000,92622000.0,60647.0,,0,0,0,0,0,0,1,0,1,0,0
372,Дрожжановский муниципальный район,Республика Татарстан,муниципальный район,,92624000,92624000.0,20085.0,,0,0,0,0,0,0,1,0,0,0,1
373,Елабужский муниципальный район,Республика Татарстан,муниципальный район,,92626000,92626000.0,85471.0,2.0,0,0,0,0,0,0,1,0,1,0,0
374,Заинский муниципальный район,Республика Татарстан,муниципальный район,,92627000,92627000.0,52217.0,,0,0,0,0,0,0,1,0,0,0,1
375,Зеленодольский муниципальный район,Республика Татарстан,муниципальный район,,92628000,92628000.0,169798.0,1.0,0,0,0,0,0,0,1,0,1,0,0
376,Кайбицкий муниципальный район,Республика Татарстан,муниципальный район,,92629000,92629000.0,12423.0,,0,0,0,0,0,0,1,0,0,0,1
377,Камско-Устьинский муниципальный район,Республика Татарстан,муниципальный район,,92630000,92630000.0,14157.0,,0,0,0,0,0,0,1,0,0,0,1
378,Кукморский муниципальный район,Республика Татарстан,муниципальный район,,92633000,92633000.0,51202.0,,0,0,0,0,0,0,1,0,0,0,1
379,Лаишевский муниципальный район,Республика Татарстан,муниципальный район,,92634000,92634000.0,71646.0,,0,0,0,0,0,0,2,0,1,0,0
380,Лениногорский муниципальный район,Республика Татарстан,муниципальный район,,92636000,92636000.0,77755.0,,0,0,0,0,0,0,1,0,0,0,1
381,Мамадышский муниципальный район,Республика Татарстан,муниципальный район,,92638000,92638000.0,39698.0,,0,0,0,0,0,0,1,0,0,0,1
382,Менделеевский муниципальный район,Республика Татарстан,муниципальный район,,92639000,92639000.0,30286.0,2.0,0,0,0,0,0,0,1,0,0,0,0
383,Мензелинский муниципальный район,Республика Татарстан,муниципальный район,,92640000,92640000.0,26385.0,,0,0,0,0,0,0,1,0,0,0,1
384,Муслюмовский муниципальный район,Республика Татарстан,муниципальный район,,92642000,92642000.0,18692.0,,0,0,0,0,0,0,1,0,0,0,1
385,Нижнекамский муниципальный район,Республика Татарстан,муниципальный район,,92644000,92644000.0,276414.0,2.0,0,0,0,0,0,0,1,0,1,0,0
386,Новошешминский муниципальный район,Республика Татарстан,муниципальный район,,92645000,92645000.0,12574.0,,0,0,0,0,0,0,1,0,0,0,1
387,Нурлатский муниципальный район,Республика Татарстан,муниципальный район,,92646000,92646000.0,51661.0,,0,0,0,0,0,0,1,0,0,0,1
388,Пестречинский муниципальный район,Республика Татарстан,муниципальный район,,92648000,92648000.0,66372.0,,0,0,0,0,0,0,0,0,0,0,0
389,Рыбно-Слободский муниципальный район,Республика Татарстан,муниципальный район,,92650000,92650000.0,23892.0,,0,0,0,0,0,0,1,0,0,0,1
390,Сабинский муниципальный район,Республика Татарстан,муниципальный район,,92652000,92652000.0,30381.0,,0,0,0,0,0,0,1,0,0,0,1
391,Сармановский муниципальный район,Республика Татарстан,муниципальный район,,92653000,92653000.0,33666.0,,0,0,0,0,0,0,1,0,0,0,1
392,Спасский муниципальный район,Республика Татарстан,муниципальный район,,92632000,92632000.0,18014.0,,0,0,0,0,0,0,1,0,0,0,1
393,Тетюшский муниципальный район,Республика Татарстан,муниципальный район,,92655000,92655000.0,19798.0,,0,0,0,0,0,0,1,0,0,0,1
394,Тукаевский муниципальный район,Республика Татарстан,муниципальный район,,92657000,92657000.0,51140.0,,0,0,0,0,0,0,1,0,1,0,0
395,Тюлячинский муниципальный район,Республика Татарстан,муниципальный район,,92656000,92656000.0,13489.0,,0,0,0,0,0,0,1,0,0,0,1
396,Черемшанский муниципальный район,Республика Татарстан,муниципальный район,,92658000,92658000.0,17877.0,,0,0,0,0,0,0,1,0,0,0,1
397,Чистопольский муниципальный район,Республика Татарстан,муниципальный район,,92659000,92659000.0,73234.0,2.0,0,0,0,0,0,0,1,0,0,0,1
398,Ютазинский муниципальный район,Республика Татарстан,муниципальный район,,92654000,92654000.0,19452.0,,0,0,0,0,0,0,1,0,0,0,1
401,Бай-Тайгинский муниципальный район,Республика Тыва,муниципальный район,,93605000,93605000.0,10431.0,,1,0,0,0,0,0,1,0,0,0,1
402,Барун-Хемчикский муниципальный район,Республика Тыва,муниципальный район,,93610000,93610000.0,11626.0,,1,0,0,0,0,0,1,0,0,0,1
403,Дзун-Хемчикский муниципальный район,Республика Тыва,муниципальный район,,93615000,93615000.0,18916.0,,1,0,0,0,0,0,1,0,0,0,1
404,Каа-Хемский муниципальный район,Республика Тыва,муниципальный район,,93620000,93620000.0,11974.0,,1,0,0,0,0,0,1,0,0,0,1
405,Кызылский муниципальный район,Республика Тыва,муниципальный район,,93622000,93622000.0,36340.0,,1,0,0,0,0,0,1,0,0,0,0
406,Монгун-Тайгинский муниципальный район,Республика Тыва,муниципальный район,,93625000,93625000.0,6055.0,,1,0,0,0,0,0,1,0,0,0,1
408,Пий-Хемский муниципальный район,Республика Тыва,муниципальный район,,93635000,93635000.0,10364.0,,1,0,0,0,0,0,1,0,0,0,1
409,Сут-Хольский муниципальный район,Республика Тыва,муниципальный район,,93638000,93638000.0,8043.0,,1,0,0,0,0,0,1,0,0,0,1
410,Тандинский муниципальный район,Республика Тыва,муниципальный район,,93640000,93640000.0,15098.0,,1,0,0,0,0,0,1,0,0,0,0
413,Тоджинский муниципальный район,Республика Тыва,муниципальный район,,93650000,93650000.0,6694.0,,1,0,0,0,0,0,1,0,0,0,0
414,Улуг-Хемский муниципальный район,Республика Тыва,муниципальный район,,93654000,93654000.0,19940.0,,1,0,0,0,0,0,1,0,0,0,0
415,Чаа-Хольский муниципальный район,Республика Тыва,муниципальный район,,93656000,93656000.0,5941.0,,1,0,0,0,0,0,1,0,0,0,1
416,Чеди-Хольский муниципальный район,Республика Тыва,муниципальный район,,93657000,93657000.0,7592.0,,1,0,0,0,0,0,1,0,0,0,1
417,Эрзинский муниципальный район,Республика Тыва,муниципальный район,,93658000,93658000.0,8464.0,,1,0,0,0,0,0,1,0,0,0,0
418,городской округ город Ижевск,Удмуртская Республика,городской округ,административный_центр_субъекта,94701000,94701000.0,618776.0,,0,0,0,0,0,1,1,1,0,0,0
419,городской округ город Воткинск,Удмуртская Республика,городской округ,,94710000,94710000.0,96037.0,3.0,0,0,0,0,0,0,1,0,0,0,0
420,городской округ город Глазов,Удмуртская Республика,городской округ,,94720000,94720000.0,85870.0,3.0,0,0,0,0,0,0,1,0,0,0,1
421,городской округ город Можга,Удмуртская Республика,городской округ,,94730000,94730000.0,43557.0,,0,0,0,0,0,0,1,0,0,0,1
422,городской округ город Сарапул,Удмуртская Республика,городской округ,,94740000,94740000.0,89442.0,2.0,0,0,0,0,0,0,1,0,0,0,0
423,муниципальный округ Алнашский район,Удмуртская Республика,муниципальный округ,,94502000,94502000.0,19971.0,,0,0,0,0,0,0,1,0,0,0,1
424,муниципальный округ Балезинский район,Удмуртская Республика,муниципальный округ,,94504000,94504000.0,26866.0,,0,0,0,0,0,0,1,0,0,0,1
425,муниципальный округ Вавожский район,Удмуртская Республика,муниципальный округ,,94506000,94506000.0,13809.0,,0,0,0,0,0,0,1,0,0,0,1
426,муниципальный округ Воткинский район,Удмуртская Республика,муниципальный округ,,94508000,94508000.0,23474.0,,0,0,0,0,0,0,0,0,0,0,0
428,муниципальный округ Граховский район,Удмуртская Республика,муниципальный округ,,94512000,94512000.0,8624.0,,0,0,0,0,0,0,1,0,0,0,1
429,муниципальный округ Дебёсский район,Удмуртская Республика,муниципальный округ,,94514000,94514000.0,10744.0,,0,0,0,0,0,0,1,0,0,0,1
430,муниципальный округ Завьяловский район,Удмуртская Республика,муниципальный округ,,94516000,94516000.0,83460.0,,0,0,0,0,0,0,0,0,0,0,0
431,муниципальный округ Игринский район,Удмуртская Республика,муниципальный округ,,94518000,94518000.0,32538.0,,0,0,0,0,0,0,1,0,0,0,1
432,муниципальный округ Камбарский район,Удмуртская Республика,муниципальный округ,,94520000,94520000.0,15570.0,,0,0,0,0,0,0,1,0,0,0,1
433,муниципальный округ Каракулинский район,Удмуртская Республика,муниципальный округ,,94522000,94522000.0,10095.0,,0,0,0,0,0,0,1,0,0,0,1
434,муниципальный округ Кезский район,Удмуртская Республика,муниципальный округ,,94524000,94524000.0,17833.0,,0,0,0,0,0,0,1,0,0,0,1
435,муниципальный округ Кизнерский район,Удмуртская Республика,муниципальный округ,,94526000,94526000.0,17496.0,,0,0,0,0,0,0,1,0,0,0,1
436,муниципальный округ Киясовский район,Удмуртская Республика,муниципальный округ,,94528000,94528000.0,8518.0,,0,0,0,0,0,0,1,0,0,0,1
437,муниципальный округ Красногорский район,Удмуртская Республика,муниципальный округ,,94530000,94530000.0,7480.0,,0,0,0,0,0,0,1,0,0,0,1
438,муниципальный округ Малопургинский район,Удмуртская Республика,муниципальный округ,,94533000,94533000.0,30993.0,,0,0,0,0,0,0,1,0,0,0,1
439,муниципальный округ Можгинский район,Удмуртская Республика,муниципальный округ,,94535000,94535000.0,24523.0,,0,0,0,0,0,0,0,0,0,0,0
440,муниципальный округ Сарапульский район,Удмуртская Республика,муниципальный округ,,94537000,94537000.0,23267.0,,0,0,0,0,0,0,0,0,0,0,0
441,муниципальный округ Селтинский район,Удмуртская Республика,муниципальный округ,,94539000,94539000.0,10292.0,,0,0,0,0,0,0,1,0,0,0,1
442,муниципальный округ Сюмсинский район,Удмуртская Республика,муниципальный округ,,94541000,94541000.0,9970.0,,0,0,0,0,0,0,1,0,0,0,1
443,муниципальный округ Увинский район,Удмуртская Республика,муниципальный округ,,94544000,94544000.0,33739.0,,0,0,0,0,0,0,1,0,0,0,1
444,муниципальный округ Шарканский район,Удмуртская Республика,муниципальный округ,,94546000,94546000.0,18886.0,,0,0,0,0,0,0,1,0,0,0,1
445,муниципальный округ Юкаменский район,Удмуртская Республика,муниципальный округ,,94548000,94548000.0,7231.0,,0,0,0,0,0,0,1,0,0,0,1
446,муниципальный округ Якшур-Бодьинский район,Удмуртская Республика,муниципальный округ,,94550000,94550000.0,19293.0,,0,0,0,0,0,0,1,0,0,0,1
447,муниципальный округ Ярский район,Удмуртская Республика,муниципальный округ,,94552000,94552000.0,10983.0,,0,0,0,0,0,0,1,0,0,0,1
448,городской округ город Абакан,Республика Хакасия,городской округ,административный_центр_субъекта,95701000,95701000.0,185804.0,,0,0,0,0,0,1,1,0,0,0,0
449,городской округ город Абаза,Республика Хакасия,городской округ,,95702000,95702000.0,11962.0,1.0,0,0,0,0,0,0,1,0,0,0,1
450,городской округ город Саяногорск,Республика Хакасия,городской округ,,95708000,95708000.0,55712.0,2.0,0,0,0,0,0,0,1,0,0,0,0
451,городской округ город Сорск,Республика Хакасия,городской округ,,95709000,95709000.0,10843.0,2.0,0,0,0,0,0,0,1,0,0,0,1
452,городской округ город Черногорск,Республика Хакасия,городской округ,,95715000,95715000.0,77948.0,2.0,0,0,0,0,0,0,1,0,0,0,1
453,Алтайский муниципальный район,Республика Хакасия,муниципальный район,,95605000,95605000.0,24152.0,,0,0,0,0,0,0,1,0,0,0,1
455,Бейский муниципальный район,Республика Хакасия,муниципальный район,,95612000,95612000.0,17067.0,,0,0,0,0,0,0,1,0,0,0,0
456,Боградский муниципальный район,Республика Хакасия,муниципальный район,,95615000,95615000.0,11030.0,,0,0,0,0,0,0,1,0,0,0,1
457,Орджоникидзевский муниципальный район,Республика Хакасия,муниципальный район,,95620000,95620000.0,9604.0,,0,0,0,0,0,0,1,0,0,0,1
458,Таштыпский муниципальный район,Республика Хакасия,муниципальный район,,95625000,95625000.0,15165.0,,0,0,0,0,0,0,1,0,0,0,1
459,Усть-Абаканский муниципальный район,Республика Хакасия,муниципальный район,,95630000,95630000.0,46354.0,,0,0,0,0,0,0,1,0,0,0,1
460,Ширинский муниципальный район,Республика Хакасия,муниципальный район,,95635000,95635000.0,24253.0,1.0,0,0,0,0,0,0,1,0,0,0,1
461,городской округ город Грозный,Чеченская Республика,городской округ,административный_центр_субъекта,96701000,96701000.0,333672.0,,0,0,0,0,0,1,1,1,0,0,0
462,городской округ город Аргун,Чеченская Республика,городской округ,,96702000,96702000.0,61968.0,,0,0,0,0,0,0,1,0,0,0,1
466,Гудермесский муниципальный район,Чеченская Республика,муниципальный район,,96610000,96610000.0,181085.0,,0,0,0,0,0,0,1,0,0,0,1
469,Надтеречный муниципальный район,Чеченская Республика,муниципальный район,,96616000,96616000.0,67097.0,,0,0,0,0,0,0,1,0,0,0,1
474,Урус-Мартановский муниципальный район,Чеченская Республика,муниципальный район,,96634000,96634000.0,171261.0,,0,0,0,0,0,0,1,0,0,0,1
478,городской округ город Чебоксары,Чувашская Республика,городской округ,административный_центр_субъекта,97701000,97701000.0,506480.0,,0,0,0,0,0,1,0,0,0,0,0
479,городской округ город Алатырь,Чувашская Республика,городской округ,,97704000,97704000.0,31304.0,2.0,0,0,0,0,0,0,0,0,0,0,0
480,городской округ город Канаш,Чувашская Республика,городской округ,,97707000,97707000.0,43508.0,1.0,0,0,0,0,0,0,1,0,0,0,1
481,городской округ город Новочебоксарск,Чувашская Республика,городской округ,,97710000,97710000.0,120767.0,3.0,0,0,0,0,0,0,1,0,1,0,0
482,городской округ город Шумерля,Чувашская Республика,городской округ,,97713000,97713000.0,26008.0,2.0,0,0,0,0,0,0,0,0,0,0,0
483,Алатырский муниципальный округ,Чувашская Республика,муниципальный округ,,97503000,97503000.0,13314.0,,0,0,0,0,0,0,1,0,0,0,1
484,Аликовский муниципальный округ,Чувашская Республика,муниципальный округ,,97505000,97505000.0,13550.0,,0,0,0,0,0,0,1,0,0,0,1
485,Батыревский муниципальный округ,Чувашская Республика,муниципальный округ,,97507000,97507000.0,30773.0,,0,0,0,0,0,0,1,0,0,0,1
486,Вурнарский муниципальный округ,Чувашская Республика,муниципальный округ,,97510000,97510000.0,28415.0,,0,0,0,0,0,0,1,0,0,0,1
487,Ибресинский муниципальный округ,Чувашская Республика,муниципальный округ,,97513000,97513000.0,19914.0,,0,0,0,0,0,0,1,0,0,0,1
489,Козловский муниципальный округ,Чувашская Республика,муниципальный округ,,97519000,97519000.0,14831.0,,0,0,0,0,0,0,1,0,0,0,1
490,Комсомольский муниципальный округ,Чувашская Республика,муниципальный округ,,97521000,97521000.0,20409.0,,0,0,0,0,0,0,1,0,0,0,1
491,Красноармейский муниципальный округ,Чувашская Республика,муниципальный округ,,97524000,97524000.0,12470.0,,0,0,0,0,0,0,1,0,0,0,1
492,Красночетайский муниципальный округ,Чувашская Республика,муниципальный округ,,97526000,97526000.0,13525.0,,0,0,0,0,0,0,1,0,0,0,1
493,Мариинско-Посадский муниципальный округ,Чувашская Республика,муниципальный округ,,97529000,97529000.0,18507.0,,0,0,0,0,0,0,0,0,0,0,0
494,Моргаушский муниципальный округ,Чувашская Республика,муниципальный округ,,97532000,97532000.0,30685.0,,0,0,0,0,0,0,0,0,0,0,0
495,Порецкий муниципальный округ,Чувашская Республика,муниципальный округ,,97535000,97535000.0,10342.0,,0,0,0,0,0,0,1,0,0,0,1
496,Урмарский муниципальный округ,Чувашская Республика,муниципальный округ,,97538000,97538000.0,20067.0,,0,0,0,0,0,0,1,0,0,0,1
497,Цивильский муниципальный округ,Чувашская Республика,муниципальный округ,,97541000,97541000.0,31134.0,,0,0,0,0,0,0,0,0,0,0,0
498,Чебоксарский муниципальный округ,Чувашская Республика,муниципальный округ,,97544000,97544000.0,61487.0,,0,0,0,0,0,0,1,1,0,0,0
499,Шемуршинский муниципальный округ,Чувашская Республика,муниципальный округ,,97547000,97547000.0,11365.0,,0,0,0,0,0,0,1,0,0,0,1
500,Шумерлинский муниципальный округ,Чувашская Республика,муниципальный округ,,97550000,97550000.0,7407.0,,0,0,0,0,0,0,1,0,0,0,1
501,Ядринский муниципальный округ,Чувашская Республика,муниципальный округ,,97553000,97553000.0,22282.0,,0,0,0,0,0,0,1,0,0,0,1
502,Яльчикский муниципальный округ,Чувашская Республика,муниципальный округ,,97555000,97555000.0,14957.0,,0,0,0,0,0,0,1,0,0,0,1
503,Янтиковский муниципальный округ,Чувашская Республика,муниципальный округ,,97558000,97558000.0,12065.0,,0,0,0,0,0,0,1,0,0,0,1
504,городской округ город Барнаул,Алтайский край,городской округ,административный_центр_субъекта,1701000,1701000.0,687601.0,,0,0,0,0,0,1,1,1,0,0,0
505,городской округ город Алейск,Алтайский край,городской округ,,1703000,1703000.0,24604.0,2.0,0,0,0,0,0,0,1,0,0,0,1
506,городской округ город Белокуриха,Алтайский край,городской округ,,1704000,1704000.0,14879.0,,0,0,0,0,0,0,1,0,0,0,0
507,городской округ город Бийск,Алтайский край,городской округ,,1705000,1705000.0,188780.0,,0,0,0,0,0,0,1,0,0,0,0
508,городской округ город Заринск,Алтайский край,городской округ,,1706000,1706000.0,40255.0,2.0,0,0,0,0,0,0,1,0,0,0,1
509,городской округ город Новоалтайск,Алтайский край,городской округ,,1713000,1713000.0,73511.0,2.0,0,0,0,0,0,0,1,0,1,0,0
510,городской округ город Рубцовск,Алтайский край,городской округ,,1716000,1716000.0,123379.0,,0,0,0,0,0,0,1,0,0,0,0
511,муниципальный округ город Славгород,Алтайский край,муниципальный округ,,1539000,1539000.0,36769.0,,0,0,0,0,0,0,1,0,0,0,1
512,городской округ город Яровое,Алтайский край,городской округ,,1730000,1730000.0,16528.0,2.0,0,0,0,0,0,0,1,0,0,0,1
514,Алейский муниципальный район,Алтайский край,муниципальный район,,1601000,1601000.0,13794.0,,0,0,0,0,0,0,0,0,0,0,0
515,Алтайский муниципальный район,Алтайский край,муниципальный район,,1602000,1602000.0,26284.0,,0,0,0,0,0,0,1,0,0,0,1
516,Баевский муниципальный район,Алтайский край,муниципальный район,,1603000,1603000.0,7821.0,,0,0,0,0,0,0,1,0,0,0,1
517,Бийский муниципальный район,Алтайский край,муниципальный район,,1604000,1604000.0,31583.0,,0,0,0,0,0,0,0,0,0,0,0
518,Благовещенский муниципальный район,Алтайский край,муниципальный район,,1605000,1605000.0,25464.0,2.0,0,0,0,0,0,0,1,0,0,0,1
519,Бурлинский муниципальный район,Алтайский край,муниципальный район,,1606000,1606000.0,7601.0,,0,0,0,0,0,0,1,0,0,0,1
520,Быстроистокский муниципальный район,Алтайский край,муниципальный район,,1607000,1607000.0,7120.0,,0,0,0,0,0,0,1,0,0,0,1
521,Волчихинский муниципальный район,Алтайский край,муниципальный район,,1608000,1608000.0,14744.0,,0,0,0,0,0,0,1,0,0,0,1
522,Егорьевский муниципальный район,Алтайский край,муниципальный район,,1609000,1609000.0,10678.0,,0,0,0,0,0,0,1,0,0,0,1
523,Ельцовский муниципальный район,Алтайский край,муниципальный район,,1610000,1610000.0,4672.0,,0,0,0,0,0,0,1,0,0,0,1
524,Завьяловский муниципальный район,Алтайский край,муниципальный район,,1611000,1611000.0,15469.0,,0,0,0,0,0,0,1,0,0,0,1
525,Залесовский муниципальный округ,Алтайский край,муниципальный округ,,1512000,1512000.0,11281.0,,0,0,0,0,0,0,1,0,0,0,1
526,Заринский муниципальный район,Алтайский край,муниципальный район,,1613000,1613000.0,12837.0,,0,0,0,0,0,0,0,0,0,0,0
527,Змеиногорский муниципальный район,Алтайский край,муниципальный район,,1614000,1614000.0,15905.0,,0,0,0,0,0,0,1,0,0,0,1
528,Калманский муниципальный район,Алтайский край,муниципальный район,,1615000,1615000.0,11641.0,,0,0,0,0,0,0,1,0,0,0,1
529,Каменский муниципальный район,Алтайский край,муниципальный район,,1616000,1616000.0,39949.0,,0,0,0,0,0,0,1,0,0,0,1
530,Ключевский муниципальный район,Алтайский край,муниципальный район,,1617000,1617000.0,12366.0,,0,0,0,0,0,0,1,0,0,0,1
531,Косихинский муниципальный район,Алтайский край,муниципальный район,,1618000,1618000.0,13314.0,,0,0,0,0,0,0,1,0,0,0,1
532,Красногорский муниципальный район,Алтайский край,муниципальный район,,1619000,1619000.0,12685.0,,0,0,0,0,0,0,1,0,0,0,1
533,Краснощёковский муниципальный район,Алтайский край,муниципальный район,,1620000,1620000.0,13623.0,,0,0,0,0,0,0,1,0,0,0,1
534,Крутихинский муниципальный район,Алтайский край,муниципальный район,,1621000,1621000.0,7856.0,,0,0,0,0,0,0,1,0,0,0,1
535,Кулундинский муниципальный район,Алтайский край,муниципальный район,,1622000,1622000.0,20371.0,,0,0,0,0,0,0,1,0,0,0,0
536,Курьинский муниципальный район,Алтайский край,муниципальный район,,1623000,1623000.0,8051.0,,0,0,0,0,0,0,1,0,0,0,1
537,Кытмановский муниципальный район,Алтайский край,муниципальный район,,1624000,1624000.0,9548.0,,0,0,0,0,0,0,1,0,0,0,1
538,Локтевский муниципальный район,Алтайский край,муниципальный район,,1625000,1625000.0,19183.0,,0,0,0,0,0,0,1,0,0,0,1
539,Мамонтовский муниципальный район,Алтайский край,муниципальный район,,1626000,1626000.0,17582.0,,0,0,0,0,0,0,1,0,0,0,1
540,Михайловский муниципальный район,Алтайский край,муниципальный район,,1627000,1627000.0,16349.0,,0,0,0,0,0,0,1,0,0,0,1
541,Новичихинский муниципальный район,Алтайский край,муниципальный район,,1628000,1628000.0,7406.0,,0,0,0,0,0,0,1,0,0,0,1
542,Зональный муниципальный район,Алтайский край,муниципальный район,,1629000,1629000.0,16341.0,,0,0,0,0,0,0,1,0,0,0,1
543,Павловский муниципальный район,Алтайский край,муниципальный район,,1630000,1630000.0,38447.0,,0,0,0,0,0,0,2,0,1,0,1
544,Панкрушихинский муниципальный район,Алтайский край,муниципальный район,,1631000,1631000.0,9099.0,,0,0,0,0,0,0,1,0,0,0,1
545,Первомайский муниципальный район,Алтайский край,муниципальный район,,1632000,1632000.0,53359.0,,0,0,0,0,0,0,0,0,0,0,0
546,Петропавловский муниципальный район,Алтайский край,муниципальный район,,1633000,1633000.0,10214.0,,0,0,0,0,0,0,1,0,0,0,1
547,Поспелихинский муниципальный район,Алтайский край,муниципальный район,,1634000,1634000.0,19439.0,,0,0,0,0,0,0,1,0,0,0,1
548,Ребрихинский муниципальный район,Алтайский край,муниципальный район,,1635000,1635000.0,18726.0,,0,0,0,0,0,0,1,0,0,0,1
549,Родинский муниципальный район,Алтайский край,муниципальный район,,1636000,1636000.0,14369.0,,0,0,0,0,0,0,1,0,0,0,1
550,Романовский муниципальный район,Алтайский край,муниципальный район,,1637000,1637000.0,10594.0,,0,0,0,0,0,0,1,0,0,0,1
552,Смоленский муниципальный район,Алтайский край,муниципальный район,,1640000,1640000.0,20153.0,,0,0,0,0,0,0,1,0,0,0,1
553,муниципальный округ Суетский район,Алтайский край,муниципальный округ,,1541000,1541000.0,3264.0,,0,0,0,0,0,0,1,0,0,0,1
554,Советский муниципальный район,Алтайский край,муниципальный район,,1642000,1642000.0,13572.0,,0,0,0,0,0,0,1,0,0,0,1
555,Солонешенский муниципальный район,Алтайский край,муниципальный район,,1643000,1643000.0,7152.0,,0,0,0,0,0,0,1,0,0,0,1
556,Солтонский муниципальный район,Алтайский край,муниципальный район,,1644000,1644000.0,6045.0,,0,0,0,0,0,0,1,0,0,0,1
557,Шелаболихинский муниципальный район,Алтайский край,муниципальный район,,1645000,1645000.0,10246.0,,0,0,0,0,0,0,1,0,0,0,1
558,Табунский муниципальный район,Алтайский край,муниципальный район,,1646000,1646000.0,7060.0,,0,0,0,0,0,0,1,0,0,0,1
559,Тальменский муниципальный район,Алтайский край,муниципальный район,,1647000,1647000.0,42346.0,,0,0,0,0,0,0,1,0,0,0,1
560,Тогульский муниципальный район,Алтайский край,муниципальный район,,1648000,1648000.0,6187.0,,0,0,0,0,0,0,1,0,0,0,1
561,Топчихинский муниципальный район,Алтайский край,муниципальный район,,1649000,1649000.0,18142.0,,0,0,0,0,0,0,1,0,0,0,1
562,Третьяковский муниципальный район,Алтайский край,муниципальный район,,1650000,1650000.0,10094.0,,0,0,0,0,0,0,1,0,0,0,1
563,Троицкий муниципальный район,Алтайский край,муниципальный район,,1651000,1651000.0,17787.0,,0,0,0,0,0,0,1,0,0,0,1
564,Тюменцевский муниципальный район,Алтайский край,муниципальный район,,1652000,1652000.0,10801.0,,0,0,0,0,0,0,1,0,0,0,1
565,Угловский муниципальный район,Алтайский край,муниципальный район,,1653000,1653000.0,8700.0,,0,0,0,0,0,0,1,0,0,0,1
566,Усть-Калманский муниципальный район,Алтайский край,муниципальный район,,1654000,1654000.0,10802.0,,0,0,0,0,0,0,1,0,0,0,1
567,Усть-Пристанский муниципальный район,Алтайский край,муниципальный район,,1655000,1655000.0,9078.0,,0,0,0,0,0,0,1,0,0,0,1
568,Хабарский муниципальный район,Алтайский край,муниципальный район,,1656000,1656000.0,12199.0,,0,0,0,0,0,0,1,0,0,0,1
569,Целинный муниципальный район,Алтайский край,муниципальный район,,1657000,1657000.0,12857.0,,0,0,0,0,0,0,2,0,0,0,1
570,муниципальный округ Чарышский район,Алтайский край,муниципальный округ,,1558000,1558000.0,9268.0,,0,0,0,0,0,0,1,0,0,0,1
571,Шипуновский муниципальный район,Алтайский край,муниципальный район,,1659000,1659000.0,24128.0,,0,0,0,0,0,0,1,0,0,0,1
572,Немецкий национальный муниципальный район,Алтайский край,муниципальный район,,1660000,1660000.0,14809.0,,0,0,0,0,0,0,1,0,0,0,1
573,городской округ город Чита,Забайкальский край,городской округ,административный_центр_субъекта,76701000,76701000.0,333159.0,,0,0,0,0,0,1,1,1,0,0,0
574,городской округ город Петровск-Забайкальский,Забайкальский край,городской округ,,76715000,76715000.0,14473.0,,0,0,0,0,0,0,2,0,0,0,1
576,Акшинский муниципальный район,Забайкальский край,муниципальный район,,76603000,,,,0,0,0,0,0,0,1,0,0,0,1
577,Александрово-Заводский муниципальный район,Забайкальский край,муниципальный район,,76604000,,,,0,0,0,0,0,0,1,0,0,0,1
578,Балейский муниципальный район,Забайкальский край,муниципальный район,,76606000,76606000.0,15274.0,,0,0,0,0,0,0,1,0,0,0,1
579,Борзинский муниципальный район,Забайкальский край,муниципальный район,,76609000,76609000.0,43803.0,2.0,0,0,0,0,0,0,1,0,0,0,1
580,Газимуро-Заводский муниципальный округ,Забайкальский край,муниципальный округ,,76510000,76510000.0,7885.0,,0,0,0,0,0,0,1,0,0,0,1
581,Забайкальский муниципальный район,Забайкальский край,муниципальный район,,76612000,76612000.0,19300.0,,0,0,0,0,0,0,1,0,0,0,0
582,Каларский муниципальный округ,Забайкальский край,муниципальный округ,,76515000,76515000.0,7207.0,,1,0,0,0,0,0,1,0,0,0,0
583,Калганский муниципальный округ,Забайкальский край,муниципальный округ,,76518000,76518000.0,5488.0,,0,0,0,0,0,0,1,0,0,0,1
584,Карымский муниципальный район,Забайкальский край,муниципальный район,,76620000,76620000.0,33483.0,,0,0,0,0,0,0,1,0,0,0,1
585,муниципальный район Город Краснокаменск и Краснокаменский район,Забайкальский край,муниципальный район,,76621000,76621000.0,55782.0,1.0,0,0,0,0,0,0,0,0,0,0,0
586,Красночикойский муниципальный район,Забайкальский край,муниципальный район,,76622000,76622000.0,15817.0,,0,0,0,0,0,0,1,0,0,0,0
587,Кыринский муниципальный район,Забайкальский край,муниципальный район,,76624000,76624000.0,9949.0,,0,0,0,0,0,0,1,0,0,0,1
588,Могочинский муниципальный округ,Забайкальский край,муниципальный округ,,76526000,76526000.0,20767.0,,0,0,0,0,0,0,1,0,0,0,0
589,Нерчинский муниципальный район,Забайкальский край,муниципальный район,,76628000,76628000.0,26450.0,,0,0,0,0,0,0,1,0,0,0,1
590,Нерчинско-Заводский муниципальный район,Забайкальский край,муниципальный район,,76630000,,,,0,0,0,0,0,0,1,0,0,0,0
591,Оловяннинский муниципальный район,Забайкальский край,муниципальный район,,76632000,76632000.0,29773.0,,0,0,0,0,0,0,1,0,0,0,0
592,Ононский муниципальный округ,Забайкальский край,муниципальный округ,,76534000,76534000.0,8214.0,,0,0,0,0,0,0,1,0,0,0,1
593,Петровск-Забайкальский муниципальный район,Забайкальский край,муниципальный район,,76636000,76636000.0,14576.0,1.0,0,0,0,0,0,0,0,0,0,0,0
594,Приаргунский муниципальный округ,Забайкальский край,муниципальный округ,,76538000,76538000.0,15082.0,,0,0,0,0,0,0,1,0,0,0,0
595,Сретенский муниципальный район,Забайкальский край,муниципальный район,,76640000,76640000.0,17869.0,2.0,0,0,0,0,0,0,1,0,0,0,1
597,Тунгокоченский муниципальный район,Забайкальский край,муниципальный район,,76644000,,,2.0,1,0,0,0,0,0,1,0,0,0,1
598,Улётовский муниципальный район,Забайкальский край,муниципальный район,,76646000,76646000.0,16787.0,,0,0,0,0,0,0,1,0,0,0,1
599,Хилокский муниципальный район,Забайкальский край,муниципальный район,,76647000,76647000.0,24713.0,,0,0,0,0,0,0,1,0,0,0,0
600,Чернышевский муниципальный район,Забайкальский край,муниципальный район,,76648000,76648000.0,29154.0,1.0,0,0,0,0,0,0,1,0,0,0,1
601,Читинский муниципальный район,Забайкальский край,муниципальный район,,76650000,76650000.0,71661.0,,0,0,0,0,0,0,0,0,0,0,0
602,Шелопугинский муниципальный район,Забайкальский край,муниципальный район,,76652000,76652000.0,5546.0,,0,0,0,0,0,0,1,0,0,0,1
603,Шилкинский муниципальный район,Забайкальский край,муниципальный район,,76654000,76654000.0,35034.0,1.0,0,0,0,0,0,0,1,0,0,0,1
604,городской округ поселок Агинское,Забайкальский край,городской округ,,76702000,,,,0,0,0,0,0,0,1,0,0,0,1
605,Агинский муниципальный район,Забайкальский край,муниципальный район,,76602000,,,,0,0,0,0,0,0,1,0,0,0,1
606,Дульдургинский муниципальный район,Забайкальский край,муниципальный район,,76611000,,,,0,0,0,0,0,0,1,0,0,0,1
607,Могойтуйский муниципальный район,Забайкальский край,муниципальный район,,76625000,,,,0,0,0,0,0,0,1,0,0,0,1
608,городской округ Петропавловск-Камчатский,Камчатский край,городской округ,административный_центр_субъекта,30701000,30701000.0,163152.0,,1,0,0,0,0,1,1,0,0,0,0
611,Быстринский муниципальный район,Камчатский край,муниципальный район,,30604000,30604000.0,2391.0,,1,0,0,0,0,0,1,0,0,0,1
612,Елизовский муниципальный район,Камчатский край,муниципальный район,,30607000,30607000.0,59889.0,,1,0,0,0,0,0,2,0,0,0,1
613,Мильковский муниципальный округ,Камчатский край,муниципальный округ,,30510000,30510000.0,8727.0,,1,0,0,0,0,0,1,0,0,0,1
614,Соболевский муниципальный район,Камчатский край,муниципальный район,,30613000,30613000.0,1979.0,,1,0,0,0,0,0,1,0,0,0,1
615,Усть-Большерецкий муниципальный район,Камчатский край,муниципальный район,,30616000,30616000.0,6069.0,,1,0,0,0,0,0,1,0,0,0,1
616,Усть-Камчатский муниципальный район,Камчатский край,муниципальный район,,30619000,30619000.0,8450.0,,1,0,0,0,0,0,2,0,0,0,0
618,Карагинский муниципальный район,Камчатский край,муниципальный район,,30824000,30824000.0,3457.0,,1,0,0,0,0,0,1,0,0,0,0
619,Олюторский муниципальный район,Камчатский край,муниципальный район,,30827000,30827000.0,3523.0,,1,0,0,0,0,0,1,0,0,0,1
620,Пенжинский муниципальный район,Камчатский край,муниципальный район,,30829000,30829000.0,1959.0,,1,0,0,0,0,0,1,0,0,0,1
621,Тигильский муниципальный район,Камчатский край,муниципальный район,,30832000,30832000.0,3662.0,,1,0,0,0,0,0,1,0,0,0,1
666,городской округ город Красноярск,Красноярский край,городской округ,административный_центр_субъекта,4701000,4701000.0,1206237.0,,0,0,0,0,0,1,1,1,0,0,0
667,городской округ город Ачинск,Красноярский край,городской округ,,4703000,4703000.0,101043.0,,0,0,0,0,0,0,1,0,0,0,1
668,городской округ город Боготол,Красноярский край,городской округ,,4706000,4706000.0,17509.0,,0,0,0,0,0,0,1,0,0,0,0
669,городской округ город Бородино,Красноярский край,городской округ,,4707000,4707000.0,14967.0,2.0,0,0,0,0,0,0,1,0,0,0,1
670,городской округ город Дивногорск,Красноярский край,городской округ,,4709000,4709000.0,31561.0,,0,0,0,0,0,0,0,0,0,0,0
671,городской округ город Енисейск,Красноярский край,городской округ,,4712000,4712000.0,17843.0,,1,0,0,0,0,0,1,0,0,0,0
674,городской округ город Канск,Красноярский край,городской округ,,4720000,4720000.0,85587.0,,0,0,0,0,0,0,1,0,0,0,1
675,городской округ город Лесосибирск,Красноярский край,городской округ,,4722000,4722000.0,58714.0,3.0,1,0,0,0,0,0,1,0,0,0,0
676,городской округ город Минусинск,Красноярский край,городской округ,,4723000,4723000.0,71318.0,,0,0,0,0,0,0,1,0,0,0,1
677,городской округ город Назарово,Красноярский край,городской округ,,4726000,4726000.0,44261.0,,0,0,0,0,0,0,1,0,0,0,1
678,городской округ город Норильск,Красноярский край,городской округ,,4729000,4729000.0,177427.0,3.0,1,1,0,1,0,0,1,0,0,0,0
679,городской округ город Сосновоборск,Красноярский край,городской округ,,4733000,4733000.0,40913.0,,0,0,0,0,0,0,0,0,0,0,0
680,городской округ город Шарыпово,Красноярский край,городской округ,,4740000,4740000.0,40739.0,,0,0,0,0,0,0,1,0,0,0,1
681,городской округ поселок Кедровый,Красноярский край,городской округ,,4775000,4775000.0,3769.0,,0,0,0,0,0,0,0,0,0,0,0
683,Абанский муниципальный район,Красноярский край,муниципальный район,,4601000,4601000.0,17763.0,,0,0,0,0,0,0,0,0,0,0,0
685,Балахтинский муниципальный район,Красноярский край,муниципальный район,,4604000,4604000.0,17854.0,,0,0,0,0,0,0,1,0,0,0,1
686,Березовский муниципальный район,Красноярский край,муниципальный район,,4605000,4605000.0,40429.0,,0,0,0,0,0,0,0,0,0,0,0
687,Бирилюсский муниципальный район,Красноярский край,муниципальный район,,4606000,4606000.0,7924.0,,0,0,0,0,0,0,0,0,0,0,0
688,Боготольский муниципальный район,Красноярский край,муниципальный район,,4608000,4608000.0,7659.0,,0,0,0,0,0,0,0,0,0,0,0
689,Богучанский муниципальный район,Красноярский край,муниципальный район,,4609000,4609000.0,42225.0,,1,0,0,0,0,0,1,0,0,0,0
690,Большемуртинский муниципальный район,Красноярский край,муниципальный район,,4610000,4610000.0,13529.0,,0,0,0,0,0,0,0,0,0,0,0
691,Большеулуйский муниципальный район,Красноярский край,муниципальный район,,4611000,4611000.0,6681.0,,0,0,0,0,0,0,0,0,0,0,0
692,Дзержинский муниципальный район,Красноярский край,муниципальный район,,4613000,4613000.0,11389.0,,0,0,0,0,0,0,0,0,0,0,0
693,Емельяновский муниципальный район,Красноярский край,муниципальный район,,4614000,4614000.0,55572.0,,0,0,0,0,0,0,0,0,0,0,0
694,Енисейский муниципальный район,Красноярский край,муниципальный район,,4615000,4615000.0,21238.0,,1,0,0,0,0,0,0,0,0,0,0
695,Ермаковский муниципальный район,Красноярский край,муниципальный район,,4616000,4616000.0,17423.0,,0,0,0,0,0,0,1,0,0,0,1
696,Идринский муниципальный район,Красноярский край,муниципальный район,,4617000,4617000.0,10295.0,,0,0,0,0,0,0,0,0,0,0,0
697,Иланский муниципальный район,Красноярский край,муниципальный район,,4618000,4618000.0,22528.0,,0,0,0,0,0,0,1,0,0,0,0
698,Ирбейский муниципальный район,Красноярский край,муниципальный район,,4619000,4619000.0,12610.0,,0,0,0,0,0,0,0,0,0,0,0
699,Казачинский муниципальный район,Красноярский край,муниципальный район,,4620000,4620000.0,8558.0,,0,0,0,0,0,0,0,0,0,0,0
700,Канский муниципальный район,Красноярский край,муниципальный район,,4621000,4621000.0,21186.0,,0,0,0,0,0,0,0,0,0,0,0
701,Каратузский муниципальный район,Красноярский край,муниципальный район,,4622000,4622000.0,13157.0,,0,0,0,0,0,0,0,0,0,0,0
702,Кежемский муниципальный район,Красноярский край,муниципальный район,,4624000,4624000.0,16559.0,,1,0,0,0,0,0,1,0,0,0,1
703,Козульский муниципальный район,Красноярский край,муниципальный район,,4626000,4626000.0,11808.0,,0,0,0,0,0,0,1,0,0,0,0
704,Краснотуранский муниципальный район,Красноярский край,муниципальный район,,4628000,4628000.0,12848.0,,0,0,0,0,0,0,0,0,0,0,0
705,Курагинский муниципальный район,Красноярский край,муниципальный район,,4630000,4630000.0,39269.0,,0,0,0,0,0,0,1,0,0,0,1
706,Манский муниципальный район,Красноярский край,муниципальный район,,4631000,4631000.0,13436.0,,0,0,0,0,0,0,0,0,0,0,0
708,Мотыгинский муниципальный район,Красноярский край,муниципальный район,,4635000,4635000.0,12009.0,,1,0,0,0,0,0,0,0,0,0,0
709,Назаровский муниципальный район,Красноярский край,муниципальный район,,4637000,4637000.0,20200.0,,0,0,0,0,0,0,0,0,0,0,0
710,Нижнеингашский муниципальный район,Красноярский край,муниципальный район,,4639000,4639000.0,23480.0,,0,0,0,0,0,0,1,0,0,0,1
711,Новоселовский муниципальный район,Красноярский край,муниципальный район,,4641000,4641000.0,10619.0,,0,0,0,0,0,0,0,0,0,0,0
712,Партизанский муниципальный район,Красноярский край,муниципальный район,,4643000,4643000.0,7989.0,,0,0,0,0,0,0,0,0,0,0,0
713,Пировский муниципальный округ,Красноярский край,муниципальный округ,,4545000,4545000.0,5747.0,,0,0,0,0,0,0,0,0,0,0,0
714,Рыбинский муниципальный район,Красноярский край,муниципальный район,,4647000,4647000.0,29400.0,,0,0,0,0,0,0,0,0,0,0,0
715,Саянский муниципальный район,Красноярский край,муниципальный район,,4648000,4648000.0,9056.0,,0,0,0,0,0,0,0,0,0,0,0
716,Северо-Енисейский муниципальный район,Красноярский край,муниципальный район,,4649000,4649000.0,8308.0,,1,0,0,0,0,0,0,0,0,0,0
717,Сухобузимский муниципальный район,Красноярский край,муниципальный район,,4651000,4651000.0,18911.0,,0,0,0,0,0,0,0,0,0,0,0
718,Таймырский Долгано-Ненецкий муниципальный район,Красноярский край,муниципальный район,,4653000,4653000.0,29609.0,,1,1,0,1,0,0,3,0,0,0,1
719,Тасеевский муниципальный район,Красноярский край,муниципальный район,,4652000,4652000.0,9952.0,,0,0,0,0,0,0,0,0,0,0,0
720,Туруханский муниципальный район,Красноярский край,муниципальный район,,4654000,4654000.0,12684.0,,1,1,0,1,0,0,1,0,0,0,1
721,Тюхтетский муниципальный округ,Красноярский край,муниципальный округ,,4555000,4555000.0,7536.0,,0,0,0,0,0,0,0,0,0,0,0
722,Ужурский муниципальный район,Красноярский край,муниципальный район,,4656000,4656000.0,27453.0,,0,0,0,0,0,0,1,0,0,0,1
723,Уярский муниципальный район,Красноярский край,муниципальный район,,4657000,4657000.0,17912.0,,0,0,0,0,0,0,1,0,0,0,0
724,Шарыповский муниципальный округ,Красноярский край,муниципальный округ,,4558000,4558000.0,11390.0,,0,0,0,0,0,0,0,0,0,0,0
725,Шушенский муниципальный район,Красноярский край,муниципальный район,,4659000,4659000.0,30274.0,,0,0,0,0,0,0,1,0,0,0,1
726,Эвенкийский муниципальный район,Красноярский край,муниципальный район,,4650000,4650000.0,13258.0,,1,1,0,1,0,0,0,0,0,0,0
727,городской округ Пермский,Пермский край,городской округ,административный_центр_субъекта,57701000,57701000.0,1026912.0,,0,0,0,0,0,1,0,0,0,0,0
731,городской округ Лысьвенский,Пермский край,городской округ,,57726000,57726000.0,61124.0,,0,0,0,0,0,0,1,0,0,0,1
734,муниципальный округ Александровский,Пермский край,муниципальный округ,,57502000,57502000.0,22642.0,2.0,0,0,0,0,0,0,1,0,0,0,0
735,муниципальный округ Бардымский,Пермский край,муниципальный округ,,57503000,57503000.0,26262.0,,0,0,0,0,0,0,1,0,0,0,1
736,муниципальный округ Березовский,Пермский край,муниципальный округ,,57506000,57506000.0,13486.0,,0,0,0,0,0,0,1,0,0,0,1
737,муниципальный округ Большесосновский,Пермский край,муниципальный округ,,57508000,57508000.0,11730.0,,0,0,0,0,0,0,1,0,0,0,1
738,городской округ Верещагинский,Пермский край,городской округ,,57712000,57712000.0,38931.0,,0,0,0,0,0,0,1,0,0,0,1
739,городской округ Горнозаводский,Пермский край,городской округ,,57714000,57714000.0,21697.0,1.0,0,0,0,0,0,0,1,0,0,0,1
741,городской округ Добрянский,Пермский край,городской округ,,57718000,57718000.0,47730.0,,0,0,0,0,0,0,1,0,0,0,1
742,муниципальный округ Еловский,Пермский край,муниципальный округ,,57518000,57518000.0,8527.0,,0,0,0,0,0,0,1,0,0,0,1
743,городской округ Ильинский,Пермский край,городской округ,,57759000,57759000.0,17130.0,,0,0,0,0,0,0,1,0,0,0,1
744,муниципальный округ Карагайский,Пермский край,муниципальный округ,,57522000,57522000.0,19967.0,,0,0,0,0,0,0,1,0,0,0,1
745,городской округ город Кизел,Пермский край,городской округ,,57719000,57719000.0,17213.0,,0,0,0,0,0,0,1,0,0,0,1
746,муниципальный округ Кишертский,Пермский край,муниципальный округ,,57524000,57524000.0,10872.0,,0,0,0,0,0,0,1,0,0,0,1
747,городской округ Красновишерский,Пермский край,городской округ,,57760000,57760000.0,17217.0,1.0,0,0,0,0,0,0,1,0,0,0,1
748,городской округ Краснокамский,Пермский край,городской округ,,57720000,57720000.0,66475.0,,0,0,0,0,0,0,0,0,0,0,0
749,муниципальный округ Куединский,Пермский край,муниципальный округ,,57529000,57529000.0,22949.0,,0,0,0,0,0,0,1,0,0,0,1
751,городской округ Нытвенский,Пермский край,городской округ,,57727000,57727000.0,37780.0,1.0,0,0,0,0,0,0,1,0,0,0,1
752,городской округ Октябрьский,Пермский край,городской округ,,57761000,57761000.0,23944.0,,0,0,0,0,0,0,1,0,0,0,1
753,муниципальный округ Ординский,Пермский край,муниципальный округ,,57538000,57538000.0,13958.0,,0,0,0,0,0,0,1,0,0,0,1
754,городской округ Осинский,Пермский край,городской округ,,57728000,57728000.0,26196.0,,0,0,0,0,0,0,1,0,0,0,1
755,городской округ Оханский,Пермский край,городской округ,,57729000,57729000.0,14030.0,,0,0,0,0,0,0,1,0,0,0,1
756,городской округ Очерский,Пермский край,городской округ,,57762000,57762000.0,22301.0,1.0,0,0,0,0,0,0,1,0,0,0,1
757,муниципальный округ Пермский,Пермский край,муниципальный округ,,57546000,57546000.0,128718.0,2.0,0,0,0,0,0,0,1,1,0,0,0
758,муниципальный округ Сивинский,Пермский край,муниципальный округ,,57548000,57548000.0,11869.0,,0,0,0,0,0,0,1,0,0,0,1
760,городской округ Суксунский,Пермский край,городской округ,,57731000,57731000.0,18094.0,,0,0,0,0,0,0,1,0,0,0,1
761,муниципальный округ Уинский,Пермский край,муниципальный округ,,57552000,57552000.0,9728.0,,0,0,0,0,0,0,1,0,0,0,1
763,городской округ Чайковский,Пермский край,городской округ,,57735000,57735000.0,93785.0,,0,0,0,0,0,0,1,0,0,0,0
764,муниципальный округ Частинский,Пермский край,муниципальный округ,,57555000,57555000.0,11783.0,,0,0,0,0,0,0,1,0,0,0,1
765,городской округ Чердынский,Пермский край,городской округ,,57756000,57756000.0,14730.0,,0,0,0,0,0,0,1,0,0,0,1
766,городской округ Чернушинский,Пермский край,городской округ,,57757000,57757000.0,50392.0,,0,0,0,0,0,0,1,0,0,0,1
767,городской округ Чусовской,Пермский край,городской округ,,57758000,57758000.0,63686.0,1.0,0,0,0,0,0,0,1,0,0,0,0
769,муниципальный округ Гайнский,Пермский край,муниципальный округ,,57513000,57513000.0,11679.0,,1,0,0,0,0,0,1,0,0,0,1
770,муниципальный округ Косинский,Пермский край,муниципальный округ,,57525000,57525000.0,5543.0,,1,0,0,0,0,0,1,0,0,0,1
771,муниципальный округ Кочевский,Пермский край,муниципальный округ,,57526000,57526000.0,9259.0,,1,0,0,0,0,0,1,0,0,0,1
773,муниципальный округ Юрлинский,Пермский край,муниципальный округ,,57559000,57559000.0,8439.0,,0,0,0,0,0,0,1,0,0,0,1
774,муниципальный округ Юсьвинский,Пермский край,муниципальный округ,,57560000,57560000.0,16182.0,,0,0,0,0,0,0,1,0,0,0,1
775,городской округ Владивостокский,Приморский край,городской округ,административный_центр_субъекта,5701000,5701000.0,622782.0,,0,0,0,0,0,1,1,1,0,0,0
776,городской округ Арсеньевский,Приморский край,городской округ,,5703000,5703000.0,47015.0,2.0,0,0,0,0,0,0,1,0,0,0,0
777,городской округ Артемовский,Приморский край,городской округ,,5705000,5705000.0,117762.0,,0,0,0,0,0,0,1,0,1,0,0
778,городской округ Большой Камень,Приморский край,городской округ,,5706000,5706000.0,42502.0,,0,0,0,0,0,0,1,0,0,0,0
779,городской округ Дальнегорский,Приморский край,городской округ,,5707000,5707000.0,38543.0,1.0,1,0,0,0,0,0,1,0,0,0,1
780,городской округ Дальнереченский,Приморский край,городской округ,,5708000,5708000.0,24564.0,,0,0,0,0,0,0,1,0,0,0,0
781,городской округ Лесозаводский,Приморский край,городской округ,,5711000,5711000.0,39685.0,,0,0,0,0,0,0,1,0,0,0,0
782,городской округ Находкинский,Приморский край,городской округ,,5714000,5714000.0,135345.0,,0,0,0,0,0,0,1,0,0,0,0
783,городской округ Партизанский,Приморский край,городской округ,,5717000,5717000.0,39132.0,,0,0,0,0,0,0,0,0,0,0,0
784,городской округ Спасск-Дальний,Приморский край,городской округ,,5720000,5720000.0,34822.0,2.0,0,0,0,0,0,0,1,0,0,0,0
785,городской округ Уссурийский,Приморский край,городской округ,,5723000,5723000.0,205435.0,,0,0,0,0,0,0,1,0,0,0,0
787,Анучинский муниципальный округ,Приморский край,муниципальный округ,,5502000,5502000.0,12237.0,,0,0,0,0,0,0,0,0,0,0,0
788,Дальнереченский муниципальный район,Приморский край,муниципальный район,,5607000,5607000.0,7793.0,,0,0,0,0,0,0,0,0,0,0,0
789,Кавалеровский муниципальный округ,Приморский край,муниципальный округ,,5510000,5510000.0,20727.0,,1,0,0,0,0,0,0,0,0,0,0
790,Кировский муниципальный район,Приморский край,муниципальный район,,5612000,5612000.0,17312.0,,0,0,0,0,0,0,0,0,0,0,0
791,Красноармейский муниципальный округ,Приморский край,муниципальный округ,,5514000,5514000.0,13859.0,2.0,1,0,0,0,0,0,0,0,0,0,0
792,Лазовский муниципальный округ,Приморский край,муниципальный округ,,5517000,5517000.0,11848.0,,0,0,0,0,0,0,0,0,0,0,0
793,Михайловский муниципальный район,Приморский край,муниципальный район,,5620000,5620000.0,28474.0,2.0,0,0,0,0,0,0,1,0,0,0,1
794,Надеждинский муниципальный район,Приморский край,муниципальный район,,5623000,5623000.0,41960.0,,0,0,0,0,0,0,0,0,0,0,0
795,Октябрьский муниципальный округ,Приморский край,муниципальный округ,,5526000,5526000.0,22743.0,2.0,0,0,0,0,0,0,1,0,0,0,0
796,Ольгинский муниципальный округ,Приморский край,муниципальный округ,,5528000,5528000.0,7209.0,,1,0,0,0,0,0,0,0,0,0,0
797,Партизанский муниципальный округ,Приморский край,муниципальный округ,,5530000,5530000.0,29888.0,,0,0,0,0,0,0,1,0,0,0,0
798,Пограничный муниципальный округ,Приморский край,муниципальный округ,,5532000,5532000.0,18096.0,,0,0,0,0,0,0,2,0,0,0,0
799,Пожарский муниципальный округ,Приморский край,муниципальный округ,,5534000,5534000.0,24093.0,1.0,0,0,0,0,0,0,1,0,0,0,1
800,Спасский муниципальный район,Приморский край,муниципальный район,,5637000,5637000.0,19870.0,,0,0,0,0,0,0,0,0,0,0,0
801,Тернейский муниципальный округ,Приморский край,муниципальный округ,,5540000,5540000.0,9728.0,,1,0,0,0,0,0,0,0,0,0,0
802,Ханкайский муниципальный округ,Приморский край,муниципальный округ,,5546000,5546000.0,17049.0,,0,0,0,0,0,0,0,0,0,0,0
803,Хасанский муниципальный округ,Приморский край,муниципальный округ,,5548000,5548000.0,24400.0,,0,0,0,0,0,0,1,0,0,0,0
804,Хорольский муниципальный округ,Приморский край,муниципальный округ,,5550000,5550000.0,24478.0,1.0,0,0,0,0,0,0,0,0,0,0,0
805,Черниговский муниципальный округ,Приморский край,муниципальный округ,,5553000,5553000.0,25893.0,,0,0,0,0,0,0,0,0,0,0,0
806,Чугуевский муниципальный округ,Приморский край,муниципальный округ,,5555000,5555000.0,21090.0,,0,0,0,0,0,0,1,0,0,0,1
807,Шкотовский муниципальный округ,Приморский край,муниципальный округ,,5557000,5557000.0,21051.0,,0,0,0,0,0,0,0,0,0,0,0
808,Яковлевский муниципальный округ,Приморский край,муниципальный округ,,5559000,5559000.0,11970.0,,0,0,0,0,0,0,0,0,0,0,0
809,городской округ город Ставрополь,Ставропольский край,городской округ,административный_центр_субъекта,7701000,7701000.0,557402.0,,0,0,0,0,0,1,1,1,0,0,0
810,Благодарненский муниципальный округ,Ставропольский край,муниципальный округ,,7510000,7510000.0,57014.0,,0,0,0,0,0,0,1,0,0,0,1
811,Георгиевский муниципальный округ,Ставропольский край,муниципальный округ,,7515000,7515000.0,157898.0,,0,0,0,0,0,0,1,0,1,0,0
812,городской округ город-курорт Ессентуки,Ставропольский край,городской округ,,7710000,7710000.0,123138.0,,0,0,0,0,0,0,1,0,1,0,0
813,городской округ город-курорт Железноводск,Ставропольский край,городской округ,,7712000,7712000.0,50082.0,,0,0,0,0,0,0,0,0,0,0,0
814,Изобильненский муниципальный округ,Ставропольский край,муниципальный округ,,7520000,7520000.0,104095.0,,0,0,0,0,0,0,1,0,0,0,1
815,Ипатовский муниципальный округ,Ставропольский край,муниципальный округ,,7522000,7522000.0,56684.0,,0,0,0,0,0,0,1,0,0,0,1
817,Кировский муниципальный округ,Ставропольский край,муниципальный округ,,7525000,7525000.0,66369.0,,0,0,0,0,0,0,1,0,0,0,1
818,городской округ город Лермонтов,Ставропольский край,городской округ,,7718000,7718000.0,24717.0,,0,0,0,0,0,0,0,0,0,0,0
819,Минераловодский муниципальный округ,Ставропольский край,муниципальный округ,,7539000,7539000.0,130865.0,,0,0,0,0,0,0,1,0,1,0,0
820,городской округ город Невинномысск,Ставропольский край,городской округ,,7724000,7724000.0,114556.0,2.0,0,0,0,0,0,0,1,0,0,0,0
821,Нефтекумский муниципальный округ,Ставропольский край,муниципальный округ,,7541000,7541000.0,59801.0,,0,0,0,0,0,0,1,0,0,0,1
822,Новоалександровский муниципальный округ,Ставропольский край,муниципальный округ,,7543000,7543000.0,62246.0,,0,0,0,0,0,0,1,0,0,0,1
823,Петровский муниципальный округ,Ставропольский край,муниципальный округ,,7546000,7546000.0,68240.0,,0,0,0,0,0,0,1,0,0,0,1
824,городской округ город-курорт Пятигорск,Ставропольский край,городской округ,,7727000,7727000.0,211692.0,,0,0,0,0,0,0,1,1,0,0,0
825,Советский муниципальный округ,Ставропольский край,муниципальный округ,,7550000,7550000.0,57692.0,,0,0,0,0,0,0,1,0,0,0,1
826,Александровский муниципальный округ,Ставропольский край,муниципальный округ,,7502000,7502000.0,46217.0,,0,0,0,0,0,0,1,0,0,0,1
827,Андроповский муниципальный округ,Ставропольский край,муниципальный округ,,7503000,7503000.0,33305.0,,0,0,0,0,0,0,1,0,0,0,1
828,Апанасенковский муниципальный округ,Ставропольский край,муниципальный округ,,7505000,7505000.0,29279.0,,0,0,0,0,0,0,1,0,0,0,1
829,Арзгирский муниципальный округ,Ставропольский край,муниципальный округ,,7507000,7507000.0,22666.0,,0,0,0,0,0,0,1,0,0,0,1
830,Будённовский муниципальный округ,Ставропольский край,муниципальный округ,,7512000,7512000.0,106466.0,,0,0,0,0,0,0,1,0,0,0,0
831,Грачёвский муниципальный округ,Ставропольский край,муниципальный округ,,7517000,7517000.0,37958.0,,0,0,0,0,0,0,1,0,0,0,1
832,Кочубеевский муниципальный округ,Ставропольский край,муниципальный округ,,7528000,7528000.0,77707.0,,0,0,0,0,0,0,1,0,0,0,1
833,Красногвардейский муниципальный округ,Ставропольский край,муниципальный округ,,7530000,7530000.0,35678.0,,0,0,0,0,0,0,1,0,0,0,1
834,Курский муниципальный округ,Ставропольский край,муниципальный округ,,7533000,7533000.0,52260.0,,0,0,0,0,0,0,1,0,0,0,1
835,Левокумский муниципальный округ,Ставропольский край,муниципальный округ,,7536000,7536000.0,34715.0,,0,0,0,0,0,0,1,0,0,0,1
836,Новоселицкий муниципальный округ,Ставропольский край,муниципальный округ,,7544000,7544000.0,24490.0,,0,0,0,0,0,0,1,0,0,0,1
838,Степновский муниципальный округ,Ставропольский край,муниципальный округ,,7552000,7552000.0,20369.0,,0,0,0,0,0,0,1,0,0,0,1
839,Труновский муниципальный округ,Ставропольский край,муниципальный округ,,7554000,7554000.0,32211.0,,0,0,0,0,0,0,1,0,0,0,1
840,Туркменский муниципальный округ,Ставропольский край,муниципальный округ,,7556000,7556000.0,22025.0,,0,0,0,0,0,0,1,0,0,0,1
841,Шпаковский муниципальный округ,Ставропольский край,муниципальный округ,,7558000,7558000.0,165229.0,,0,0,0,0,0,0,1,0,1,0,0
842,городской округ город Хабаровск,Хабаровский край,городской округ,административный_центр_субъекта,8701000,8701000.0,615570.0,,0,0,0,0,0,1,1,1,0,0,0
843,городской округ город Комсомольск-на-Амуре,Хабаровский край,городской округ,,8709000,8709000.0,235488.0,,1,0,0,0,0,0,1,0,0,0,0
844,Амурский муниципальный район,Хабаровский край,муниципальный район,,8603000,8603000.0,55970.0,2.0,1,0,0,0,0,0,2,0,0,0,1
846,Бикинский муниципальный район,Хабаровский край,муниципальный район,,8609000,8609000.0,21147.0,,0,0,0,0,0,0,1,0,0,0,0
847,Ванинский муниципальный район,Хабаровский край,муниципальный район,,8612000,8612000.0,33535.0,,1,0,0,0,0,0,1,0,0,0,0
848,Верхнебуреинский муниципальный район,Хабаровский край,муниципальный район,,8614000,8614000.0,24441.0,1.0,1,0,0,0,0,0,1,0,0,0,0
849,Вяземский муниципальный район,Хабаровский край,муниципальный район,,8617000,8617000.0,19202.0,,0,0,0,0,0,0,1,0,0,0,0
850,Комсомольский муниципальный район,Хабаровский край,муниципальный район,,8620000,8620000.0,24386.0,,1,0,0,0,0,0,2,0,0,0,0
851,муниципальный район имени Лазо,Хабаровский край,муниципальный район,,8624000,8624000.0,37861.0,,0,0,0,0,0,0,0,0,0,0,0
852,Нанайский муниципальный район,Хабаровский край,муниципальный район,,8628000,8628000.0,13922.0,,0,0,0,0,0,0,1,0,0,0,0
853,Николаевский муниципальный район,Хабаровский край,муниципальный район,,8631000,8631000.0,23555.0,,1,0,0,0,0,0,1,0,0,0,1
854,Охотский муниципальный округ,Хабаровский край,муниципальный округ,,8534000,8534000.0,6326.0,,1,0,0,0,0,0,1,0,0,0,1
855,муниципальный район имени Полины Осипенко,Хабаровский край,муниципальный район,,8637000,8637000.0,3532.0,,1,0,0,0,0,0,1,0,0,0,1
856,Советско-Гаванский муниципальный район,Хабаровский край,муниципальный район,,8642000,8642000.0,36352.0,,1,0,0,0,0,0,1,0,0,0,0
857,Солнечный муниципальный район,Хабаровский край,муниципальный район,,8644000,8644000.0,26843.0,,1,0,0,0,0,0,1,0,0,0,1
858,Тугуро-Чумиканский муниципальный район,Хабаровский край,муниципальный район,,8646000,8646000.0,1859.0,,1,0,0,0,0,0,1,0,0,0,1
859,Ульчский муниципальный район,Хабаровский край,муниципальный район,,8650000,8650000.0,13977.0,,1,0,0,0,0,0,2,0,0,0,1
860,Хабаровский муниципальный район,Хабаровский край,муниципальный район,,8655000,8655000.0,82380.0,,0,0,0,0,0,0,1,0,1,0,0
862,городской округ город Белогорск,Амурская область,городской округ,,10710000,10710000.0,60565.0,2.0,0,0,0,0,0,0,1,0,0,0,0
863,городской округ город Зея,Амурская область,городской округ,,10712000,10712000.0,18669.0,,1,0,0,0,0,0,1,0,0,0,1
864,городской округ город Райчихинск,Амурская область,городской округ,,10720000,10720000.0,17229.0,1.0,0,0,0,0,0,0,1,0,0,0,1
865,городской округ город Свободный,Амурская область,городской округ,,10730000,10730000.0,48637.0,1.0,0,0,0,0,0,0,1,0,0,0,0
866,городской округ город Тында,Амурская область,городской округ,,10732000,10732000.0,27796.0,2.0,1,0,0,0,0,0,1,0,0,0,0
867,городской округ город Шимановск,Амурская область,городской округ,,10740000,10740000.0,16036.0,,0,0,0,0,0,0,1,0,0,0,0
868,городской округ рабочий поселок (поселок городского типа) Прогресс,Амурская область,городской округ,,10775000,10775000.0,10872.0,,0,0,0,0,0,0,0,0,0,0,0
870,Архаринский муниципальный округ,Амурская область,муниципальный округ,,10505000,10505000.0,12372.0,,0,0,0,0,0,0,1,0,0,0,1
871,Белогорский муниципальный округ,Амурская область,муниципальный округ,,10508000,10508000.0,17004.0,,0,0,0,0,0,0,0,0,0,0,0
872,Благовещенский муниципальный округ,Амурская область,муниципальный округ,,10511000,10511000.0,35810.0,,0,0,0,0,0,0,1,0,0,0,0
873,Бурейский муниципальный округ,Амурская область,муниципальный округ,,10515000,10515000.0,16566.0,,0,0,0,0,0,0,1,0,0,0,1
874,Завитинский муниципальный округ,Амурская область,муниципальный округ,,10521000,10521000.0,11590.0,,0,0,0,0,0,0,1,0,0,0,1
875,Зейский муниципальный округ,Амурская область,муниципальный округ,,10525000,10525000.0,11287.0,,1,0,0,0,0,0,0,0,0,0,0
876,Ивановский муниципальный округ,Амурская область,муниципальный округ,,10528000,10528000.0,20785.0,,0,0,0,0,0,0,1,0,0,0,1
877,Константиновский муниципальный район,Амурская область,муниципальный район,,10630000,10630000.0,10666.0,,0,0,0,0,0,0,1,0,0,0,1
878,Магдагачинский муниципальный район,Амурская область,муниципальный район,,10631000,10631000.0,16478.0,,0,0,0,0,0,0,1,0,0,0,1
879,Мазановский муниципальный район,Амурская область,муниципальный район,,10632000,10632000.0,9173.0,,0,0,0,0,0,0,1,0,0,0,1
880,Михайловский муниципальный район,Амурская область,муниципальный район,,10635000,10635000.0,12248.0,,0,0,0,0,0,0,1,0,0,0,0
881,Октябрьский муниципальный район,Амурская область,муниципальный район,,10638000,10638000.0,18390.0,,0,0,0,0,0,0,1,0,0,0,1
882,Ромненский муниципальный округ,Амурская область,муниципальный округ,,10540000,10540000.0,7209.0,,0,0,0,0,0,0,1,0,0,0,1
883,Свободненский муниципальный район,Амурская область,муниципальный район,,10642000,10642000.0,11318.0,,0,0,0,0,0,0,0,0,0,0,0
884,Селемджинский муниципальный район,Амурская область,муниципальный район,,10645000,,,,1,0,0,0,0,0,1,0,0,0,0
885,Серышевский муниципальный округ,Амурская область,муниципальный округ,,10547000,10547000.0,20859.0,,0,0,0,0,0,0,2,0,0,0,1
886,Сковородинский муниципальный округ,Амурская область,муниципальный округ,,10549000,10549000.0,19790.0,,0,0,0,0,0,0,1,0,0,0,0
887,Тамбовский муниципальный округ,Амурская область,муниципальный округ,,10551000,10551000.0,20385.0,,0,0,0,0,0,0,1,0,0,0,1
888,Тындинский муниципальный округ,Амурская область,муниципальный округ,,10554000,10554000.0,13370.0,,1,0,0,0,0,0,1,0,0,0,1
889,Шимановский муниципальный округ,Амурская область,муниципальный округ,,10555000,10555000.0,5003.0,,0,0,0,0,0,0,0,0,0,0,0
890,городской округ город Архангельск,Архангельская область,городской округ,административный_центр_субъекта,11701000,11701000.0,301376.0,,1,1,0,1,0,1,1,1,0,0,0
891,городской округ город Коряжма,Архангельская область,городской округ,,11708000,11708000.0,33663.0,2.0,1,0,0,0,0,0,1,0,0,0,1
892,городской округ Котлас,Архангельская область,городской округ,,11710000,11710000.0,66838.0,,1,0,0,0,0,0,1,0,0,0,0
895,городской округ город Новодвинск,Архангельская область,городской округ,,11715000,11715000.0,32639.0,2.0,1,1,0,1,0,0,1,0,1,0,0
896,городской округ Северодвинск,Архангельская область,городской округ,,11730000,11730000.0,156310.0,3.0,1,1,0,1,0,0,1,0,0,0,0
897,Вельский муниципальный район,Архангельская область,муниципальный район,,11605000,11605000.0,44862.0,,1,0,0,0,0,0,1,0,0,0,1
898,Верхнетоемский муниципальный округ,Архангельская область,муниципальный округ,,11508000,11508000.0,10925.0,,1,0,0,0,0,0,1,0,0,0,1
899,муниципальный округ Вилегодский,Архангельская область,муниципальный округ,,11511000,11511000.0,8586.0,,1,0,0,0,0,0,1,0,0,0,1
900,Виноградовский муниципальный округ,Архангельская область,муниципальный округ,,11514000,11514000.0,12371.0,,1,0,0,0,0,0,1,0,0,0,1
901,муниципальный округ Каргопольский,Архангельская область,муниципальный округ,,11518000,11518000.0,14660.0,,1,0,0,0,0,0,1,0,0,0,1
902,Коношский муниципальный район,Архангельская область,муниципальный район,,11622000,11622000.0,17807.0,,1,0,0,0,0,0,1,0,0,0,0
903,Котласский муниципальный округ,Архангельская область,муниципальный округ,,11527000,11527000.0,17119.0,,1,0,0,0,0,0,1,0,0,0,1
904,Красноборский муниципальный округ,Архангельская область,муниципальный округ,,11530000,11530000.0,10008.0,,1,0,0,0,0,0,1,0,0,0,1
905,Ленский муниципальный район,Архангельская область,муниципальный район,,11635000,11635000.0,9646.0,,1,0,0,0,0,0,1,0,0,0,1
907,Мезенский муниципальный округ,Архангельская область,муниципальный округ,,11542000,11542000.0,7098.0,,1,1,0,1,0,0,1,0,0,0,1
908,Няндомский муниципальный округ,Архангельская область,муниципальный округ,,11544000,11544000.0,22613.0,,1,0,0,0,0,0,1,0,0,0,0
909,Онежский муниципальный район,Архангельская область,муниципальный район,,11646000,11646000.0,23456.0,1.0,1,1,0,1,0,0,1,0,0,0,1
910,Пинежский муниципальный округ,Архангельская область,муниципальный округ,,11548000,11548000.0,17680.0,,1,1,0,1,0,0,1,0,0,0,1
911,Плесецкий муниципальный округ,Архангельская область,муниципальный округ,,11550000,11550000.0,33077.0,3.0,1,0,0,0,0,0,1,0,0,0,1
912,Приморский муниципальный округ,Архангельская область,муниципальный округ,,11552000,11552000.0,28908.0,,1,1,0,1,0,0,1,0,0,0,1
913,Устьянский муниципальный округ,Архангельская область,муниципальный округ,,11554000,11554000.0,23280.0,1.0,1,0,0,0,0,0,1,0,0,0,1
914,Холмогорский муниципальный округ,Архангельская область,муниципальный округ,,11556000,11556000.0,17957.0,,1,0,0,0,0,0,1,0,0,0,1
915,Шенкурский муниципальный округ,Архангельская область,муниципальный округ,,11558000,11558000.0,10436.0,,1,0,0,0,0,0,1,0,0,0,1
916,городской округ город Нарьян-Мар,Ненецкий автономный округ,городской округ,административный_центр_субъекта,11851000,11851000.0,24266.0,,1,0,1,1,0,1,1,0,0,0,0
917,муниципальный район Заполярный район,Ненецкий автономный округ,муниципальный район,,11811000,11811000.0,17958.0,,1,0,1,1,0,0,0,0,0,0,0
918,городской округ город Астрахань,Астраханская область,городской округ,административный_центр_субъекта,12701000,12701000.0,465524.0,,0,0,0,0,0,1,1,1,0,0,0
920,Ахтубинский муниципальный район,Астраханская область,муниципальный район,,12605000,12605000.0,57030.0,,0,0,0,0,0,0,1,0,0,0,0
921,Володарский муниципальный район,Астраханская область,муниципальный район,,12610000,12610000.0,44068.0,,0,0,0,0,0,0,0,0,0,0,0
922,Енотаевский муниципальный район,Астраханская область,муниципальный район,,12615000,12615000.0,25039.0,,0,0,0,0,0,0,0,0,0,0,0
923,Икрянинский муниципальный район,Астраханская область,муниципальный район,,12620000,12620000.0,47744.0,,0,0,0,0,0,0,1,0,1,0,0
924,Камызякский муниципальный район,Астраханская область,муниципальный район,,12625000,12625000.0,46892.0,,0,0,0,0,0,0,0,0,0,0,0
925,Красноярский муниципальный район,Астраханская область,муниципальный район,,12630000,12630000.0,35860.0,,0,0,0,0,0,0,0,0,0,0,0
926,Лиманский муниципальный район,Астраханская область,муниципальный район,,12635000,12635000.0,27717.0,,0,0,0,0,0,0,1,0,0,0,1
927,Наримановский муниципальный район,Астраханская область,муниципальный район,,12640000,12640000.0,47528.0,,0,0,0,0,0,0,1,0,1,0,0
928,Приволжский муниципальный район,Астраханская область,муниципальный район,,12642000,12642000.0,66669.0,,0,0,0,0,0,0,0,0,0,0,0
929,Харабалинский муниципальный район,Астраханская область,муниципальный район,,12645000,12645000.0,39434.0,,0,0,0,0,0,0,0,0,0,0,0
930,Черноярский муниципальный район,Астраханская область,муниципальный район,,12650000,12650000.0,19298.0,,0,0,0,0,0,0,0,0,0,0,0
986,городской округ город Владимир,Владимирская область,городской округ,административный_центр_субъекта,17701000,17701000.0,346685.0,,0,0,0,0,0,1,1,1,0,0,0
987,городской округ город Гусь-Хрустальный,Владимирская область,городской округ,,17720000,17720000.0,51182.0,,0,0,0,0,0,0,2,0,0,0,1
988,городской округ город Ковров,Владимирская область,городской округ,,17725000,17725000.0,128879.0,,0,0,0,0,0,0,1,0,0,0,0
989,городской округ округ Муром,Владимирская область,городской округ,,17735000,17735000.0,112091.0,,0,0,0,0,0,0,1,0,0,0,0
991,Александровский муниципальный район,Владимирская область,муниципальный район,,17605000,17605000.0,102657.0,,0,0,0,0,0,0,1,0,0,0,1
992,Вязниковский муниципальный район,Владимирская область,муниципальный район,,17610000,17610000.0,66875.0,2.0,0,0,0,0,0,0,1,0,0,0,1
993,Гороховецкий муниципальный район,Владимирская область,муниципальный район,,17615000,17615000.0,19901.0,1.0,0,0,0,0,0,0,1,0,0,0,0
994,Гусь-Хрустальный муниципальный район,Владимирская область,муниципальный район,,17620000,17620000.0,38749.0,1.0,0,0,0,0,0,0,0,0,0,0,0
995,Камешковский муниципальный район,Владимирская область,муниципальный район,,17625000,17625000.0,30466.0,1.0,0,0,0,0,0,0,1,0,0,0,0
996,Киржачский муниципальный район,Владимирская область,муниципальный район,,17630000,17630000.0,37950.0,,0,0,0,0,0,0,1,0,0,0,1
997,Ковровский муниципальный район,Владимирская область,муниципальный район,,17635000,17635000.0,29511.0,,0,0,0,0,0,0,1,0,0,0,0
998,Кольчугинский муниципальный район,Владимирская область,муниципальный район,,17640000,17640000.0,47188.0,3.0,0,0,0,0,0,0,1,0,0,0,1
999,Меленковский муниципальный район,Владимирская область,муниципальный район,,17642000,17642000.0,31240.0,2.0,0,0,0,0,0,0,1,0,0,0,1
1001,Петушинский муниципальный район,Владимирская область,муниципальный район,,17646000,17646000.0,58074.0,,0,0,0,0,0,0,1,0,0,0,1
1002,Селивановский муниципальный район,Владимирская область,муниципальный район,,17648000,17648000.0,16758.0,,0,0,0,0,0,0,1,0,0,0,1
1003,Собинский муниципальный район,Владимирская область,муниципальный район,,17650000,17650000.0,48500.0,3.0,0,0,0,0,0,0,2,0,1,0,1
1004,Судогодский муниципальный район,Владимирская область,муниципальный район,,17652000,17652000.0,34005.0,,0,0,0,0,0,0,1,0,0,0,1
1005,Суздальский муниципальный район,Владимирская область,муниципальный район,,17654000,17654000.0,46532.0,,0,0,0,0,0,0,1,0,0,0,1
1006,Юрьев-Польский муниципальный район,Владимирская область,муниципальный район,,17656000,17656000.0,30784.0,,0,0,0,0,0,0,1,0,0,0,1
1007,городской округ город-герой Волгоград,Волгоградская область,городской округ,административный_центр_субъекта,18701000,18701000.0,1018898.0,,0,0,0,0,0,1,1,1,0,0,0
1008,городской округ город Волжский,Волгоградская область,городской округ,,18710000,18710000.0,315220.0,,0,0,0,0,0,0,1,0,1,0,0
1009,городской округ город Камышин,Волгоградская область,городской округ,,18715000,18715000.0,105187.0,,0,0,0,0,0,0,1,0,0,0,1
1010,городской округ город Михайловка,Волгоградская область,городской округ,,18720000,18720000.0,82402.0,2.0,0,0,0,0,0,0,1,0,0,0,1
1011,городской округ город Урюпинск,Волгоградская область,городской округ,,18725000,18725000.0,35085.0,,0,0,0,0,0,0,1,0,0,0,1
1012,городской округ город Фролово,Волгоградская область,городской округ,,18728000,18728000.0,34173.0,2.0,0,0,0,0,0,0,1,0,0,0,1
1013,Алексеевский муниципальный район,Волгоградская область,муниципальный район,,18602000,18602000.0,14771.0,,0,0,0,0,0,0,1,0,0,0,1
1014,Быковский муниципальный район,Волгоградская область,муниципальный район,,18604000,18604000.0,24854.0,,0,0,0,0,0,0,1,0,0,0,1
1015,Городищенский муниципальный район,Волгоградская область,муниципальный район,,18605000,18605000.0,59927.0,,0,0,0,0,0,0,0,0,0,0,0
1016,Даниловский муниципальный район,Волгоградская область,муниципальный район,,18606000,18606000.0,12175.0,,0,0,0,0,0,0,1,0,0,0,1
1017,Дубовский муниципальный район,Волгоградская область,муниципальный район,,18608000,18608000.0,28637.0,,0,0,0,0,0,0,1,0,0,0,1
1018,Еланский муниципальный район,Волгоградская область,муниципальный район,,18610000,18610000.0,27976.0,,0,0,0,0,0,0,1,0,0,0,1
1019,Жирновский муниципальный район,Волгоградская область,муниципальный район,,18612000,18612000.0,35986.0,,0,0,0,0,0,0,1,0,0,0,1
1020,Иловлинский муниципальный район,Волгоградская область,муниципальный район,,18614000,18614000.0,30650.0,,0,0,0,0,0,0,1,0,0,0,1
1021,Калачевский муниципальный район,Волгоградская область,муниципальный район,,18616000,18616000.0,50507.0,,0,0,0,0,0,0,1,0,0,0,1
1022,Камышинский муниципальный район,Волгоградская область,муниципальный район,,18618000,18618000.0,41008.0,,0,0,0,0,0,0,1,0,0,0,0
1023,Киквидзенский муниципальный район,Волгоградская область,муниципальный район,,18620000,18620000.0,14536.0,,0,0,0,0,0,0,1,0,0,0,1
1024,Клетский муниципальный район,Волгоградская область,муниципальный район,,18622000,18622000.0,15893.0,,0,0,0,0,0,0,1,0,0,0,1
1025,Котельниковский муниципальный район,Волгоградская область,муниципальный район,,18624000,18624000.0,36842.0,,0,0,0,0,0,0,1,0,0,0,0
1026,Котовский муниципальный район,Волгоградская область,муниципальный район,,18626000,18626000.0,28608.0,,0,0,0,0,0,0,1,0,0,0,1
1027,Кумылженский муниципальный район,Волгоградская область,муниципальный район,,18646000,18646000.0,17511.0,,0,0,0,0,0,0,1,0,0,0,1
1028,Ленинский муниципальный район,Волгоградская область,муниципальный район,,18630000,18630000.0,27111.0,,0,0,0,0,0,0,1,0,0,0,1
1029,Нехаевский муниципальный район,Волгоградская область,муниципальный район,,18634000,18634000.0,12813.0,,0,0,0,0,0,0,1,0,0,0,1
1030,Николаевский муниципальный район,Волгоградская область,муниципальный район,,18636000,18636000.0,28193.0,,0,0,0,0,0,0,1,0,0,0,1
1031,Новоаннинский муниципальный район,Волгоградская область,муниципальный район,,18638000,18638000.0,31431.0,,0,0,0,0,0,0,1,0,0,0,1
1032,Новониколаевский муниципальный район,Волгоградская область,муниципальный район,,18640000,18640000.0,19463.0,,0,0,0,0,0,0,1,0,0,0,1
1033,Октябрьский муниципальный район,Волгоградская область,муниципальный район,,18642000,18642000.0,20005.0,,0,0,0,0,0,0,1,0,0,0,1
1034,Ольховский муниципальный район,Волгоградская область,муниципальный район,,18643000,18643000.0,15780.0,,0,0,0,0,0,0,1,0,0,0,1
1035,Палласовский муниципальный район,Волгоградская область,муниципальный район,,18645000,18645000.0,37911.0,,0,0,0,0,0,0,2,0,0,0,1
1036,Руднянский муниципальный район,Волгоградская область,муниципальный район,,18647000,18647000.0,14070.0,,0,0,0,0,0,0,1,0,0,0,1
1037,Светлоярский муниципальный район,Волгоградская область,муниципальный район,,18649000,18649000.0,33189.0,,0,0,0,0,0,0,0,0,0,0,0
1038,Серафимовичский муниципальный район,Волгоградская область,муниципальный район,,18650000,18650000.0,21811.0,,0,0,0,0,0,0,1,0,0,0,1
1039,Среднеахтубинский муниципальный район,Волгоградская область,муниципальный район,,18651000,18651000.0,61526.0,,0,0,0,0,0,0,0,0,0,0,0
1040,Старополтавский муниципальный район,Волгоградская область,муниципальный район,,18652000,18652000.0,16630.0,,0,0,0,0,0,0,1,0,0,0,1
1041,Суровикинский муниципальный район,Волгоградская область,муниципальный район,,18653000,18653000.0,33010.0,,0,0,0,0,0,0,1,0,0,0,1
1043,Фроловский муниципальный район,Волгоградская область,муниципальный район,,18656000,18656000.0,13721.0,,0,0,0,0,0,0,0,0,0,0,0
1044,Чернышковский муниципальный район,Волгоградская область,муниципальный район,,18658000,18658000.0,12986.0,,0,0,0,0,0,0,1,0,0,0,1
1047,Бабаевский муниципальный округ,Вологодская область,муниципальный округ,,19505000,19505000.0,18827.0,,0,0,0,0,0,0,1,0,0,0,0
1048,Бабушкинский муниципальный округ,Вологодская область,муниципальный округ,,19508000,19508000.0,9515.0,,0,0,0,0,0,0,1,0,0,0,1
1049,Белозерский муниципальный округ,Вологодская область,муниципальный округ,,19510000,19510000.0,13265.0,,0,0,0,0,0,0,1,0,0,0,1
1051,Великоустюгский муниципальный округ,Вологодская область,муниципальный округ,,19514000,19514000.0,49167.0,1.0,0,0,0,0,0,0,1,0,0,0,1
1052,Верховажский муниципальный округ,Вологодская область,муниципальный округ,,19516000,19516000.0,12428.0,,0,0,0,0,0,0,1,0,0,0,0
1053,Вожегодский муниципальный округ,Вологодская область,муниципальный округ,,19518000,19518000.0,13654.0,,0,0,0,0,0,0,1,0,0,0,1
1054,Вологодский муниципальный округ,Вологодская область,муниципальный округ,,19520000,19520000.0,52112.0,,0,0,0,0,0,0,1,1,0,0,0
1055,Вытегорский муниципальный район,Вологодская область,муниципальный район,,19622000,19622000.0,21919.0,,0,0,0,0,0,0,1,0,0,0,1
1056,Грязовецкий муниципальный округ,Вологодская область,муниципальный округ,,19524000,19524000.0,31660.0,,0,0,0,0,0,0,2,0,0,0,1
1057,Кадуйский муниципальный округ,Вологодская область,муниципальный округ,,19526000,19526000.0,16433.0,,0,0,0,0,0,0,1,0,0,0,1
1058,Кирилловский муниципальный округ,Вологодская область,муниципальный округ,,19528000,19528000.0,14038.0,,0,0,0,0,0,0,1,0,0,0,1
1059,Кичменгско-Городецкий муниципальный округ,Вологодская область,муниципальный округ,,19530000,19530000.0,14278.0,,0,0,0,0,0,0,1,0,0,0,1
1060,Междуреченский муниципальный округ,Вологодская область,муниципальный округ,,19532000,19532000.0,4834.0,,0,0,0,0,0,0,1,0,0,0,0
1061,Никольский муниципальный округ,Вологодская область,муниципальный округ,,19534000,19534000.0,18641.0,,0,0,0,0,0,0,1,0,0,0,1
1062,Нюксенский муниципальный округ,Вологодская область,муниципальный округ,,19536000,19536000.0,8427.0,,0,0,0,0,0,0,1,0,0,0,1
1063,Сокольский муниципальный округ,Вологодская область,муниципальный округ,,19538000,19538000.0,44621.0,2.0,0,0,0,0,0,0,1,0,0,0,1
1064,Сямженский муниципальный округ,Вологодская область,муниципальный округ,,19540000,19540000.0,8005.0,,0,0,0,0,0,0,1,0,0,0,1
1065,Тарногский муниципальный округ,Вологодская область,муниципальный округ,,19542000,19542000.0,10381.0,,0,0,0,0,0,0,1,0,0,0,1
1066,Тотемский муниципальный округ,Вологодская область,муниципальный округ,,19546000,19546000.0,21923.0,,0,0,0,0,0,0,1,0,0,0,1
1067,Усть-Кубинский муниципальный округ,Вологодская область,муниципальный округ,,19548000,19548000.0,7282.0,,0,0,0,0,0,0,1,0,0,0,1
1068,Устюженский муниципальный округ,Вологодская область,муниципальный округ,,19550000,19550000.0,15130.0,,0,0,0,0,0,0,1,0,0,0,1
1069,Харовский муниципальный округ,Вологодская область,муниципальный округ,,19552000,19552000.0,12814.0,,0,0,0,0,0,0,1,0,0,0,1
1070,Чагодощенский муниципальный округ,Вологодская область,муниципальный округ,,19554000,19554000.0,10919.0,1.0,0,0,0,0,0,0,1,0,0,0,1
1071,Череповецкий муниципальный район,Вологодская область,муниципальный район,,19656000,19656000.0,39202.0,1.0,0,0,0,0,0,0,1,1,0,0,0
1072,Шекснинский муниципальный район,Вологодская область,муниципальный район,,19658000,19658000.0,28758.0,,0,0,0,0,0,0,1,0,0,0,1
1107,городской округ Иваново,Ивановская область,городской округ,административный_центр_субъекта,24701000,24701000.0,358437.0,,0,0,0,0,0,1,1,1,0,0,0
1108,городской округ Вичуга,Ивановская область,городской округ,,24703000,24703000.0,29623.0,2.0,0,0,0,0,0,0,1,0,0,0,1
1109,городской округ Кинешма,Ивановская область,городской округ,,24705000,24705000.0,74804.0,,0,0,0,0,0,0,1,0,0,0,1
1110,городской округ Кохма,Ивановская область,городской округ,,24706000,24706000.0,30181.0,,0,0,0,0,0,0,1,0,1,0,0
1111,городской округ Тейково,Ивановская область,городской округ,,24707000,24707000.0,30506.0,3.0,0,0,0,0,0,0,1,0,0,0,0
1112,городской округ Шуя,Ивановская область,городской округ,,24711000,24711000.0,53312.0,,0,0,0,0,0,0,1,0,0,0,0
1113,Вичугский муниципальный район,Ивановская область,муниципальный район,,24601000,24601000.0,15732.0,1.0,0,0,0,0,0,0,0,0,0,0,0
1115,Гаврилово-Посадский муниципальный район,Ивановская область,муниципальный район,,24603000,24603000.0,11865.0,1.0,0,0,0,0,0,0,1,0,0,0,0
1116,Заволжский муниципальный район,Ивановская область,муниципальный район,,24605000,24605000.0,12153.0,,0,0,0,0,0,0,1,0,0,0,1
1117,Ивановский муниципальный район,Ивановская область,муниципальный район,,24607000,24607000.0,40478.0,,0,0,0,0,0,0,0,0,0,0,0
1118,Ильинский муниципальный район,Ивановская область,муниципальный район,,24609000,24609000.0,7336.0,,0,0,0,0,0,0,1,0,0,0,1
1119,Кинешемский муниципальный район,Ивановская область,муниципальный район,,24611000,24611000.0,17408.0,2.0,0,0,0,0,0,0,0,0,0,0,0
1120,Комсомольский муниципальный район,Ивановская область,муниципальный район,,24613000,24613000.0,19537.0,,0,0,0,0,0,0,1,0,0,0,1
1121,Лежневский муниципальный район,Ивановская область,муниципальный район,,24614000,24614000.0,14905.0,,0,0,0,0,0,0,1,0,0,0,1
1122,Лухский муниципальный район,Ивановская область,муниципальный район,,24615000,24615000.0,7399.0,,0,0,0,0,0,0,1,0,0,0,1
1123,Палехский муниципальный район,Ивановская область,муниципальный район,,24617000,24617000.0,8518.0,,0,0,0,0,0,0,1,0,0,0,1
1124,Пестяковский муниципальный район,Ивановская область,муниципальный район,,24619000,24619000.0,4744.0,,0,0,0,0,0,0,1,0,0,0,1
1125,Приволжский муниципальный район,Ивановская область,муниципальный район,,24620000,24620000.0,21589.0,2.0,0,0,0,0,0,0,1,0,0,0,1
1126,Пучежский муниципальный район,Ивановская область,муниципальный район,,24621000,24621000.0,10538.0,,0,0,0,0,0,0,1,0,0,0,1
1127,Родниковский муниципальный район,Ивановская область,муниципальный район,,24623000,24623000.0,29807.0,,0,0,0,0,0,0,1,0,0,0,0
1128,Савинский муниципальный район,Ивановская область,муниципальный район,,24625000,24625000.0,9719.0,1.0,0,0,0,0,0,0,1,0,0,0,1
1129,Тейковский муниципальный район,Ивановская область,муниципальный район,,24629000,24629000.0,9988.0,,0,0,0,0,0,0,0,0,0,0,0
1130,Фурмановский муниципальный район,Ивановская область,муниципальный район,,24631000,24631000.0,33630.0,3.0,0,0,0,0,0,0,1,0,0,0,1
1131,Шуйский муниципальный район,Ивановская область,муниципальный район,,24633000,24633000.0,19184.0,2.0,0,0,0,0,0,0,0,0,0,0,0
1132,Южский муниципальный район,Ивановская область,муниципальный район,,24635000,24635000.0,19100.0,1.0,0,0,0,0,0,0,1,0,0,0,1
1133,Юрьевецкий муниципальный район,Ивановская область,муниципальный район,,24637000,24637000.0,11464.0,,0,0,0,0,0,0,1,0,0,0,1
1134,городской округ город Иркутск,Иркутская область,городской округ,административный_центр_субъекта,25701000,,,,0,0,0,0,0,1,1,1,0,0,0
1135,городской округ Ангарский,Иркутская область,городской округ,,25703000,25703000.0,229085.0,,0,0,0,0,0,0,1,0,1,0,0
1136,городской округ город Братск,Иркутская область,городской округ,,25714000,25714000.0,220097.0,,1,0,0,0,0,0,1,0,0,0,1
1137,городской округ Зима,Иркутская область,городской округ,,25720000,25720000.0,29877.0,,0,0,0,0,0,0,0,0,0,0,0
1138,городской округ город Саянск,Иркутская область,городской округ,,25726000,25726000.0,35724.0,2.0,0,0,0,0,0,0,1,0,0,0,1
1139,городской округ город Тулун,Иркутская область,городской округ,,25732000,25732000.0,37583.0,1.0,0,0,0,0,0,0,1,0,0,0,0
1140,городской округ город Усолье-Сибирское,Иркутская область,городской округ,,25736000,25736000.0,72594.0,1.0,0,0,0,0,0,0,0,0,0,0,0
1141,городской округ город Усть-Илимск,Иркутская область,городской округ,,25738000,25738000.0,77762.0,2.0,1,0,0,0,0,0,1,0,0,0,0
1142,городской округ город Черемхово,Иркутская область,городской округ,,25745000,25745000.0,53160.0,2.0,0,0,0,0,0,0,1,0,0,0,1
1143,городской округ город Свирск,Иркутская область,городской округ,,25746000,25746000.0,15270.0,,0,0,0,0,0,0,1,0,0,0,1
1144,Балаганский муниципальный район,Иркутская область,муниципальный район,,25601000,25601000.0,8577.0,,0,0,0,0,0,0,1,0,0,0,1
1146,Братский муниципальный район,Иркутская область,муниципальный район,,25604000,25604000.0,47236.0,,1,0,0,0,0,0,1,0,0,0,1
1147,Жигаловский муниципальный район,Иркутская область,муниципальный район,,25606000,25606000.0,9747.0,,0,0,0,0,0,0,1,0,0,0,0
1148,Заларинский муниципальный район,Иркутская область,муниципальный район,,25608000,25608000.0,26236.0,,0,0,0,0,0,0,1,0,0,0,1
1149,Зиминский муниципальный район,Иркутская область,муниципальный район,,25610000,25610000.0,12070.0,,0,0,0,0,0,0,1,0,0,0,1
1150,Иркутский муниципальный район,Иркутская область,муниципальный район,,25612000,25612000.0,167989.0,,0,0,0,0,0,0,2,0,1,0,0
1151,Казачинско-Ленский муниципальный район,Иркутская область,муниципальный район,,25614000,25614000.0,14910.0,,1,0,0,0,0,0,1,0,0,0,0
1152,Катангский муниципальный район,Иркутская область,муниципальный район,,25616000,25616000.0,3016.0,,1,0,0,0,0,0,1,0,0,0,1
1153,Качугский муниципальный район,Иркутская область,муниципальный район,,25618000,25618000.0,15044.0,,0,0,0,0,0,0,1,0,0,0,1
1154,Киренский муниципальный район,Иркутская область,муниципальный район,,25620000,25620000.0,15936.0,,1,0,0,0,0,0,1,0,0,0,1
1155,Куйтунский муниципальный район,Иркутская область,муниципальный район,,25622000,25622000.0,26931.0,,0,0,0,0,0,0,1,0,0,0,1
1157,Нижнеилимский муниципальный район,Иркутская область,муниципальный район,,25626000,25626000.0,41873.0,2.0,1,0,0,0,0,0,2,0,0,0,1
1158,Нижнеудинский муниципальный район,Иркутская область,муниципальный район,,25628000,25628000.0,51698.0,,0,0,0,0,0,0,2,0,0,0,1
1159,Ольхонский муниципальный район,Иркутская область,муниципальный район,,25630000,25630000.0,10483.0,,0,0,0,0,0,0,1,0,0,0,1
1160,Слюдянский муниципальный район,Иркутская область,муниципальный район,,25634000,25634000.0,38424.0,1.0,0,0,0,0,0,0,2,0,0,0,1
1161,Тайшетский муниципальный район,Иркутская область,муниципальный район,,25636000,25636000.0,69773.0,,0,0,0,0,0,0,2,0,0,0,1
1162,Тулунский муниципальный район,Иркутская область,муниципальный район,,25638000,25638000.0,19137.0,,0,0,0,0,0,0,0,0,0,0,0
1163,Усольский муниципальный район,Иркутская область,муниципальный район,,25640000,25640000.0,47850.0,,0,0,0,0,0,0,0,0,0,0,0
1164,Усть-Илимский муниципальный район,Иркутская область,муниципальный район,,25642000,25642000.0,12734.0,,0,0,0,0,0,0,0,0,0,0,0
1165,Усть-Кутский муниципальный район,Иркутская область,муниципальный район,,25644000,25644000.0,41633.0,,1,0,0,0,0,0,0,0,0,0,0
1166,Усть-Удинский муниципальный район,Иркутская область,муниципальный район,,25646000,25646000.0,13291.0,,0,0,0,0,0,0,1,0,0,0,1
1167,Черемховский муниципальный район,Иркутская область,муниципальный район,,25648000,25648000.0,28180.0,,0,0,0,0,0,0,1,0,0,0,1
1168,Чунский муниципальный район,Иркутская область,муниципальный район,,25650000,25650000.0,26448.0,,0,0,0,0,0,0,1,0,0,0,1
1169,Шелеховский муниципальный район,Иркутская область,муниципальный район,,25655000,25655000.0,63683.0,3.0,0,0,0,0,0,0,1,0,1,0,0
1170,Аларский муниципальный район,Иркутская область,муниципальный район,,25605000,25605000.0,22320.0,,0,0,0,0,0,0,2,0,0,0,1
1171,Баяндаевский муниципальный район,Иркутская область,муниципальный район,,25607000,25607000.0,11534.0,,0,0,0,0,0,0,1,0,0,0,1
1172,Боханский муниципальный район,Иркутская область,муниципальный район,,25609000,25609000.0,25159.0,,0,0,0,0,0,0,1,0,0,0,1
1173,Нукутский муниципальный район,Иркутская область,муниципальный район,,25629000,25629000.0,14902.0,,0,0,0,0,0,0,1,0,0,0,1
1174,Осинский муниципальный район,Иркутская область,муниципальный район,,25631000,25631000.0,20704.0,,0,0,0,0,0,0,1,0,0,0,1
1175,Эхирит-Булагатский муниципальный район,Иркутская область,муниципальный район,,25657000,25657000.0,29626.0,,0,0,0,0,0,0,1,0,0,0,1
1176,городской округ город Калининград,Калининградская область,городской округ,административный_центр_субъекта,27701000,27701000.0,489584.0,,0,0,0,0,0,1,1,1,0,0,0
1177,городской округ Ладушкинский,Калининградская область,городской округ,,27711000,27711000.0,3745.0,,0,0,0,0,0,0,0,0,0,0,0
1178,городской округ Мамоновский,Калининградская область,городской округ,,27712000,27712000.0,8458.0,,0,0,0,0,0,0,1,0,0,0,0
1179,городской округ Пионерский,Калининградская область,городской округ,,27717000,27717000.0,12928.0,,0,0,0,0,0,0,1,0,0,0,0
1180,городской округ Светловский,Калининградская область,городской округ,,27725000,27725000.0,27486.0,,0,0,0,0,0,0,0,0,0,0,0
1181,городской округ Советский,Калининградская область,городской округ,,27730000,27730000.0,38474.0,,0,0,0,0,0,0,1,0,0,0,0
1182,городской округ Янтарный,Калининградская область,городской округ,,27740000,27740000.0,7206.0,,0,0,0,0,0,0,1,0,0,0,0
1183,муниципальный округ Багратионовский,Калининградская область,муниципальный округ,,27503000,27503000.0,32981.0,,0,0,0,0,0,0,1,0,0,0,0
1184,городской округ Балтийский,Калининградская область,городской округ,,27705000,27705000.0,29289.0,,0,0,0,0,0,0,1,0,0,0,0
1185,муниципальный округ Гвардейский,Калининградская область,муниципальный округ,,27506000,27506000.0,28931.0,,0,0,0,0,0,0,1,0,0,0,1
1186,муниципальный округ Гурьевский,Калининградская область,муниципальный округ,,27507000,27507000.0,110395.0,,0,0,0,0,0,0,1,0,1,0,0
1187,городской округ Гусевский,Калининградская область,городской округ,,27709000,27709000.0,37472.0,,0,0,0,0,0,0,1,0,0,0,0
1188,муниципальный округ Зеленоградский,Калининградская область,муниципальный округ,,27510000,27510000.0,39588.0,,0,0,0,0,0,0,1,0,0,0,1
1189,муниципальный округ Краснознаменский,Калининградская область,муниципальный округ,,27513000,27513000.0,10823.0,,0,0,0,0,0,0,1,0,0,0,1
1190,городской округ Светлогорский,Калининградская область,городской округ,,27734000,27734000.0,21165.0,,0,0,0,0,0,0,2,0,0,0,0
1191,муниципальный округ Неманский,Калининградская область,муниципальный округ,,27514000,27514000.0,15267.0,,0,0,0,0,0,0,1,0,0,0,0
1192,муниципальный округ Нестеровский,Калининградская область,муниципальный округ,,27515000,27515000.0,11632.0,,0,0,0,0,0,0,1,0,0,0,0
1193,муниципальный округ Озерский,Калининградская область,муниципальный округ,,27516000,27516000.0,12553.0,,0,0,0,0,0,0,1,0,0,0,1
1194,муниципальный округ Полесский,Калининградская область,муниципальный округ,,27518000,27518000.0,17007.0,,0,0,0,0,0,0,1,0,0,0,1
1195,муниципальный округ Правдинский,Калининградская область,муниципальный округ,,27519000,27519000.0,18045.0,,0,0,0,0,0,0,1,0,0,0,1
1196,муниципальный округ Славский,Калининградская область,муниципальный округ,,27527000,27527000.0,15573.0,,0,0,0,0,0,0,1,0,0,0,1
1197,муниципальный округ Черняховский,Калининградская область,муниципальный округ,,27539000,27539000.0,45312.0,,0,0,0,0,0,0,1,0,0,0,0
1198,городской округ город Калуга,Калужская область,городской округ,административный_центр_субъекта,29701000,29701000.0,351103.0,,0,0,0,0,0,1,1,1,0,0,0
1200,Бабынинский муниципальный район,Калужская область,муниципальный район,,29602000,29602000.0,20665.0,,0,0,0,0,0,0,1,0,1,0,0
1201,Барятинский муниципальный район,Калужская область,муниципальный район,,29604000,29604000.0,5446.0,,0,0,0,0,0,0,1,0,0,0,1
1203,Дзержинский муниципальный район,Калужская область,муниципальный район,,29608000,29608000.0,56426.0,2.0,0,0,0,0,0,0,1,0,0,0,1
1204,Думиничский муниципальный район,Калужская область,муниципальный район,,29610000,29610000.0,13284.0,,0,0,0,0,0,0,1,0,0,0,1
1205,Жиздринский муниципальный район,Калужская область,муниципальный район,,29612000,29612000.0,9807.0,,0,0,0,0,0,0,1,0,0,0,1
1206,Жуковский муниципальный район,Калужская область,муниципальный район,,29613000,29613000.0,60240.0,,0,0,0,0,0,0,1,0,0,0,1
1207,Кировский муниципальный район,Калужская область,муниципальный район,административный_центр_субъекта,29614000,29614000.0,37540.0,,0,0,0,0,0,1,0,0,0,0,0
1208,Износковский муниципальный район,Калужская область,муниципальный район,,29615000,29615000.0,6363.0,,0,0,0,0,0,0,1,0,0,0,1
1209,Козельский муниципальный район,Калужская область,муниципальный район,,29616000,29616000.0,38129.0,2.0,0,0,0,0,0,0,2,0,0,0,0
1210,Куйбышевский муниципальный район,Калужская область,муниципальный район,,29618000,29618000.0,7291.0,,0,0,0,0,0,0,1,0,0,0,1
1211,Людиновский муниципальный район,Калужская область,муниципальный район,,29620000,29620000.0,38134.0,,0,0,0,0,0,0,0,0,0,0,0
1212,Малоярославецкий муниципальный район,Калужская область,муниципальный район,,29623000,29623000.0,69194.0,,0,0,0,0,0,0,2,0,0,0,1
1213,Медынский муниципальный район,Калужская область,муниципальный район,,29625000,29625000.0,12187.0,,0,0,0,0,0,0,1,0,0,0,1
1214,Мещовский муниципальный район,Калужская область,муниципальный район,,29627000,29627000.0,11280.0,,0,0,0,0,0,0,1,0,0,0,1
1215,Мосальский муниципальный район,Калужская область,муниципальный район,,29629000,29629000.0,9032.0,,0,0,0,0,0,0,1,0,0,0,1
1216,Перемышльский муниципальный район,Калужская область,муниципальный район,,29632000,29632000.0,14402.0,,0,0,0,0,0,0,0,0,0,0,0
1217,Спас-Деменский муниципальный район,Калужская область,муниципальный район,,29634000,29634000.0,7334.0,,0,0,0,0,0,0,1,0,0,0,1
1218,Сухиничский муниципальный район,Калужская область,муниципальный район,,29636000,29636000.0,22227.0,,0,0,0,0,0,0,1,0,0,0,0
1219,Тарусский муниципальный район,Калужская область,муниципальный район,,29638000,29638000.0,16375.0,,0,0,0,0,0,0,1,0,0,0,1
1220,Ульяновский муниципальный район,Калужская область,муниципальный район,,29642000,29642000.0,6942.0,,0,0,0,0,0,0,1,0,0,0,1
1221,Ферзиковский муниципальный район,Калужская область,муниципальный район,,29644000,29644000.0,18112.0,,0,0,0,0,0,0,0,0,0,0,0
1222,Хвастовичский муниципальный район,Калужская область,муниципальный район,,29646000,29646000.0,9685.0,,0,0,0,0,0,0,1,0,0,0,1
1223,Юхновский муниципальный район,Калужская область,муниципальный район,,29650000,29650000.0,12596.0,,0,0,0,0,0,0,1,0,0,0,1
1224,городской округ Кемеровский,Кемеровская область,городской округ,административный_центр_субъекта,32701000,32701000.0,544600.0,,0,0,0,0,0,1,0,0,0,0,0
1225,городской округ Анжеро-Судженский,Кемеровская область,городской округ,,32704000,32704000.0,69293.0,1.0,0,0,0,0,0,0,1,0,0,0,0
1226,городской округ Беловский,Кемеровская область,городской округ,,32707000,32707000.0,119175.0,2.0,0,0,0,0,0,0,0,0,0,0,0
1227,городской округ Березовский,Кемеровская область,городской округ,,32710000,32710000.0,45757.0,2.0,0,0,0,0,0,0,1,0,0,0,1
1228,городской округ Калтанский,Кемеровская область,городской округ,,32715000,32715000.0,29026.0,1.0,0,0,0,0,0,0,1,0,0,0,1
1229,городской округ Киселевский,Кемеровская область,городской округ,,32716000,32716000.0,85300.0,1.0,0,0,0,0,0,0,1,0,0,0,1
1230,городской округ Ленинск-Кузнецкий,Кемеровская область,городской округ,,32719000,32719000.0,90570.0,2.0,0,0,0,0,0,0,0,0,0,0,0
1231,городской округ Междуреченский,Кемеровская область,городской округ,,32725000,32725000.0,96216.0,2.0,0,0,0,0,0,0,1,0,0,0,0
1232,городской округ Мысковский,Кемеровская область,городской округ,,32728000,32728000.0,41229.0,2.0,0,0,0,0,0,0,1,0,0,0,1
1233,городской округ Новокузнецкий,Кемеровская область,городской округ,,32731000,32731000.0,531186.0,3.0,0,0,0,0,0,0,0,0,0,0,0
1234,городской округ Осинниковский,Кемеровская область,городской округ,,32734000,32734000.0,43655.0,2.0,0,0,0,0,0,0,1,0,0,0,1
1235,городской округ Полысаевский,Кемеровская область,городской округ,,32732000,32732000.0,27901.0,2.0,0,0,0,0,0,0,0,0,0,0,0
1236,городской округ Прокопьевский,Кемеровская область,городской округ,,32737000,32737000.0,172618.0,1.0,0,0,0,0,0,0,0,0,0,0,0
1237,городской округ Тайгинский,Кемеровская область,городской округ,,32740000,32740000.0,23065.0,2.0,0,0,0,0,0,0,1,0,0,0,0
1238,городской округ Юргинский,Кемеровская область,городской округ,,32749000,32749000.0,78009.0,1.0,0,0,0,0,0,0,1,0,0,0,0
1240,Беловский муниципальный округ,Кемеровская область,муниципальный округ,,32501000,32501000.0,24823.0,,0,0,0,0,0,0,1,0,0,0,1
1241,Гурьевский муниципальный округ,Кемеровская область,муниципальный округ,,32502000,32502000.0,36402.0,1.0,0,0,0,0,0,0,1,0,0,0,1
1242,Ижморский муниципальный округ,Кемеровская область,муниципальный округ,,32504000,32504000.0,9689.0,,0,0,0,0,0,0,0,0,0,0,0
1243,Кемеровский муниципальный округ,Кемеровская область,муниципальный округ,,32507000,32507000.0,45263.0,,0,0,0,0,0,0,3,1,1,0,0
1244,Крапивинский муниципальный округ,Кемеровская область,муниципальный округ,,32510000,32510000.0,21713.0,,0,0,0,0,0,0,1,0,0,0,1
1245,Ленинск-Кузнецкий муниципальный округ,Кемеровская область,муниципальный округ,,32513000,32513000.0,21399.0,,0,0,0,0,0,0,1,0,0,0,1
1246,Мариинский муниципальный округ,Кемеровская область,муниципальный округ,,32516000,32516000.0,50597.0,2.0,0,0,0,0,0,0,1,0,0,0,1
1247,Новокузнецкий муниципальный округ,Кемеровская область,муниципальный округ,,32519000,32519000.0,51873.0,,0,0,0,0,0,0,1,1,0,0,0
1249,Промышленновский муниципальный округ,Кемеровская область,муниципальный округ,,32525000,32525000.0,45477.0,,0,0,0,0,0,0,1,0,0,0,1
1250,Таштагольский муниципальный район,Кемеровская область,муниципальный район,,32627000,32627000.0,48876.0,1.0,0,0,0,0,0,0,2,0,0,0,1
1251,Тисульский муниципальный округ,Кемеровская область,муниципальный округ,,32528000,32528000.0,17957.0,3.0,0,0,0,0,0,0,0,0,0,0,0
1252,Топкинский муниципальный округ,Кемеровская область,муниципальный округ,,32531000,32531000.0,40525.0,2.0,0,0,0,0,0,0,1,0,0,0,0
1253,Тяжинский муниципальный округ,Кемеровская область,муниципальный округ,,32534000,32534000.0,18381.0,,0,0,0,0,0,0,0,0,0,0,0
1254,Чебулинский муниципальный округ,Кемеровская область,муниципальный округ,,32537000,32537000.0,12997.0,,0,0,0,0,0,0,1,0,0,0,1
1256,Яйский муниципальный округ,Кемеровская область,муниципальный округ,,32543000,32543000.0,15502.0,,0,0,0,0,0,0,0,0,0,0,0
1257,Яшкинский муниципальный округ,Кемеровская область,муниципальный округ,,32546000,32546000.0,26089.0,2.0,0,0,0,0,0,0,1,0,0,0,1
1258,городской округ город Киров,Кировская область,городской округ,административный_центр_субъекта,33701000,33701000.0,500457.0,,0,0,0,0,0,1,1,1,0,0,0
1259,городской округ город Вятские Поляны,Кировская область,городской округ,,33704000,33704000.0,28922.0,1.0,0,0,0,0,0,0,1,0,0,0,1
1260,городской округ город Кирово-Чепецк,Кировская область,городской округ,,33707000,33707000.0,64571.0,3.0,0,0,0,0,0,0,1,0,1,0,0
1261,городской округ город Котельнич,Кировская область,городской округ,,33710000,33710000.0,19454.0,,0,0,0,0,0,0,1,0,0,0,1
1262,городской округ город Слободской,Кировская область,городской округ,,33713000,33713000.0,28479.0,,0,0,0,0,0,0,1,0,1,0,0
1264,муниципальный округ Арбажский,Кировская область,муниципальный округ,,33502000,33502000.0,4257.0,,0,0,0,0,0,0,1,0,0,0,1
1265,муниципальный округ Афанасьевский,Кировская область,муниципальный округ,,33503000,33503000.0,10517.0,,0,0,0,0,0,0,1,0,0,0,1
1266,Белохолуницкий муниципальный район,Кировская область,муниципальный район,,33605000,33605000.0,15062.0,1.0,0,0,0,0,0,0,1,0,0,0,1
1267,муниципальный округ Богородский,Кировская область,муниципальный округ,,33506000,33506000.0,3151.0,,0,0,0,0,0,0,1,0,0,0,1
1268,муниципальный округ Верхнекамский,Кировская область,муниципальный округ,,33507000,33507000.0,19600.0,2.0,0,0,0,0,0,0,1,0,0,0,1
1269,Верхошижемский муниципальный район,Кировская область,муниципальный район,,33608000,33608000.0,6778.0,,0,0,0,0,0,0,1,0,0,0,1
1270,Вятскополянский муниципальный район,Кировская область,муниципальный район,,33610000,33610000.0,22503.0,3.0,0,0,0,0,0,0,1,0,0,0,1
1271,Даровской муниципальный район,Кировская область,муниципальный район,,33612000,33612000.0,8117.0,,0,0,0,0,0,0,1,0,0,0,1
1272,Зуевский муниципальный район,Кировская область,муниципальный район,,33614000,33614000.0,16435.0,,0,0,0,0,0,0,1,0,0,0,1
1273,муниципальный округ Кикнурский,Кировская область,муниципальный округ,,33516000,33516000.0,6384.0,,0,0,0,0,0,0,1,0,0,0,1
1274,Кильмезский муниципальный район,Кировская область,муниципальный район,,33617000,33617000.0,9573.0,,0,0,0,0,0,0,1,0,0,0,1
1275,Кирово-Чепецкий муниципальный район,Кировская область,муниципальный район,,33618000,33618000.0,19898.0,,0,0,0,0,0,0,0,0,0,0,0
1276,Котельничский муниципальный район,Кировская область,муниципальный район,,33619000,33619000.0,9945.0,,0,0,0,0,0,0,0,0,0,0,0
1277,Куменский муниципальный район,Кировская область,муниципальный район,,33620000,33620000.0,14038.0,,0,0,0,0,0,0,1,0,0,0,1
1278,муниципальный округ Лебяжский,Кировская область,муниципальный округ,,33521000,33521000.0,5283.0,,0,0,0,0,0,0,1,0,0,0,1
1279,муниципальный округ Лузский,Кировская область,муниципальный округ,,33522000,33522000.0,12427.0,1.0,0,0,0,0,0,0,1,0,0,0,1
1280,Малмыжский муниципальный район,Кировская область,муниципальный район,,33623000,33623000.0,19801.0,,0,0,0,0,0,0,1,0,0,0,1
1281,муниципальный округ Мурашинский,Кировская область,муниципальный округ,,33524000,33524000.0,8746.0,,0,0,0,0,0,0,1,0,0,0,1
1282,Нагорский муниципальный район,Кировская область,муниципальный район,,33625000,33625000.0,6225.0,,0,0,0,0,0,0,1,0,0,0,1
1284,Нолинский муниципальный район,Кировская область,муниципальный район,,33627000,33627000.0,15213.0,,0,0,0,0,0,0,1,0,0,0,1
1285,Омутнинский муниципальный район,Кировская область,муниципальный район,,33628000,33628000.0,33193.0,3.0,0,0,0,0,0,0,1,0,0,0,0
1286,муниципальный округ Опаринский,Кировская область,муниципальный округ,,33529000,33529000.0,6571.0,,0,0,0,0,0,0,1,0,0,0,1
1287,Оричевский муниципальный район,Кировская область,муниципальный район,,33630000,33630000.0,24539.0,3.0,0,0,0,0,0,0,1,0,0,0,1
1288,Орловский муниципальный район,Кировская область,муниципальный район,,33645000,33645000.0,9136.0,,0,0,0,0,0,0,1,0,0,0,1
1289,муниципальный округ Пижанский,Кировская область,муниципальный округ,,33531000,33531000.0,7903.0,,0,0,0,0,0,0,1,0,0,0,1
1290,Подосиновский муниципальный район,Кировская область,муниципальный район,,33632000,33632000.0,11195.0,2.0,0,0,0,0,0,0,1,0,0,0,1
1291,муниципальный округ Санчурский,Кировская область,муниципальный округ,,33533000,33533000.0,6900.0,,0,0,0,0,0,0,1,0,0,0,1
1292,муниципальный округ Свечинский,Кировская область,муниципальный округ,,33534000,33534000.0,5744.0,,0,0,0,0,0,0,1,0,0,0,1
1293,Слободской муниципальный район,Кировская область,муниципальный район,,33635000,33635000.0,32057.0,,0,0,0,0,0,0,0,0,0,0,0
1294,Советский муниципальный район,Кировская область,муниципальный район,,33636000,33636000.0,21424.0,,0,0,0,0,0,0,1,0,0,0,1
1295,Сунский муниципальный район,Кировская область,муниципальный район,,33637000,33637000.0,4826.0,,0,0,0,0,0,0,1,0,0,0,1
1296,Тужинский муниципальный район,Кировская область,муниципальный район,,33638000,33638000.0,5475.0,,0,0,0,0,0,0,1,0,0,0,1
1297,муниципальный округ Унинский,Кировская область,муниципальный округ,,33540000,,,,0,0,0,0,0,0,1,0,0,0,1
1298,Уржумский муниципальный район,Кировская область,муниципальный район,,33641000,33641000.0,19396.0,2.0,0,0,0,0,0,0,1,0,0,0,1
1299,муниципальный округ Фаленский,Кировская область,муниципальный округ,,33543000,33543000.0,7168.0,,0,0,0,0,0,0,1,0,0,0,1
1300,Шабалинский муниципальный район,Кировская область,муниципальный район,,33647000,33647000.0,7140.0,,0,0,0,0,0,0,1,0,0,0,1
1301,Юрьянский муниципальный район,Кировская область,муниципальный район,,33649000,33649000.0,15836.0,1.0,0,0,0,0,0,0,1,0,0,0,1
1302,Яранский муниципальный район,Кировская область,муниципальный район,,33650000,33650000.0,19268.0,,0,0,0,0,0,0,1,0,0,0,1
1303,городской округ город Кострома,Костромская область,городской округ,административный_центр_субъекта,34701000,34701000.0,265761.0,,0,0,0,0,0,1,1,1,0,0,0
1304,городской округ город Буй,Костромская область,городской округ,,34705000,34705000.0,19938.0,,0,0,0,0,0,0,1,0,0,0,0
1305,городской округ город Волгореченск,Костромская область,городской округ,,34706000,34706000.0,14030.0,,0,0,0,0,0,0,1,0,0,0,0
1306,городской округ город Галич,Костромская область,городской округ,,34708000,34708000.0,12488.0,2.0,0,0,0,0,0,0,1,0,0,0,0
1308,городской округ город Шарья,Костромская область,городской округ,,34730000,34730000.0,30008.0,,0,0,0,0,0,0,1,0,0,0,0
1309,Антроповский муниципальный район,Костромская область,муниципальный район,,34602000,34602000.0,4987.0,,0,0,0,0,0,0,1,0,0,0,1
1310,Буйский муниципальный район,Костромская область,муниципальный район,,34604000,34604000.0,8634.0,,0,0,0,0,0,0,0,0,0,0,0
1311,Вохомский муниципальный район,Костромская область,муниципальный район,,34606000,34606000.0,6543.0,,0,0,0,0,0,0,1,0,0,0,1
1312,Галичский муниципальный район,Костромская область,муниципальный район,,34608000,34608000.0,6258.0,,0,0,0,0,0,0,0,0,0,0,0
1313,Кадыйский муниципальный район,Костромская область,муниципальный район,,34610000,34610000.0,5744.0,,0,0,0,0,0,0,1,0,0,0,1
1314,Кологривский муниципальный округ,Костромская область,муниципальный округ,,34512000,34512000.0,3925.0,,0,0,0,0,0,0,1,0,0,0,1
1315,Костромской муниципальный район,Костромская область,муниципальный район,,34614000,34614000.0,40577.0,,0,0,0,0,0,0,0,0,0,0,0
1316,Красносельский муниципальный район,Костромская область,муниципальный район,,34616000,34616000.0,16012.0,,0,0,0,0,0,0,1,0,0,0,1
1317,Макарьевский муниципальный район,Костромская область,муниципальный район,,34618000,34618000.0,9933.0,,0,0,0,0,0,0,1,0,0,0,1
1319,Межевской муниципальный округ,Костромская область,муниципальный округ,,34522000,34522000.0,2703.0,,0,0,0,0,0,0,1,0,0,0,1
1320,Нейский муниципальный округ,Костромская область,муниципальный округ,,34524000,34524000.0,9904.0,,0,0,0,0,0,0,1,0,0,0,1
1321,муниципальный район город Нерехта и Нерехтский район,Костромская область,муниципальный район,,34626000,34626000.0,27921.0,,0,0,0,0,0,0,1,0,0,0,1
1322,Октябрьский муниципальный район,Костромская область,муниципальный район,,34628000,34628000.0,3257.0,,0,0,0,0,0,0,1,0,0,0,1
1323,Островский муниципальный округ,Костромская область,муниципальный округ,,34530000,34530000.0,8787.0,,0,0,0,0,0,0,1,0,0,0,1
1324,Павинский муниципальный округ,Костромская область,муниципальный округ,,34532000,34532000.0,2935.0,,0,0,0,0,0,0,1,0,0,0,1
1325,Парфеньевский муниципальный округ,Костромская область,муниципальный округ,,34534000,34534000.0,4283.0,,0,0,0,0,0,0,1,0,0,0,1
1326,Поназыревский муниципальный округ,Костромская область,муниципальный округ,,34536000,34536000.0,4593.0,,0,0,0,0,0,0,1,0,0,0,1
1327,Пыщугский муниципальный округ,Костромская область,муниципальный округ,,34538000,34538000.0,3269.0,,0,0,0,0,0,0,1,0,0,0,1
1328,Солигаличский муниципальный округ,Костромская область,муниципальный округ,,34540000,34540000.0,7528.0,,0,0,0,0,0,0,1,0,0,0,0
1329,Судиславский муниципальный район,Костромская область,муниципальный район,,34642000,34642000.0,10748.0,,0,0,0,0,0,0,1,0,0,0,1
1330,Сусанинский муниципальный район,Костромская область,муниципальный район,,34644000,34644000.0,5566.0,,0,0,0,0,0,0,1,0,0,0,1
1331,Чухломский муниципальный район,Костромская область,муниципальный район,,34646000,34646000.0,7653.0,,0,0,0,0,0,0,1,0,0,0,1
1332,Шарьинский муниципальный район,Костромская область,муниципальный район,,34648000,34648000.0,7134.0,,0,0,0,0,0,0,0,0,0,0,0
1333,городской округ город Курган,Курганская область,городской округ,административный_центр_субъекта,37701000,37701000.0,302354.0,,0,0,0,0,0,1,1,1,0,0,0
1334,городской округ город Шадринск,Курганская область,городской округ,,37705000,37705000.0,67884.0,,0,0,0,0,0,0,1,0,0,0,1
1335,Альменевский муниципальный округ,Курганская область,муниципальный округ,,37502000,37502000.0,7380.0,,0,0,0,0,0,0,1,0,0,0,1
1336,Белозерский муниципальный округ,Курганская область,муниципальный округ,,37504000,37504000.0,12696.0,,0,0,0,0,0,0,1,0,0,0,1
1337,Варгашинский муниципальный округ,Курганская область,муниципальный округ,,37506000,37506000.0,15485.0,3.0,0,0,0,0,0,0,1,0,0,0,1
1338,Далматовский муниципальный округ,Курганская область,муниципальный округ,,37508000,37508000.0,22136.0,2.0,0,0,0,0,0,0,1,0,0,0,1
1339,Звериноголовский муниципальный округ,Курганская область,муниципальный округ,,37509000,37509000.0,6573.0,,0,0,0,0,0,0,1,0,0,0,0
1340,Каргапольский муниципальный округ,Курганская область,муниципальный округ,,37510000,37510000.0,25283.0,,0,0,0,0,0,0,1,0,0,0,1
1341,Катайский муниципальный округ,Курганская область,муниципальный округ,,37512000,37512000.0,18565.0,2.0,0,0,0,0,0,0,1,0,0,0,1
1342,Кетовский муниципальный округ,Курганская область,муниципальный округ,,37514000,37514000.0,55102.0,,0,0,0,0,0,0,0,0,0,0,0
1343,Куртамышский муниципальный округ,Курганская область,муниципальный округ,,37516000,37516000.0,24231.0,,0,0,0,0,0,0,1,0,0,0,1
1344,Лебяжьевский муниципальный округ,Курганская область,муниципальный округ,,37518000,37518000.0,10941.0,,0,0,0,0,0,0,1,0,0,0,1
1345,муниципальный округ Макушинский,Курганская область,муниципальный округ,,37520000,37520000.0,11993.0,,0,0,0,0,0,0,1,0,0,0,1
1346,Мишкинский муниципальный округ,Курганская область,муниципальный округ,,37522000,37522000.0,12441.0,,0,0,0,0,0,0,1,0,0,0,1
1347,Мокроусовский муниципальный округ,Курганская область,муниципальный округ,,37524000,37524000.0,8983.0,,0,0,0,0,0,0,1,0,0,0,1
1348,Петуховский муниципальный округ,Курганская область,муниципальный округ,,37526000,37526000.0,13666.0,2.0,0,0,0,0,0,0,1,0,0,0,0
1349,Половинский муниципальный округ,Курганская область,муниципальный округ,,37528000,37528000.0,7740.0,,0,0,0,0,0,0,1,0,0,0,1
1350,Притобольный муниципальный округ,Курганская область,муниципальный округ,,37530000,37530000.0,9619.0,,0,0,0,0,0,0,1,0,0,0,1
1351,Сафакулевский муниципальный округ,Курганская область,муниципальный округ,,37532000,37532000.0,10385.0,,0,0,0,0,0,0,1,0,0,0,1
1352,Целинный муниципальный округ,Курганская область,муниципальный округ,,37534000,37534000.0,11754.0,,0,0,0,0,0,0,1,0,0,0,1
1353,Частоозерский муниципальный округ,Курганская область,муниципальный округ,,37536000,37536000.0,4540.0,,0,0,0,0,0,0,1,0,0,0,1
1354,Шадринский муниципальный округ,Курганская область,муниципальный округ,,37538000,37538000.0,24509.0,,0,0,0,0,0,0,0,0,0,0,0
1355,Шатровский муниципальный округ,Курганская область,муниципальный округ,,37540000,37540000.0,13663.0,,0,0,0,0,0,0,1,0,0,0,1
1356,муниципальный округ Шумихинский,Курганская область,муниципальный округ,,37542000,37542000.0,23519.0,,0,0,0,0,0,0,1,0,0,0,0
1357,Щучанский муниципальный округ,Курганская область,муниципальный округ,,37544000,37544000.0,15866.0,,0,0,0,0,0,0,1,0,0,0,0
1358,Юргамышский муниципальный округ,Курганская область,муниципальный округ,,37546000,37546000.0,15694.0,,0,0,0,0,0,0,1,0,0,0,1
1392,Бокситогорский муниципальный район,Ленинградская область,муниципальный район,,41603000,41603000.0,50855.0,1.0,0,0,0,0,0,0,2,0,0,0,1
1393,Волосовский муниципальный район,Ленинградская область,муниципальный район,,41606000,41606000.0,50257.0,,0,0,0,0,0,0,1,0,0,0,1
1394,Волховский муниципальный район,Ленинградская область,муниципальный район,,41609000,41609000.0,78679.0,3.0,0,0,0,0,0,0,1,0,0,0,1
1395,Всеволожский муниципальный район,Ленинградская область,муниципальный район,,41612000,41612000.0,571142.0,,0,0,0,0,0,0,4,0,1,0,0
1396,Выборгский муниципальный район,Ленинградская область,муниципальный район,,41615000,41615000.0,194689.0,,0,0,0,0,0,0,4,0,0,0,0
1397,Гатчинский муниципальный район,Ленинградская область,муниципальный район,административный_центр_субъекта,41618000,41618000.0,261522.0,,0,0,0,0,0,1,1,0,1,0,0
1398,Кингисеппский муниципальный район,Ленинградская область,муниципальный район,,41621000,41621000.0,83361.0,,0,0,0,0,0,0,3,0,0,0,0
1399,Киришский муниципальный район,Ленинградская область,муниципальный район,,41624000,41624000.0,58942.0,,0,0,0,0,0,0,1,0,0,0,1
1400,Кировский муниципальный район,Ленинградская область,муниципальный район,,41625000,41625000.0,108186.0,,0,0,0,0,0,0,2,0,1,0,0
1401,Лодейнопольский муниципальный район,Ленинградская область,муниципальный район,,41627000,41627000.0,27168.0,,0,0,0,0,0,0,1,0,0,0,1
1402,Ломоносовский муниципальный район,Ленинградская область,муниципальный район,,41630000,41630000.0,90576.0,,0,0,0,0,0,0,0,0,0,0,0
1403,Лужский муниципальный район,Ленинградская область,муниципальный район,,41633000,41633000.0,74392.0,,0,0,0,0,0,0,1,0,0,0,1
1404,Подпорожский муниципальный район,Ленинградская область,муниципальный район,,41636000,41636000.0,25067.0,,0,0,0,0,0,0,1,0,0,0,1
1405,Приозерский муниципальный район,Ленинградская область,муниципальный район,,41639000,41639000.0,56730.0,,0,0,0,0,0,0,1,0,0,0,1
1406,Сланцевский муниципальный район,Ленинградская область,муниципальный район,,41642000,41642000.0,44406.0,2.0,0,0,0,0,0,0,1,0,0,0,1
1407,Тихвинский муниципальный район,Ленинградская область,муниципальный район,,41645000,41645000.0,65782.0,,0,0,0,0,0,0,1,0,0,0,1
1408,Тосненский муниципальный район,Ленинградская область,муниципальный район,,41648000,41648000.0,130546.0,,0,0,0,0,0,0,1,0,1,0,0
1409,городской округ Сосновоборский,Ленинградская область,городской округ,,41754000,41754000.0,63462.0,,0,0,0,0,0,0,1,0,0,0,0
1410,городской округ город Липецк,Липецкая область,городской округ,административный_центр_субъекта,42701000,42701000.0,485260.0,,0,0,0,0,0,1,1,1,0,0,0
1411,городской округ город Елец,Липецкая область,городской округ,,42715000,42715000.0,94902.0,,0,0,0,0,0,0,2,0,1,0,0
1412,Воловский муниципальный район,Липецкая область,муниципальный район,,42603000,42603000.0,12286.0,,0,0,0,0,0,0,1,0,0,0,1
1413,Грязинский муниципальный район,Липецкая область,муниципальный район,,42606000,42606000.0,77383.0,,0,0,0,0,0,0,1,0,1,0,0
1414,Данковский муниципальный район,Липецкая область,муниципальный район,,42609000,42609000.0,31514.0,,0,0,0,0,0,0,1,0,0,0,1
1415,Добринский муниципальный район,Липецкая область,муниципальный район,,42612000,42612000.0,32283.0,,0,0,0,0,0,0,1,0,0,0,1
1416,Добровский муниципальный район,Липецкая область,муниципальный район,,42615000,42615000.0,26993.0,,0,0,0,0,0,0,1,0,0,0,1
1417,Долгоруковский муниципальный район,Липецкая область,муниципальный район,,42618000,42618000.0,15713.0,,0,0,0,0,0,0,1,0,0,0,1
1419,Задонский муниципальный район,Липецкая область,муниципальный район,,42624000,42624000.0,33205.0,,0,0,0,0,0,0,1,0,0,0,1
1420,Измалковский муниципальный район,Липецкая область,муниципальный район,,42627000,42627000.0,14799.0,,0,0,0,0,0,0,1,0,0,0,1
1421,Краснинский муниципальный район,Липецкая область,муниципальный район,,42630000,42630000.0,13181.0,,0,0,0,0,0,0,1,0,0,0,1
1422,Лебедянский муниципальный район,Липецкая область,муниципальный район,,42633000,42633000.0,38865.0,3.0,0,0,0,0,0,0,1,0,0,0,0
1423,Лев-Толстовский муниципальный район,Липецкая область,муниципальный район,,42636000,42636000.0,16181.0,,0,0,0,0,0,0,1,0,0,0,1
1424,Липецкий муниципальный район,Липецкая область,муниципальный район,,42640000,42640000.0,60096.0,,0,0,0,0,0,0,0,0,0,0,0
1425,Становлянский муниципальный район,Липецкая область,муниципальный район,,42642000,42642000.0,16521.0,,0,0,0,0,0,0,1,0,0,0,1
1426,Тербунский муниципальный район,Липецкая область,муниципальный район,,42645000,42645000.0,20466.0,,0,0,0,0,0,0,1,0,0,0,1
1427,Усманский муниципальный район,Липецкая область,муниципальный район,,42648000,42648000.0,49178.0,,0,0,0,0,0,0,1,0,0,0,1
1428,Хлевенский муниципальный район,Липецкая область,муниципальный район,,42652000,42652000.0,18262.0,,0,0,0,0,0,0,1,0,0,0,1
1429,Чаплыгинский муниципальный район,Липецкая область,муниципальный район,,42656000,42656000.0,29850.0,,0,0,0,0,0,0,1,0,0,0,1
1430,городской округ город Магадан,Магаданская область,городской округ,административный_центр_субъекта,44701000,44701000.0,94768.0,,1,0,0,0,0,1,1,0,0,0,0
1431,муниципальный округ Ольский,Магаданская область,муниципальный округ,,44502000,44502000.0,8658.0,,1,0,0,0,0,0,0,0,0,0,0
1432,муниципальный округ Омсукчанский,Магаданская область,муниципальный округ,,44504000,44504000.0,4345.0,,1,0,0,0,0,0,1,0,0,0,1
1433,муниципальный округ Северо-Эвенский,Магаданская область,муниципальный округ,,44507000,44507000.0,1489.0,,1,0,0,0,0,0,1,0,0,0,1
1434,муниципальный округ Среднеканский,Магаданская область,муниципальный округ,,44510000,44510000.0,2145.0,,1,0,0,0,0,0,1,0,0,0,1
1435,муниципальный округ Сусуманский,Магаданская область,муниципальный округ,,44513000,44513000.0,6026.0,,1,0,0,0,0,0,1,0,0,0,1
1436,муниципальный округ Тенькинский,Магаданская область,муниципальный округ,,44516000,44516000.0,3016.0,,1,0,0,0,0,0,1,0,0,0,0
1437,муниципальный округ Хасынский,Магаданская область,муниципальный округ,,44519000,44519000.0,7006.0,,1,0,0,0,0,0,1,0,0,0,1
1438,муниципальный округ Ягоднинский,Магаданская область,муниципальный округ,,44522000,44522000.0,5934.0,,1,0,0,0,0,0,1,0,0,0,1
1439,городской округ Балашиха,Московская область,городской округ,,46704000,46704000.0,554248.0,,0,0,0,0,0,0,1,0,1,0,0
1440,городской округ Бронницы,Московская область,городской округ,,46705000,46705000.0,20981.0,,0,0,0,0,0,0,0,0,0,0,0
1443,городской округ Дзержинский,Московская область,городской округ,,46711000,46711000.0,57434.0,,0,0,0,0,0,0,0,0,0,0,0
1444,городской округ Долгопрудный,Московская область,городской округ,,46716000,46716000.0,119089.0,,0,0,0,0,0,0,1,0,1,0,0
1445,городской округ Домодедово,Московская область,городской округ,,46709000,46709000.0,226573.0,,0,0,0,0,0,0,1,0,1,0,0
1446,городской округ Дубна,Московская область,городской округ,,46718000,46718000.0,74032.0,,0,0,0,0,0,0,1,0,0,0,0
1447,городской округ Егорьевск,Московская область,городской округ,,46722000,46722000.0,111759.0,,0,0,0,0,0,0,1,0,0,0,1
1448,городской округ Жуковский,Московская область,городской округ,,46725000,46725000.0,110083.0,,0,0,0,0,0,0,1,0,1,0,0
1449,городской округ Зарайск,Московская область,городской округ,,46729000,46729000.0,36618.0,,0,0,0,0,0,0,1,0,0,0,1
1453,городской округ Истра,Московская область,городской округ,,46733000,46733000.0,171213.0,,0,0,0,0,0,0,1,0,1,0,0
1454,городской округ Кашира,Московская область,городской округ,,46735000,46735000.0,65747.0,,0,0,0,0,0,0,1,0,0,0,1
1456,городской округ Королёв,Московская область,городской округ,,46734000,46734000.0,226007.0,,0,0,0,0,0,0,1,0,1,0,0
1457,городской округ Котельники,Московская область,городской округ,,46739000,46739000.0,72311.0,,0,0,0,0,0,0,0,0,0,0,0
1459,городской округ Красногорск,Московская область,городской округ,,46744000,46744000.0,335991.0,,0,0,0,0,0,0,1,0,1,0,0
1461,городской округ Лобня,Московская область,городской округ,,46740000,46740000.0,81143.0,,0,0,0,0,0,0,1,0,1,0,0
1463,городской округ Луховицы,Московская область,городской округ,,46747000,46747000.0,61079.0,,0,0,0,0,0,0,1,0,0,0,0
1464,городской округ Лыткарино,Московская область,городской округ,,46741000,46741000.0,66526.0,,0,0,0,0,0,0,0,0,0,0,0
1465,городской округ Люберцы,Московская область,городской округ,,46748000,46748000.0,364888.0,,0,0,0,0,0,0,1,0,1,0,0
1467,городской округ Мытищи,Московская область,городской округ,,46746000,46746000.0,309564.0,,0,0,0,0,0,0,1,0,1,0,0
1468,городской округ Наро-Фоминский,Московская область,городской округ,,46750000,46750000.0,198501.0,,0,0,0,0,0,0,1,0,1,0,0
1471,городской округ Павловский Посад,Московская область,городской округ,,46759000,46759000.0,122210.0,,0,0,0,0,0,0,1,0,0,0,1
1472,городской округ Подольск,Московская область,городской округ,,46760000,46760000.0,350634.0,,0,0,0,0,0,0,1,0,1,0,0
1473,городской округ Протвино,Московская область,городской округ,,46767000,46767000.0,37221.0,,0,0,0,0,0,0,0,0,0,0,0
1474,городской округ Пущино,Московская область,городской округ,,46762000,46762000.0,19342.0,,0,0,0,0,0,0,0,0,0,0,0
1475,городской округ Реутов,Московская область,городской округ,,46764000,46764000.0,112070.0,,0,0,0,0,0,0,1,0,1,0,0
1477,городской округ Рузский,Московская область,городской округ,,46766000,46766000.0,79874.0,,0,0,0,0,0,0,1,0,0,0,1
1478,городской округ Серебряные Пруды,Московская область,городской округ,,46772000,46772000.0,23278.0,,0,0,0,0,0,0,1,0,0,0,1
1480,городской округ Ступино,Московская область,городской округ,,46776000,46776000.0,118129.0,,0,0,0,0,0,0,1,0,0,0,1
1481,городской округ Фрязино,Московская область,городской округ,,46780000,46780000.0,58677.0,,0,0,0,0,0,0,1,0,1,0,0
1483,городской округ Черноголовка,Московская область,городской округ,,46781000,46781000.0,21254.0,,0,0,0,0,0,0,1,0,0,0,0
1484,городской округ Чехов,Московская область,городской округ,,46784000,46784000.0,146643.0,,0,0,0,0,0,0,1,0,1,0,0
1486,городской округ Шаховская,Московская область,городской округ,,46787000,46787000.0,29743.0,,0,0,0,0,0,0,1,0,0,0,1
1487,городской округ Электрогорск,Московская область,городской округ,,46791000,,,,0,0,0,0,0,0,1,0,0,0,0
1488,городской округ Электросталь,Московская область,городской округ,,46790000,46790000.0,150729.0,,0,0,0,0,0,0,1,0,0,0,1
1489,городской округ Волоколамский,Московская область,городской округ,,46708000,46708000.0,64721.0,,0,0,0,0,0,0,1,0,0,0,1
1490,городской округ Воскресенск,Московская область,городской округ,,46710000,46710000.0,160755.0,,0,0,0,0,0,0,1,0,0,0,1
1491,городской округ Дмитровский,Московская область,городской округ,,46715000,46715000.0,163081.0,,0,0,0,0,0,0,1,0,1,0,0
1492,городской округ Клин,Московская область,городской округ,,46737000,46737000.0,148545.0,,0,0,0,0,0,0,1,0,0,0,1
1493,городской округ Ленинский,Московская область,городской округ,,46707000,46707000.0,327211.0,,0,0,0,0,0,0,1,0,1,0,0
1494,городской округ Лотошино,Московская область,городской округ,,46752000,46752000.0,21886.0,,0,0,0,0,0,0,1,0,0,0,1
1495,городской округ Можайский,Московская область,городской округ,,46745000,46745000.0,92529.0,,0,0,0,0,0,0,1,0,0,0,1
1496,городской округ Богородский,Московская область,городской округ,,46751000,46751000.0,220062.0,,0,0,0,0,0,0,2,0,0,0,1
1500,городской округ Раменский,Московская область,городской округ,,46768000,46768000.0,338109.0,,0,0,0,0,0,0,1,0,1,0,0
1501,городской округ Сергиево-Посадский,Московская область,городской округ,,46728000,46728000.0,207827.0,,0,0,0,0,0,0,2,0,0,0,1
1504,городской округ Талдомский,Московская область,городской округ,,46778000,46778000.0,64165.0,,0,0,0,0,0,0,1,0,0,0,1
1506,городской округ город Мурманск,Мурманская область,городской округ,административный_центр_субъекта,47701000,47701000.0,266681.0,,1,0,1,1,0,1,0,0,0,0,0
1507,муниципальный округ город Апатиты,Мурманская область,муниципальный округ,,47519000,47519000.0,48277.0,,1,0,1,1,0,0,0,0,0,0,0
1508,муниципальный округ город Кировск,Мурманская область,муниципальный округ,,47522000,47522000.0,25984.0,1.0,1,0,1,1,0,0,0,0,0,0,0
1509,муниципальный округ город Мончегорск,Мурманская область,муниципальный округ,,47524000,47524000.0,41427.0,2.0,1,0,1,1,0,0,0,0,0,0,0
1510,муниципальный округ город Оленегорск,Мурманская область,муниципальный округ,,47526000,47526000.0,27867.0,2.0,1,0,1,1,0,0,0,0,0,0,0
1511,муниципальный округ город Полярные Зори,Мурманская область,муниципальный округ,,47528000,47528000.0,15634.0,,1,0,1,1,0,0,0,0,0,0,0
1512,Ковдорский муниципальный округ,Мурманская область,муниципальный округ,,47517000,47517000.0,16803.0,1.0,1,0,1,1,0,0,1,0,0,0,0
1518,Кандалакшский муниципальный район,Мурманская область,муниципальный район,,47608000,47608000.0,39330.0,,1,0,1,1,0,0,1,0,0,0,1
1519,Кольский муниципальный район,Мурманская область,муниципальный район,,47605000,47605000.0,33201.0,,1,0,1,1,0,0,1,0,0,0,1
1520,Ловозерский муниципальный район,Мурманская область,муниципальный район,,47610000,47610000.0,8770.0,1.0,1,0,1,1,0,0,1,0,0,0,1
1521,Печенгский муниципальный округ,Мурманская область,муниципальный округ,,47515000,47515000.0,29632.0,2.0,1,0,1,1,0,0,1,0,0,0,0
1522,Терский муниципальный район,Мурманская область,муниципальный район,,47620000,47620000.0,4698.0,,1,0,1,1,0,0,1,0,0,0,1
1523,городской округ город Нижний Новгород,Нижегородская область,городской округ,административный_центр_субъекта,22701000,22701000.0,1228702.0,,0,0,0,0,0,1,1,1,0,0,0
1525,городской округ город Бор,Нижегородская область,городской округ,,22712000,22712000.0,117552.0,,0,0,0,0,0,0,1,0,1,0,0
1526,городской округ город Выкса,Нижегородская область,городской округ,,22715000,22715000.0,72393.0,3.0,0,0,0,0,0,0,1,0,0,0,0
1527,городской округ город Дзержинск,Нижегородская область,городской округ,,22721000,22721000.0,225251.0,,0,0,0,0,0,0,1,0,0,0,0
1528,городской округ город Кулебаки,Нижегородская область,городской округ,,22727000,22727000.0,45056.0,2.0,0,0,0,0,0,0,1,0,0,0,0
1529,городской округ Навашинский,Нижегородская область,городской округ,,22730000,22730000.0,20671.0,2.0,0,0,0,0,0,0,1,0,0,0,1
1530,городской округ Перевозский,Нижегородская область,городской округ,,22739000,22739000.0,16026.0,,0,0,0,0,0,0,0,0,0,0,0
1532,городской округ Семеновский,Нижегородская область,городской округ,,22737000,22737000.0,45405.0,,0,0,0,0,0,0,1,0,0,0,1
1533,городской округ город Шахунья,Нижегородская область,городской округ,,22758000,22758000.0,28511.0,,0,0,0,0,0,0,1,0,0,0,1
1534,городской округ город Первомайск,Нижегородская область,городской округ,,22734000,22734000.0,17117.0,3.0,0,0,0,0,0,0,1,0,0,0,1
1535,городской округ Сокольский,Нижегородская область,городской округ,,22749000,22749000.0,10807.0,,0,0,0,0,0,0,0,0,0,0,0
1536,городской округ город Чкаловск,Нижегородская область,городской округ,,22755000,22755000.0,19063.0,,0,0,0,0,0,0,1,0,0,0,1
1537,Ардатовский муниципальный округ,Нижегородская область,муниципальный округ,,22502000,22502000.0,22161.0,2.0,0,0,0,0,0,0,0,0,0,0,0
1539,Балахнинский муниципальный округ,Нижегородская область,муниципальный округ,,22505000,22505000.0,72219.0,3.0,0,0,0,0,0,0,1,0,0,0,0
1540,Богородский муниципальный округ,Нижегородская область,муниципальный округ,,22507000,22507000.0,57639.0,,0,0,0,0,0,0,1,0,1,0,0
1541,Большеболдинский муниципальный округ,Нижегородская область,муниципальный округ,,22509000,22509000.0,10172.0,,0,0,0,0,0,0,1,0,0,0,1
1542,Большемурашкинский муниципальный округ,Нижегородская область,муниципальный округ,,22510000,22510000.0,10258.0,,0,0,0,0,0,0,0,0,0,0,0
1543,Бутурлинский муниципальный округ,Нижегородская область,муниципальный округ,,22512000,22512000.0,12910.0,,0,0,0,0,0,0,1,0,0,0,1
1544,Вадский муниципальный округ,Нижегородская область,муниципальный округ,,22514000,22514000.0,13290.0,,0,0,0,0,0,0,1,0,0,0,0
1545,Варнавинский муниципальный округ,Нижегородская область,муниципальный округ,,22515000,22515000.0,9653.0,,0,0,0,0,0,0,0,0,0,0,0
1546,Вачский муниципальный округ,Нижегородская область,муниципальный округ,,22517000,22517000.0,16730.0,,0,0,0,0,0,0,0,0,0,0,0
1547,Ветлужский муниципальный округ,Нижегородская область,муниципальный округ,,22518000,22518000.0,12521.0,,0,0,0,0,0,0,1,0,0,0,1
1548,Вознесенский муниципальный округ,Нижегородская область,муниципальный округ,,22519000,22519000.0,14309.0,,0,0,0,0,0,0,0,0,0,0,0
1549,Володарский муниципальный округ,Нижегородская область,муниципальный округ,,22520000,22520000.0,47925.0,3.0,0,0,0,0,0,0,1,0,0,0,0
1550,городской округ Воротынский,Нижегородская область,городской округ,,22719000,22719000.0,13399.0,,0,0,0,0,0,0,0,0,0,0,0
1551,Воскресенский муниципальный округ,Нижегородская область,муниципальный округ,,22522000,22522000.0,16072.0,,0,0,0,0,0,0,1,0,0,0,1
1552,Гагинский муниципальный округ,Нижегородская область,муниципальный округ,,22526000,22526000.0,9681.0,,0,0,0,0,0,0,0,0,0,0,0
1553,Городецкий муниципальный округ,Нижегородская область,муниципальный округ,,22528000,22528000.0,80149.0,2.0,0,0,0,0,0,0,2,0,1,0,0
1554,Дальнеконстантиновский муниципальный округ,Нижегородская область,муниципальный округ,,22530000,22530000.0,20224.0,,0,0,0,0,0,0,1,0,0,0,0
1555,Дивеевский муниципальный округ,Нижегородская область,муниципальный округ,,22532000,22532000.0,14998.0,,0,0,0,0,0,0,1,0,0,0,1
1556,Княгининский муниципальный округ,Нижегородская область,муниципальный округ,,22533000,22533000.0,10775.0,3.0,0,0,0,0,0,0,1,0,0,0,1
1557,Ковернинский муниципальный округ,Нижегородская область,муниципальный округ,,22534000,22534000.0,17091.0,,0,0,0,0,0,0,0,0,0,0,0
1558,Краснобаковский муниципальный округ,Нижегородская область,муниципальный округ,,22535000,22535000.0,18535.0,,0,0,0,0,0,0,0,0,0,0,0
1559,Краснооктябрьский муниципальный округ,Нижегородская область,муниципальный округ,,22536000,22536000.0,8617.0,,0,0,0,0,0,0,0,0,0,0,0
1560,Кстовский муниципальный округ,Нижегородская область,муниципальный округ,,22537000,22537000.0,121424.0,,0,0,0,0,0,0,1,0,1,0,0
1561,Лукояновский муниципальный округ,Нижегородская область,муниципальный округ,,22539000,22539000.0,25751.0,,0,0,0,0,0,0,1,0,0,0,0
1562,Лысковский муниципальный округ,Нижегородская область,муниципальный округ,,22540000,22540000.0,34099.0,,0,0,0,0,0,0,1,0,0,0,1
1563,Павловский муниципальный округ,Нижегородская область,муниципальный округ,,22542000,22542000.0,91822.0,2.0,0,0,0,0,0,0,1,0,0,0,1
1564,Пильнинский муниципальный округ,Нижегородская область,муниципальный округ,,22545000,22545000.0,18104.0,,0,0,0,0,0,0,1,0,0,0,1
1565,Починковский муниципальный округ,Нижегородская область,муниципальный округ,,22546000,22546000.0,25420.0,,0,0,0,0,0,0,1,0,0,0,0
1566,Сергачский муниципальный округ,Нижегородская область,муниципальный округ,,22548000,22548000.0,26797.0,,0,0,0,0,0,0,1,0,0,0,1
1567,Сеченовский муниципальный округ,Нижегородская область,муниципальный округ,,22549000,22549000.0,13501.0,,0,0,0,0,0,0,1,0,0,0,1
1568,Сосновский муниципальный округ,Нижегородская область,муниципальный округ,,22550000,22550000.0,16175.0,,0,0,0,0,0,0,0,0,0,0,0
1569,Спасский муниципальный округ,Нижегородская область,муниципальный округ,,22551000,22551000.0,9400.0,,0,0,0,0,0,0,1,0,0,0,1
1570,Тонкинский муниципальный округ,Нижегородская область,муниципальный округ,,22552000,22552000.0,7029.0,,0,0,0,0,0,0,0,0,0,0,0
1571,Тоншаевский муниципальный округ,Нижегородская область,муниципальный округ,,22553000,22553000.0,14347.0,,0,0,0,0,0,0,0,0,0,0,0
1572,Уренский муниципальный округ,Нижегородская область,муниципальный округ,,22554000,22554000.0,27897.0,,0,0,0,0,0,0,1,0,0,0,1
1573,Шарангский муниципальный округ,Нижегородская область,муниципальный округ,,22556000,22556000.0,11304.0,,0,0,0,0,0,0,0,0,0,0,0
1574,Шатковский муниципальный округ,Нижегородская область,муниципальный округ,,22557000,22557000.0,22629.0,,0,0,0,0,0,0,1,0,0,0,0
1575,городской округ Великий Новгород,Новгородская область,городской округ,административный_центр_субъекта,49701000,49701000.0,222340.0,,0,0,0,0,0,1,1,0,0,0,0
1576,Батецкий муниципальный район,Новгородская область,муниципальный район,,49603000,49603000.0,4775.0,,0,0,0,0,0,0,1,0,0,0,1
1577,Боровичский муниципальный район,Новгородская область,муниципальный район,,49606000,49606000.0,60283.0,2.0,0,0,0,0,0,0,1,0,0,0,1
1578,Валдайский муниципальный район,Новгородская область,муниципальный район,,49608000,49608000.0,21712.0,,0,0,0,0,0,0,1,0,0,0,1
1579,муниципальный округ Волотовский,Новгородская область,муниципальный округ,,49510000,49510000.0,4071.0,,0,0,0,0,0,0,1,0,0,0,1
1580,муниципальный округ Демянский,Новгородская область,муниципальный округ,,49512000,49512000.0,9515.0,,0,0,0,0,0,0,1,0,0,0,1
1581,муниципальный округ Крестецкий,Новгородская область,муниципальный округ,,49514000,49514000.0,11189.0,,0,0,0,0,0,0,1,0,0,0,1
1582,Любытинский муниципальный район,Новгородская область,муниципальный район,,49616000,49616000.0,7088.0,,0,0,0,0,0,0,1,0,0,0,1
1583,Маловишерский муниципальный район,Новгородская область,муниципальный район,,49620000,49620000.0,13111.0,,0,0,0,0,0,0,1,0,0,0,1
1584,муниципальный округ Марёвский,Новгородская область,муниципальный округ,,49523000,49523000.0,3202.0,,0,0,0,0,0,0,1,0,0,0,1
1585,муниципальный округ Мошенской,Новгородская область,муниципальный округ,,49524000,49524000.0,5580.0,,0,0,0,0,0,0,1,0,0,0,1
1586,Новгородский муниципальный район,Новгородская область,муниципальный район,,49625000,49625000.0,64120.0,,0,0,0,0,0,0,0,0,0,0,0
1587,Окуловский муниципальный район,Новгородская область,муниципальный район,,49628000,49628000.0,18071.0,2.0,0,0,0,0,0,0,1,0,0,0,1
1588,Парфинский муниципальный район,Новгородская область,муниципальный район,,49630000,49630000.0,11516.0,2.0,0,0,0,0,0,0,1,0,0,0,1
1589,муниципальный округ Пестовский,Новгородская область,муниципальный округ,,49532000,49532000.0,18158.0,1.0,0,0,0,0,0,0,1,0,0,0,1
1590,Поддорский муниципальный район,Новгородская область,муниципальный район,,49634000,49634000.0,3220.0,,0,0,0,0,0,0,1,0,0,0,1
1591,муниципальный округ Солецкий,Новгородская область,муниципальный округ,,49538000,,,,0,0,0,0,0,0,1,0,0,0,1
1592,Старорусский муниципальный район,Новгородская область,муниципальный район,,49639000,49639000.0,37508.0,,0,0,0,0,0,0,1,0,0,0,0
1593,муниципальный округ Хвойнинский,Новгородская область,муниципальный округ,,49545000,49545000.0,13129.0,,0,0,0,0,0,0,1,0,0,0,1
1594,Холмский муниципальный район,Новгородская область,муниципальный район,,49647000,49647000.0,4643.0,,0,0,0,0,0,0,1,0,0,0,1
1595,Чудовский муниципальный район,Новгородская область,муниципальный район,,49650000,49650000.0,18345.0,1.0,0,0,0,0,0,0,1,0,0,0,1
1596,Шимский муниципальный район,Новгородская область,муниципальный район,,49655000,49655000.0,9113.0,,0,0,0,0,0,0,1,0,0,0,1
1597,городской округ город Новосибирск,Новосибирская область,городской округ,административный_центр_субъекта,50701000,50701000.0,1633851.0,,0,0,0,0,0,1,1,1,0,0,0
1598,городской округ город Бердск,Новосибирская область,городской округ,,50708000,50708000.0,102760.0,,0,0,0,0,0,0,1,0,1,0,0
1599,городской округ город Искитим,Новосибирская область,городской округ,,50712000,50712000.0,56654.0,,0,0,0,0,0,0,1,0,0,0,0
1600,городской округ город Обь,Новосибирская область,городской округ,,50717000,50717000.0,31050.0,,0,0,0,0,0,0,0,0,0,0,0
1601,городской округ рабочий поселок Кольцово,Новосибирская область,городской округ,,50740000,50740000.0,20883.0,,0,0,0,0,0,0,0,0,0,0,0
1602,Баганский муниципальный район,Новосибирская область,муниципальный район,,50603000,50603000.0,13948.0,,0,0,0,0,0,0,1,0,0,0,1
1603,Барабинский муниципальный район,Новосибирская область,муниципальный район,,50604000,50604000.0,38628.0,,0,0,0,0,0,0,1,0,0,0,0
1604,Болотнинский муниципальный район,Новосибирская область,муниципальный район,,50606000,50606000.0,25205.0,,0,0,0,0,0,0,1,0,0,0,1
1605,Венгеровский муниципальный район,Новосибирская область,муниципальный район,,50608000,50608000.0,14721.0,,0,0,0,0,0,0,1,0,0,0,1
1606,Доволенский муниципальный район,Новосибирская область,муниципальный район,,50610000,50610000.0,12663.0,,0,0,0,0,0,0,1,0,0,0,1
1607,Здвинский муниципальный район,Новосибирская область,муниципальный район,,50613000,50613000.0,11725.0,,0,0,0,0,0,0,1,0,0,0,1
1608,Искитимский муниципальный район,Новосибирская область,муниципальный район,,50615000,50615000.0,58382.0,2.0,0,0,0,0,0,0,1,0,0,0,1
1609,Карасукский муниципальный район,Новосибирская область,муниципальный район,,50617000,50617000.0,38279.0,,0,0,0,0,0,0,1,0,0,0,0
1610,Каргатский муниципальный район,Новосибирская область,муниципальный район,,50619000,50619000.0,14001.0,,0,0,0,0,0,0,1,0,0,0,0
1611,Колыванский муниципальный район,Новосибирская область,муниципальный район,,50621000,50621000.0,24293.0,,0,0,0,0,0,0,1,0,0,0,1
1612,Коченевский муниципальный район,Новосибирская область,муниципальный район,,50623000,50623000.0,45219.0,,0,0,0,0,0,0,0,0,0,0,0
1613,Кочковский муниципальный район,Новосибирская область,муниципальный район,,50625000,50625000.0,11493.0,,0,0,0,0,0,0,1,0,0,0,1
1614,Краснозерский муниципальный район,Новосибирская область,муниципальный район,,50627000,50627000.0,27453.0,,0,0,0,0,0,0,1,0,0,0,1
1615,Куйбышевский муниципальный район,Новосибирская область,муниципальный район,,50630000,50630000.0,53654.0,,0,0,0,0,0,0,1,0,0,0,1
1616,Купинский муниципальный район,Новосибирская область,муниципальный район,,50632000,50632000.0,25382.0,,0,0,0,0,0,0,1,0,0,0,1
1617,Кыштовский муниципальный район,Новосибирская область,муниципальный район,,50634000,50634000.0,8984.0,,0,0,0,0,0,0,1,0,0,0,1
1618,Маслянинский муниципальный район,Новосибирская область,муниципальный район,,50636000,50636000.0,23528.0,,0,0,0,0,0,0,1,0,0,0,0
1619,Мошковский муниципальный район,Новосибирская область,муниципальный район,,50638000,50638000.0,40479.0,,0,0,0,0,0,0,1,0,0,0,1
1620,Новосибирский муниципальный район,Новосибирская область,муниципальный район,,50640000,50640000.0,170131.0,,0,0,0,0,0,0,0,0,0,0,0
1621,Ордынский муниципальный район,Новосибирская область,муниципальный район,,50642000,50642000.0,33623.0,,0,0,0,0,0,0,1,0,0,0,1
1622,Северный муниципальный район,Новосибирская область,муниципальный район,,50644000,50644000.0,7319.0,,0,0,0,0,0,0,1,0,0,0,1
1623,Сузунский муниципальный район,Новосибирская область,муниципальный район,,50648000,50648000.0,31042.0,,0,0,0,0,0,0,1,0,0,0,1
1624,Татарский муниципальный район,Новосибирская область,муниципальный район,,50650000,50650000.0,36645.0,,0,0,0,0,0,0,1,0,0,0,1
1625,Тогучинский муниципальный район,Новосибирская область,муниципальный район,,50652000,50652000.0,53463.0,3.0,0,0,0,0,0,0,1,0,0,0,1
1626,Убинский муниципальный район,Новосибирская область,муниципальный район,,50654000,50654000.0,11277.0,,0,0,0,0,0,0,1,0,0,0,1
1627,Усть-Таркский муниципальный район,Новосибирская область,муниципальный район,,50655000,50655000.0,10681.0,,0,0,0,0,0,0,1,0,0,0,1
1628,Чановский муниципальный район,Новосибирская область,муниципальный район,,50656000,50656000.0,20323.0,,0,0,0,0,0,0,1,0,0,0,1
1629,Черепановский муниципальный район,Новосибирская область,муниципальный район,,50657000,50657000.0,49025.0,,0,0,0,0,0,0,2,0,0,0,1
1630,Чистоозерный муниципальный район,Новосибирская область,муниципальный район,,50658000,50658000.0,13809.0,,0,0,0,0,0,0,1,0,0,0,1
1631,Чулымский муниципальный район,Новосибирская область,муниципальный район,,50659000,50659000.0,18959.0,,0,0,0,0,0,0,1,0,0,0,1
1632,городской округ город Омск,Омская область,городской округ,административный_центр_субъекта,52701000,52701000.0,1104485.0,,0,0,0,0,0,1,1,1,0,0,0
1633,Азовский немецкий национальный муниципальный район,Омская область,муниципальный район,,52601000,52601000.0,25339.0,,0,0,0,0,0,0,1,0,0,0,1
1634,Большереченский муниципальный район,Омская область,муниципальный район,,52603000,52603000.0,21499.0,,0,0,0,0,0,0,1,0,0,0,1
1635,Большеуковский муниципальный район,Омская область,муниципальный район,,52606000,52606000.0,5838.0,,0,0,0,0,0,0,1,0,0,0,1
1636,Горьковский муниципальный район,Омская область,муниципальный район,,52609000,52609000.0,18069.0,,0,0,0,0,0,0,1,0,0,0,1
1637,Знаменский муниципальный район,Омская область,муниципальный район,,52612000,52612000.0,9777.0,,0,0,0,0,0,0,1,0,0,0,1
1638,Исилькульский муниципальный район,Омская область,муниципальный район,,52615000,52615000.0,35262.0,,0,0,0,0,0,0,1,0,0,0,0
1639,Калачинский муниципальный район,Омская область,муниципальный район,,52618000,52618000.0,35486.0,,0,0,0,0,0,0,1,0,0,0,0
1640,Колосовский муниципальный район,Омская область,муниципальный район,,52621000,52621000.0,8763.0,,0,0,0,0,0,0,1,0,0,0,1
1641,Кормиловский муниципальный район,Омская область,муниципальный район,,52623000,52623000.0,23179.0,,0,0,0,0,0,0,1,0,0,0,1
1642,Крутинский муниципальный район,Омская область,муниципальный район,,52626000,52626000.0,12735.0,,0,0,0,0,0,0,1,0,0,0,1
1643,Любинский муниципальный район,Омская область,муниципальный район,,52629000,52629000.0,38168.0,2.0,0,0,0,0,0,0,1,0,0,0,1
1644,Марьяновский муниципальный район,Омская область,муниципальный район,,52630000,52630000.0,25313.0,,0,0,0,0,0,0,1,0,0,0,1
1645,Москаленский муниципальный район,Омская область,муниципальный район,,52632000,52632000.0,26392.0,,0,0,0,0,0,0,1,0,0,0,1
1646,Муромцевский муниципальный район,Омская область,муниципальный район,,52634000,52634000.0,16992.0,,0,0,0,0,0,0,1,0,0,0,1
1647,Называевский муниципальный район,Омская область,муниципальный район,,52636000,52636000.0,17786.0,,0,0,0,0,0,0,1,0,0,0,1
1648,Нижнеомский муниципальный район,Омская область,муниципальный район,,52639000,52639000.0,12230.0,,0,0,0,0,0,0,1,0,0,0,1
1649,Нововаршавский муниципальный район,Омская область,муниципальный район,,52641000,52641000.0,20369.0,,0,0,0,0,0,0,1,0,0,0,1
1650,Одесский муниципальный район,Омская область,муниципальный район,,52642000,52642000.0,15856.0,,0,0,0,0,0,0,1,0,0,0,1
1651,Оконешниковский муниципальный район,Омская область,муниципальный район,,52643000,52643000.0,11776.0,,0,0,0,0,0,0,1,0,0,0,1
1652,Омский муниципальный район,Омская область,муниципальный район,,52644000,52644000.0,100576.0,,0,0,0,0,0,0,0,0,0,0,0
1653,Павлоградский муниципальный район,Омская область,муниципальный район,,52646000,52646000.0,17473.0,,0,0,0,0,0,0,1,0,0,0,1
1654,Полтавский муниципальный район,Омская область,муниципальный район,,52648000,52648000.0,18147.0,,0,0,0,0,0,0,1,0,0,0,1
1655,Русско-Полянский муниципальный район,Омская область,муниципальный район,,52650000,52650000.0,15619.0,,0,0,0,0,0,0,1,0,0,0,1
1656,Саргатский муниципальный район,Омская область,муниципальный район,,52651000,52651000.0,15815.0,,0,0,0,0,0,0,1,0,0,0,1
1657,Седельниковский муниципальный район,Омская область,муниципальный район,,52652000,52652000.0,8137.0,,0,0,0,0,0,0,1,0,0,0,1
1658,Таврический муниципальный район,Омская область,муниципальный район,,52653000,52653000.0,33312.0,,0,0,0,0,0,0,1,0,0,0,0
1659,Тарский муниципальный район,Омская область,муниципальный район,,52654000,52654000.0,39838.0,,0,0,0,0,0,0,1,0,0,0,0
1660,Тевризский муниципальный район,Омская область,муниципальный район,,52655000,52655000.0,11958.0,,0,0,0,0,0,0,1,0,0,0,1
1661,Тюкалинский муниципальный район,Омская область,муниципальный район,,52656000,52656000.0,19114.0,,0,0,0,0,0,0,1,0,0,0,1
1662,Усть-Ишимский муниципальный район,Омская область,муниципальный район,,52657000,52657000.0,9157.0,,0,0,0,0,0,0,1,0,0,0,1
1663,Черлакский муниципальный район,Омская область,муниципальный район,,52658000,52658000.0,24866.0,,0,0,0,0,0,0,1,0,0,0,0
1664,Шербакульский муниципальный район,Омская область,муниципальный район,,52659000,52659000.0,18767.0,,0,0,0,0,0,0,1,0,0,0,1
1665,городской округ город Оренбург,Оренбургская область,городской округ,административный_центр_субъекта,53701000,53701000.0,550344.0,,0,0,0,0,0,1,1,1,0,0,0
1666,городской округ Абдулинский,Оренбургская область,городской округ,,53704000,53704000.0,23381.0,,0,0,0,0,0,0,1,0,0,0,1
1667,городской округ город Бугуруслан,Оренбургская область,городской округ,,53708000,53708000.0,42519.0,,0,0,0,0,0,0,1,0,0,0,1
1668,городской округ город Бузулук,Оренбургская область,городской округ,,53712000,53712000.0,88339.0,,0,0,0,0,0,0,1,0,0,0,1
1669,городской округ Гайский,Оренбургская область,городской округ,,53713000,53713000.0,39040.0,2.0,0,0,0,0,0,0,1,0,0,0,1
1670,городской округ Кувандыкский,Оренбургская область,городской округ,,53714000,53714000.0,40357.0,1.0,0,0,0,0,0,0,1,0,0,0,1
1671,городской округ город Медногорск,Оренбургская область,городской округ,,53715000,53715000.0,24149.0,2.0,0,0,0,0,0,0,1,0,0,0,1
1672,городской округ город Новотроицк,Оренбургская область,городской округ,,53720000,53720000.0,79410.0,1.0,0,0,0,0,0,0,1,0,0,0,1
1673,городской округ город Орск,Оренбургская область,городской округ,,53723000,53723000.0,190318.0,,0,0,0,0,0,0,1,0,0,0,0
1674,городской округ Соль-Илецкий,Оренбургская область,городской округ,,53725000,53725000.0,45181.0,3.0,0,0,0,0,0,0,1,0,0,0,1
1675,городской округ Сорочинский,Оренбургская область,городской округ,,53727000,53727000.0,39845.0,,0,0,0,0,0,0,1,0,0,0,1
1676,городской округ Ясненский,Оренбургская область,городской округ,,53732000,53732000.0,17793.0,3.0,0,0,0,0,0,0,1,0,0,0,0
1678,Адамовский муниципальный район,Оренбургская область,муниципальный район,,53604000,53604000.0,18976.0,,0,0,0,0,0,0,1,0,0,0,1
1679,Акбулакский муниципальный район,Оренбургская область,муниципальный район,,53605000,53605000.0,19016.0,,0,0,0,0,0,0,1,0,0,0,0
1680,Александровский муниципальный район,Оренбургская область,муниципальный район,,53606000,53606000.0,12753.0,,0,0,0,0,0,0,1,0,0,0,1
1681,Асекеевский муниципальный район,Оренбургская область,муниципальный район,,53607000,53607000.0,15753.0,,0,0,0,0,0,0,1,0,0,0,1
1682,Беляевский муниципальный район,Оренбургская область,муниципальный район,,53610000,53610000.0,13156.0,,0,0,0,0,0,0,1,0,0,0,1
1683,Бугурусланский муниципальный район,Оренбургская область,муниципальный район,,53611000,53611000.0,16252.0,,0,0,0,0,0,0,0,0,0,0,0
1684,Бузулукский муниципальный район,Оренбургская область,муниципальный район,,53612000,53612000.0,30955.0,,0,0,0,0,0,0,0,0,0,0,0
1685,Грачёвский муниципальный район,Оренбургская область,муниципальный район,,53615000,53615000.0,10558.0,,0,0,0,0,0,0,1,0,0,0,1
1686,Домбаровский муниципальный район,Оренбургская область,муниципальный район,,53617000,53617000.0,11105.0,,0,0,0,0,0,0,1,0,0,0,1
1687,Илекский муниципальный район,Оренбургская область,муниципальный район,,53619000,53619000.0,25229.0,,0,0,0,0,0,0,1,0,0,0,0
1688,Кваркенский муниципальный район,Оренбургская область,муниципальный район,,53622000,53622000.0,14438.0,,0,0,0,0,0,0,1,0,0,0,1
1689,Красногвардейский муниципальный район,Оренбургская область,муниципальный район,,53623000,53623000.0,16960.0,,0,0,0,0,0,0,1,0,0,0,1
1690,Курманаевский муниципальный район,Оренбургская область,муниципальный район,,53625000,53625000.0,14152.0,,0,0,0,0,0,0,1,0,0,0,1
1691,Матвеевский муниципальный район,Оренбургская область,муниципальный район,,53627000,53627000.0,8826.0,,0,0,0,0,0,0,1,0,0,0,1
1692,Новоорский муниципальный район,Оренбургская область,муниципальный район,,53630000,53630000.0,23447.0,,0,0,0,0,0,0,1,0,0,0,1
1693,Новосергиевский муниципальный район,Оренбургская область,муниципальный район,,53631000,53631000.0,28827.0,,0,0,0,0,0,0,1,0,0,0,1
1694,Октябрьский муниципальный район,Оренбургская область,муниципальный район,,53633000,53633000.0,17079.0,,0,0,0,0,0,0,1,0,0,0,1
1695,Оренбургский муниципальный район,Оренбургская область,муниципальный район,,53634000,53634000.0,118373.0,,0,0,0,0,0,0,0,0,0,0,0
1696,Первомайский муниципальный район,Оренбургская область,муниципальный район,,53636000,53636000.0,20575.0,,0,0,0,0,0,0,1,0,0,0,1
1697,Переволоцкий муниципальный район,Оренбургская область,муниципальный район,,53637000,53637000.0,20288.0,,0,0,0,0,0,0,1,0,0,0,1
1698,Пономарёвский муниципальный район,Оренбургская область,муниципальный район,,53638000,53638000.0,12885.0,,0,0,0,0,0,0,1,0,0,0,1
1699,Сакмарский муниципальный район,Оренбургская область,муниципальный район,,53640000,53640000.0,29252.0,1.0,0,0,0,0,0,0,0,0,0,0,0
1700,Саракташский муниципальный район,Оренбургская область,муниципальный район,,53641000,53641000.0,39786.0,,0,0,0,0,0,0,1,0,0,0,1
1701,Светлинский муниципальный район,Оренбургская область,муниципальный район,,53642000,53642000.0,9689.0,,0,0,0,0,0,0,1,0,0,0,1
1702,Северный муниципальный район,Оренбургская область,муниципальный район,,53643000,53643000.0,10754.0,,0,0,0,0,0,0,1,0,0,0,1
1703,Ташлинский муниципальный район,Оренбургская область,муниципальный район,,53651000,53651000.0,19856.0,,0,0,0,0,0,0,1,0,0,0,1
1704,Тоцкий муниципальный район,Оренбургская область,муниципальный район,,53652000,53652000.0,30816.0,,0,0,0,0,0,0,1,0,0,0,1
1705,Тюльганский муниципальный район,Оренбургская область,муниципальный район,,53653000,53653000.0,17089.0,,0,0,0,0,0,0,1,0,0,0,1
1706,Шарлыкский муниципальный район,Оренбургская область,муниципальный район,,53656000,53656000.0,14855.0,,0,0,0,0,0,0,1,0,0,0,1
1707,городской округ город Орёл,Орловская область,городской округ,административный_центр_субъекта,54701000,54701000.0,292406.0,,0,0,0,0,0,1,1,1,0,0,0
1708,городской округ город Ливны,Орловская область,городской округ,,54705000,54705000.0,42694.0,,0,0,0,0,0,0,1,0,0,0,0
1709,городской округ город Мценск,Орловская область,городской округ,,54710000,54710000.0,35554.0,2.0,0,0,0,0,0,0,1,0,0,0,0
1710,Болховский муниципальный район,Орловская область,муниципальный район,,54604000,54604000.0,14977.0,,0,0,0,0,0,0,1,0,0,0,1
1711,Верховский муниципальный район,Орловская область,муниципальный район,,54608000,54608000.0,14493.0,,0,0,0,0,0,0,1,0,0,0,1
1712,Глазуновский муниципальный район,Орловская область,муниципальный район,,54610000,54610000.0,10168.0,,0,0,0,0,0,0,1,0,0,0,1
1713,Дмитровский муниципальный район,Орловская область,муниципальный район,,54612000,54612000.0,10381.0,,0,0,0,0,0,0,1,0,0,0,1
1714,Должанский муниципальный район,Орловская область,муниципальный район,,54615000,54615000.0,8587.0,,0,0,0,0,0,0,1,0,0,0,1
1715,Залегощенский муниципальный район,Орловская область,муниципальный район,,54618000,54618000.0,11724.0,,0,0,0,0,0,0,1,0,0,0,1
1716,Знаменский муниципальный район,Орловская область,муниципальный район,,54620000,54620000.0,4269.0,,0,0,0,0,0,0,1,0,0,0,1
1717,Колпнянский муниципальный район,Орловская область,муниципальный район,,54623000,54623000.0,12286.0,,0,0,0,0,0,0,1,0,0,0,1
1718,Краснозоренский муниципальный район,Орловская область,муниципальный район,,54624000,54624000.0,5084.0,,0,0,0,0,0,0,1,0,0,0,1
1719,Кромской муниципальный район,Орловская область,муниципальный район,,54625000,54625000.0,20537.0,,0,0,0,0,0,0,1,0,0,0,1
1720,Корсаковский муниципальный район,Орловская область,муниципальный район,,54626000,54626000.0,3706.0,,0,0,0,0,0,0,1,0,0,0,1
1721,Ливенский муниципальный район,Орловская область,муниципальный район,,54629000,54629000.0,25788.0,,0,0,0,0,0,0,0,0,0,0,0
1722,Малоархангельский муниципальный район,Орловская область,муниципальный район,,54632000,54632000.0,9312.0,,0,0,0,0,0,0,1,0,0,0,1
1723,Мценский муниципальный район,Орловская область,муниципальный район,,54636000,54636000.0,16482.0,,0,0,0,0,0,0,0,0,0,0,0
1724,Новодеревеньковский муниципальный район,Орловская область,муниципальный район,,54639000,54639000.0,9028.0,,0,0,0,0,0,0,1,0,0,0,1
1725,Новосильский муниципальный район,Орловская область,муниципальный район,,54643000,54643000.0,6534.0,,0,0,0,0,0,0,1,0,0,0,1
1726,муниципальный округ Орловский,Орловская область,муниципальный округ,,54501000,54501000.0,69588.0,,0,0,0,0,0,0,0,0,0,0,0
1727,Покровский муниципальный район,Орловская область,муниципальный район,,54650000,54650000.0,11873.0,,0,0,0,0,0,0,1,0,0,0,1
1728,Свердловский муниципальный район,Орловская область,муниципальный район,,54652000,54652000.0,13337.0,,0,0,0,0,0,0,1,0,0,0,1
1729,Сосковский муниципальный район,Орловская область,муниципальный район,,54653000,54653000.0,5062.0,,0,0,0,0,0,0,1,0,0,0,1
1730,Троснянский муниципальный район,Орловская область,муниципальный район,,54654000,54654000.0,7678.0,,0,0,0,0,0,0,1,0,0,0,1
1731,Урицкий муниципальный район,Орловская область,муниципальный район,,54655000,54655000.0,17284.0,,0,0,0,0,0,0,1,0,0,0,1
1732,Хотынецкий муниципальный район,Орловская область,муниципальный район,,54657000,54657000.0,7819.0,,0,0,0,0,0,0,1,0,0,0,1
1733,Шаблыкинский муниципальный район,Орловская область,муниципальный район,,54659000,54659000.0,5835.0,,0,0,0,0,0,0,1,0,0,0,1
1737,Башмаковский муниципальный район,Пензенская область,муниципальный район,,56603000,56603000.0,19102.0,,0,0,0,0,0,0,1,0,0,0,1
1738,Бековский муниципальный район,Пензенская область,муниципальный район,,56609000,56609000.0,13474.0,,0,0,0,0,0,0,1,0,0,0,1
1739,Белинский муниципальный район,Пензенская область,муниципальный район,,56612000,56612000.0,23699.0,,0,0,0,0,0,0,1,0,0,0,1
1740,Бессоновский муниципальный район,Пензенская область,муниципальный район,,56613000,56613000.0,44901.0,,0,0,0,0,0,0,0,0,0,0,0
1741,Вадинский муниципальный район,Пензенская область,муниципальный район,,56615000,56615000.0,7153.0,,0,0,0,0,0,0,1,0,0,0,1
1742,Городищенский муниципальный район,Пензенская область,муниципальный район,,56618000,56618000.0,45419.0,,0,0,0,0,0,0,1,0,0,0,1
1743,Земетчинский муниципальный район,Пензенская область,муниципальный район,,56623000,56623000.0,18592.0,,0,0,0,0,0,0,1,0,0,0,1
1744,Иссинский муниципальный район,Пензенская область,муниципальный район,,56626000,56626000.0,8268.0,,0,0,0,0,0,0,1,0,0,0,1
1745,Каменский муниципальный район,Пензенская область,муниципальный район,,56629000,56629000.0,48394.0,,0,0,0,0,0,0,1,0,0,0,1
1746,Камешкирский муниципальный район,Пензенская область,муниципальный район,,56631000,56631000.0,9895.0,,0,0,0,0,0,0,1,0,0,0,1
1747,Колышлейский муниципальный район,Пензенская область,муниципальный район,,56633000,56633000.0,20513.0,,0,0,0,0,0,0,1,0,0,0,1
1749,Лопатинский муниципальный район,Пензенская область,муниципальный район,,56642000,56642000.0,11327.0,,0,0,0,0,0,0,1,0,0,0,1
1750,Лунинский муниципальный район,Пензенская область,муниципальный район,,56643000,56643000.0,15623.0,,0,0,0,0,0,0,1,0,0,0,1
1751,Малосердобинский муниципальный район,Пензенская область,муниципальный район,,56644000,56644000.0,7959.0,,0,0,0,0,0,0,1,0,0,0,1
1752,Мокшанский муниципальный район,Пензенская область,муниципальный район,,56645000,56645000.0,23532.0,3.0,0,0,0,0,0,0,1,0,0,0,1
1753,Наровчатский муниципальный район,Пензенская область,муниципальный район,,56647000,56647000.0,9756.0,,0,0,0,0,0,0,1,0,0,0,1
1754,Неверкинский муниципальный район,Пензенская область,муниципальный район,,56649000,56649000.0,13081.0,,0,0,0,0,0,0,1,0,0,0,1
1755,Нижнеломовский муниципальный район,Пензенская область,муниципальный район,,56651000,56651000.0,35595.0,,0,0,0,0,0,0,1,0,0,0,1
1756,Никольский муниципальный район,Пензенская область,муниципальный район,,56653000,56653000.0,27530.0,2.0,0,0,0,0,0,0,1,0,0,0,1
1757,Пачелмский муниципальный район,Пензенская область,муниципальный район,,56654000,56654000.0,12972.0,,0,0,0,0,0,0,1,0,0,0,1
1758,Пензенский муниципальный район,Пензенская область,муниципальный район,,56655000,56655000.0,66409.0,,0,0,0,0,0,0,1,0,1,0,0
1759,Сердобский муниципальный район,Пензенская область,муниципальный район,,56656000,56656000.0,44283.0,2.0,0,0,0,0,0,0,1,0,0,0,1
1760,Сосновоборский муниципальный район,Пензенская область,муниципальный район,,56657000,56657000.0,13512.0,,0,0,0,0,0,0,1,0,0,0,1
1761,Спасский муниципальный район,Пензенская область,муниципальный район,,56606000,56606000.0,10833.0,,0,0,0,0,0,0,1,0,0,0,1
1762,Тамалинский муниципальный район,Пензенская область,муниципальный район,,56658000,56658000.0,12659.0,,0,0,0,0,0,0,1,0,0,0,1
1763,Шемышейский муниципальный район,Пензенская область,муниципальный район,,56659000,56659000.0,14346.0,,0,0,0,0,0,0,1,0,0,0,1
1764,городской округ город Псков,Псковская область,городской округ,административный_центр_субъекта,58701000,58701000.0,187129.0,,0,0,0,0,0,1,0,0,0,0,0
1765,городской округ город Великие Луки,Псковская область,городской округ,,58710000,58710000.0,85442.0,,0,0,0,0,0,0,0,0,0,0,0
1766,Бежаницкий муниципальный район,Псковская область,муниципальный район,,58604000,58604000.0,9802.0,,0,0,0,0,0,0,1,0,0,0,1
1767,Великолукский муниципальный район,Псковская область,муниципальный район,,58606000,58606000.0,19020.0,,0,0,0,0,0,0,1,0,0,0,0
1768,Гдовский муниципальный район,Псковская область,муниципальный район,,58608000,58608000.0,8544.0,,0,0,0,0,0,0,1,0,0,0,1
1769,Дедовичский муниципальный район,Псковская область,муниципальный район,,58610000,58610000.0,11451.0,,0,0,0,0,0,0,1,0,0,0,1
1770,Дновский муниципальный район,Псковская область,муниципальный район,,58612000,58612000.0,10547.0,,0,0,0,0,0,0,1,0,0,0,1
1771,муниципальный округ Красногородский,Псковская область,муниципальный округ,,58514000,58514000.0,6202.0,,0,0,0,0,0,0,1,0,0,0,1
1772,Куньинский муниципальный район,Псковская область,муниципальный район,,58616000,58616000.0,7380.0,,0,0,0,0,0,0,1,0,0,0,1
1773,муниципальный округ Локнянский,Псковская область,муниципальный округ,,58518000,58518000.0,7535.0,,0,0,0,0,0,0,1,0,0,0,1
1774,муниципальный округ Невельский,Псковская область,муниципальный округ,,58520000,58520000.0,20417.0,,0,0,0,0,0,0,1,0,0,0,1
1775,муниципальный округ Новоржевский,Псковская область,муниципальный округ,,58523000,58523000.0,7682.0,,0,0,0,0,0,0,1,0,0,0,1
1776,Новосокольнический муниципальный район,Псковская область,муниципальный район,,58626000,58626000.0,11427.0,,0,0,0,0,0,0,1,0,0,0,1
1777,муниципальный округ Опочецкий,Псковская область,муниципальный округ,,58529000,58529000.0,14690.0,,0,0,0,0,0,0,1,0,0,0,1
1778,Островский муниципальный район,Псковская область,муниципальный район,,58633000,58633000.0,26618.0,,0,0,0,0,0,0,1,0,0,0,0
1779,Палкинский муниципальный район,Псковская область,муниципальный район,,58637000,58637000.0,7208.0,,0,0,0,0,0,0,1,0,0,0,1
1780,муниципальный округ Печорский,Псковская область,муниципальный округ,,58540000,58540000.0,18184.0,,0,0,0,0,0,0,1,0,0,0,0
1781,Плюсский муниципальный район,Псковская область,муниципальный район,,58643000,58643000.0,6131.0,,0,0,0,0,0,0,1,0,0,0,1
1782,Порховский муниципальный район,Псковская область,муниципальный район,,58647000,58647000.0,14635.0,,0,0,0,0,0,0,1,0,0,0,1
1783,Псковский муниципальный район,Псковская область,муниципальный район,,58649000,58649000.0,44749.0,,0,0,0,0,0,0,2,0,0,0,1
1784,Пустошкинский муниципальный район,Псковская область,муниципальный район,,58650000,58650000.0,7174.0,,0,0,0,0,0,0,1,0,0,0,1
1785,Пушкиногорский муниципальный район,Псковская область,муниципальный район,,58651000,58651000.0,7103.0,,0,0,0,0,0,0,1,0,0,0,1
1786,муниципальный округ Пыталовский,Псковская область,муниципальный округ,,58553000,58553000.0,9542.0,,0,0,0,0,0,0,1,0,0,0,0
1787,Себежский муниципальный район,Псковская область,муниципальный район,,58654000,58654000.0,18348.0,,0,0,0,0,0,0,1,0,0,0,0
1788,муниципальный округ Струго-Красненский,Псковская область,муниципальный округ,,58556000,58556000.0,9467.0,,0,0,0,0,0,0,1,0,0,0,1
1789,Усвятский муниципальный район,Псковская область,муниципальный район,,58658000,58658000.0,4720.0,,0,0,0,0,0,0,1,0,0,0,1
1845,городской округ город Рязань,Рязанская область,городской округ,административный_центр_субъекта,61701000,61701000.0,520509.0,,0,0,0,0,0,1,1,1,0,0,0
1846,городской округ город Касимов,Рязанская область,городской округ,,61705000,61705000.0,27537.0,,0,0,0,0,0,0,1,0,0,0,1
1847,городской округ город Сасово,Рязанская область,городской округ,,61710000,,,,0,0,0,0,0,0,0,0,0,0,0
1848,городской округ город Скопин,Рязанская область,городской округ,,61715000,61715000.0,25424.0,2.0,0,0,0,0,0,0,2,0,0,0,1
1849,Ермишинский муниципальный район,Рязанская область,муниципальный район,,61602000,61602000.0,6377.0,,0,0,0,0,0,0,1,0,0,0,1
1850,Захаровский муниципальный район,Рязанская область,муниципальный район,,61604000,61604000.0,7676.0,,0,0,0,0,0,0,1,0,0,0,1
1851,Кадомский муниципальный район,Рязанская область,муниципальный район,,61606000,61606000.0,7264.0,,0,0,0,0,0,0,1,0,0,0,1
1852,Касимовский муниципальный район,Рязанская область,муниципальный район,,61608000,61608000.0,26914.0,3.0,0,0,0,0,0,0,1,0,0,0,1
1853,Клепиковский муниципальный район,Рязанская область,муниципальный район,,61610000,61610000.0,20755.0,,0,0,0,0,0,0,1,0,0,0,1
1854,Кораблинский муниципальный район,Рязанская область,муниципальный район,,61612000,61612000.0,21723.0,,0,0,0,0,0,0,1,0,0,0,0
1855,Милославский муниципальный район,Рязанская область,муниципальный район,,61615000,61615000.0,10602.0,,0,0,0,0,0,0,1,0,0,0,1
1856,Михайловский муниципальный район,Рязанская область,муниципальный район,,61617000,61617000.0,31192.0,,0,0,0,0,0,0,1,0,0,0,0
1857,Александро-Невский муниципальный район,Рязанская область,муниципальный район,,61620000,61620000.0,10428.0,,0,0,0,0,0,0,1,0,0,0,0
1858,Пителинский муниципальный район,Рязанская область,муниципальный район,,61623000,61623000.0,4600.0,,0,0,0,0,0,0,1,0,0,0,1
1859,Пронский муниципальный район,Рязанская область,муниципальный район,,61625000,61625000.0,29852.0,,0,0,0,0,0,0,1,0,0,0,0
1860,Путятинский муниципальный округ,Рязанская область,муниципальный округ,,61526000,61526000.0,6799.0,,0,0,0,0,0,0,1,0,0,0,1
1861,Рыбновский муниципальный район,Рязанская область,муниципальный район,,61627000,61627000.0,38941.0,,0,0,0,0,0,0,1,0,0,0,0
1862,Ряжский муниципальный округ,Рязанская область,муниципальный округ,,61530000,61530000.0,26812.0,,0,0,0,0,0,0,1,0,0,0,0
1863,Рязанский муниципальный район,Рязанская область,муниципальный район,,61634000,61634000.0,63439.0,,0,0,0,0,0,0,1,0,1,0,0
1864,Сапожковский муниципальный район,Рязанская область,муниципальный район,,61637000,61637000.0,8943.0,,0,0,0,0,0,0,1,0,0,0,1
1865,Сараевский муниципальный район,Рязанская область,муниципальный район,,61640000,61640000.0,14373.0,,0,0,0,0,0,0,1,0,0,0,1
1868,Спасский муниципальный район,Рязанская область,муниципальный район,,61646000,61646000.0,24415.0,,0,0,0,0,0,0,1,0,0,0,1
1869,Старожиловский муниципальный район,Рязанская область,муниципальный район,,61648000,61648000.0,15533.0,,0,0,0,0,0,0,1,0,0,0,1
1870,Ухоловский муниципальный район,Рязанская область,муниципальный район,,61650000,61650000.0,8122.0,,0,0,0,0,0,0,1,0,0,0,1
1871,Чучковский муниципальный район,Рязанская область,муниципальный район,,61653000,61653000.0,6634.0,,0,0,0,0,0,0,1,0,0,0,1
1872,Шацкий муниципальный район,Рязанская область,муниципальный район,,61656000,61656000.0,20266.0,,0,0,0,0,0,0,1,0,0,0,1
1873,Шиловский муниципальный район,Рязанская область,муниципальный район,,61658000,61658000.0,34446.0,3.0,0,0,0,0,0,0,2,0,0,0,1
1874,городской округ Самара,Самарская область,городской округ,административный_центр_субъекта,36701000,36701000.0,1159044.0,,0,0,0,0,0,1,1,1,0,0,0
1875,городской округ Жигулевск,Самарская область,городской округ,,36704000,36704000.0,52171.0,,0,0,0,0,0,0,1,0,1,0,0
1876,городской округ Кинель,Самарская область,городской округ,,36708000,36708000.0,57721.0,,0,0,0,0,0,0,1,0,1,0,0
1877,городской округ Новокуйбышевск,Самарская область,городской округ,,36713000,36713000.0,98550.0,,0,0,0,0,0,0,1,0,1,0,0
1878,городской округ Октябрьск,Самарская область,городской округ,,36718000,36718000.0,19887.0,,0,0,0,0,0,0,1,0,0,0,0
1879,городской округ Отрадный,Самарская область,городской округ,,36724000,36724000.0,46480.0,,0,0,0,0,0,0,1,0,0,0,1
1880,городской округ Похвистнево,Самарская область,городской округ,,36727000,36727000.0,27685.0,,0,0,0,0,0,0,1,0,0,0,1
1881,городской округ Сызрань,Самарская область,городской округ,,36735000,36735000.0,162372.0,,0,0,0,0,0,0,1,0,0,0,1
1882,городской округ Тольятти,Самарская область,городской округ,,36740000,36740000.0,667956.0,1.0,0,0,0,0,0,0,1,0,1,0,0
1883,городской округ Чапаевск,Самарская область,городской округ,,36750000,36750000.0,68824.0,3.0,0,0,0,0,0,0,1,0,1,0,0
1884,Алексеевский муниципальный район,Самарская область,муниципальный район,,36602000,36602000.0,10499.0,,0,0,0,0,0,0,1,0,0,0,1
1885,Безенчукский муниципальный район,Самарская область,муниципальный район,,36604000,36604000.0,35844.0,,0,0,0,0,0,0,1,0,0,0,1
1886,Богатовский муниципальный район,Самарская область,муниципальный район,,36606000,36606000.0,13052.0,,0,0,0,0,0,0,1,0,0,0,1
1887,Большеглушицкий муниципальный район,Самарская область,муниципальный район,,36608000,36608000.0,17856.0,,0,0,0,0,0,0,1,0,0,0,1
1888,Большечерниговский муниципальный район,Самарская область,муниципальный район,,36610000,36610000.0,17085.0,,0,0,0,0,0,0,1,0,0,0,0
1889,Борский муниципальный район,Самарская область,муниципальный район,,36612000,36612000.0,22166.0,,0,0,0,0,0,0,1,0,0,0,1
1890,Волжский муниципальный район,Самарская область,муниципальный район,,36614000,36614000.0,130495.0,,0,0,0,0,0,0,0,0,0,0,0
1891,Елховский муниципальный район,Самарская область,муниципальный район,,36615000,36615000.0,9128.0,,0,0,0,0,0,0,1,0,0,0,1
1892,Исаклинский муниципальный район,Самарская область,муниципальный район,,36616000,36616000.0,12310.0,,0,0,0,0,0,0,1,0,0,0,1
1893,Камышлинский муниципальный район,Самарская область,муниципальный район,,36617000,36617000.0,10431.0,,0,0,0,0,0,0,1,0,0,0,1
1894,Кинельский муниципальный район,Самарская область,муниципальный район,,36618000,36618000.0,30309.0,,0,0,0,0,0,0,1,0,0,0,1
1895,Кинель-Черкасский муниципальный район,Самарская область,муниципальный район,,36620000,36620000.0,40596.0,,0,0,0,0,0,0,1,0,0,0,1
1896,Клявлинский муниципальный район,Самарская область,муниципальный район,,36622000,36622000.0,13967.0,,0,0,0,0,0,0,1,0,0,0,0
1897,Кошкинский муниципальный район,Самарская область,муниципальный район,,36624000,36624000.0,20672.0,,0,0,0,0,0,0,1,0,0,0,1
1898,Красноармейский муниципальный район,Самарская область,муниципальный район,,36626000,36626000.0,15788.0,,0,0,0,0,0,0,1,0,0,0,1
1899,Красноярский муниципальный район,Самарская область,муниципальный район,,36628000,36628000.0,56124.0,,0,0,0,0,0,0,0,0,0,0,0
1900,Нефтегорский муниципальный район,Самарская область,муниципальный район,,36630000,36630000.0,31958.0,,0,0,0,0,0,0,1,0,0,0,1
1901,Пестравский муниципальный район,Самарская область,муниципальный район,,36632000,36632000.0,14513.0,,0,0,0,0,0,0,1,0,0,0,1
1902,Похвистневский муниципальный район,Самарская область,муниципальный район,,36634000,36634000.0,25635.0,,0,0,0,0,0,0,1,0,0,0,1
1903,Приволжский муниципальный район,Самарская область,муниципальный район,,36636000,36636000.0,21590.0,,0,0,0,0,0,0,1,0,0,0,1
1904,Сергиевский муниципальный район,Самарская область,муниципальный район,,36638000,36638000.0,43600.0,,0,0,0,0,0,0,1,0,0,0,0
1905,Ставропольский муниципальный район,Самарская область,муниципальный район,,36640000,36640000.0,88162.0,,0,0,0,0,0,0,0,0,0,0,0
1906,Сызранский муниципальный район,Самарская область,муниципальный район,,36642000,36642000.0,23295.0,,0,0,0,0,0,0,0,0,0,0,0
1907,Хворостянский муниципальный район,Самарская область,муниципальный район,,36644000,36644000.0,15789.0,,0,0,0,0,0,0,1,0,0,0,1
1908,Челно-Вершинский муниципальный район,Самарская область,муниципальный район,,36646000,36646000.0,14451.0,,0,0,0,0,0,0,1,0,0,0,1
1909,Шенталинский муниципальный район,Самарская область,муниципальный район,,36648000,36648000.0,12565.0,,0,0,0,0,0,0,1,0,0,0,1
1910,Шигонский муниципальный район,Самарская область,муниципальный район,,36650000,36650000.0,19272.0,,0,0,0,0,0,0,1,0,0,0,1
1912,городской округ город Шиханы,Саратовская область,городской округ,,63746000,63746000.0,4872.0,,0,0,0,0,0,0,1,0,0,0,1
1913,городской округ поселок Михайловский,Саратовская область,городской округ,,63760000,63760000.0,2321.0,,0,0,0,0,0,0,1,0,0,0,1
1915,Александрово-Гайский муниципальный район,Саратовская область,муниципальный район,,63602000,63602000.0,14280.0,,0,0,0,0,0,0,1,0,0,0,1
1916,Аркадакский муниципальный район,Саратовская область,муниципальный район,,63603000,63603000.0,19018.0,,0,0,0,0,0,0,1,0,0,0,1
1917,Аткарский муниципальный район,Саратовская область,муниципальный район,,63604000,63604000.0,33425.0,,0,0,0,0,0,0,1,0,0,0,0
1918,Базарно-Карабулакский муниципальный район,Саратовская область,муниципальный район,,63606000,63606000.0,24991.0,,0,0,0,0,0,0,1,0,0,0,1
1919,Балаковский муниципальный район,Саратовская область,муниципальный район,,63607000,63607000.0,200241.0,,0,0,0,0,0,0,1,0,0,0,0
1920,Балашовский муниципальный район,Саратовская область,муниципальный район,,63608000,63608000.0,99921.0,,0,0,0,0,0,0,1,0,0,0,1
1921,Балтайский муниципальный район,Саратовская область,муниципальный район,,63609000,63609000.0,9850.0,,0,0,0,0,0,0,1,0,0,0,1
1922,Вольский муниципальный район,Саратовская область,муниципальный район,,63611000,63611000.0,80407.0,2.0,0,0,0,0,0,0,1,0,0,0,1
1923,Воскресенский муниципальный район,Саратовская область,муниципальный район,,63612000,63612000.0,10854.0,,0,0,0,0,0,0,1,0,0,0,1
1924,Дергачевский муниципальный район,Саратовская область,муниципальный район,,63613000,63613000.0,15660.0,,0,0,0,0,0,0,1,0,0,0,1
1925,Духовницкий муниципальный район,Саратовская область,муниципальный район,,63614000,63614000.0,9856.0,,0,0,0,0,0,0,1,0,0,0,1
1926,Екатериновский муниципальный район,Саратовская область,муниципальный район,,63616000,63616000.0,16296.0,,0,0,0,0,0,0,1,0,0,0,1
1927,Ершовский муниципальный район,Саратовская область,муниципальный район,,63617000,63617000.0,30920.0,,0,0,0,0,0,0,1,0,0,0,1
1928,Ивантеевский муниципальный район,Саратовская область,муниципальный район,,63619000,63619000.0,12313.0,,0,0,0,0,0,0,1,0,0,0,1
1929,Калининский муниципальный район,Саратовская область,муниципальный район,,63621000,63621000.0,26679.0,,0,0,0,0,0,0,1,0,0,0,1
1930,Красноармейский муниципальный район,Саратовская область,муниципальный район,,63622000,63622000.0,40536.0,,0,0,0,0,0,0,1,0,0,0,1
1931,Краснокутский муниципальный район,Саратовская область,муниципальный район,,63623000,63623000.0,30318.0,,0,0,0,0,0,0,1,0,0,0,1
1932,Краснопартизанский муниципальный район,Саратовская область,муниципальный район,,63624000,63624000.0,8776.0,,0,0,0,0,0,0,1,0,0,0,1
1933,Лысогорский муниципальный район,Саратовская область,муниципальный район,,63625000,63625000.0,17228.0,,0,0,0,0,0,0,1,0,0,0,1
1934,Марксовский муниципальный район,Саратовская область,муниципальный район,,63626000,63626000.0,57354.0,,0,0,0,0,0,0,1,0,0,0,1
1935,Новобурасский муниципальный район,Саратовская область,муниципальный район,,63629000,63629000.0,14824.0,,0,0,0,0,0,0,1,0,0,0,1
1936,Новоузенский муниципальный район,Саратовская область,муниципальный район,,63630000,63630000.0,26367.0,,0,0,0,0,0,0,1,0,0,0,1
1937,Озинский муниципальный район,Саратовская область,муниципальный район,,63632000,63632000.0,14262.0,,0,0,0,0,0,0,1,0,0,0,0
1938,Перелюбский муниципальный район,Саратовская область,муниципальный район,,63634000,63634000.0,10960.0,,0,0,0,0,0,0,1,0,0,0,1
1939,Петровский муниципальный район,Саратовская область,муниципальный район,,63635000,63635000.0,36094.0,2.0,0,0,0,0,0,0,1,0,0,0,1
1940,Питерский муниципальный район,Саратовская область,муниципальный район,,63636000,63636000.0,14503.0,,0,0,0,0,0,0,1,0,0,0,1
1941,Пугачевский муниципальный район,Саратовская область,муниципальный район,,63637000,63637000.0,54377.0,,0,0,0,0,0,0,1,0,0,0,1
1942,Ровенский муниципальный район,Саратовская область,муниципальный район,,63639000,63639000.0,16346.0,,0,0,0,0,0,0,1,0,0,0,1
1943,Романовский муниципальный район,Саратовская область,муниципальный район,,63640000,63640000.0,12117.0,,0,0,0,0,0,0,1,0,0,0,1
1944,Ртищевский муниципальный район,Саратовская область,муниципальный район,,63641000,63641000.0,50179.0,,0,0,0,0,0,0,1,0,0,0,0
1945,Самойловский муниципальный район,Саратовская область,муниципальный район,,63642000,63642000.0,15904.0,,0,0,0,0,0,0,1,0,0,0,1
1947,Советский муниципальный район,Саратовская область,муниципальный район,,63644000,63644000.0,23861.0,,0,0,0,0,0,0,1,0,0,0,1
1948,Татищевский муниципальный район,Саратовская область,муниципальный район,,63646000,63646000.0,27609.0,,0,0,0,0,0,0,1,0,0,0,1
1949,Турковский муниципальный район,Саратовская область,муниципальный район,,63647000,63647000.0,9477.0,,0,0,0,0,0,0,1,0,0,0,1
1950,Федоровский муниципальный район,Саратовская область,муниципальный район,,63648000,63648000.0,16427.0,,0,0,0,0,0,0,1,0,0,0,1
1951,Хвалынский муниципальный район,Саратовская область,муниципальный район,,63649000,63649000.0,20628.0,,0,0,0,0,0,0,1,0,0,0,1
1952,Энгельсский муниципальный район,Саратовская область,муниципальный район,,63650000,63650000.0,304713.0,,0,0,0,0,0,0,2,0,1,0,0
1954,городской округ Александровск-Сахалинский район,Сахалинская область,городской округ,,64704000,64704000.0,9868.0,,1,0,0,0,0,0,0,0,0,0,0
1955,городской округ Анивский,Сахалинская область,городской округ,,64708000,64708000.0,20975.0,,1,0,0,0,0,0,1,0,0,0,1
1956,городской округ Долинский,Сахалинская область,городской округ,,64712000,64712000.0,22145.0,,1,0,0,0,0,0,1,0,0,0,1
1957,городской округ Корсаковский,Сахалинская область,городской округ,,64716000,64716000.0,39675.0,,1,0,0,0,0,0,1,0,0,0,0
1958,городской округ Курильский,Сахалинская область,городской округ,,64720000,64720000.0,6956.0,,1,0,0,0,0,0,0,0,0,0,0
1959,городской округ Макаровский,Сахалинская область,городской округ,,64724000,64724000.0,6778.0,,1,0,0,0,0,0,1,0,0,0,0
1960,городской округ Невельский,Сахалинская область,городской округ,,64728000,64728000.0,15099.0,,1,0,0,0,0,0,1,0,0,0,1
1961,городской округ Ногликский,Сахалинская область,городской округ,,64732000,64732000.0,11222.0,,1,0,0,0,0,0,0,0,0,0,0
1962,городской округ Охинский,Сахалинская область,городской округ,,64736000,64736000.0,21086.0,,1,0,0,0,0,0,0,0,0,0,0
1963,городской округ Поронайский,Сахалинская область,городской округ,,64740000,64740000.0,20376.0,,1,0,0,0,0,0,1,0,0,0,1
1964,городской округ Северо-Курильский,Сахалинская область,городской округ,,64743000,64743000.0,2378.0,,1,0,0,0,0,0,0,0,0,0,0
1965,городской округ Смирныховский,Сахалинская область,городской округ,,64746000,64746000.0,11238.0,,1,0,0,0,0,0,0,0,0,0,0
1966,городской округ Томаринский,Сахалинская область,городской округ,,64748000,64748000.0,8177.0,,1,0,0,0,0,0,0,0,0,0,0
1967,городской округ Тымовский,Сахалинская область,городской округ,,64750000,64750000.0,14336.0,,1,0,0,0,0,0,0,0,0,0,0
1968,городской округ Углегорский,Сахалинская область,городской округ,,64752000,64752000.0,16020.0,,1,0,0,0,0,0,1,0,0,0,0
1969,городской округ Холмский,Сахалинская область,городской округ,,64754000,64754000.0,32754.0,,1,0,0,0,0,0,1,0,0,0,0
1970,городской округ Южно-Курильский,Сахалинская область,городской округ,,64756000,64756000.0,11480.0,,1,0,0,0,0,0,1,0,0,0,0
1971,городской округ город Екатеринбург,Свердловская область,городской округ,административный_центр_субъекта,65701000,65701000.0,1580109.0,,0,0,0,0,0,1,0,0,0,0,0
1972,городской округ город Алапаевск,Свердловская область,городской округ,,65728000,65728000.0,41048.0,,0,0,0,0,0,0,0,0,0,0,0
1973,городской округ Артемовский,Свердловская область,городской округ,,65703000,65703000.0,52119.0,,0,0,0,0,0,0,1,0,0,0,1
1974,городской округ Асбестовский,Свердловская область,городской округ,,65730000,65730000.0,58293.0,2.0,0,0,0,0,0,0,1,0,0,0,1
1975,городской округ Малышевский,Свердловская область,городской округ,,65762000,65762000.0,9499.0,3.0,0,0,0,0,0,0,0,0,0,0,0
1976,городской округ Рефтинский,Свердловская область,городской округ,,65763000,65763000.0,15137.0,,0,0,0,0,0,0,0,0,0,0,0
1977,городской округ Березовский,Свердловская область,городской округ,,65731000,65731000.0,76770.0,,0,0,0,0,0,0,0,0,0,0,0
1978,городской округ Богданович,Свердловская область,городской округ,,65707000,65707000.0,43489.0,,0,0,0,0,0,0,1,0,0,0,1
1979,городской округ Верхняя Пышма,Свердловская область,городской округ,,65732000,65732000.0,90810.0,2.0,0,0,0,0,0,0,0,0,0,0,0
1980,городской округ Среднеуральск,Свердловская область,городской округ,,65757000,65757000.0,25139.0,,0,0,0,0,0,0,0,0,0,0,0
1981,городской округ Верхнесалдинский,Свердловская область,городской округ,,65708000,65708000.0,41952.0,3.0,0,0,0,0,0,0,1,0,0,0,1
1982,городской округ Заречный,Свердловская область,городской округ,,65737000,65737000.0,31897.0,,0,0,0,0,0,0,1,0,1,0,0
1983,городской округ Ивдельский,Свердловская область,городской округ,,65738000,65738000.0,17176.0,,0,0,0,0,0,0,0,0,0,0,0
1984,городской округ Пелым,Свердловская область,городской округ,,65764000,65764000.0,3418.0,,0,0,0,0,0,0,0,0,0,0,0
1985,городской округ город Ирбит,Свердловская область,городской округ,,65739000,65739000.0,36505.0,,0,0,0,0,0,0,0,0,0,0,0
1986,городской округ город Каменск-Уральский,Свердловская область,городской округ,,65740000,65740000.0,163501.0,2.0,0,0,0,0,0,0,1,0,0,0,1
1987,городской округ Камышловский,Свердловская область,городской округ,,65741000,65741000.0,26765.0,,0,0,0,0,0,0,1,0,0,0,1
1988,городской округ Карпинск,Свердловская область,городской округ,,65742000,65742000.0,26968.0,1.0,0,0,0,0,0,0,0,0,0,0,0
1989,городской округ Волчанский,Свердловская область,городской округ,,65735000,65735000.0,8570.0,1.0,0,0,0,0,0,0,0,0,0,0,0
1990,городской округ Качканарский,Свердловская область,городской округ,,65743000,65743000.0,38418.0,2.0,0,0,0,0,0,0,1,0,0,0,1
1991,городской округ Кировградский,Свердловская область,городской округ,,65744000,65744000.0,23721.0,,0,0,0,0,0,0,1,0,0,0,1
1992,городской округ Верхний Тагил,Свердловская область,городской округ,,65733000,65733000.0,10991.0,,0,0,0,0,0,0,0,0,0,0,0
1993,городской округ Краснотурьинск,Свердловская область,городской округ,,65745000,65745000.0,58850.0,1.0,0,0,0,0,0,0,1,0,0,0,1
1994,городской округ Красноуральск,Свердловская область,городской округ,,65746000,65746000.0,21994.0,2.0,0,0,0,0,0,0,1,0,0,0,1
1995,городской округ Красноуфимск,Свердловская область,городской округ,,65747000,65747000.0,37866.0,,0,0,0,0,0,0,1,0,0,0,0
1996,городской округ Кушвинский,Свердловская область,городской округ,,65748000,65748000.0,35844.0,,0,0,0,0,0,0,1,0,1,0,0
1997,городской округ Верхняя Тура,Свердловская область,городской округ,,65734000,65734000.0,8418.0,2.0,0,0,0,0,0,0,0,0,0,0,0
1999,городской округ Невьянский,Свердловская область,городской округ,,65714000,65714000.0,37190.0,,0,0,0,0,0,0,0,0,0,0,0
2000,городской округ город Нижний Тагил,Свердловская область,городской округ,,65751000,65751000.0,333179.0,3.0,0,0,0,0,0,0,1,1,0,0,0
2001,городской округ Нижняя Салда,Свердловская область,городской округ,,65750000,65750000.0,16275.0,,0,0,0,0,0,0,0,0,0,0,0
2002,городской округ Нижнетуринский,Свердловская область,городской округ,,65715000,65715000.0,21907.0,,0,0,0,0,0,0,0,0,0,0,0
2004,городской округ Первоуральск,Свердловская область,городской округ,,65753000,65753000.0,130039.0,1.0,0,0,0,0,0,0,1,0,1,0,0
2005,городской округ Полевской,Свердловская область,городской округ,,65754000,65754000.0,59979.0,3.0,0,0,0,0,0,0,0,0,0,0,0
2006,городской округ Ревда,Свердловская область,городской округ,,65719000,65719000.0,60262.0,3.0,0,0,0,0,0,0,0,0,0,0,0
2007,городской округ Дегтярск,Свердловская область,городской округ,,65736000,65736000.0,14941.0,,0,0,0,0,0,0,0,0,0,0,0
2008,городской округ Режевской,Свердловская область,городской округ,,65720000,65720000.0,45338.0,,0,0,0,0,0,0,1,0,0,0,1
2009,городской округ Североуральский,Свердловская область,городской округ,,65755000,65755000.0,35125.0,1.0,0,0,0,0,0,0,1,0,0,0,1
2010,городской округ Серовский,Свердловская область,городской округ,,65756000,65756000.0,98415.0,3.0,0,0,0,0,0,0,1,0,0,0,1
2011,городской округ Сухой Лог,Свердловская область,городской округ,,65758000,65758000.0,46498.0,,0,0,0,0,0,0,1,0,0,0,1
2012,городской округ Тавдинский,Свердловская область,городской округ,,65723000,65723000.0,35602.0,,0,0,0,0,0,0,1,0,0,0,1
2015,городской округ Алапаевское,Свердловская область,городской округ,,65771000,65771000.0,22842.0,,0,0,0,0,0,0,0,0,0,0,0
2016,городской округ Махнёвское,Свердловская область,городской округ,,65769000,65769000.0,4718.0,,0,0,0,0,0,0,0,0,0,0,0
2017,городской округ Артинский,Свердловская область,городской округ,,65704000,65704000.0,24973.0,,0,0,0,0,0,0,0,0,0,0,0
2018,городской округ Ачитский,Свердловская область,городской округ,,65705000,65705000.0,13693.0,,0,0,0,0,0,0,0,0,0,0,0
2019,городской округ Белоярский,Свердловская область,городской округ,,65706000,65706000.0,33349.0,,0,0,0,0,0,0,0,0,0,0,0
2020,городской округ Верхнее Дуброво,Свердловская область,городской округ,,65760000,65760000.0,4522.0,,0,0,0,0,0,0,0,0,0,0,0
2021,городской округ Верхотурский,Свердловская область,городской округ,,65709000,65709000.0,13374.0,,0,0,0,0,0,0,0,0,0,0,0
2022,городской округ Гаринский,Свердловская область,городской округ,,65710000,65710000.0,2442.0,,0,0,0,0,0,0,0,0,0,0,0
2023,городской округ Ирбитское,Свердловская область,городской округ,,65711000,65711000.0,26013.0,,0,0,0,0,0,0,0,0,0,0,0
2024,городской округ Каменский,Свердловская область,городской округ,,65712000,65712000.0,26362.0,,0,0,0,0,0,0,0,0,0,0,0
2025,городской округ Красноуфимский округ,Свердловская область,городской округ,,65713000,65713000.0,22803.0,,0,0,0,0,0,0,0,0,0,0,0
2026,городской округ Верх-Нейвинский,Свердловская область,городской округ,,65761000,65761000.0,4346.0,,0,0,0,0,0,0,0,0,0,0,0
2027,городской округ Бисертский,Свердловская область,городской округ,,65759000,65759000.0,9456.0,,0,0,0,0,0,0,0,0,0,0,0
2028,городской округ Новолялинский,Свердловская область,городской округ,,65716000,65716000.0,18687.0,,0,0,0,0,0,0,0,0,0,0,0
2029,городской округ Горноуральский,Свердловская область,городской округ,,65717000,65717000.0,29192.0,,0,0,0,0,0,0,0,0,0,0,0
2030,городской округ Пышминский,Свердловская область,городской округ,,65718000,65718000.0,18498.0,,0,0,0,0,0,0,0,0,0,0,0
2031,городской округ Сосьвинский,Свердловская область,городской округ,,65721000,65721000.0,12459.0,,0,0,0,0,0,0,0,0,0,0,0
2032,городской округ Сысертский,Свердловская область,городской округ,,65722000,65722000.0,65368.0,,0,0,0,0,0,0,0,0,0,0,0
2033,городской округ Арамильский,Свердловская область,городской округ,,65729000,65729000.0,23609.0,,0,0,0,0,0,0,0,0,0,0,0
2034,городской округ Талицкий,Свердловская область,городской округ,,65724000,65724000.0,39733.0,,0,0,0,0,0,0,1,0,0,0,1
2035,городской округ Тугулымский,Свердловская область,городской округ,,65725000,65725000.0,17096.0,,0,0,0,0,0,0,0,0,0,0,0
2036,городской округ Туринский,Свердловская область,городской округ,,65726000,65726000.0,23655.0,,0,0,0,0,0,0,1,0,0,0,1
2037,городской округ Шалинский,Свердловская область,городской округ,,65727000,65727000.0,16263.0,,0,0,0,0,0,0,0,0,0,0,0
2038,городской округ Староуткинск,Свердловская область,городской округ,,65766000,65766000.0,2572.0,,0,0,0,0,0,0,0,0,0,0,0
2039,Байкаловский муниципальный район,Свердловская область,муниципальный район,,65608000,65608000.0,14422.0,,0,0,0,0,0,0,0,0,0,0,0
2040,Камышловский муниципальный район,Свердловская область,муниципальный район,,65623000,65623000.0,20537.0,,0,0,0,0,0,0,0,0,0,0,0
2041,Слободо-Туринский муниципальный район,Свердловская область,муниципальный район,,65639000,65639000.0,11664.0,,0,0,0,0,0,0,0,0,0,0,0
2042,Нижнесергинский муниципальный район,Свердловская область,муниципальный район,,65628000,65628000.0,37356.0,,0,0,0,0,0,0,0,0,0,0,0
2043,Таборинский муниципальный район,Свердловская область,муниципальный район,,65645000,65645000.0,2677.0,,0,0,0,0,0,0,0,0,0,0,0
2044,городской округ город Смоленск,Смоленская область,городской округ,административный_центр_субъекта,66701000,66701000.0,310645.0,,0,0,0,0,0,1,1,1,0,0,0
2045,городской округ город Десногорск,Смоленская область,городской округ,,66710000,66710000.0,24684.0,,0,0,0,0,0,0,1,0,0,0,0
2046,Велижский муниципальный район,Смоленская область,муниципальный район,,66603000,66603000.0,8848.0,,0,0,0,0,0,0,1,0,0,0,1
2047,Вяземский муниципальный район,Смоленская область,муниципальный район,,66605000,66605000.0,69941.0,,0,0,0,0,0,0,1,0,0,0,1
2048,Гагаринский муниципальный район,Смоленская область,муниципальный район,,66608000,66608000.0,39257.0,,0,0,0,0,0,0,1,0,0,0,1
2049,Глинковский муниципальный район,Смоленская область,муниципальный район,,66609000,66609000.0,3397.0,,0,0,0,0,0,0,1,0,0,0,1
2050,Демидовский муниципальный район,Смоленская область,муниципальный район,,66611000,66611000.0,10717.0,,0,0,0,0,0,0,1,0,0,0,1
2051,Дорогобужский муниципальный район,Смоленская область,муниципальный район,,66614000,66614000.0,23563.0,1.0,0,0,0,0,0,0,2,0,0,0,1
2052,Духовщинский муниципальный район,Смоленская область,муниципальный район,,66616000,66616000.0,13641.0,,0,0,0,0,0,0,1,0,0,0,1
2053,Ельнинский муниципальный район,Смоленская область,муниципальный район,,66619000,66619000.0,10930.0,,0,0,0,0,0,0,1,0,0,0,1
2054,Ершичский муниципальный район,Смоленская область,муниципальный район,,66621000,66621000.0,5052.0,,0,0,0,0,0,0,1,0,0,0,1
2055,Кардымовский муниципальный район,Смоленская область,муниципальный район,,66623000,66623000.0,10664.0,,0,0,0,0,0,0,1,0,0,0,1
2056,Краснинский муниципальный район,Смоленская область,муниципальный район,,66624000,66624000.0,10187.0,,0,0,0,0,0,0,1,0,0,0,1
2057,Монастырщинский муниципальный район,Смоленская область,муниципальный район,,66627000,66627000.0,7769.0,,0,0,0,0,0,0,1,0,0,0,1
2058,Новодугинский муниципальный район,Смоленская область,муниципальный район,,66630000,66630000.0,7059.0,,0,0,0,0,0,0,1,0,0,0,1
2059,Починковский муниципальный район,Смоленская область,муниципальный район,,66633000,66633000.0,24335.0,,0,0,0,0,0,0,1,0,0,0,1
2060,Рославльский муниципальный район,Смоленская область,муниципальный район,,66636000,66636000.0,59934.0,,0,0,0,0,0,0,1,0,0,0,1
2061,Руднянский муниципальный район,Смоленская область,муниципальный район,,66638000,66638000.0,20478.0,,0,0,0,0,0,0,1,0,0,0,1
2062,Сафоновский муниципальный район,Смоленская область,муниципальный район,,66641000,66641000.0,49887.0,,0,0,0,0,0,0,1,0,0,0,1
2063,Смоленский муниципальный район,Смоленская область,муниципальный район,,66644000,66644000.0,61413.0,,0,0,0,0,0,0,0,0,0,0,0
2064,Сычевский муниципальный район,Смоленская область,муниципальный район,,66646000,66646000.0,11980.0,,0,0,0,0,0,0,1,0,0,0,1
2065,Темкинский муниципальный район,Смоленская область,муниципальный район,,66648000,66648000.0,4146.0,,0,0,0,0,0,0,1,0,0,0,1
2066,Угранский муниципальный район,Смоленская область,муниципальный район,,66650000,66650000.0,6524.0,,0,0,0,0,0,0,1,0,0,0,1
2067,Хиславичский муниципальный район,Смоленская область,муниципальный район,,66652000,66652000.0,6419.0,,0,0,0,0,0,0,1,0,0,0,1
2068,Холм-Жирковский муниципальный район,Смоленская область,муниципальный район,,66654000,66654000.0,7716.0,,0,0,0,0,0,0,1,0,0,0,1
2069,Шумячский муниципальный район,Смоленская область,муниципальный район,,66656000,66656000.0,7974.0,,0,0,0,0,0,0,1,0,0,0,1
2070,Ярцевский муниципальный район,Смоленская область,муниципальный район,,66658000,66658000.0,46827.0,,0,0,0,0,0,0,1,0,0,0,1
2072,городской округ город Кирсанов,Тамбовская область,городской округ,,68705000,68705000.0,15827.0,,0,0,0,0,0,0,1,0,0,0,0
2073,городской округ город Котовск,Тамбовская область,городской округ,,68710000,68710000.0,26128.0,3.0,0,0,0,0,0,0,1,0,0,0,0
2074,городской округ город Мичуринск,Тамбовская область,городской округ,,68715000,68715000.0,88785.0,,0,0,0,0,0,0,1,0,0,0,0
2075,городской округ город Моршанск,Тамбовская область,городской округ,,68720000,68720000.0,38294.0,,0,0,0,0,0,0,1,0,0,0,1
2076,городской округ город Рассказово,Тамбовская область,городской округ,,68725000,68725000.0,46633.0,,0,0,0,0,0,0,1,0,0,0,1
2077,городской округ город Уварово,Тамбовская область,городской округ,,68730000,68730000.0,22986.0,,0,0,0,0,0,0,1,0,0,0,1
2078,Бондарский муниципальный округ,Тамбовская область,муниципальный округ,,68502000,68502000.0,8210.0,,0,0,0,0,0,0,1,0,0,0,1
2079,Гавриловский муниципальный округ,Тамбовская область,муниципальный округ,,68503000,68503000.0,9164.0,,0,0,0,0,0,0,1,0,0,0,1
2080,Жердевский муниципальный округ,Тамбовская область,муниципальный округ,,68504000,68504000.0,24844.0,,0,0,0,0,0,0,1,0,0,0,1
2081,Знаменский муниципальный округ,Тамбовская область,муниципальный округ,,68506000,68506000.0,13674.0,3.0,0,0,0,0,0,0,2,0,0,0,1
2082,Инжавинский муниципальный округ,Тамбовская область,муниципальный округ,,68508000,68508000.0,17016.0,,0,0,0,0,0,0,1,0,0,0,1
2083,Кирсановский муниципальный округ,Тамбовская область,муниципальный округ,,68510000,68510000.0,17742.0,,0,0,0,0,0,0,0,0,0,0,0
2085,Мордовский муниципальный округ,Тамбовская область,муниципальный округ,,68514000,68514000.0,13380.0,,0,0,0,0,0,0,1,0,0,0,1
2086,Моршанский муниципальный округ,Тамбовская область,муниципальный округ,,68516000,68516000.0,30838.0,,0,0,0,0,0,0,0,0,0,0,0
2087,Мучкапский муниципальный округ,Тамбовская область,муниципальный округ,,68518000,68518000.0,10669.0,,0,0,0,0,0,0,1,0,0,0,1
2088,Никифоровский муниципальный округ,Тамбовская область,муниципальный округ,,68520000,68520000.0,15378.0,,0,0,0,0,0,0,1,0,0,0,1
2089,Первомайский муниципальный округ,Тамбовская область,муниципальный округ,,68522000,68522000.0,23709.0,,0,0,0,0,0,0,1,0,0,0,1
2090,Петровский муниципальный округ,Тамбовская область,муниципальный округ,,68524000,68524000.0,13536.0,,0,0,0,0,0,0,1,0,0,0,1
2091,Пичаевский муниципальный округ,Тамбовская область,муниципальный округ,,68526000,68526000.0,10656.0,,0,0,0,0,0,0,1,0,0,0,1
2092,Рассказовский муниципальный округ,Тамбовская область,муниципальный округ,,68528000,68528000.0,20262.0,,0,0,0,0,0,0,0,0,0,0,0
2093,Ржаксинский муниципальный округ,Тамбовская область,муниципальный округ,,68530000,68530000.0,14028.0,,0,0,0,0,0,0,1,0,0,0,1
2094,Сампурский муниципальный округ,Тамбовская область,муниципальный округ,,68532000,68532000.0,11610.0,,0,0,0,0,0,0,1,0,0,0,1
2095,Сосновский муниципальный округ,Тамбовская область,муниципальный округ,,68534000,68534000.0,24282.0,,0,0,0,0,0,0,1,0,0,0,1
2096,Староюрьевский муниципальный округ,Тамбовская область,муниципальный округ,,68536000,68536000.0,11015.0,,0,0,0,0,0,0,1,0,0,0,1
2098,Токарёвский муниципальный округ,Тамбовская область,муниципальный округ,,68542000,68542000.0,15011.0,,0,0,0,0,0,0,1,0,0,0,1
2099,Уваровский муниципальный округ,Тамбовская область,муниципальный округ,,68544000,68544000.0,9170.0,,0,0,0,0,0,0,0,0,0,0,0
2100,Умётский муниципальный округ,Тамбовская область,муниципальный округ,,68546000,68546000.0,9405.0,,0,0,0,0,0,0,1,0,0,0,1
2101,городской округ город Тверь,Тверская область,городской округ,административный_центр_субъекта,28701000,28701000.0,412994.0,,0,0,0,0,0,1,1,1,0,0,0
2105,городской округ Осташковский,Тверская область,городской округ,,28752000,28752000.0,20992.0,,0,0,0,0,0,0,1,0,0,0,1
2108,городской округ город Торжок,Тверская область,городской округ,,28750000,28750000.0,39503.0,,0,0,0,0,0,0,1,0,0,0,0
2109,городской округ Удомельский,Тверская область,городской округ,,28751000,28751000.0,29515.0,3.0,0,0,0,0,0,0,1,0,0,0,0
2110,муниципальный округ Андреапольский,Тверская область,муниципальный округ,,28502000,28502000.0,9731.0,,0,0,0,0,0,0,1,0,0,0,1
2111,муниципальный округ Бежецкий,Тверская область,муниципальный округ,,28504000,28504000.0,30567.0,,0,0,0,0,0,0,1,0,0,0,1
2112,муниципальный округ Бельский,Тверская область,муниципальный округ,,28506000,28506000.0,4852.0,,0,0,0,0,0,0,1,0,0,0,1
2113,муниципальный округ Бологовский,Тверская область,муниципальный округ,,28508000,28508000.0,30273.0,,0,0,0,0,0,0,2,0,0,0,0
2114,муниципальный округ Весьегонский,Тверская область,муниципальный округ,,28510000,28510000.0,9486.0,,0,0,0,0,0,0,1,0,0,0,1
2116,муниципальный округ Жарковский,Тверская область,муниципальный округ,,28514000,28514000.0,3931.0,1.0,0,0,0,0,0,0,1,0,0,0,1
2117,муниципальный округ Западнодвинский,Тверская область,муниципальный округ,,28516000,28516000.0,11945.0,2.0,0,0,0,0,0,0,1,0,0,0,1
2118,муниципальный округ Зубцовский,Тверская область,муниципальный округ,,28518000,28518000.0,14191.0,,0,0,0,0,0,0,1,0,0,0,1
2119,муниципальный округ Калининский,Тверская область,муниципальный округ,,28520000,28520000.0,59603.0,,0,0,0,0,0,0,1,0,1,0,0
2120,муниципальный округ Калязинский,Тверская область,муниципальный округ,,28522000,28522000.0,18994.0,,0,0,0,0,0,0,1,0,0,0,1
2121,городской округ Кашинский,Тверская область,городской округ,,28758000,28758000.0,22713.0,,0,0,0,0,0,0,1,0,0,0,0
2122,муниципальный округ Кесовогорский,Тверская область,муниципальный округ,,28526000,28526000.0,7244.0,,0,0,0,0,0,0,1,0,0,0,1
2124,муниципальный округ Конаковский,Тверская область,муниципальный округ,,28530000,28530000.0,67829.0,,0,0,0,0,0,0,2,0,0,0,1
2125,муниципальный округ Краснохолмский,Тверская область,муниципальный округ,,28532000,28532000.0,8508.0,,0,0,0,0,0,0,1,0,0,0,1
2126,муниципальный округ Кувшиновский,Тверская область,муниципальный округ,,28534000,28534000.0,12610.0,1.0,0,0,0,0,0,0,1,0,0,0,1
2127,муниципальный округ Лесной,Тверская область,муниципальный округ,,28536000,28536000.0,3827.0,,0,0,0,0,0,0,1,0,0,0,1
2128,муниципальный округ Лихославльский,Тверская область,муниципальный округ,,28538000,28538000.0,24344.0,2.0,0,0,0,0,0,0,1,0,0,0,1
2129,муниципальный округ Максатихинский,Тверская область,муниципальный округ,,28540000,28540000.0,13807.0,,0,0,0,0,0,0,1,0,0,0,1
2130,муниципальный округ Молоковский,Тверская область,муниципальный округ,,28542000,28542000.0,3690.0,,0,0,0,0,0,0,1,0,0,0,1
2131,городской округ Нелидовский,Тверская область,городской округ,,28759000,28759000.0,22742.0,,0,0,0,0,0,0,1,0,0,0,1
2132,муниципальный округ Оленинский,Тверская область,муниципальный округ,,28544000,28544000.0,11371.0,,0,0,0,0,0,0,1,0,0,0,1
2133,муниципальный округ Пеновский,Тверская область,муниципальный округ,,28546000,28546000.0,5051.0,,0,0,0,0,0,0,1,0,0,0,1
2134,муниципальный округ Рамешковский,Тверская область,муниципальный округ,,28547000,28547000.0,14777.0,,0,0,0,0,0,0,1,0,0,0,1
2136,муниципальный округ Сандовский,Тверская область,муниципальный округ,,28549000,28549000.0,4788.0,,0,0,0,0,0,0,1,0,0,0,1
2137,муниципальный округ Селижаровский,Тверская область,муниципальный округ,,28550000,28550000.0,9920.0,,0,0,0,0,0,0,1,0,0,0,1
2138,муниципальный округ Сонковский,Тверская область,муниципальный округ,,28551000,28551000.0,6439.0,,0,0,0,0,0,0,1,0,0,0,1
2139,муниципальный округ Спировский,Тверская область,муниципальный округ,,28552000,28552000.0,8413.0,1.0,0,0,0,0,0,0,1,0,0,0,1
2140,муниципальный округ Старицкий,Тверская область,муниципальный округ,,28553000,28553000.0,20834.0,,0,0,0,0,0,0,1,0,0,0,1
2142,муниципальный округ Торопецкий,Тверская область,муниципальный округ,,28555000,28555000.0,16137.0,,0,0,0,0,0,0,1,0,0,0,1
2143,муниципальный округ Фировский,Тверская область,муниципальный округ,,28557000,28557000.0,7887.0,1.0,0,0,0,0,0,0,1,0,0,0,1
2144,городской округ город Томск,Томская область,городской округ,административный_центр_субъекта,69701000,69701000.0,565753.0,,0,0,0,0,0,1,1,1,0,0,0
2145,городской округ город Кедровый,Томская область,городской округ,,69707000,69707000.0,2626.0,,1,0,0,0,0,0,1,0,0,0,1
2146,городской округ город Стрежевой,Томская область,городской округ,,69710000,69710000.0,37478.0,,1,0,0,0,0,0,1,0,0,0,1
2148,Александровский муниципальный район,Томская область,муниципальный район,,69604000,69604000.0,7233.0,,1,0,0,0,0,0,1,0,0,0,1
2149,Асиновский муниципальный район,Томская область,муниципальный район,,69608000,69608000.0,33342.0,,0,0,0,0,0,0,1,0,0,0,1
2150,Бакчарский муниципальный район,Томская область,муниципальный район,,69612000,69612000.0,11191.0,,1,0,0,0,0,0,1,0,0,0,1
2151,Верхнекетский муниципальный район,Томская область,муниципальный район,,69616000,69616000.0,14438.0,,1,0,0,0,0,0,1,0,0,0,1
2152,Зырянский муниципальный район,Томская область,муниципальный район,,69620000,69620000.0,11051.0,,0,0,0,0,0,0,1,0,0,0,1
2153,Каргасокский муниципальный район,Томская область,муниципальный район,,69624000,69624000.0,17438.0,,1,0,0,0,0,0,1,0,0,0,1
2154,Кожевниковский муниципальный район,Томская область,муниципальный район,,69628000,69628000.0,20183.0,,0,0,0,0,0,0,1,0,0,0,1
2155,Колпашевский муниципальный район,Томская область,муниципальный район,,69632000,69632000.0,32143.0,,1,0,0,0,0,0,1,0,0,0,1
2156,Кривошеинский муниципальный район,Томская область,муниципальный район,,69636000,69636000.0,12022.0,,1,0,0,0,0,0,1,0,0,0,1
2157,Молчановский муниципальный район,Томская область,муниципальный район,,69640000,69640000.0,12103.0,,1,0,0,0,0,0,1,0,0,0,1
2158,Парабельский муниципальный район,Томская область,муниципальный район,,69644000,69644000.0,11379.0,,1,0,0,0,0,0,1,0,0,0,1
2159,Первомайский муниципальный район,Томская область,муниципальный район,,69648000,69648000.0,16471.0,,0,0,0,0,0,0,1,0,0,0,1
2160,Тегульдетский муниципальный район,Томская область,муниципальный район,,69652000,69652000.0,6463.0,,1,0,0,0,0,0,1,0,0,0,1
2161,Томский муниципальный район,Томская область,муниципальный район,,69654000,69654000.0,89298.0,,0,0,0,0,0,0,0,0,0,0,0
2162,Чаинский муниципальный район,Томская область,муниципальный район,,69656000,69656000.0,11633.0,,1,0,0,0,0,0,1,0,0,0,1
2163,Шегарский муниципальный район,Томская область,муниципальный район,,69658000,69658000.0,19646.0,,0,0,0,0,0,0,1,0,0,0,1
2164,городской округ город Тула,Тульская область,городской округ,административный_центр_субъекта,70701000,70701000.0,538297.0,,0,0,0,0,0,1,1,1,0,0,0
2165,городской округ город Алексин,Тульская область,городской округ,,70706000,70706000.0,69514.0,2.0,0,0,0,0,0,0,1,0,0,0,0
2166,городской округ рабочий поселок Новогуровский,Тульская область,городской округ,,70702000,70702000.0,3607.0,,0,0,0,0,0,0,0,0,0,0,0
2167,городской округ город Донской,Тульская область,городской округ,,70712000,70712000.0,62255.0,,0,0,0,0,0,0,1,0,0,0,1
2168,городской округ город Ефремов,Тульская область,городской округ,,70714000,70714000.0,56354.0,2.0,0,0,0,0,0,0,1,0,0,0,0
2169,городской округ город Новомосковск,Тульская область,городской округ,,70724000,70724000.0,129639.0,,0,0,0,0,0,0,1,0,0,0,1
2170,городской округ Славный,Тульская область,городской округ,,70730000,70730000.0,1811.0,,0,0,0,0,0,0,0,0,0,0,0
2171,Арсеньевский муниципальный район,Тульская область,муниципальный район,,70604000,70604000.0,9159.0,,0,0,0,0,0,0,0,0,0,0,0
2172,Белевский муниципальный район,Тульская область,муниципальный район,,70606000,70606000.0,18494.0,3.0,0,0,0,0,0,0,0,0,0,0,0
2173,Богородицкий муниципальный район,Тульская область,муниципальный район,,70608000,70608000.0,49454.0,,0,0,0,0,0,0,0,0,0,0,0
2174,Веневский муниципальный район,Тульская область,муниципальный район,,70612000,70612000.0,33948.0,,0,0,0,0,0,0,0,0,0,0,0
2175,Воловский муниципальный район,Тульская область,муниципальный район,,70616000,70616000.0,13746.0,,0,0,0,0,0,0,0,0,0,0,0
2176,Дубенский муниципальный район,Тульская область,муниципальный район,,70618000,70618000.0,14743.0,,0,0,0,0,0,0,0,0,0,0,0
2177,Заокский муниципальный район,Тульская область,муниципальный район,,70622000,70622000.0,26774.0,,0,0,0,0,0,0,0,0,0,0,0
2178,Каменский муниципальный район,Тульская область,муниципальный район,,70624000,70624000.0,8141.0,,0,0,0,0,0,0,0,0,0,0,0
2179,Кимовский муниципальный район,Тульская область,муниципальный район,,70626000,70626000.0,38587.0,,0,0,0,0,0,0,0,0,0,0,0
2180,Киреевский муниципальный район,Тульская область,муниципальный район,,70628000,70628000.0,73376.0,,0,0,0,0,0,0,1,0,1,0,0
2181,Куркинский муниципальный район,Тульская область,муниципальный район,,70630000,70630000.0,10641.0,,0,0,0,0,0,0,0,0,0,0,0
2182,Одоевский муниципальный район,Тульская область,муниципальный район,,70636000,70636000.0,11804.0,,0,0,0,0,0,0,0,0,0,0,0
2183,Плавский муниципальный район,Тульская область,муниципальный район,,70638000,70638000.0,29592.0,,0,0,0,0,0,0,0,0,0,0,0
2184,Суворовский муниципальный район,Тульская область,муниципальный район,,70640000,70640000.0,34424.0,3.0,0,0,0,0,0,0,0,0,0,0,0
2185,Тепло-Огаревский муниципальный район,Тульская область,муниципальный район,,70642000,70642000.0,11101.0,,0,0,0,0,0,0,0,0,0,0,0
2186,Узловский муниципальный район,Тульская область,муниципальный район,,70644000,70644000.0,75414.0,,0,0,0,0,0,0,1,0,0,0,0
2187,Чернский муниципальный район,Тульская область,муниципальный район,,70646000,70646000.0,18218.0,,0,0,0,0,0,0,0,0,0,0,0
2188,Щекинский муниципальный район,Тульская область,муниципальный район,,70648000,70648000.0,101699.0,3.0,0,0,0,0,0,0,1,0,1,0,0
2189,Ясногорский муниципальный район,Тульская область,муниципальный район,,70650000,70650000.0,30348.0,,0,0,0,0,0,0,0,0,0,0,0
2190,городской округ город Тюмень,Тюменская область,городской округ,административный_центр_субъекта,71701000,71701000.0,861098.0,,0,0,0,0,0,1,1,1,0,0,0
2191,городской округ Заводоуковский,Тюменская область,городской округ,,71703000,71703000.0,47394.0,,0,0,0,0,0,0,0,0,0,0,0
2192,городской округ город Ишим,Тюменская область,городской округ,,71705000,71705000.0,67329.0,,0,0,0,0,0,0,1,0,0,0,0
2193,городской округ город Тобольск,Тюменская область,городской округ,,71710000,71710000.0,102733.0,,0,0,0,0,0,0,1,0,0,0,0
2194,городской округ город Ялуторовск,Тюменская область,городской округ,,71715000,71715000.0,38970.0,,0,0,0,0,0,0,0,0,0,0,0
2195,Абатский муниципальный район,Тюменская область,муниципальный район,,71603000,71603000.0,18641.0,,0,0,0,0,0,0,0,0,0,0,0
2196,Армизонский муниципальный район,Тюменская область,муниципальный район,,71605000,71605000.0,9306.0,,0,0,0,0,0,0,0,0,0,0,0
2197,Аромашевский муниципальный район,Тюменская область,муниципальный район,,71607000,71607000.0,10235.0,,0,0,0,0,0,0,0,0,0,0,0
2198,Бердюжский муниципальный район,Тюменская область,муниципальный район,,71610000,71610000.0,10693.0,,0,0,0,0,0,0,0,0,0,0,0
2199,Вагайский муниципальный район,Тюменская область,муниципальный район,,71613000,71613000.0,17835.0,,0,0,0,0,0,0,0,0,0,0,0
2200,Викуловский муниципальный район,Тюменская область,муниципальный район,,71615000,71615000.0,14670.0,,0,0,0,0,0,0,0,0,0,0,0
2201,городской округ Голышмановский,Тюменская область,городской округ,,71702000,71702000.0,23386.0,,0,0,0,0,0,0,0,0,0,0,0
2202,Исетский муниципальный район,Тюменская область,муниципальный район,,71624000,71624000.0,25979.0,,0,0,0,0,0,0,0,0,0,0,0
2203,Ишимский муниципальный район,Тюменская область,муниципальный район,,71626000,71626000.0,28178.0,,0,0,0,0,0,0,0,0,0,0,0
2204,Казанский муниципальный район,Тюменская область,муниципальный район,,71630000,71630000.0,19959.0,,0,0,0,0,0,0,0,0,0,0,0
2205,Нижнетавдинский муниципальный район,Тюменская область,муниципальный район,,71632000,71632000.0,27122.0,,0,0,0,0,0,0,0,0,0,0,0
2206,Омутинский муниципальный район,Тюменская область,муниципальный район,,71634000,71634000.0,18399.0,,0,0,0,0,0,0,0,0,0,0,0
2207,Сладковский муниципальный район,Тюменская область,муниципальный район,,71636000,71636000.0,10763.0,,0,0,0,0,0,0,0,0,0,0,0
2208,Сорокинский муниципальный район,Тюменская область,муниципальный район,,71638000,71638000.0,9230.0,,0,0,0,0,0,0,0,0,0,0,0
2209,Тобольский муниципальный район,Тюменская область,муниципальный район,,71642000,71642000.0,21652.0,,0,0,0,0,0,0,0,0,0,0,0
2210,Тюменский муниципальный район,Тюменская область,муниципальный район,,71644000,71644000.0,143580.0,,0,0,0,0,0,0,0,0,0,0,0
2211,Уватский муниципальный район,Тюменская область,муниципальный район,,71648000,71648000.0,18683.0,,1,0,0,0,0,0,0,0,0,0,0
2212,Упоровский муниципальный район,Тюменская область,муниципальный район,,71650000,71650000.0,19403.0,,0,0,0,0,0,0,0,0,0,0,0
2213,Юргинский муниципальный район,Тюменская область,муниципальный район,,71653000,71653000.0,11096.0,,0,0,0,0,0,0,0,0,0,0,0
2214,Ялуторовский муниципальный район,Тюменская область,муниципальный район,,71656000,71656000.0,15981.0,,0,0,0,0,0,0,0,0,0,0,0
2215,Ярковский муниципальный район,Тюменская область,муниципальный район,,71658000,71658000.0,23139.0,,0,0,0,0,0,0,0,0,0,0,0
2216,городской округ город Ханты-Мансийск,Ханты-Мансийский автономный округ — Югра,городской округ,административный_центр_субъекта,71871000,71871000.0,111772.0,,1,0,0,0,0,1,1,0,0,0,0
2217,городской округ город Когалым,Ханты-Мансийский автономный округ — Югра,городской округ,,71883000,71883000.0,63963.0,,1,0,0,0,0,0,1,0,0,0,1
2218,городской округ город Лангепас,Ханты-Мансийский автономный округ — Югра,городской округ,,71872000,71872000.0,44157.0,,1,0,0,0,0,0,0,0,0,0,0
2219,городской округ город Мегион,Ханты-Мансийский автономный округ — Югра,городской округ,,71873000,71873000.0,59715.0,,1,0,0,0,0,0,0,0,0,0,0
2220,городской округ город Нефтеюганск,Ханты-Мансийский автономный округ — Югра,городской округ,,71874000,71874000.0,126690.0,,1,0,0,0,0,0,1,0,0,0,1
2221,городской округ город Нижневартовск,Ханты-Мансийский автономный округ — Югра,городской округ,,71875000,71875000.0,290535.0,,1,0,0,0,0,0,1,1,0,0,0
2222,городской округ город Нягань,Ханты-Мансийский автономный округ — Югра,городской округ,,71879000,71879000.0,63466.0,,1,0,0,0,0,0,1,0,0,0,1
2223,городской округ город Покачи,Ханты-Мансийский автономный округ — Югра,городской округ,,71884000,71884000.0,16556.0,,1,0,0,0,0,0,0,0,0,0,0
2224,городской округ город Пыть-Ях,Ханты-Мансийский автономный округ — Югра,городской округ,,71885000,71885000.0,40530.0,,1,0,0,0,0,0,0,0,0,0,0
2225,городской округ город Радужный,Ханты-Мансийский автономный округ — Югра,городской округ,,71877000,71877000.0,45574.0,,1,0,0,0,0,0,0,0,0,0,0
2226,городской округ город Сургут,Ханты-Мансийский автономный округ — Югра,городской округ,,71876000,71876000.0,420347.0,,1,0,0,0,0,0,1,1,0,0,0
2227,городской округ город Урай,Ханты-Мансийский автономный округ — Югра,городской округ,,71878000,71878000.0,41356.0,,1,0,0,0,0,0,1,0,0,0,1
2228,городской округ город Югорск,Ханты-Мансийский автономный округ — Югра,городской округ,,71887000,71887000.0,39233.0,,1,0,0,0,0,0,1,0,0,0,1
2229,Белоярский муниципальный район,Ханты-Мансийский автономный округ — Югра,муниципальный район,,71811000,71811000.0,28479.0,,1,0,0,0,0,0,1,0,0,0,1
2230,Березовский муниципальный район,Ханты-Мансийский автономный округ — Югра,муниципальный район,,71812000,71812000.0,22821.0,,1,0,0,0,0,0,1,0,0,0,1
2231,Кондинский муниципальный район,Ханты-Мансийский автономный округ — Югра,муниципальный район,,71816000,71816000.0,30387.0,,1,0,0,0,0,0,0,0,0,0,0
2232,Нефтеюганский муниципальный район,Ханты-Мансийский автономный округ — Югра,муниципальный район,,71818000,71818000.0,47486.0,,1,0,0,0,0,0,0,0,0,0,0
2233,Нижневартовский муниципальный район,Ханты-Мансийский автономный округ — Югра,муниципальный район,,71819000,71819000.0,38693.0,,1,0,0,0,0,0,0,0,0,0,0
2234,Октябрьский муниципальный район,Ханты-Мансийский автономный округ — Югра,муниципальный район,,71821000,71821000.0,32120.0,,1,0,0,0,0,0,1,0,0,0,1
2235,Советский муниципальный район,Ханты-Мансийский автономный округ — Югра,муниципальный район,,71824000,71824000.0,46492.0,,1,0,0,0,0,0,0,0,0,0,0
2236,Сургутский муниципальный район,Ханты-Мансийский автономный округ — Югра,муниципальный район,,71826000,71826000.0,129992.0,,1,0,0,0,0,0,0,0,0,0,0
2237,Ханты-Мансийский муниципальный район,Ханты-Мансийский автономный округ — Югра,муниципальный район,,71829000,71829000.0,19022.0,,1,0,0,0,0,0,1,0,0,0,1
2238,городской округ город Салехард,Ямало-Ненецкий автономный округ,городской округ,административный_центр_субъекта,71951000,71951000.0,49236.0,,1,0,1,1,0,1,1,0,0,0,0
2241,городской округ город Муравленко,Ямало-Ненецкий автономный округ,городской округ,,71955000,71955000.0,29581.0,,1,0,1,1,0,0,0,0,0,0,0
2242,городской округ город Новый Уренгой,Ямало-Ненецкий автономный округ,городской округ,,71956000,71956000.0,106890.0,,1,0,1,1,0,0,1,0,0,0,0
2243,городской округ город Ноябрьск,Ямало-Ненецкий автономный округ,городской округ,,71958000,71958000.0,102938.0,,1,0,1,1,0,0,1,0,0,0,1
2244,муниципальный округ Красноселькупский район,Ямало-Ненецкий автономный округ,муниципальный округ,,71933000,71933000.0,5640.0,,1,0,1,1,0,0,0,0,0,0,0
2245,муниципальный округ Надымский район,Ямало-Ненецкий автономный округ,муниципальный округ,,71936000,71936000.0,65345.0,,1,0,1,1,0,0,0,0,0,0,0
2248,муниципальный округ Тазовский район,Ямало-Ненецкий автономный округ,муниципальный округ,,71943000,71943000.0,17876.0,,1,0,1,1,0,0,0,0,0,0,0
2249,муниципальный округ Шурышкарский район,Ямало-Ненецкий автономный округ,муниципальный округ,,71946000,71946000.0,9162.0,,1,0,1,1,0,0,0,0,0,0,0
2250,муниципальный округ Ямальский район,Ямало-Ненецкий автономный округ,муниципальный округ,,71948000,71948000.0,16268.0,,1,0,1,1,0,0,0,0,0,0,0
2251,городской округ город Ульяновск,Ульяновская область,городской округ,административный_центр_субъекта,73701000,73701000.0,632771.0,,0,0,0,0,0,1,1,1,0,0,0
2252,городской округ город Димитровград,Ульяновская область,городской округ,,73705000,73705000.0,108804.0,1.0,0,0,0,0,0,0,1,0,0,0,1
2253,городской округ город Новоульяновск,Ульяновская область,городской округ,,73715000,73715000.0,16791.0,2.0,0,0,0,0,0,0,0,0,0,0,0
2254,Базарносызганский муниципальный район,Ульяновская область,муниципальный район,,73602000,73602000.0,7275.0,,0,0,0,0,0,0,1,0,0,0,1
2255,Барышский муниципальный район,Ульяновская область,муниципальный район,,73604000,73604000.0,34969.0,,0,0,0,0,0,0,1,0,0,0,1
2256,Вешкаймский муниципальный район,Ульяновская область,муниципальный район,,73607000,73607000.0,14314.0,,0,0,0,0,0,0,1,0,0,0,1
2257,Инзенский муниципальный район,Ульяновская область,муниципальный район,,73610000,73610000.0,25875.0,2.0,0,0,0,0,0,0,1,0,0,0,1
2258,Карсунский муниципальный район,Ульяновская область,муниципальный район,,73614000,73614000.0,19556.0,,0,0,0,0,0,0,1,0,0,0,1
2259,Кузоватовский муниципальный район,Ульяновская область,муниципальный район,,73616000,73616000.0,17939.0,,0,0,0,0,0,0,1,0,0,0,1
2260,Майнский муниципальный район,Ульяновская область,муниципальный район,,73620000,73620000.0,19862.0,,0,0,0,0,0,0,1,0,0,0,1
2261,Мелекесский муниципальный район,Ульяновская область,муниципальный район,,73622000,73622000.0,29193.0,,0,0,0,0,0,0,1,0,0,0,1
2262,Николаевский муниципальный район,Ульяновская область,муниципальный район,,73625000,73625000.0,21200.0,,0,0,0,0,0,0,1,0,0,0,1
2263,Новомалыклинский муниципальный район,Ульяновская область,муниципальный район,,73627000,73627000.0,11548.0,,0,0,0,0,0,0,1,0,0,0,1
2264,Новоспасский муниципальный район,Ульяновская область,муниципальный район,,73629000,73629000.0,19921.0,,0,0,0,0,0,0,1,0,0,0,1
2265,Павловский муниципальный район,Ульяновская область,муниципальный район,,73632000,73632000.0,11582.0,,0,0,0,0,0,0,1,0,0,0,1
2266,Радищевский муниципальный район,Ульяновская область,муниципальный район,,73634000,73634000.0,11246.0,,0,0,0,0,0,0,1,0,0,0,1
2267,Сенгилеевский муниципальный район,Ульяновская область,муниципальный район,,73636000,73636000.0,19008.0,3.0,0,0,0,0,0,0,1,0,0,0,1
2268,Старокулаткинский муниципальный район,Ульяновская область,муниципальный район,,73639000,73639000.0,9545.0,,0,0,0,0,0,0,1,0,0,0,1
2269,Старомайнский муниципальный район,Ульяновская область,муниципальный район,,73642000,73642000.0,14556.0,,0,0,0,0,0,0,1,0,0,0,1
2270,Сурский муниципальный район,Ульяновская область,муниципальный район,,73644000,73644000.0,14437.0,,0,0,0,0,0,0,1,0,0,0,1
2271,Тереньгульский муниципальный район,Ульяновская область,муниципальный район,,73648000,73648000.0,15507.0,,0,0,0,0,0,0,1,0,0,0,1
2272,Ульяновский муниципальный район,Ульяновская область,муниципальный район,,73652000,73652000.0,34931.0,,0,0,0,0,0,0,0,0,0,0,0
2273,Цильнинский муниципальный район,Ульяновская область,муниципальный район,,73654000,73654000.0,23007.0,,0,0,0,0,0,0,1,0,0,0,1
2274,Чердаклинский муниципальный район,Ульяновская область,муниципальный район,,73656000,73656000.0,38945.0,,0,0,0,0,0,0,0,0,0,0,0
2275,городской округ Челябинский,Челябинская область,городской округ,административный_центр_субъекта,75701000,75701000.0,1177058.0,,0,0,0,0,0,1,1,1,0,0,0
2276,городской округ Верхнеуфалейский,Челябинская область,городской округ,,75706000,75706000.0,25205.0,1.0,0,0,0,0,0,0,1,0,0,0,0
2278,городской округ Карабашский,Челябинская область,городской округ,,75715000,75715000.0,10372.0,1.0,0,0,0,0,0,0,1,0,0,0,0
2279,городской округ Копейский,Челябинская область,городской округ,,75728000,75728000.0,147109.0,,0,0,0,0,0,0,1,0,1,0,0
2280,городской округ Кыштымский,Челябинская область,городской округ,,75734000,75734000.0,37146.0,,0,0,0,0,0,0,1,0,0,0,1
2281,городской округ Магнитогорский,Челябинская область,городской округ,,75738000,75738000.0,408715.0,3.0,0,0,0,0,0,0,1,1,0,0,0
2282,городской округ Миасский,Челябинская область,городской округ,,75742000,75742000.0,160837.0,2.0,0,0,0,0,0,0,1,0,0,0,1
2286,городской округ Троицкий,Челябинская область,городской округ,,75752000,75752000.0,69845.0,,0,0,0,0,0,0,1,0,0,0,0
2287,городской округ Усть-Катавский,Челябинская область,городской округ,,75755000,75755000.0,23326.0,1.0,0,0,0,0,0,0,1,0,0,0,1
2288,городской округ Чебаркульский,Челябинская область,городской округ,,75758000,75758000.0,44648.0,2.0,0,0,0,0,0,0,2,0,0,0,1
2289,городской округ Южноуральский,Челябинская область,городской округ,,75764000,75764000.0,37265.0,,0,0,0,0,0,0,1,0,0,0,1
2291,Агаповский муниципальный район,Челябинская область,муниципальный район,,75603000,75603000.0,31761.0,,0,0,0,0,0,0,0,0,0,0,0
2292,Аргаяшский муниципальный район,Челябинская область,муниципальный район,,75606000,75606000.0,39383.0,,0,0,0,0,0,0,1,0,0,0,1
2293,Ашинский муниципальный район,Челябинская область,муниципальный район,,75609000,75609000.0,54113.0,1.0,0,0,0,0,0,0,2,0,0,0,0
2294,Брединский муниципальный район,Челябинская область,муниципальный район,,75612000,75612000.0,23380.0,,0,0,0,0,0,0,1,0,0,0,1
2295,Варненский муниципальный район,Челябинская область,муниципальный район,,75614000,75614000.0,24054.0,,0,0,0,0,0,0,1,0,0,0,1
2296,Верхнеуральский муниципальный район,Челябинская область,муниципальный район,,75617000,75617000.0,31251.0,,0,0,0,0,0,0,1,0,0,0,1
2297,Еманжелинский муниципальный район,Челябинская область,муниципальный район,,75619000,75619000.0,47326.0,,0,0,0,0,0,0,1,0,0,0,1
2298,Еткульский муниципальный район,Челябинская область,муниципальный район,,75620000,75620000.0,29743.0,,0,0,0,0,0,0,1,0,0,0,1
2299,Карталинский муниципальный район,Челябинская область,муниципальный район,,75623000,75623000.0,43290.0,,0,0,0,0,0,0,1,0,0,0,0
2300,Каслинский муниципальный район,Челябинская область,муниципальный район,,75626000,75626000.0,29118.0,,0,0,0,0,0,0,1,0,0,0,1
2301,Катав-Ивановский муниципальный район,Челябинская область,муниципальный район,,75629000,75629000.0,26222.0,,0,0,0,0,0,0,1,0,0,0,1
2302,Кизильский муниципальный район,Челябинская область,муниципальный район,,75632000,75632000.0,19276.0,,0,0,0,0,0,0,1,0,0,0,1
2303,Коркинский муниципальный округ,Челябинская область,муниципальный округ,,75533000,75533000.0,55417.0,,0,0,0,0,0,0,1,0,0,0,1
2304,Красноармейский муниципальный район,Челябинская область,муниципальный район,,75634000,75634000.0,49996.0,,0,0,0,0,0,0,0,0,0,0,0
2305,Кунашакский муниципальный район,Челябинская область,муниципальный район,,75636000,75636000.0,27505.0,,0,0,0,0,0,0,1,0,0,0,1
2307,Нагайбакский муниципальный район,Челябинская область,муниципальный район,,75642000,75642000.0,16951.0,,0,0,0,0,0,0,1,0,0,0,1
2308,Нязепетровский муниципальный район,Челябинская область,муниципальный район,,75644000,75644000.0,13666.0,1.0,0,0,0,0,0,0,1,0,0,0,1
2309,Октябрьский муниципальный район,Челябинская область,муниципальный район,,75647000,75647000.0,18139.0,,0,0,0,0,0,0,1,0,0,0,1
2310,Пластовский муниципальный район,Челябинская область,муниципальный район,,75648000,75648000.0,24231.0,,0,0,0,0,0,0,1,0,0,0,1
2311,Саткинский муниципальный район,Челябинская область,муниципальный район,,75649000,75649000.0,74031.0,1.0,0,0,0,0,0,0,1,0,0,0,1
2312,Сосновский муниципальный район,Челябинская область,муниципальный район,,75652000,75652000.0,93044.0,,0,0,0,0,0,0,0,0,0,0,0
2314,Увельский муниципальный район,Челябинская область,муниципальный район,,75655000,75655000.0,30982.0,,0,0,0,0,0,0,1,0,0,0,1
2315,Уйский муниципальный район,Челябинская область,муниципальный район,,75656000,75656000.0,20981.0,,0,0,0,0,0,0,1,0,0,0,1
2316,Чебаркульский муниципальный район,Челябинская область,муниципальный район,,75657000,75657000.0,28564.0,,0,0,0,0,0,0,0,0,0,0,0
2317,Чесменский муниципальный район,Челябинская область,муниципальный район,,75659000,75659000.0,15114.0,,0,0,0,0,0,0,1,0,0,0,1
2318,городской округ город Ярославль,Ярославская область,городской округ,административный_центр_субъекта,78701000,78701000.0,567443.0,,0,0,0,0,0,1,1,1,0,0,0
2320,городской округ город Рыбинск,Ярославская область,городской округ,,78715000,78715000.0,171810.0,,0,0,0,0,0,0,1,0,0,0,1
2321,Большесельский муниципальный район,Ярославская область,муниципальный район,,78603000,78603000.0,9122.0,,0,0,0,0,0,0,1,0,0,0,1
2322,Борисоглебский муниципальный район,Ярославская область,муниципальный район,,78606000,78606000.0,11831.0,,0,0,0,0,0,0,1,0,0,0,1
2323,Брейтовский муниципальный район,Ярославская область,муниципальный район,,78609000,78609000.0,5332.0,,0,0,0,0,0,0,1,0,0,0,1
2324,Гаврилов-Ямский муниципальный район,Ярославская область,муниципальный район,,78612000,78612000.0,23809.0,,0,0,0,0,0,0,1,0,0,0,1
2325,Даниловский муниципальный район,Ярославская область,муниципальный район,,78615000,78615000.0,20497.0,,0,0,0,0,0,0,1,0,0,0,0
2326,Любимский муниципальный район,Ярославская область,муниципальный район,,78618000,78618000.0,9732.0,,0,0,0,0,0,0,1,0,0,0,1
2327,Мышкинский муниципальный район,Ярославская область,муниципальный район,,78621000,78621000.0,9051.0,,0,0,0,0,0,0,1,0,0,0,1
2328,Некоузский муниципальный район,Ярославская область,муниципальный район,,78623000,78623000.0,11435.0,,0,0,0,0,0,0,1,0,0,0,1
2329,Некрасовский муниципальный район,Ярославская область,муниципальный район,,78626000,78626000.0,19480.0,,0,0,0,0,0,0,1,0,0,0,1
2330,Первомайский муниципальный район,Ярославская область,муниципальный район,,78629000,78629000.0,8362.0,,0,0,0,0,0,0,1,0,0,0,1
2332,Пошехонский муниципальный район,Ярославская область,муниципальный район,,78634000,78634000.0,10190.0,,0,0,0,0,0,0,1,0,0,0,1
2333,Ростовский муниципальный район,Ярославская область,муниципальный район,,78637000,78637000.0,57986.0,2.0,0,0,0,0,0,0,1,0,0,0,1
2334,Рыбинский муниципальный район,Ярославская область,муниципальный район,,78640000,78640000.0,26409.0,,0,0,0,0,0,0,0,0,0,0,0
2335,Тутаевский муниципальный район,Ярославская область,муниципальный район,,78643000,78643000.0,52373.0,2.0,0,0,0,0,0,0,1,0,1,0,0
2336,Угличский муниципальный район,Ярославская область,муниципальный район,,78646000,78646000.0,46215.0,,0,0,0,0,0,0,1,0,0,0,1
2337,Ярославский муниципальный район,Ярославская область,муниципальный район,,78650000,78650000.0,72442.0,,0,0,0,0,0,0,0,0,0,0,0
2338,городской округ город Биробиджан,Еврейская автономная область,городской округ,административный_центр_субъекта,99701000,99701000.0,67788.0,,0,0,0,0,0,1,1,0,0,0,0
2339,Биробиджанский муниципальный район,Еврейская автономная область,муниципальный район,административный_центр_субъекта,99605000,99605000.0,9980.0,,0,0,0,0,0,1,0,0,0,0,0
2340,Ленинский муниципальный район,Еврейская автономная область,муниципальный район,,99610000,99610000.0,15325.0,,0,0,0,0,0,0,2,0,0,0,0
2341,Облученский муниципальный район,Еврейская автономная область,муниципальный район,,99620000,99620000.0,23265.0,2.0,0,0,0,0,0,0,1,0,0,0,0
2342,Октябрьский муниципальный район,Еврейская автономная область,муниципальный район,,99625000,99625000.0,7462.0,,0,0,0,0,0,0,1,0,0,0,0
2343,Смидовичский муниципальный район,Еврейская автономная область,муниципальный район,,99630000,99630000.0,21982.0,,0,0,0,0,0,0,1,0,0,0,0
2344,городской округ Анадырь,Чукотский автономный округ,городской округ,административный_центр_субъекта,77701000,77701000.0,13412.0,,1,0,1,1,0,1,1,0,0,0,0
2345,городской округ Эгвекинот,Чукотский автономный округ,городской округ,,77715000,77715000.0,5197.0,,1,0,1,1,0,0,1,0,0,0,0
2346,городской округ Провиденский,Чукотский автономный округ,городской округ,,77710000,77710000.0,3657.0,,1,0,1,1,0,0,0,0,0,0,0
2347,городской округ Певек,Чукотский автономный округ,городской округ,,77705000,77705000.0,4779.0,2.0,1,0,1,1,0,0,1,0,0,0,0
2348,Анадырский муниципальный район,Чукотский автономный округ,муниципальный район,,77603000,77603000.0,8790.0,2.0,1,0,1,1,0,0,1,0,0,0,0
2349,Билибинский муниципальный район,Чукотский автономный округ,муниципальный район,,77609000,77609000.0,7279.0,,1,0,1,1,0,0,1,0,0,0,0
2351,внутригородская территория города федерального значения муниципальный округ Коломна,Санкт-Петербург,внутригородская территория города федерального значения,,40301000,40301000.0,33530.0,,0,0,0,0,0,0,0,0,0,0,0
2352,внутригородская территория города федерального значения муниципальный округ Сенной округ,Санкт-Петербург,внутригородская территория города федерального значения,,40302000,40302000.0,20360.0,,0,0,0,0,0,0,0,0,0,0,0
2353,внутригородская территория города федерального значения муниципальный округ Адмиралтейский округ,Санкт-Петербург,внутригородская территория города федерального значения,,40303000,40303000.0,23945.0,,0,0,0,0,0,0,0,0,0,0,0
2354,внутригородская территория города федерального значения муниципальный округ Семеновский,Санкт-Петербург,внутригородская территория города федерального значения,,40304000,40304000.0,22123.0,,0,0,0,0,0,0,0,0,0,0,0
2355,внутригородская территория города федерального значения муниципальный округ Измайловское,Санкт-Петербург,внутригородская территория города федерального значения,,40305000,40305000.0,32593.0,,0,0,0,0,0,0,0,0,0,0,0
2356,внутригородская территория города федерального значения муниципальный округ Екатерингофский,Санкт-Петербург,внутригородская территория города федерального значения,,40306000,40306000.0,21671.0,,0,0,0,0,0,0,0,0,0,0,0
2357,внутригородская территория города федерального значения муниципальный округ № 7,Санкт-Петербург,внутригородская территория города федерального значения,,40307000,40307000.0,36091.0,,0,0,0,0,0,0,0,0,0,0,0
2358,внутригородская территория города федерального значения муниципальный округ Васильевский,Санкт-Петербург,внутригородская территория города федерального значения,,40308000,40308000.0,31425.0,,0,0,0,0,0,0,0,0,0,0,0
2359,внутригородская территория города федерального значения муниципальный округ Гавань,Санкт-Петербург,внутригородская территория города федерального значения,,40309000,40309000.0,41047.0,,0,0,0,0,0,0,0,0,0,0,0
2360,внутригородская территория города федерального значения муниципальный округ Морской,Санкт-Петербург,внутригородская территория города федерального значения,,40310000,40310000.0,36080.0,,0,0,0,0,0,0,0,0,0,0,0
2361,внутригородская территория города федерального значения муниципальный округ Остров Декабристов,Санкт-Петербург,внутригородская территория города федерального значения,,40311000,40311000.0,60755.0,,0,0,0,0,0,0,0,0,0,0,0
2362,внутригородская территория города федерального значения поселок Левашово,Санкт-Петербург,внутригородская территория города федерального значения,,40312000,40312000.0,6101.0,,0,0,0,0,0,0,0,0,0,0,0
2363,внутригородская территория города федерального значения поселок Парголово,Санкт-Петербург,внутригородская территория города федерального значения,,40313000,40313000.0,111145.0,,0,0,0,0,0,0,0,0,0,0,0
2364,внутригородская территория города федерального значения муниципальный округ Сампсониевское,Санкт-Петербург,внутригородская территория города федерального значения,,40314000,40314000.0,39068.0,,0,0,0,0,0,0,0,0,0,0,0
2365,внутригородская территория города федерального значения муниципальный округ Светлановское,Санкт-Петербург,внутригородская территория города федерального значения,,40315000,40315000.0,89796.0,,0,0,0,0,0,0,0,0,0,0,0
2366,внутригородская территория города федерального значения муниципальный округ Сосновское,Санкт-Петербург,внутригородская территория города федерального значения,,40316000,40316000.0,60378.0,,0,0,0,0,0,0,0,0,0,0,0
2367,внутригородская территория города федерального значения муниципальный округ № 15,Санкт-Петербург,внутригородская территория города федерального значения,,40317000,40317000.0,60902.0,,0,0,0,0,0,0,0,0,0,0,0
2368,внутригородская территория города федерального значения муниципальный округ Сергиевское,Санкт-Петербург,внутригородская территория города федерального значения,,40318000,40318000.0,60031.0,,0,0,0,0,0,0,0,0,0,0,0
2369,внутригородская территория города федерального значения муниципальный округ Шувалово-Озерки,Санкт-Петербург,внутригородская территория города федерального значения,,40319000,40319000.0,116146.0,,0,0,0,0,0,0,0,0,0,0,0
2370,внутригородская территория города федерального значения поселок Лисий Нос,Санкт-Петербург,внутригородская территория города федерального значения,,40320000,40320000.0,6508.0,,0,0,0,0,0,0,0,0,0,0,0
2371,внутригородская территория города федерального значения муниципальный округ Лахта-Ольгино,Санкт-Петербург,внутригородская территория города федерального значения,,40321000,40321000.0,15567.0,,0,0,0,0,0,0,0,0,0,0,0
2372,внутригородская территория города федерального значения муниципальный округ № 65,Санкт-Петербург,внутригородская территория города федерального значения,,40322000,40322000.0,191571.0,,0,0,0,0,0,0,0,0,0,0,0
2373,внутригородская территория города федерального значения муниципальный округ Ланское,Санкт-Петербург,внутригородская территория города федерального значения,,40323000,40323000.0,70100.0,,0,0,0,0,0,0,0,0,0,0,0
2374,внутригородская территория города федерального значения муниципальный округ Комендантский аэродром,Санкт-Петербург,внутригородская территория города федерального значения,,40324000,40324000.0,94400.0,,0,0,0,0,0,0,0,0,0,0,0
2375,внутригородская территория города федерального значения муниципальный округ Озеро Долгое,Санкт-Петербург,внутригородская территория города федерального значения,,40325000,40325000.0,91526.0,,0,0,0,0,0,0,0,0,0,0,0
2376,внутригородская территория города федерального значения муниципальный округ Юнтолово,Санкт-Петербург,внутригородская территория города федерального значения,,40326000,40326000.0,115111.0,,0,0,0,0,0,0,0,0,0,0,0
2377,внутригородская территория города федерального значения муниципальный округ Коломяги,Санкт-Петербург,внутригородская территория города федерального значения,,40327000,40327000.0,119292.0,,0,0,0,0,0,0,0,0,0,0,0
2378,внутригородская территория города федерального значения муниципальный округ Гражданка,Санкт-Петербург,внутригородская территория города федерального значения,,40328000,40328000.0,67654.0,,0,0,0,0,0,0,0,0,0,0,0
2379,внутригородская территория города федерального значения муниципальный округ Академическое,Санкт-Петербург,внутригородская территория города федерального значения,,40329000,40329000.0,108549.0,,0,0,0,0,0,0,0,0,0,0,0
2380,внутригородская территория города федерального значения муниципальный округ Финляндский округ,Санкт-Петербург,внутригородская территория города федерального значения,,40330000,40330000.0,72078.0,,0,0,0,0,0,0,0,0,0,0,0
2381,внутригородская территория города федерального значения муниципальный округ № 21,Санкт-Петербург,внутригородская территория города федерального значения,,40331000,40331000.0,76567.0,,0,0,0,0,0,0,0,0,0,0,0
2382,внутригородская территория города федерального значения муниципальный округ Пискаревка,Санкт-Петербург,внутригородская территория города федерального значения,,40332000,40332000.0,81396.0,,0,0,0,0,0,0,0,0,0,0,0
2383,внутригородская территория города федерального значения муниципальный округ Северный,Санкт-Петербург,внутригородская территория города федерального значения,,40333000,40333000.0,48022.0,,0,0,0,0,0,0,0,0,0,0,0
2384,внутригородская территория города федерального значения муниципальный округ Прометей,Санкт-Петербург,внутригородская территория города федерального значения,,40334000,40334000.0,76479.0,,0,0,0,0,0,0,0,0,0,0,0
2385,внутригородская территория города федерального значения муниципальный округ Княжево,Санкт-Петербург,внутригородская территория города федерального значения,,40335000,40335000.0,59699.0,,0,0,0,0,0,0,0,0,0,0,0
2386,внутригородская территория города федерального значения муниципальный округ Ульянка,Санкт-Петербург,внутригородская территория города федерального значения,,40336000,40336000.0,76019.0,,0,0,0,0,0,0,0,0,0,0,0
2387,внутригородская территория города федерального значения муниципальный округ Дачное,Санкт-Петербург,внутригородская территория города федерального значения,,40337000,40337000.0,70462.0,,0,0,0,0,0,0,0,0,0,0,0
2388,внутригородская территория города федерального значения муниципальный округ Автово,Санкт-Петербург,внутригородская территория города федерального значения,,40338000,40338000.0,42639.0,,0,0,0,0,0,0,0,0,0,0,0
2389,внутригородская территория города федерального значения муниципальный округ Нарвский округ,Санкт-Петербург,внутригородская территория города федерального значения,,40339000,40339000.0,33260.0,,0,0,0,0,0,0,0,0,0,0,0
2390,внутригородская территория города федерального значения муниципальный округ Красненькая речка,Санкт-Петербург,внутригородская территория города федерального значения,,40340000,40340000.0,38302.0,,0,0,0,0,0,0,0,0,0,0,0
2391,внутригородская территория города федерального значения муниципальный округ Морские ворота,Санкт-Петербург,внутригородская территория города федерального значения,,40341000,40341000.0,10430.0,,0,0,0,0,0,0,0,0,0,0,0
2392,внутригородская территория города федерального значения город Колпино,Санкт-Петербург,внутригородская территория города федерального значения,,40342000,40342000.0,145875.0,,0,0,0,0,0,0,0,0,0,0,0
2393,внутригородская территория города федерального значения поселок Металлострой,Санкт-Петербург,внутригородская территория города федерального значения,,40343000,40343000.0,27407.0,,0,0,0,0,0,0,0,0,0,0,0
2394,внутригородская территория города федерального значения поселок Петро-Славянка,Санкт-Петербург,внутригородская территория города федерального значения,,40344000,40344000.0,2097.0,,0,0,0,0,0,0,0,0,0,0,0
2395,внутригородская территория города федерального значения поселок Понтонный,Санкт-Петербург,внутригородская территория города федерального значения,,40345000,40345000.0,8552.0,,0,0,0,0,0,0,0,0,0,0,0
2397,внутригородская территория города федерального значения поселок Усть-Ижора,Санкт-Петербург,внутригородская территория города федерального значения,,40347000,40347000.0,2604.0,,0,0,0,0,0,0,0,0,0,0,0
2398,внутригородская территория города федерального значения муниципальный округ Полюстрово,Санкт-Петербург,внутригородская территория города федерального значения,,40348000,40348000.0,75419.0,,0,0,0,0,0,0,0,0,0,0,0
2399,внутригородская территория города федерального значения муниципальный округ Большая Охта,Санкт-Петербург,внутригородская территория города федерального значения,,40349000,40349000.0,57831.0,,0,0,0,0,0,0,0,0,0,0,0
2400,внутригородская территория города федерального значения муниципальный округ Малая Охта,Санкт-Петербург,внутригородская территория города федерального значения,,40350000,40350000.0,43157.0,,0,0,0,0,0,0,0,0,0,0,0
2401,внутригородская территория города федерального значения муниципальный округ Пороховые,Санкт-Петербург,внутригородская территория города федерального значения,,40351000,40351000.0,128099.0,,0,0,0,0,0,0,0,0,0,0,0
2402,внутригородская территория города федерального значения муниципальный округ Ржевка,Санкт-Петербург,внутригородская территория города федерального значения,,40352000,40352000.0,60985.0,,0,0,0,0,0,0,0,0,0,0,0
2403,внутригородская территория города федерального значения город Красное Село,Санкт-Петербург,внутригородская территория города федерального значения,,40353000,40353000.0,60306.0,,0,0,0,0,0,0,0,0,0,0,0
2404,внутригородская территория города федерального значения муниципальный округ Юго-Запад,Санкт-Петербург,внутригородская территория города федерального значения,,40354000,40354000.0,58402.0,,0,0,0,0,0,0,0,0,0,0,0
2405,внутригородская территория города федерального значения муниципальный округ Южно-Приморский,Санкт-Петербург,внутригородская территория города федерального значения,,40355000,40355000.0,128489.0,,0,0,0,0,0,0,0,0,0,0,0
2406,внутригородская территория города федерального значения муниципальный округ Сосновая поляна,Санкт-Петербург,внутригородская территория города федерального значения,,40356000,40356000.0,73238.0,,0,0,0,0,0,0,0,0,0,0,0
2407,внутригородская территория города федерального значения муниципальный округ Урицк,Санкт-Петербург,внутригородская территория города федерального значения,,40357000,40357000.0,50257.0,,0,0,0,0,0,0,0,0,0,0,0
2408,внутригородская территория города федерального значения муниципальный округ Константиновское,Санкт-Петербург,внутригородская территория города федерального значения,,40358000,40358000.0,35619.0,,0,0,0,0,0,0,0,0,0,0,0
2409,внутригородская территория города федерального значения муниципальный округ Горелово,Санкт-Петербург,внутригородская территория города федерального значения,,40359000,40359000.0,28519.0,,0,0,0,0,0,0,0,0,0,0,0
2410,внутригородская территория города федерального значения город Кронштадт,Санкт-Петербург,внутригородская территория города федерального значения,,40360000,40360000.0,44515.0,,0,0,0,0,0,0,0,0,0,0,0
2411,внутригородская территория города федерального значения город Зеленогорск,Санкт-Петербург,внутригородская территория города федерального значения,,40361000,40361000.0,15462.0,,0,0,0,0,0,0,0,0,0,0,0
2412,внутригородская территория города федерального значения город Сестрорецк,Санкт-Петербург,внутригородская территория города федерального значения,,40362000,40362000.0,45935.0,,0,0,0,0,0,0,0,0,0,0,0
2416,внутригородская территория города федерального значения поселок Песочный,Санкт-Петербург,внутригородская территория города федерального значения,,40366000,40366000.0,9869.0,,0,0,0,0,0,0,0,0,0,0,0
2422,внутригородская территория города федерального значения город Ломоносов,Санкт-Петербург,внутригородская территория города федерального значения,,40372000,40372000.0,38558.0,,0,0,0,0,0,0,0,0,0,0,0
2423,внутригородская территория города федерального значения муниципальный округ Московская застава,Санкт-Петербург,внутригородская территория города федерального значения,,40373000,40373000.0,44916.0,,0,0,0,0,0,0,0,0,0,0,0
2424,внутригородская территория города федерального значения муниципальный округ Гагаринское,Санкт-Петербург,внутригородская территория города федерального значения,,40374000,40374000.0,65624.0,,0,0,0,0,0,0,0,0,0,0,0
2425,внутригородская территория города федерального значения муниципальный округ Новоизмайловское,Санкт-Петербург,внутригородская территория города федерального значения,,40375000,40375000.0,83316.0,,0,0,0,0,0,0,0,0,0,0,0
2426,внутригородская территория города федерального значения муниципальный округ Пулковский меридиан,Санкт-Петербург,внутригородская территория города федерального значения,,40376000,40376000.0,45574.0,,0,0,0,0,0,0,0,0,0,0,0
2427,внутригородская территория города федерального значения муниципальный округ Звездное,Санкт-Петербург,внутригородская территория города федерального значения,,40377000,40377000.0,93726.0,,0,0,0,0,0,0,0,0,0,0,0
2428,внутригородская территория города федерального значения муниципальный округ Невская застава,Санкт-Петербург,внутригородская территория города федерального значения,,40378000,40378000.0,28050.0,,0,0,0,0,0,0,0,0,0,0,0
2429,внутригородская территория города федерального значения муниципальный округ Ивановский,Санкт-Петербург,внутригородская территория города федерального значения,,40379000,40379000.0,27157.0,,0,0,0,0,0,0,0,0,0,0,0
2430,внутригородская территория города федерального значения муниципальный округ Обуховский,Санкт-Петербург,внутригородская территория города федерального значения,,40380000,40380000.0,56679.0,,0,0,0,0,0,0,0,0,0,0,0
2431,внутригородская территория города федерального значения муниципальный округ Рыбацкое,Санкт-Петербург,внутригородская территория города федерального значения,,40381000,40381000.0,70132.0,,0,0,0,0,0,0,0,0,0,0,0
2432,внутригородская территория города федерального значения муниципальный округ Народный,Санкт-Петербург,внутригородская территория города федерального значения,,40382000,40382000.0,79762.0,,0,0,0,0,0,0,0,0,0,0,0
2433,внутригородская территория города федерального значения муниципальный округ № 54,Санкт-Петербург,внутригородская территория города федерального значения,,40383000,40383000.0,67469.0,,0,0,0,0,0,0,0,0,0,0,0
2434,внутригородская территория города федерального значения муниципальный округ Невский округ,Санкт-Петербург,внутригородская территория города федерального значения,,40384000,40384000.0,69494.0,,0,0,0,0,0,0,0,0,0,0,0
2435,внутригородская территория города федерального значения муниципальный округ Оккервиль,Санкт-Петербург,внутригородская территория города федерального значения,,40385000,40385000.0,61924.0,,0,0,0,0,0,0,0,0,0,0,0
2436,внутригородская территория города федерального значения муниципальный округ Правобережный,Санкт-Петербург,внутригородская территория города федерального значения,,40386000,40386000.0,88163.0,,0,0,0,0,0,0,0,0,0,0,0
2437,внутригородская территория города федерального значения город Павловск,Санкт-Петербург,внутригородская территория города федерального значения,,40387000,40387000.0,18097.0,,0,0,0,0,0,0,0,0,0,0,0
2439,внутригородская территория города федерального значения муниципальный округ Введенский,Санкт-Петербург,внутригородская территория города федерального значения,,40389000,40389000.0,15440.0,,0,0,0,0,0,0,0,0,0,0,0
2440,внутригородская территория города федерального значения муниципальный округ Кронверкское,Санкт-Петербург,внутригородская территория города федерального значения,,40390000,40390000.0,16497.0,,0,0,0,0,0,0,0,0,0,0,0
2441,внутригородская территория города федерального значения муниципальный округ Посадский,Санкт-Петербург,внутригородская территория города федерального значения,,40391000,40391000.0,15788.0,,0,0,0,0,0,0,0,0,0,0,0
2442,внутригородская территория города федерального значения муниципальный округ Аптекарский остров,Санкт-Петербург,внутригородская территория города федерального значения,,40392000,40392000.0,20583.0,,0,0,0,0,0,0,0,0,0,0,0
2443,внутригородская территория города федерального значения муниципальный округ округ Петровский,Санкт-Петербург,внутригородская территория города федерального значения,,40393000,40393000.0,17453.0,,0,0,0,0,0,0,0,0,0,0,0
2444,внутригородская территория города федерального значения муниципальный округ Чкаловское,Санкт-Петербург,внутригородская территория города федерального значения,,40394000,40394000.0,29553.0,,0,0,0,0,0,0,0,0,0,0,0
2445,внутригородская территория города федерального значения город Петергоф,Санкт-Петербург,внутригородская территория города федерального значения,,40395000,40395000.0,80345.0,,0,0,0,0,0,0,0,0,0,0,0
2446,внутригородская территория города федерального значения поселок Стрельна,Санкт-Петербург,внутригородская территория города федерального значения,,40396000,40396000.0,14268.0,,0,0,0,0,0,0,0,0,0,0,0
2447,внутригородская территория города федерального значения город Пушкин,Санкт-Петербург,внутригородская территория города федерального значения,,40397000,40397000.0,108470.0,,0,0,0,0,0,0,0,0,0,0,0
2448,внутригородская территория города федерального значения поселок Александровская,Санкт-Петербург,внутригородская территория города федерального значения,,40398000,40398000.0,3104.0,,0,0,0,0,0,0,0,0,0,0,0
2449,внутригородская территория города федерального значения поселок Шушары,Санкт-Петербург,внутригородская территория города федерального значения,,40901000,40901000.0,138847.0,,0,0,0,0,0,0,0,0,0,0,0
2450,внутригородская территория города федерального значения муниципальный округ Волковское,Санкт-Петербург,внутригородская территория города федерального значения,,40902000,40902000.0,61193.0,,0,0,0,0,0,0,0,0,0,0,0
2451,внутригородская территория города федерального значения муниципальный округ № 72,Санкт-Петербург,внутригородская территория города федерального значения,,40903000,40903000.0,67637.0,,0,0,0,0,0,0,0,0,0,0,0
2452,внутригородская территория города федерального значения муниципальный округ Купчино,Санкт-Петербург,внутригородская территория города федерального значения,,40904000,40904000.0,55958.0,,0,0,0,0,0,0,0,0,0,0,0
2453,внутригородская территория города федерального значения муниципальный округ Георгиевский,Санкт-Петербург,внутригородская территория города федерального значения,,40905000,40905000.0,92071.0,,0,0,0,0,0,0,0,0,0,0,0
2454,внутригородская территория города федерального значения муниципальный округ № 75,Санкт-Петербург,внутригородская территория города федерального значения,,40906000,40906000.0,62317.0,,0,0,0,0,0,0,0,0,0,0,0
2455,внутригородская территория города федерального значения муниципальный округ Балканский,Санкт-Петербург,внутригородская территория города федерального значения,,40907000,40907000.0,73743.0,,0,0,0,0,0,0,0,0,0,0,0
2456,внутригородская территория города федерального значения муниципальный округ Дворцовый округ,Санкт-Петербург,внутригородская территория города федерального значения,,40908000,40908000.0,7273.0,,0,0,0,0,0,0,0,0,0,0,0
2457,внутригородская территория города федерального значения муниципальный округ № 78,Санкт-Петербург,внутригородская территория города федерального значения,,40909000,40909000.0,8978.0,,0,0,0,0,0,0,0,0,0,0,0
2458,внутригородская территория города федерального значения муниципальный округ Литейный округ,Санкт-Петербург,внутригородская территория города федерального значения,,40910000,40910000.0,39745.0,,0,0,0,0,0,0,0,0,0,0,0
2459,внутригородская территория города федерального значения муниципальный округ Смольнинское,Санкт-Петербург,внутригородская территория города федерального значения,,40911000,40911000.0,73451.0,,0,0,0,0,0,0,0,0,0,0,0
2460,внутригородская территория города федерального значения муниципальный округ Лиговка-Ямская,Санкт-Петербург,внутригородская территория города федерального значения,,40912000,40912000.0,19437.0,,0,0,0,0,0,0,0,0,0,0,0
2461,внутригородская территория города федерального значения муниципальный округ Владимирский округ,Санкт-Петербург,внутригородская территория города федерального значения,,40913000,40913000.0,49727.0,,0,0,0,0,0,0,0,0,0,0,0
2462,внутригородская территория города федерального значения муниципальный округ Богородское,Москва,внутригородская территория города федерального значения,,45301000,45301000.0,107571.0,,0,0,0,0,0,0,0,0,0,0,0
2463,внутригородская территория города федерального значения муниципальный округ Вешняки,Москва,внутригородская территория города федерального значения,,45302000,45302000.0,119585.0,,0,0,0,0,0,0,0,0,0,0,0
2464,внутригородская территория города федерального значения муниципальный округ Восточное Измайлово,Москва,внутригородская территория города федерального значения,,45303000,45303000.0,73857.0,,0,0,0,0,0,0,0,0,0,0,0
2465,внутригородская территория города федерального значения муниципальный округ Восточный,Москва,внутригородская территория города федерального значения,,45304000,45304000.0,12454.0,,0,0,0,0,0,0,0,0,0,0,0
2466,внутригородская территория города федерального значения муниципальный округ Гольяново,Москва,внутригородская территория города федерального значения,,45305000,45305000.0,164715.0,,0,0,0,0,0,0,0,0,0,0,0
2467,внутригородская территория города федерального значения муниципальный округ Ивановское,Москва,внутригородская территория города федерального значения,,45306000,45306000.0,125062.0,,0,0,0,0,0,0,0,0,0,0,0
2468,внутригородская территория города федерального значения муниципальный округ Измайлово,Москва,внутригородская территория города федерального значения,,45307000,45307000.0,108666.0,,0,0,0,0,0,0,0,0,0,0,0
2469,внутригородская территория города федерального значения муниципальный округ Косино-Ухтомский,Москва,внутригородская территория города федерального значения,,45308000,45308000.0,89438.0,,0,0,0,0,0,0,0,0,0,0,0
2470,внутригородская территория города федерального значения муниципальный округ Новогиреево,Москва,внутригородская территория города федерального значения,,45309000,45309000.0,99348.0,,0,0,0,0,0,0,0,0,0,0,0
2471,внутригородская территория города федерального значения муниципальный округ Новокосино,Москва,внутригородская территория города федерального значения,,45310000,45310000.0,107461.0,,0,0,0,0,0,0,0,0,0,0,0
2472,внутригородская территория города федерального значения муниципальный округ Метрогородок,Москва,внутригородская территория города федерального значения,,45311000,45311000.0,40122.0,,0,0,0,0,0,0,0,0,0,0,0
2473,внутригородская территория города федерального значения муниципальный округ Перово,Москва,внутригородская территория города федерального значения,,45312000,45312000.0,134308.0,,0,0,0,0,0,0,0,0,0,0,0
2474,внутригородская территория города федерального значения муниципальный округ Северное Измайлово,Москва,внутригородская территория города федерального значения,,45313000,45313000.0,84957.0,,0,0,0,0,0,0,0,0,0,0,0
2475,внутригородская территория города федерального значения муниципальный округ Соколиная гора,Москва,внутригородская территория города федерального значения,,45314000,45314000.0,92805.0,,0,0,0,0,0,0,0,0,0,0,0
2476,внутригородская территория города федерального значения муниципальный округ Сокольники,Москва,внутригородская территория города федерального значения,,45315000,45315000.0,60396.0,,0,0,0,0,0,0,0,0,0,0,0
2477,внутригородская территория города федерального значения муниципальный округ Преображенское,Москва,внутригородская территория города федерального значения,,45316000,45316000.0,87933.0,,0,0,0,0,0,0,0,0,0,0,0
2478,внутригородская территория города федерального значения муниципальный округ Внуково,Москва,внутригородская территория города федерального значения,,45317000,45317000.0,25182.0,,0,0,0,0,0,0,0,0,0,0,0
2479,внутригородская территория города федерального значения муниципальный округ Дорогомилово,Москва,внутригородская территория города федерального значения,,45318000,45318000.0,75669.0,,0,0,0,0,0,0,0,0,0,0,0
2480,внутригородская территория города федерального значения муниципальный округ Крылатское,Москва,внутригородская территория города федерального значения,,45319000,45319000.0,82363.0,,0,0,0,0,0,0,0,0,0,0,0
2481,внутригородская территория города федерального значения муниципальный округ Кунцево,Москва,внутригородская территория города федерального значения,,45320000,45320000.0,151447.0,,0,0,0,0,0,0,0,0,0,0,0
2482,внутригородская территория города федерального значения муниципальный округ Можайский,Москва,внутригородская территория города федерального значения,,45321000,45321000.0,145961.0,,0,0,0,0,0,0,0,0,0,0,0
2483,внутригородская территория города федерального значения муниципальный округ Ново-Переделкино,Москва,внутригородская территория города федерального значения,,45322000,45322000.0,122058.0,,0,0,0,0,0,0,0,0,0,0,0
2484,внутригородская территория города федерального значения муниципальный округ Очаково-Матвеевское,Москва,внутригородская территория города федерального значения,,45323000,45323000.0,126535.0,,0,0,0,0,0,0,0,0,0,0,0
2485,внутригородская территория города федерального значения муниципальный округ Проспект Вернадского,Москва,внутригородская территория города федерального значения,,45324000,45324000.0,65316.0,,0,0,0,0,0,0,0,0,0,0,0
2486,внутригородская территория города федерального значения муниципальный округ Раменки,Москва,внутригородская территория города федерального значения,,45325000,45325000.0,151931.0,,0,0,0,0,0,0,0,0,0,0,0
2487,внутригородская территория города федерального значения муниципальный округ Солнцево,Москва,внутригородская территория города федерального значения,,45326000,45326000.0,126309.0,,0,0,0,0,0,0,0,0,0,0,0
2488,внутригородская территория города федерального значения муниципальный округ Тропарево-Никулино,Москва,внутригородская территория города федерального значения,,45327000,45327000.0,128029.0,,0,0,0,0,0,0,0,0,0,0,0
2489,внутригородская территория города федерального значения муниципальный округ Филевский парк,Москва,внутригородская территория города федерального значения,,45328000,45328000.0,112388.0,,0,0,0,0,0,0,0,0,0,0,0
2490,внутригородская территория города федерального значения муниципальный округ Фили-Давыдково,Москва,внутригородская территория города федерального значения,,45329000,45329000.0,111926.0,,0,0,0,0,0,0,0,0,0,0,0
2491,внутригородская территория города федерального значения муниципальный округ Крюково,Москва,внутригородская территория города федерального значения,,45330000,45330000.0,110660.0,,0,0,0,0,0,0,0,0,0,0,0
2492,внутригородская территория города федерального значения муниципальный округ Матушкино,Москва,внутригородская территория города федерального значения,,45331000,45331000.0,43049.0,,0,0,0,0,0,0,0,0,0,0,0
2493,внутригородская территория города федерального значения муниципальный округ Силино,Москва,внутригородская территория города федерального значения,,45332000,45332000.0,42047.0,,0,0,0,0,0,0,0,0,0,0,0
2494,внутригородская территория города федерального значения муниципальный округ Аэропорт,Москва,внутригородская территория города федерального значения,,45333000,45333000.0,81833.0,,0,0,0,0,0,0,0,0,0,0,0
2495,внутригородская территория города федерального значения муниципальный округ Беговой,Москва,внутригородская территория города федерального значения,,45334000,45334000.0,43190.0,,0,0,0,0,0,0,0,0,0,0,0
2496,внутригородская территория города федерального значения муниципальный округ Бескудниковский,Москва,внутригородская территория города федерального значения,,45335000,45335000.0,79896.0,,0,0,0,0,0,0,0,0,0,0,0
2497,внутригородская территория города федерального значения муниципальный округ Войковский,Москва,внутригородская территория города федерального значения,,45336000,45336000.0,72173.0,,0,0,0,0,0,0,0,0,0,0,0
2498,внутригородская территория города федерального значения муниципальный округ Восточное Дегунино,Москва,внутригородская территория города федерального значения,,45337000,45337000.0,101167.0,,0,0,0,0,0,0,0,0,0,0,0
2499,внутригородская территория города федерального значения муниципальный округ Головинский,Москва,внутригородская территория города федерального значения,,45338000,45338000.0,106612.0,,0,0,0,0,0,0,0,0,0,0,0
2500,внутригородская территория города федерального значения муниципальный округ Дмитровский,Москва,внутригородская территория города федерального значения,,45339000,45339000.0,103496.0,,0,0,0,0,0,0,0,0,0,0,0
2501,внутригородская территория города федерального значения муниципальный округ Западное Дегунино,Москва,внутригородская территория города федерального значения,,45340000,45340000.0,84743.0,,0,0,0,0,0,0,0,0,0,0,0
2502,внутригородская территория города федерального значения муниципальный округ Коптево,Москва,внутригородская территория города федерального значения,,45341000,45341000.0,103676.0,,0,0,0,0,0,0,0,0,0,0,0
2503,внутригородская территория города федерального значения муниципальный округ Левобережный,Москва,внутригородская территория города федерального значения,,45342000,45342000.0,55420.0,,0,0,0,0,0,0,0,0,0,0,0
2504,внутригородская территория города федерального значения муниципальный округ Молжаниновский,Москва,внутригородская территория города федерального значения,,45343000,45343000.0,13337.0,,0,0,0,0,0,0,0,0,0,0,0
2505,внутригородская территория города федерального значения муниципальный округ Савеловский,Москва,внутригородская территория города федерального значения,,45344000,45344000.0,60149.0,,0,0,0,0,0,0,0,0,0,0,0
2506,внутригородская территория города федерального значения муниципальный округ Сокол,Москва,внутригородская территория города федерального значения,,45345000,45345000.0,57677.0,,0,0,0,0,0,0,0,0,0,0,0
2507,внутригородская территория города федерального значения муниципальный округ Тимирязевский,Москва,внутригородская территория города федерального значения,,45346000,45346000.0,82774.0,,0,0,0,0,0,0,0,0,0,0,0
2508,внутригородская территория города федерального значения муниципальный округ Ховрино,Москва,внутригородская территория города федерального значения,,45347000,45347000.0,96233.0,,0,0,0,0,0,0,0,0,0,0,0
2509,внутригородская территория города федерального значения муниципальный округ Хорошевский,Москва,внутригородская территория города федерального значения,,45348000,45348000.0,75533.0,,0,0,0,0,0,0,0,0,0,0,0
2510,внутригородская территория города федерального значения муниципальный округ Алексеевский,Москва,внутригородская территория города федерального значения,,45349000,45349000.0,77681.0,,0,0,0,0,0,0,0,0,0,0,0
2511,внутригородская территория города федерального значения муниципальный округ Алтуфьевский,Москва,внутригородская территория города федерального значения,,45350000,45350000.0,55741.0,,0,0,0,0,0,0,0,0,0,0,0
2512,внутригородская территория города федерального значения муниципальный округ Бабушкинский,Москва,внутригородская территория города федерального значения,,45351000,45351000.0,88627.0,,0,0,0,0,0,0,0,0,0,0,0
2513,внутригородская территория города федерального значения муниципальный округ Бибирево,Москва,внутригородская территория города федерального значения,,45352000,45352000.0,158797.0,,0,0,0,0,0,0,0,0,0,0,0
2514,внутригородская территория города федерального значения муниципальный округ Бутырский,Москва,внутригородская территория города федерального значения,,45353000,45353000.0,71703.0,,0,0,0,0,0,0,0,0,0,0,0
2515,внутригородская территория города федерального значения муниципальный округ Лианозово,Москва,внутригородская территория города федерального значения,,45354000,45354000.0,84105.0,,0,0,0,0,0,0,0,0,0,0,0
2516,внутригородская территория города федерального значения муниципальный округ Лосиноостровский,Москва,внутригородская территория города федерального значения,,45355000,45355000.0,83136.0,,0,0,0,0,0,0,0,0,0,0,0
2517,внутригородская территория города федерального значения муниципальный округ Марфино,Москва,внутригородская территория города федерального значения,,45356000,45356000.0,36742.0,,0,0,0,0,0,0,0,0,0,0,0
2518,внутригородская территория города федерального значения муниципальный округ Марьина роща,Москва,внутригородская территория города федерального значения,,45357000,45357000.0,62191.0,,0,0,0,0,0,0,0,0,0,0,0
2519,внутригородская территория города федерального значения муниципальный округ Останкинский,Москва,внутригородская территория города федерального значения,,45358000,45358000.0,64840.0,,0,0,0,0,0,0,0,0,0,0,0
2520,внутригородская территория города федерального значения муниципальный округ Отрадное,Москва,внутригородская территория города федерального значения,,45359000,45359000.0,187737.0,,0,0,0,0,0,0,0,0,0,0,0
2521,внутригородская территория города федерального значения муниципальный округ Ростокино,Москва,внутригородская территория города федерального значения,,45360000,45360000.0,52115.0,,0,0,0,0,0,0,0,0,0,0,0
2522,внутригородская территория города федерального значения муниципальный округ Свиблово,Москва,внутригородская территория города федерального значения,,45361000,45361000.0,60013.0,,0,0,0,0,0,0,0,0,0,0,0
2523,внутригородская территория города федерального значения муниципальный округ Северное Медведково,Москва,внутригородская территория города федерального значения,,45362000,45362000.0,129632.0,,0,0,0,0,0,0,0,0,0,0,0
2524,внутригородская территория города федерального значения муниципальный округ Северный,Москва,внутригородская территория города федерального значения,,45363000,45363000.0,55740.0,,0,0,0,0,0,0,0,0,0,0,0
2525,внутригородская территория города федерального значения муниципальный округ Южное Медведково,Москва,внутригородская территория города федерального значения,,45364000,45364000.0,88150.0,,0,0,0,0,0,0,0,0,0,0,0
2526,внутригородская территория города федерального значения муниципальный округ Ярославский,Москва,внутригородская территория города федерального значения,,45365000,45365000.0,98861.0,,0,0,0,0,0,0,0,0,0,0,0
2527,внутригородская территория города федерального значения муниципальный округ Куркино,Москва,внутригородская территория города федерального значения,,45366000,45366000.0,33298.0,,0,0,0,0,0,0,0,0,0,0,0
2528,внутригородская территория города федерального значения муниципальный округ Митино,Москва,внутригородская территория города федерального значения,,45367000,45367000.0,198194.0,,0,0,0,0,0,0,0,0,0,0,0
2529,внутригородская территория города федерального значения муниципальный округ Покровское-Стрешнево,Москва,внутригородская территория города федерального значения,,45368000,45368000.0,67364.0,,0,0,0,0,0,0,0,0,0,0,0
2530,внутригородская территория города федерального значения муниципальный округ Северное Тушино,Москва,внутригородская территория города федерального значения,,45369000,45369000.0,172055.0,,0,0,0,0,0,0,0,0,0,0,0
2531,внутригородская территория города федерального значения муниципальный округ Строгино,Москва,внутригородская территория города федерального значения,,45370000,45370000.0,163074.0,,0,0,0,0,0,0,0,0,0,0,0
2532,внутригородская территория города федерального значения муниципальный округ Хорошево-Мневники,Москва,внутригородская территория города федерального значения,,45371000,45371000.0,182497.0,,0,0,0,0,0,0,0,0,0,0,0
2533,внутригородская территория города федерального значения муниципальный округ Щукино,Москва,внутригородская территория города федерального значения,,45372000,45372000.0,110486.0,,0,0,0,0,0,0,0,0,0,0,0
2534,внутригородская территория города федерального значения муниципальный округ Южное Тушино,Москва,внутригородская территория города федерального значения,,45373000,45373000.0,112628.0,,0,0,0,0,0,0,0,0,0,0,0
2535,внутригородская территория города федерального значения муниципальный округ Арбат,Москва,внутригородская территория города федерального значения,,45374000,45374000.0,36246.0,,0,0,0,0,0,0,0,0,0,0,0
2536,внутригородская территория города федерального значения муниципальный округ Басманный,Москва,внутригородская территория города федерального значения,,45375000,45375000.0,111289.0,,0,0,0,0,0,0,0,0,0,0,0
2537,внутригородская территория города федерального значения муниципальный округ Замоскворечье,Москва,внутригородская территория города федерального значения,,45376000,45376000.0,55293.0,,0,0,0,0,0,0,0,0,0,0,0
2538,внутригородская территория города федерального значения муниципальное образование Савелки,Москва,внутригородская территория города федерального значения,,45377000,45377000.0,36947.0,,0,0,0,0,0,0,0,0,0,0,0
2539,внутригородская территория города федерального значения муниципальный округ Красносельский,Москва,внутригородская территория города федерального значения,,45378000,45378000.0,45851.0,,0,0,0,0,0,0,0,0,0,0,0
2540,внутригородская территория города федерального значения муниципальный округ Мещанский,Москва,внутригородская территория города федерального значения,,45379000,45379000.0,55635.0,,0,0,0,0,0,0,0,0,0,0,0
2541,внутригородская территория города федерального значения муниципальный округ Пресненский,Москва,внутригородская территория города федерального значения,,45380000,45380000.0,127506.0,,0,0,0,0,0,0,0,0,0,0,0
2542,внутригородская территория города федерального значения муниципальный округ Таганский,Москва,внутригородская территория города федерального значения,,45381000,45381000.0,134759.0,,0,0,0,0,0,0,0,0,0,0,0
2543,внутригородская территория города федерального значения муниципальный округ Тверской,Москва,внутригородская территория города федерального значения,,45382000,45382000.0,75735.0,,0,0,0,0,0,0,0,0,0,0,0
2544,внутригородская территория города федерального значения муниципальный округ Хамовники,Москва,внутригородская территория города федерального значения,,45383000,45383000.0,105094.0,,0,0,0,0,0,0,0,0,0,0,0
2545,внутригородская территория города федерального значения муниципальный округ Якиманка,Москва,внутригородская территория города федерального значения,,45384000,45384000.0,27022.0,,0,0,0,0,0,0,0,0,0,0,0
2546,внутригородская территория города федерального значения муниципальный округ Выхино-Жулебино,Москва,внутригородская территория города федерального значения,,45385000,45385000.0,241326.0,,0,0,0,0,0,0,0,0,0,0,0
2547,внутригородская территория города федерального значения муниципальный округ Капотня,Москва,внутригородская территория города федерального значения,,45386000,45386000.0,32161.0,,0,0,0,0,0,0,0,0,0,0,0
2548,внутригородская территория города федерального значения муниципальный округ Кузьминки,Москва,внутригородская территория города федерального значения,,45387000,45387000.0,139880.0,,0,0,0,0,0,0,0,0,0,0,0
2549,внутригородская территория города федерального значения муниципальный округ Лефортово,Москва,внутригородская территория города федерального значения,,45388000,45388000.0,109711.0,,0,0,0,0,0,0,0,0,0,0,0
2550,внутригородская территория города федерального значения муниципальный округ Люблино,Москва,внутригородская территория города федерального значения,,45389000,45389000.0,184071.0,,0,0,0,0,0,0,0,0,0,0,0
2551,внутригородская территория города федерального значения муниципальный округ Марьино,Москва,внутригородская территория города федерального значения,,45390000,45390000.0,272278.0,,0,0,0,0,0,0,0,0,0,0,0
2552,внутригородская территория города федерального значения муниципальный округ Некрасовка,Москва,внутригородская территория города федерального значения,,45391000,45391000.0,112860.0,,0,0,0,0,0,0,0,0,0,0,0
2553,внутригородская территория города федерального значения муниципальный округ Нижегородский,Москва,внутригородская территория города федерального значения,,45392000,45392000.0,50637.0,,0,0,0,0,0,0,0,0,0,0,0
2554,внутригородская территория города федерального значения муниципальный округ Печатники,Москва,внутригородская территория города федерального значения,,45393000,45393000.0,89544.0,,0,0,0,0,0,0,0,0,0,0,0
2555,внутригородская территория города федерального значения муниципальный округ Рязанский,Москва,внутригородская территория города федерального значения,,45394000,45394000.0,108657.0,,0,0,0,0,0,0,0,0,0,0,0
2556,внутригородская территория города федерального значения муниципальный округ Текстильщики,Москва,внутригородская территория города федерального значения,,45395000,45395000.0,101550.0,,0,0,0,0,0,0,0,0,0,0,0
2557,внутригородская территория города федерального значения муниципальный округ Южнопортовый,Москва,внутригородская территория города федерального значения,,45396000,45396000.0,73112.0,,0,0,0,0,0,0,0,0,0,0,0
2558,внутригородская территория города федерального значения муниципальный округ Академический,Москва,внутригородская территория города федерального значения,,45397000,45397000.0,114228.0,,0,0,0,0,0,0,0,0,0,0,0
2559,внутригородская территория города федерального значения муниципальный округ Гагаринский,Москва,внутригородская территория города федерального значения,,45398000,45398000.0,80493.0,,0,0,0,0,0,0,0,0,0,0,0
2560,внутригородская территория города федерального значения муниципальный округ Зюзино,Москва,внутригородская территория города федерального значения,,45901000,45901000.0,123288.0,,0,0,0,0,0,0,0,0,0,0,0
2561,внутригородская территория города федерального значения муниципальный округ Коньково,Москва,внутригородская территория города федерального значения,,45902000,45902000.0,152544.0,,0,0,0,0,0,0,0,0,0,0,0
2562,внутригородская территория города федерального значения муниципальный округ Котловка,Москва,внутригородская территория города федерального значения,,45903000,45903000.0,65708.0,,0,0,0,0,0,0,0,0,0,0,0
2563,внутригородская территория города федерального значения муниципальный округ Ломоносовский,Москва,внутригородская территория города федерального значения,,45904000,45904000.0,87044.0,,0,0,0,0,0,0,0,0,0,0,0
2564,внутригородская территория города федерального значения муниципальный округ Обручевский,Москва,внутригородская территория города федерального значения,,45905000,45905000.0,87258.0,,0,0,0,0,0,0,0,0,0,0,0
2565,внутригородская территория города федерального значения муниципальный округ Северное Бутово,Москва,внутригородская территория города федерального значения,,45906000,45906000.0,97516.0,,0,0,0,0,0,0,0,0,0,0,0
2566,внутригородская территория города федерального значения муниципальный округ Теплый Стан,Москва,внутригородская территория города федерального значения,,45907000,45907000.0,131899.0,,0,0,0,0,0,0,0,0,0,0,0
2567,внутригородская территория города федерального значения муниципальный округ Черемушки,Москва,внутригородская территория города федерального значения,,45908000,45908000.0,107951.0,,0,0,0,0,0,0,0,0,0,0,0
2568,внутригородская территория города федерального значения муниципальный округ Южное Бутово,Москва,внутригородская территория города федерального значения,,45909000,45909000.0,211116.0,,0,0,0,0,0,0,0,0,0,0,0
2569,внутригородская территория города федерального значения муниципальный округ Ясенево,Москва,внутригородская территория города федерального значения,,45910000,45910000.0,176505.0,,0,0,0,0,0,0,0,0,0,0,0
2570,внутригородская территория города федерального значения муниципальный округ Бирюлево Восточное,Москва,внутригородская территория города федерального значения,,45911000,45911000.0,156160.0,,0,0,0,0,0,0,0,0,0,0,0
2571,внутригородская территория города федерального значения муниципальный округ Бирюлево Западное,Москва,внутригородская территория города федерального значения,,45912000,45912000.0,85308.0,,0,0,0,0,0,0,0,0,0,0,0
2572,внутригородская территория города федерального значения муниципальный округ Братеево,Москва,внутригородская территория города федерального значения,,45913000,45913000.0,101271.0,,0,0,0,0,0,0,0,0,0,0,0
2573,внутригородская территория города федерального значения муниципальный округ Даниловский,Москва,внутригородская территория города федерального значения,,45914000,45914000.0,104272.0,,0,0,0,0,0,0,0,0,0,0,0
2574,внутригородская территория города федерального значения муниципальный округ Донской,Москва,внутригородская территория города федерального значения,,45915000,45915000.0,51291.0,,0,0,0,0,0,0,0,0,0,0,0
2575,внутригородская территория города федерального значения муниципальный округ Зябликово,Москва,внутригородская территория города федерального значения,,45916000,45916000.0,133658.0,,0,0,0,0,0,0,0,0,0,0,0
2576,внутригородская территория города федерального значения муниципальный округ Москворечье-Сабурово,Москва,внутригородская территория города федерального значения,,45917000,45917000.0,86969.0,,0,0,0,0,0,0,0,0,0,0,0
2577,внутригородская территория города федерального значения муниципальный округ Нагатино-Садовники,Москва,внутригородская территория города федерального значения,,45918000,45918000.0,83390.0,,0,0,0,0,0,0,0,0,0,0,0
2578,внутригородская территория города федерального значения муниципальный округ Нагатинский затон,Москва,внутригородская территория города федерального значения,,45919000,45919000.0,120779.0,,0,0,0,0,0,0,0,0,0,0,0
2579,внутригородская территория города федерального значения муниципальный округ Нагорный,Москва,внутригородская территория города федерального значения,,45920000,45920000.0,77073.0,,0,0,0,0,0,0,0,0,0,0,0
2580,внутригородская территория города федерального значения муниципальный округ Орехово-Борисово Северное,Москва,внутригородская территория города федерального значения,,45921000,45921000.0,124886.0,,0,0,0,0,0,0,0,0,0,0,0
2581,внутригородская территория города федерального значения муниципальный округ Орехово-Борисово Южное,Москва,внутригородская территория города федерального значения,,45922000,45922000.0,146959.0,,0,0,0,0,0,0,0,0,0,0,0
2582,внутригородская территория города федерального значения муниципальный округ Царицыно,Москва,внутригородская территория города федерального значения,,45923000,45923000.0,119021.0,,0,0,0,0,0,0,0,0,0,0,0
2583,внутригородская территория города федерального значения муниципальный округ Чертаново Северное,Москва,внутригородская территория города федерального значения,,45924000,45924000.0,109640.0,,0,0,0,0,0,0,0,0,0,0,0
2584,внутригородская территория города федерального значения муниципальный округ Чертаново Центральное,Москва,внутригородская территория города федерального значения,,45925000,45925000.0,111983.0,,0,0,0,0,0,0,0,0,0,0,0
2585,внутригородская территория города федерального значения муниципальный округ Чертаново Южное,Москва,внутригородская территория города федерального значения,,45926000,45926000.0,156092.0,,0,0,0,0,0,0,0,0,0,0,0
2586,внутригородская территория города федерального значения муниципальный округ Старое Крюково,Москва,внутригородская территория города федерального значения,,45927000,45927000.0,37824.0,,0,0,0,0,0,0,0,0,0,0,0
2587,внутригородская территория города федерального значения городской округ Троицк,Москва,внутригородская территория города федерального значения,,45931000,45931000.0,71615.0,,0,0,0,0,0,0,0,0,0,0,0
2588,внутригородская территория города федерального значения городской округ Щербинка,Москва,внутригородская территория города федерального значения,,45932000,45932000.0,62771.0,,0,0,0,0,0,0,0,0,0,0,0
2589,внутригородская территория города федерального значения поселение Внуковское,Москва,внутригородская территория города федерального значения,,45941000,45941000.0,64390.0,,0,0,0,0,0,0,0,0,0,0,0
2590,внутригородская территория города федерального значения поселение Воскресенское,Москва,внутригородская территория города федерального значения,,45942000,45942000.0,19919.0,,0,0,0,0,0,0,0,0,0,0,0
2591,внутригородская территория города федерального значения поселение Вороновское,Москва,внутригородская территория города федерального значения,,45943000,45943000.0,14565.0,,0,0,0,0,0,0,0,0,0,0,0
2592,внутригородская территория города федерального значения поселение Десеновское,Москва,внутригородская территория города федерального значения,,45944000,45944000.0,47195.0,,0,0,0,0,0,0,0,0,0,0,0
2593,внутригородская территория города федерального значения поселение Киевский,Москва,внутригородская территория города федерального значения,,45945000,45945000.0,12040.0,,0,0,0,0,0,0,0,0,0,0,0
2594,внутригородская территория города федерального значения поселение Кленовское,Москва,внутригородская территория города федерального значения,,45946000,45946000.0,5747.0,,0,0,0,0,0,0,0,0,0,0,0
2595,внутригородская территория города федерального значения поселение Кокошкино,Москва,внутригородская территория города федерального значения,,45947000,45947000.0,21756.0,,0,0,0,0,0,0,0,0,0,0,0
2596,внутригородская территория города федерального значения поселение Краснопахорское,Москва,внутригородская территория города федерального значения,,45948000,45948000.0,13029.0,,0,0,0,0,0,0,0,0,0,0,0
2597,внутригородская территория города федерального значения поселение Марушкинское,Москва,внутригородская территория города федерального значения,,45949000,45949000.0,16230.0,,0,0,0,0,0,0,0,0,0,0,0
2598,внутригородская территория города федерального значения поселение Михайлово-Ярцевское,Москва,внутригородская территория города федерального значения,,45951000,45951000.0,9107.0,,0,0,0,0,0,0,0,0,0,0,0
2599,внутригородская территория города федерального значения поселение Московский,Москва,внутригородская территория города федерального значения,,45952000,45952000.0,114244.0,,0,0,0,0,0,0,0,0,0,0,0
2600,"внутригородская территория города федерального значения поселение Мосрентген""""",Москва,внутригородская территория города федерального значения,,45953000,45953000.0,21590.0,,0,0,0,0,0,0,0,0,0,0,0
2601,внутригородская территория города федерального значения поселение Новофедоровское,Москва,внутригородская территория города федерального значения,,45954000,45954000.0,23187.0,,0,0,0,0,0,0,0,0,0,0,0
2602,внутригородская территория города федерального значения поселение Первомайское,Москва,внутригородская территория города федерального значения,,45955000,45955000.0,27069.0,,0,0,0,0,0,0,0,0,0,0,0
2603,внутригородская территория города федерального значения поселение Роговское,Москва,внутригородская территория города федерального значения,,45956000,45956000.0,6688.0,,0,0,0,0,0,0,0,0,0,0,0
2604,внутригородская территория города федерального значения поселение Рязановское,Москва,внутригородская территория города федерального значения,,45957000,45957000.0,33033.0,,0,0,0,0,0,0,0,0,0,0,0
2605,внутригородская территория города федерального значения поселение Сосенское,Москва,внутригородская территория города федерального значения,,45958000,45958000.0,122303.0,,0,0,0,0,0,0,0,0,0,0,0
2606,внутригородская территория города федерального значения поселение Филимонковское,Москва,внутригородская территория города федерального значения,,45959000,45959000.0,17811.0,,0,0,0,0,0,0,0,0,0,0,0
2607,внутригородская территория города федерального значения поселение Щаповское,Москва,внутригородская территория города федерального значения,,45961000,45961000.0,13360.0,,0,0,0,0,0,0,0,0,0,0,0
2618,Мантуровский муниципальный округ,Костромская область,муниципальный округ,,34520000,34520000.0,15147.0,2.0,0,0,0,0,0,0,1,0,0,0,1
2619,городской округ город Переславль-Залесский,Ярославская область,городской округ,,78705000,78705000.0,54039.0,,0,0,0,0,0,0,1,0,0,0,1
2620,городской округ Соликамский,Пермский край,городской округ,,57730000,57730000.0,99951.0,,0,0,0,0,0,0,1,0,0,0,0
2621,городской округ город Березники,Пермский край,городской округ,,57708000,57708000.0,147365.0,,0,0,0,0,0,0,1,0,0,0,1
2644,городской округ Серпухов,Московская область,городской округ,,46770000,46770000.0,181687.0,,0,0,0,0,0,0,1,0,0,0,0
2646,городской округ город Обнинск,Калужская область,городской округ,,29715000,29715000.0,132477.0,,0,0,0,0,0,0,1,0,0,0,0
2647,Боровский муниципальный район,Калужская область,муниципальный район,,29606000,29606000.0,82139.0,,0,0,0,0,0,0,2,0,0,0,0
2648,городской округ Лосино-Петровский,Московская область,городской округ,,46742000,46742000.0,72040.0,,0,0,0,0,0,0,0,0,0,0,0
2649,городской округ Щёлково,Московская область,городской округ,,46788000,46788000.0,218279.0,,0,0,0,0,0,0,1,0,1,0,0
2651,городской округ Одинцовский,Московская область,городской округ,,46755000,46755000.0,482184.0,,0,0,0,0,0,0,1,0,1,0,0
2652,городской округ Орехово-Зуевский,Московская область,городской округ,,46757000,46757000.0,240323.0,,0,0,0,0,0,0,1,0,0,0,1
2710,городской округ Вышневолоцкий,Тверская область,городской округ,,28714000,28714000.0,63833.0,,0,0,0,0,0,0,1,0,0,0,1
2808,городской округ Коломна,Московская область,городской округ,,46738000,46738000.0,213701.0,,0,0,0,0,0,0,1,0,0,0,0
2809,муниципальный округ Кунгурский,Пермский край,муниципальный округ,,57530000,57530000.0,103245.0,,0,0,0,0,0,0,1,0,0,0,1
2813,городской округ Шатура,Московская область,городской округ,,46786000,46786000.0,101188.0,,0,0,0,0,0,0,1,0,0,0,1
2814,городской округ Пушкинский,Московская область,городской округ,,46758000,46758000.0,300898.0,,0,0,0,0,0,0,1,0,1,0,0
2872,муниципальный округ Приуральский район,Ямало-Ненецкий автономный округ,муниципальный округ,,71938000,71938000.0,10095.0,,1,0,1,1,0,0,0,0,0,0,0
2876,городской округ город-курорт Кисловодск,Ставропольский край,городской округ,,7715000,7715000.0,133451.0,,0,0,0,0,0,0,1,0,1,0,0
2879,городской округ город Губкинский,Ямало-Ненецкий автономный округ,городской округ,,71952000,71952000.0,34958.0,,1,0,1,1,0,0,0,0,0,0,0
2880,городской округ город Лабытнанги,Ямало-Ненецкий автономный округ,городской округ,,71953000,71953000.0,31295.0,,1,0,1,1,0,0,1,0,0,0,0
2881,Предгорный муниципальный округ,Ставропольский край,муниципальный округ,,7548000,7548000.0,109591.0,,0,0,0,0,0,0,0,0,0,0,0
2882,муниципальный округ Пуровский район,Ямало-Ненецкий автономный округ,муниципальный округ,,71940000,71940000.0,36676.0,,1,0,1,1,0,0,0,0,0,0,0
2883,муниципальный округ Кимрский,Тверская область,муниципальный округ,,28528000,28528000.0,51679.0,,0,0,0,0,0,0,1,0,0,0,1
2884,муниципальный округ Ржевский,Тверская область,муниципальный округ,,28548000,28548000.0,63768.0,,0,0,0,0,0,0,1,0,0,0,1
2885,муниципальный округ Кудымкарский,Пермский край,муниципальный округ,,57528000,57528000.0,50562.0,,0,0,0,0,0,0,1,0,0,0,1
2886,муниципальный округ Губахинский,Пермский край,муниципальный округ,,57516000,57516000.0,43671.0,,0,0,0,0,0,0,1,0,0,0,0
2887,городской округ город Саратов,Саратовская область,городской округ,административный_центр_субъекта,63701000,63701000.0,937364.0,,0,0,0,0,0,1,1,1,0,0,0
3005,городской округ город Арзамас,Нижегородская область,городской округ,,22703000,22703000.0,144670.0,,0,0,0,0,0,0,1,0,0,0,0
3007,Прокопьевский муниципальный округ,Кемеровская область,муниципальный округ,,32522000,32522000.0,43200.0,,0,0,0,0,0,0,1,0,0,0,1
3008,городской округ Химки,Московская область,городской округ,,46783000,46783000.0,277185.0,,0,0,0,0,0,0,1,0,1,0,0
3009,городской округ город Тамбов,Тамбовская область,городской округ,административный_центр_субъекта,68701000,68701000.0,288947.0,,0,0,0,0,0,1,2,1,1,0,0
3010,Тамбовский муниципальный округ,Тамбовская область,муниципальный округ,,68540000,68540000.0,73922.0,,0,0,0,0,0,0,0,0,0,0,0
3011,городской округ Златоустовский,Челябинская область,городской округ,,75712000,75712000.0,160367.0,2.0,0,0,0,0,0,0,1,0,0,0,1
3012,Кусинский муниципальный район,Челябинская область,муниципальный район,,75638000,75638000.0,24970.0,,0,0,0,0,0,0,1,0,0,0,1
3013,городской округ Солнечногорск,Московская область,городской округ,,46771000,46771000.0,135509.0,,0,0,0,0,0,0,1,0,0,0,1
3014,городской округ Павлово-Посадский,Московская область,городской округ,,46759000,46759000.0,122210.0,,0,0,0,0,0,0,0,0,0,0,0
3101,Сасовский муниципальный округ,Рязанская область,муниципальный округ,,61542000,61542000.0,36129.0,,0,0,0,0,0,0,1,0,0,0,1
