territory_id,name,region,mo_type,oktmo,macro_type,type,type_2023,type_2024,significant_move_2023_2024,confidence_2023,confidence_2024
1,Майкоп,Республика Адыгея,городской округ,79-701-000-000,Города,Города и промышленные центры,Города и промышленные центры,Города и промышленные центры,False,0.158,0.258
2,Адыгейск,Республика Адыгея,городской округ,79-703-000-000,Сельская Россия,Глубинка европейской части и Урала,Города и промышленные центры,Глубинка европейской части и Урала,False,0.012,0.207
3,Гиагинский,Республика Адыгея,муниципальный район,79-605-000-000,Сельская Россия,Глубинка европейской части и Урала,Аграрная периферия с летним пиком,Глубинка европейской части и Урала,True,0.232,0.243
4,Кошехабльский,Республика Адыгея,муниципальный район,79-615-000-000,Сельская Россия,Аграрная периферия с летним пиком,Удалённая Сибирь и горы,Глубинка европейской части и Урала,False,0.084,0.113
5,Красногвардейский,Республика Адыгея,муниципальный район,79-618-000-000,Сельская Россия,Аграрная периферия с летним пиком,Аграрная периферия с летним пиком,Удалённая Сибирь и горы,False,0.262,0.096
6,Майкопский,Республика Адыгея,муниципальный район,79-622-000-000,Города,Города и промышленные центры,Города и промышленные центры,Города и промышленные центры,False,0.063,0.114
7,Тахтамукайский,Республика Адыгея,муниципальный район,79-630-000-000,Города,Города и промышленные центры,Удалённая Сибирь и горы,Столичные агломерации и центры с высокими тратами,False,0.007,0.038
8,Теучежский,Республика Адыгея,муниципальный район,79-633-000-000,Города,Удалённая Сибирь и горы,Удалённая Сибирь и горы,Удалённая Сибирь и горы,False,0.123,0.023
9,Шовгеновский,Республика Адыгея,муниципальный район,79-640-000-000,Сельская Россия,Удалённая Сибирь и горы,Удалённая Сибирь и горы,Удалённая Сибирь и горы,False,0.047,0.284
10,Горно-Алтайск,Республика Алтай,городской округ,84-701-000-000,Города,Удалённая Сибирь и горы,Удалённая Сибирь и горы,Удалённая Сибирь и горы,False,0.088,0.074
11,Кош-Агачский,Республика Алтай,муниципальный район,84-610-000-000,Север,Удалённая Сибирь и горы,Удалённая Сибирь и горы,Удалённая Сибирь и горы,False,0.355,0.267
12,Майминский,Республика Алтай,муниципальный район,84-615-000-000,Города,Удалённая Сибирь и горы,Удалённая Сибирь и горы,Удалённая Сибирь и горы,False,0.235,0.118
13,Онгудайский,Республика Алтай,муниципальный район,84-620-000-000,Города,Удалённая Сибирь и горы,Удалённая Сибирь и горы,Удалённая Сибирь и горы,False,0.394,0.374
14,Турочакский,Республика Алтай,муниципальный район,84-625-000-000,Города,Удалённая Сибирь и горы,Удалённая Сибирь и горы,Удалённая Сибирь и горы,False,0.197,0.262
15,Улаганский,Республика Алтай,муниципальный район,84-630-000-000,Север,Удалённая Сибирь и горы,Удалённая Сибирь и горы,Удалённая Сибирь и горы,False,0.302,0.144
16,Усть-Канский,Республика Алтай,муниципальный район,84-635-000-000,Города,Удалённая Сибирь и горы,Удалённая Сибирь и горы,Удалённая Сибирь и горы,False,0.396,0.489
17,Усть-Коксинский,Республика Алтай,муниципальный район,84-640-000-000,Города,Удалённая Сибирь и горы,Удалённая Сибирь и горы,Удалённая Сибирь и горы,False,0.323,0.423
18,Чемальский,Республика Алтай,муниципальный район,84-643-000-000,Север,Удалённая Сибирь и горы,Удалённая Сибирь и горы,Удалённая Сибирь и горы,False,0.37,0.26
19,Чойский,Республика Алтай,муниципальный район,84-645-000-000,Сельская Россия,Аграрная периферия с летним пиком,Аграрная периферия с летним пиком,Удалённая Сибирь и горы,True,0.326,0.236
20,Шебалинский,Республика Алтай,муниципальный район,84-650-000-000,Города,Удалённая Сибирь и горы,Удалённая Сибирь и горы,Удалённая Сибирь и горы,False,0.243,0.42
21,Уфа,Республика Башкортостан,городской округ,80-701-000-000,Города,Города и промышленные центры,Города и промышленные центры,Столичные агломерации и центры с высокими тратами,False,0.047,0.006
22,Агидель,Республика Башкортостан,городской округ,80-703-000-000,Сельская Россия,Глубинка европейской части и Урала,Глубинка европейской части и Урала,Глубинка европейской части и Урала,False,0.168,0.155
23,Кумертау,Республика Башкортостан,городской округ,80-723-000-000,Города,Города и промышленные центры,Города и промышленные центры,Города и промышленные центры,False,0.107,0.153
25,Нефтекамск,Республика Башкортостан,городской округ,80-727-000-000,Города,Города и промышленные центры,Города и промышленные центры,Города и промышленные центры,False,0.147,0.215
26,Октябрьский,Республика Башкортостан,городской округ,80-735-000-000,Города,Города и промышленные центры,Города и промышленные центры,Города и промышленные центры,False,0.165,0.191
27,Салават,Республика Башкортостан,городской округ,80-739-000-000,Города,Города и промышленные центры,Города и промышленные центры,Города и промышленные центры,False,0.211,0.167
28,Сибай,Республика Башкортостан,городской округ,80-743-000-000,Города,Города и промышленные центры,Города и промышленные центры,Города и промышленные центры,False,0.148,0.247
29,Стерлитамак,Республика Башкортостан,городской округ,80-745-000-000,Города,Города и промышленные центры,Города и промышленные центры,Города и промышленные центры,False,0.117,0.239
30,Абзелиловский,Республика Башкортостан,муниципальный район,80-601-000-000,Сельская Россия,Аграрная периферия с летним пиком,Глубинка европейской части и Урала,Удалённая Сибирь и горы,False,0.104,0.08
31,Альшеевский,Республика Башкортостан,муниципальный район,80-602-000-000,Сельская Россия,Аграрная периферия с летним пиком,Аграрная периферия с летним пиком,Глубинка европейской части и Урала,False,0.098,0.207
32,Архангельский,Республика Башкортостан,муниципальный район,80-603-000-000,Сельская Россия,Аграрная периферия с летним пиком,Глубинка европейской части и Урала,Глубинка европейской части и Урала,False,0.039,0.316
33,Аскинский,Республика Башкортостан,муниципальный район,80-604-000-000,Сельская Россия,Аграрная периферия с летним пиком,Аграрная периферия с летним пиком,Аграрная периферия с летним пиком,False,0.142,0.069
34,Аургазинский,Республика Башкортостан,муниципальный район,80-605-000-000,Сельская Россия,Аграрная периферия с летним пиком,Аграрная периферия с летним пиком,Глубинка европейской части и Урала,False,0.047,0.104
35,Баймакский,Республика Башкортостан,муниципальный район,80-606-000-000,Города,Города и промышленные центры,Удалённая Сибирь и горы,Глубинка европейской части и Урала,False,0.025,0.011
36,Бакалинский,Республика Башкортостан,муниципальный район,80-607-000-000,Сельская Россия,Аграрная периферия с летним пиком,Глубинка европейской части и Урала,Глубинка европейской части и Урала,False,0.019,0.22
37,Балтачевский,Республика Башкортостан,муниципальный район,80-608-000-000,Сельская Россия,Аграрная периферия с летним пиком,Глубинка европейской части и Урала,Аграрная периферия с летним пиком,False,0.135,0.075
38,Белебеевский,Республика Башкортостан,муниципальный район,80-609-000-000,Города,Города и промышленные центры,Города и промышленные центры,Города и промышленные центры,False,0.163,0.164
39,Белокатайский,Республика Башкортостан,муниципальный район,80-610-000-000,Сельская Россия,Аграрная периферия с летним пиком,Аграрная периферия с летним пиком,Глубинка европейской части и Урала,False,0.287,0.062
40,Белорецкий,Республика Башкортостан,муниципальный район,80-611-000-000,Города,Города и промышленные центры,Города и промышленные центры,Города и промышленные центры,False,0.053,0.218
41,Бижбулякский,Республика Башкортостан,муниципальный район,80-612-000-000,Сельская Россия,Аграрная периферия с летним пиком,Аграрная периферия с летним пиком,Глубинка европейской части и Урала,False,0.137,0.164
42,Бирский,Республика Башкортостан,муниципальный район,80-613-000-000,Города,Города и промышленные центры,Города и промышленные центры,Города и промышленные центры,False,0.149,0.212
43,Благоварский,Республика Башкортостан,муниципальный район,80-614-000-000,Сельская Россия,Аграрная периферия с летним пиком,Глубинка европейской части и Урала,Глубинка европейской части и Урала,False,0.166,0.297
44,Благовещенский,Республика Башкортостан,муниципальный район,80-615-000-000,Города,Города и промышленные центры,Города и промышленные центры,Города и промышленные центры,False,0.114,0.091
45,Буздякский,Республика Башкортостан,муниципальный район,80-617-000-000,Сельская Россия,Аграрная периферия с летним пиком,Аграрная периферия с летним пиком,Глубинка европейской части и Урала,False,0.117,0.099
46,Бураевский,Республика Башкортостан,муниципальный район,80-618-000-000,Сельская Россия,Аграрная периферия с летним пиком,Аграрная периферия с летним пиком,Удалённая Сибирь и горы,False,0.232,0.1
47,Бурзянский,Республика Башкортостан,муниципальный район,80-619-000-000,Сельская Россия,Аграрная периферия с летним пиком,Удалённая Сибирь и горы,Глубинка европейской части и Урала,False,0.104,0.026
48,Гафурийский,Республика Башкортостан,муниципальный район,80-621-000-000,Сельская Россия,Аграрная периферия с летним пиком,Аграрная периферия с летним пиком,Глубинка европейской части и Урала,False,0.071,0.11
49,Давлекановский,Республика Башкортостан,муниципальный район,80-622-000-000,Сельская Россия,Глубинка европейской части и Урала,Аграрная периферия с летним пиком,Глубинка европейской части и Урала,False,0.057,0.122
50,Дуванский,Республика Башкортостан,муниципальный район,80-623-000-000,Города,Аграрная периферия с летним пиком,Аграрная периферия с летним пиком,Глубинка европейской части и Урала,False,0.149,0.015
51,Дюртюлинский,Республика Башкортостан,муниципальный район,80-624-000-000,Города,Города и промышленные центры,Города и промышленные центры,Города и промышленные центры,False,0.046,0.037
52,Ермекеевский,Республика Башкортостан,муниципальный район,80-625-000-000,Сельская Россия,Глубинка европейской части и Урала,Глубинка европейской части и Урала,Глубинка европейской части и Урала,False,0.297,0.206
53,Зианчуринский,Республика Башкортостан,муниципальный район,80-626-000-000,Сельская Россия,Аграрная периферия с летним пиком,Аграрная периферия с летним пиком,Удалённая Сибирь и горы,False,0.119,0.256
54,Зилаирский,Республика Башкортостан,муниципальный район,80-627-000-000,Сельская Россия,Аграрная периферия с летним пиком,Аграрная периферия с летним пиком,Глубинка европейской части и Урала,False,0.166,0.049
55,Иглинский,Республика Башкортостан,муниципальный район,80-628-000-000,Города,Города и промышленные центры,Города и промышленные центры,Города и промышленные центры,False,0.043,0.16
56,Илишевский,Республика Башкортостан,муниципальный район,80-630-000-000,Сельская Россия,Аграрная периферия с летним пиком,Аграрная периферия с летним пиком,Глубинка европейской части и Урала,True,0.27,0.18
57,Ишимбайский,Республика Башкортостан,муниципальный район,80-631-000-000,Города,Города и промышленные центры,Города и промышленные центры,Города и промышленные центры,False,0.175,0.224
58,Калтасинский,Республика Башкортостан,муниципальный район,80-633-000-000,Сельская Россия,Глубинка европейской части и Урала,Глубинка европейской части и Урала,Глубинка европейской части и Урала,False,0.322,0.182
59,Караидельский,Республика Башкортостан,муниципальный район,80-634-000-000,Сельская Россия,Аграрная периферия с летним пиком,Аграрная периферия с летним пиком,Удалённая Сибирь и горы,False,0.126,0.016
60,Кармаскалинский,Республика Башкортостан,муниципальный район,80-635-000-000,Сельская Россия,Глубинка европейской части и Урала,Глубинка европейской части и Урала,Глубинка европейской части и Урала,False,0.036,0.164
61,Кигинский,Республика Башкортостан,муниципальный район,80-636-000-000,Сельская Россия,Аграрная периферия с летним пиком,Аграрная периферия с летним пиком,Глубинка европейской части и Урала,True,0.151,0.211
62,Краснокамский,Республика Башкортостан,муниципальный район,80-637-000-000,Сельская Россия,Аграрная периферия с летним пиком,Глубинка европейской части и Урала,Глубинка европейской части и Урала,False,0.06,0.256
63,Кугарчинский,Республика Башкортостан,муниципальный район,80-638-000-000,Сельская Россия,Аграрная периферия с летним пиком,Аграрная периферия с летним пиком,Аграрная периферия с летним пиком,False,0.181,0.04
65,Кушнаренковский,Республика Башкортостан,муниципальный район,80-640-000-000,Сельская Россия,Глубинка европейской части и Урала,Глубинка европейской части и Урала,Глубинка европейской части и Урала,False,0.072,0.25
66,Мелеузовский,Республика Башкортостан,муниципальный район,80-641-000-000,Города,Города и промышленные центры,Города и промышленные центры,Города и промышленные центры,False,0.106,0.254
67,Мечетлинский,Республика Башкортостан,муниципальный район,80-642-000-000,Сельская Россия,Аграрная периферия с летним пиком,Аграрная периферия с летним пиком,Аграрная периферия с летним пиком,False,0.298,0.075
68,Мишкинский,Республика Башкортостан,муниципальный район,80-643-000-000,Сельская Россия,Аграрная периферия с летним пиком,Удалённая Сибирь и горы,Глубинка европейской части и Урала,False,0.135,0.246
69,Миякинский,Республика Башкортостан,муниципальный район,80-644-000-000,Сельская Россия,Аграрная периферия с летним пиком,Аграрная периферия с летним пиком,Глубинка европейской части и Урала,False,0.041,0.071
70,Нуримановский,Республика Башкортостан,муниципальный район,80-645-000-000,Сельская Россия,Глубинка европейской части и Урала,Аграрная периферия с летним пиком,Глубинка европейской части и Урала,True,0.194,0.326
71,Салаватский,Республика Башкортостан,муниципальный район,80-647-000-000,Сельская Россия,Аграрная периферия с летним пиком,Аграрная периферия с летним пиком,Глубинка европейской части и Урала,False,0.137,0.053
72,Стерлибашевский,Республика Башкортостан,муниципальный район,80-648-000-000,Сельская Россия,Аграрная периферия с летним пиком,Глубинка европейской части и Урала,Глубинка европейской части и Урала,False,0.206,0.069
73,Стерлитамакский,Республика Башкортостан,муниципальный район,80-649-000-000,Города,Города и промышленные центры,Города и промышленные центры,Города и промышленные центры,False,0.207,0.183
74,Татышлинский,Республика Башкортостан,муниципальный район,80-650-000-000,Сельская Россия,Аграрная периферия с летним пиком,Аграрная периферия с летним пиком,Удалённая Сибирь и горы,False,0.273,0.041
75,Туймазинский,Республика Башкортостан,муниципальный район,80-651-000-000,Города,Города и промышленные центры,Города и промышленные центры,Города и промышленные центры,False,0.119,0.279
76,Уфимский,Республика Башкортостан,муниципальный район,80-652-000-000,Города,Города и промышленные центры,Города и промышленные центры,Города и промышленные центры,False,0.062,0.088
77,Учалинский,Республика Башкортостан,муниципальный район,80-653-000-000,Города,Города и промышленные центры,Города и промышленные центры,Города и промышленные центры,False,0.115,0.221
78,Федоровский,Республика Башкортостан,муниципальный район,80-654-000-000,Сельская Россия,Аграрная периферия с летним пиком,Удалённая Сибирь и горы,Аграрная периферия с летним пиком,False,0.066,0.19
79,Хайбуллинский,Республика Башкортостан,муниципальный район,80-655-000-000,Города,Аграрная периферия с летним пиком,Аграрная периферия с летним пиком,Города и промышленные центры,False,0.122,0.021
80,Чекмагушевский,Республика Башкортостан,муниципальный район,80-656-000-000,Сельская Россия,Аграрная периферия с летним пиком,Глубинка европейской части и Урала,Аграрная периферия с летним пиком,False,0.083,0.018
81,Чишминский,Республика Башкортостан,муниципальный район,80-657-000-000,Города,Города и промышленные центры,Города и промышленные центры,Города и промышленные центры,False,0.055,0.156
82,Шаранский,Республика Башкортостан,муниципальный район,80-658-000-000,Сельская Россия,Аграрная периферия с летним пиком,Глубинка европейской части и Урала,Глубинка европейской части и Урала,False,0.194,0.057
83,Янаульский,Республика Башкортостан,муниципальный район,80-659-000-000,Сельская Россия,Аграрная периферия с летним пиком,Аграрная периферия с летним пиком,Глубинка европейской части и Урала,False,0.151,0.105
167,Нальчик,Кабардино-Балкарская Республика,городской округ,83-701-000-000,Города,Города и промышленные центры,Города и промышленные центры,Удалённая Сибирь и горы,False,0.007,0.055
168,Баксан,Кабардино-Балкарская Республика,городской округ,83-703-000-000,Сельская Россия,Аграрная периферия с летним пиком,Глубинка европейской части и Урала,Аграрная периферия с летним пиком,False,0.083,0.092
169,Прохладный,Кабардино-Балкарская Республика,городской округ,83-710-000-000,Сельская Россия,Аграрная периферия с летним пиком,Аграрная периферия с летним пиком,Аграрная периферия с летним пиком,False,0.088,0.044
173,Майский,Кабардино-Балкарская Республика,муниципальный район,83-620-000-000,Сельская Россия,Аграрная периферия с летним пиком,Аграрная периферия с летним пиком,Аграрная периферия с летним пиком,False,0.179,0.324
181,Городовиковский,Республика Калмыкия,муниципальный район,85-605-000-000,Сельская Россия,Аграрная периферия с летним пиком,Аграрная периферия с летним пиком,Аграрная периферия с летним пиком,False,0.332,0.436
184,Лаганский,Республика Калмыкия,муниципальный район,85-615-000-000,Сельская Россия,Аграрная периферия с летним пиком,Аграрная периферия с летним пиком,Аграрная периферия с летним пиком,False,0.255,0.324
185,Малодербетовский,Республика Калмыкия,муниципальный район,85-620-000-000,Сельская Россия,Аграрная периферия с летним пиком,Аграрная периферия с летним пиком,Аграрная периферия с летним пиком,False,0.046,0.192
188,Сарпинский,Республика Калмыкия,муниципальный район,85-632-000-000,Сельская Россия,Аграрная периферия с летним пиком,Аграрная периферия с летним пиком,Удалённая Сибирь и горы,False,0.128,0.146
191,Юстинский,Республика Калмыкия,муниципальный район,85-646-000-000,Сельская Россия,Удалённая Сибирь и горы,Удалённая Сибирь и горы,Аграрная периферия с летним пиком,False,0.155,0.067
194,Черкесский,Карачаево-Черкесская Республика,городской округ,91-701-000-000,Города,Города и промышленные центры,Города и промышленные центры,Города и промышленные центры,False,0.085,0.101
195,Карачаевский,Карачаево-Черкесская Республика,городской округ,91-705-000-000,Сельская Россия,Глубинка европейской части и Урала,Аграрная периферия с летним пиком,Глубинка европейской части и Урала,False,0.087,0.03
196,Абазинский,Карачаево-Черкесская Республика,муниципальный район,91-601-000-000,Города,Удалённая Сибирь и горы,Удалённая Сибирь и горы,Удалённая Сибирь и горы,False,0.076,0.204
198,Зеленчукский,Карачаево-Черкесская Республика,муниципальный район,91-610-000-000,Сельская Россия,Аграрная периферия с летним пиком,Аграрная периферия с летним пиком,Глубинка европейской части и Урала,False,0.168,0.041
201,Ногайский,Карачаево-Черкесская Республика,муниципальный район,91-623-000-000,Города,Удалённая Сибирь и горы,Удалённая Сибирь и горы,Глубинка европейской части и Урала,False,0.2,0.023
203,Урупский,Карачаево-Черкесская Республика,муниципальный район,91-630-000-000,Сельская Россия,Глубинка европейской части и Урала,Аграрная периферия с летним пиком,Глубинка европейской части и Урала,True,0.175,0.274
204,Усть-Джегутинский,Карачаево-Черкесская Республика,муниципальный район,91-635-000-000,Сельская Россия,Глубинка европейской части и Урала,Аграрная периферия с летним пиком,Глубинка европейской части и Урала,False,0.052,0.165
205,Хабезский,Карачаево-Черкесская Республика,муниципальный район,91-640-000-000,Сельская Россия,Удалённая Сибирь и горы,Удалённая Сибирь и горы,Глубинка европейской части и Урала,False,0.203,0.02
206,Петрозаводский,Республика Карелия,городской округ,86-701-000-000,Столичные агломерации,Столичные агломерации и центры с высокими тратами,Столичные агломерации и центры с высокими тратами,Столичные агломерации и центры с высокими тратами,False,0.11,0.081
207,Костомукшский,Республика Карелия,городской округ,86-706-000-000,Города,Города и промышленные центры,Города и промышленные центры,Города и промышленные центры,False,0.01,0.097
208,Беломорский,Республика Карелия,муниципальный округ,86-504-000-000,Города,Города и промышленные центры,Города и промышленные центры,Города и промышленные центры,False,0.23,0.177
209,Калевальский,Республика Карелия,муниципальный район,86-609-000-000,Города,Удалённая Сибирь и горы,Удалённая Сибирь и горы,Удалённая Сибирь и горы,False,0.161,0.122
210,Кемский,Республика Карелия,муниципальный район,86-612-000-000,Города,Глубинка европейской части и Урала,Города и промышленные центры,Глубинка европейской части и Урала,False,0.233,0.039
211,Кондопожский,Республика Карелия,муниципальный район,86-615-000-000,Города,Города и промышленные центры,Города и промышленные центры,Города и промышленные центры,False,0.297,0.099
212,Лахденпохский,Республика Карелия,муниципальный район,86-618-000-000,Города,Города и промышленные центры,Города и промышленные центры,Города и промышленные центры,False,0.214,0.048
213,Лоухский,Республика Карелия,муниципальный район,86-621-000-000,Города,Города и промышленные центры,Города и промышленные центры,Города и промышленные центры,False,0.195,0.207
214,Медвежьегорский,Республика Карелия,муниципальный район,86-624-000-000,Города,Города и промышленные центры,Города и промышленные центры,Города и промышленные центры,False,0.217,0.162
215,Муезерский,Республика Карелия,муниципальный район,86-627-000-000,Города,Города и промышленные центры,Города и промышленные центры,Удалённая Сибирь и горы,False,0.086,0.08
216,Олонецкий,Республика Карелия,муниципальный район,86-630-000-000,Города,Города и промышленные центры,Города и промышленные центры,Города и промышленные центры,False,0.204,0.097
217,Питкярантский,Республика Карелия,муниципальный округ,86-533-000-000,Города,Города и промышленные центры,Города и промышленные центры,Города и промышленные центры,False,0.277,0.223
218,Прионежский,Республика Карелия,муниципальный район,86-636-000-000,Север,Удалённая Сибирь и горы,Удалённая Сибирь и горы,Арктика и Крайний Север,True,0.159,0.165
219,Пряжинский,Республика Карелия,муниципальный район,86-639-000-000,Города,Глубинка европейской части и Урала,Города и промышленные центры,Глубинка европейской части и Урала,False,0.125,0.041
220,Пудожский,Республика Карелия,муниципальный район,86-642-000-000,Города,Города и промышленные центры,Города и промышленные центры,Аграрная периферия с летним пиком,False,0.047,0.035
221,Сегежский,Республика Карелия,муниципальный округ,86-545-000-000,Города,Города и промышленные центры,Города и промышленные центры,Города и промышленные центры,False,0.297,0.162
222,Сортавальский,Республика Карелия,муниципальный район,86-610-000-000,Города,Города и промышленные центры,Города и промышленные центры,Города и промышленные центры,False,0.22,0.177
223,Суоярвский,Республика Карелия,муниципальный округ,86-550-000-000,Города,Глубинка европейской части и Урала,Города и промышленные центры,Аграрная периферия с летним пиком,False,0.129,0.016
224,Сыктывкар,Республика Коми,городской округ,87-701-000-000,Города,Города и промышленные центры,Города и промышленные центры,Города и промышленные центры,False,0.089,0.17
225,Воркута,Республика Коми,городской округ,87-710-000-000,Север,Арктика и Крайний Север,Арктика и Крайний Север,Арктика и Крайний Север,False,0.207,0.341
226,Вуктыл,Республика Коми,муниципальный округ,87-512-000-000,Города,Города и промышленные центры,Города и промышленные центры,Города и промышленные центры,False,0.163,0.109
227,Инта,Республика Коми,городской округ,87-715-000-000,Север,Города и промышленные центры,Арктика и Крайний Север,Города и промышленные центры,False,0.021,0.023
228,Усинск,Республика Коми,муниципальный округ,87-523-000-000,Север,Арктика и Крайний Север,Арктика и Крайний Север,Арктика и Крайний Север,False,0.125,0.28
229,Ухта,Республика Коми,городской округ,87-725-000-000,Города,Города и промышленные центры,Города и промышленные центры,Города и промышленные центры,False,0.097,0.206
230,Ижемский,Республика Коми,муниципальный район,87-604-000-000,Города,Удалённая Сибирь и горы,Удалённая Сибирь и горы,Удалённая Сибирь и горы,False,0.223,0.306
231,Княжпогостский,Республика Коми,муниципальный район,87-608-000-000,Города,Города и промышленные центры,Города и промышленные центры,Города и промышленные центры,False,0.231,0.12
232,Койгородский,Республика Коми,муниципальный район,87-612-000-000,Сельская Россия,Удалённая Сибирь и горы,Удалённая Сибирь и горы,Удалённая Сибирь и горы,False,0.138,0.18
233,Корткеросский,Республика Коми,муниципальный район,87-616-000-000,Сельская Россия,Удалённая Сибирь и горы,Глубинка европейской части и Урала,Аграрная периферия с летним пиком,False,0.077,0.141
234,Печора,Республика Коми,муниципальный район,87-620-000-000,Города,Города и промышленные центры,Города и промышленные центры,Города и промышленные центры,False,0.17,0.245
235,Прилузский,Республика Коми,муниципальный район,87-624-000-000,Сельская Россия,Удалённая Сибирь и горы,Удалённая Сибирь и горы,Удалённая Сибирь и горы,False,0.006,0.029
236,Сосногорск,Республика Коми,муниципальный район,87-626-000-000,Города,Города и промышленные центры,Города и промышленные центры,Города и промышленные центры,False,0.22,0.191
237,Сыктывдинский,Республика Коми,муниципальный район,87-628-000-000,Города,Города и промышленные центры,Города и промышленные центры,Города и промышленные центры,False,0.181,0.23
238,Сысольский,Республика Коми,муниципальный район,87-632-000-000,Сельская Россия,Удалённая Сибирь и горы,Удалённая Сибирь и горы,Удалённая Сибирь и горы,False,0.018,0.027
239,Троицко-Печорский,Республика Коми,муниципальный район,87-636-000-000,Сельская Россия,Аграрная периферия с летним пиком,Города и промышленные центры,Аграрная периферия с летним пиком,False,0.025,0.211
240,Удорский,Республика Коми,муниципальный район,87-640-000-000,Города,Города и промышленные центры,Города и промышленные центры,Удалённая Сибирь и горы,False,0.098,0.01
241,Усть-Вымский,Республика Коми,муниципальный район,87-644-000-000,Города,Глубинка европейской части и Урала,Города и промышленные центры,Города и промышленные центры,False,0.113,0.008
242,Усть-Куломский,Республика Коми,муниципальный район,87-648-000-000,Сельская Россия,Аграрная периферия с летним пиком,Глубинка европейской части и Урала,Удалённая Сибирь и горы,False,0.065,0.104
243,Усть-Цилемский,Республика Коми,муниципальный район,87-652-000-000,Север,Удалённая Сибирь и горы,Удалённая Сибирь и горы,Удалённая Сибирь и горы,False,0.381,0.148
269,Йошкар-Ола,Республика Марий Эл,городской округ,88-701-000-000,Города,Города и промышленные центры,Города и промышленные центры,Города и промышленные центры,False,0.172,0.156
270,Волжск,Республика Марий Эл,городской округ,88-705-000-000,Города,Глубинка европейской части и Урала,Глубинка европейской части и Урала,Глубинка европейской части и Урала,False,0.141,0.086
271,Козьмодемьянск,Республика Марий Эл,городской округ,88-715-000-000,Сельская Россия,Глубинка европейской части и Урала,Аграрная периферия с летним пиком,Глубинка европейской части и Урала,True,0.253,0.308
272,Волжский,Республика Марий Эл,муниципальный район,88-604-000-000,Сельская Россия,Глубинка европейской части и Урала,Глубинка европейской части и Урала,Глубинка европейской части и Урала,False,0.016,0.215
273,Горномарийский,Республика Марий Эл,муниципальный район,88-608-000-000,Сельская Россия,Аграрная периферия с летним пиком,Глубинка европейской части и Урала,Глубинка европейской части и Урала,False,0.005,0.178
274,Звениговский,Республика Марий Эл,муниципальный район,88-612-000-000,Сельская Россия,Аграрная периферия с летним пиком,Аграрная периферия с летним пиком,Глубинка европейской части и Урала,False,0.274,0.01
275,Килемарский,Республика Марий Эл,муниципальный район,88-616-000-000,Сельская Россия,Аграрная периферия с летним пиком,Аграрная периферия с летним пиком,Аграрная периферия с летним пиком,False,0.286,0.106
276,Куженерский,Республика Марий Эл,муниципальный район,88-620-000-000,Сельская Россия,Глубинка европейской части и Урала,Глубинка европейской части и Урала,Глубинка европейской части и Урала,False,0.359,0.274
277,Мари-Турекский,Республика Марий Эл,муниципальный район,88-624-000-000,Сельская Россия,Аграрная периферия с летним пиком,Аграрная периферия с летним пиком,Глубинка европейской части и Урала,False,0.169,0.124
278,Медведевский,Республика Марий Эл,муниципальный район,88-628-000-000,Города,Города и промышленные центры,Города и промышленные центры,Города и промышленные центры,False,0.135,0.173
279,Моркинский,Республика Марий Эл,муниципальный район,88-632-000-000,Сельская Россия,Глубинка европейской части и Урала,Аграрная периферия с летним пиком,Глубинка европейской части и Урала,False,0.087,0.153
280,Новоторъяльский,Республика Марий Эл,муниципальный район,88-636-000-000,Сельская Россия,Глубинка европейской части и Урала,Глубинка европейской части и Урала,Глубинка европейской части и Урала,False,0.242,0.006
281,Оршанский,Республика Марий Эл,муниципальный район,88-640-000-000,Сельская Россия,Глубинка европейской части и Урала,Глубинка европейской части и Урала,Глубинка европейской части и Урала,False,0.279,0.009
282,Параньгинский,Республика Марий Эл,муниципальный район,88-644-000-000,Сельская Россия,Аграрная периферия с летним пиком,Глубинка европейской части и Урала,Глубинка европейской части и Урала,False,0.03,0.066
283,Сернурский,Республика Марий Эл,муниципальный район,88-648-000-000,Сельская Россия,Глубинка европейской части и Урала,Глубинка европейской части и Урала,Глубинка европейской части и Урала,False,0.156,0.231
284,Советский,Республика Марий Эл,муниципальный район,88-652-000-000,Сельская Россия,Глубинка европейской части и Урала,Аграрная периферия с летним пиком,Глубинка европейской части и Урала,False,0.038,0.236
285,Юринский,Республика Марий Эл,муниципальный район,88-656-000-000,Сельская Россия,Аграрная периферия с летним пиком,Глубинка европейской части и Урала,Аграрная периферия с летним пиком,False,0.154,0.128
287,Ардатовский,Республика Мордовия,муниципальный район,89-603-000-000,Сельская Россия,Глубинка европейской части и Урала,Глубинка европейской части и Урала,Глубинка европейской части и Урала,False,0.286,0.241
288,Атюрьевский,Республика Мордовия,муниципальный район,89-605-000-000,Сельская Россия,Аграрная периферия с летним пиком,Глубинка европейской части и Урала,Глубинка европейской части и Урала,False,0.12,0.272
289,Атяшевский,Республика Мордовия,муниципальный район,89-607-000-000,Сельская Россия,Глубинка европейской части и Урала,Глубинка европейской части и Урала,Глубинка европейской части и Урала,False,0.187,0.137
290,Большеберезниковский,Республика Мордовия,муниципальный район,89-610-000-000,Сельская Россия,Аграрная периферия с летним пиком,Глубинка европейской части и Урала,Аграрная периферия с летним пиком,True,0.167,0.289
292,Дубенский,Республика Мордовия,муниципальный район,89-616-000-000,Сельская Россия,Аграрная периферия с летним пиком,Глубинка европейской части и Урала,Аграрная периферия с летним пиком,True,0.184,0.275
293,Ельниковский,Республика Мордовия,муниципальный район,89-618-000-000,Сельская Россия,Глубинка европейской части и Урала,Глубинка европейской части и Урала,Глубинка европейской части и Урала,False,0.238,0.138
294,Зубово-Полянский,Республика Мордовия,муниципальный район,89-621-000-000,Сельская Россия,Аграрная периферия с летним пиком,Аграрная периферия с летним пиком,Аграрная периферия с летним пиком,False,0.276,0.195
295,Инсарский,Республика Мордовия,муниципальный район,89-624-000-000,Сельская Россия,Аграрная периферия с летним пиком,Глубинка европейской части и Урала,Глубинка европейской части и Урала,False,0.1,0.235
296,Ичалковский,Республика Мордовия,муниципальный район,89-626-000-000,Сельская Россия,Аграрная периферия с летним пиком,Аграрная периферия с летним пиком,Аграрная периферия с летним пиком,False,0.041,0.425
297,Кадошкинский,Республика Мордовия,муниципальный район,89-628-000-000,Сельская Россия,Глубинка европейской части и Урала,Глубинка европейской части и Урала,Глубинка европейской части и Урала,False,0.205,0.213
298,Ковылкинский,Республика Мордовия,муниципальный район,89-629-000-000,Сельская Россия,Глубинка европейской части и Урала,Аграрная периферия с летним пиком,Глубинка европейской части и Урала,True,0.176,0.195
300,Краснослободский,Республика Мордовия,муниципальный район,89-634-000-000,Сельская Россия,Аграрная периферия с летним пиком,Глубинка европейской части и Урала,Аграрная периферия с летним пиком,True,0.195,0.292
301,Лямбирский,Республика Мордовия,муниципальный район,89-637-000-000,Города,Удалённая Сибирь и горы,Глубинка европейской части и Урала,Города и промышленные центры,False,0.076,0.07
302,Ромодановский,Республика Мордовия,муниципальный район,89-640-000-000,Сельская Россия,Аграрная периферия с летним пиком,Аграрная периферия с летним пиком,Аграрная периферия с летним пиком,False,0.195,0.286
303,Рузаевский,Республика Мордовия,муниципальный район,89-643-000-000,Сельская Россия,Глубинка европейской части и Урала,Аграрная периферия с летним пиком,Глубинка европейской части и Урала,False,0.057,0.193
304,Старошайговский,Республика Мордовия,муниципальный район,89-646-000-000,Сельская Россия,Глубинка европейской части и Урала,Глубинка европейской части и Урала,Глубинка европейской части и Урала,False,0.282,0.075
305,Темниковский,Республика Мордовия,муниципальный район,89-649-000-000,Сельская Россия,Аграрная периферия с летним пиком,Аграрная периферия с летним пиком,Глубинка европейской части и Урала,False,0.054,0.064
306,Теньгушевский,Республика Мордовия,муниципальный район,89-651-000-000,Сельская Россия,Аграрная периферия с летним пиком,Глубинка европейской части и Урала,Глубинка европейской части и Урала,False,0.206,0.039
307,Торбеевский,Республика Мордовия,муниципальный район,89-654-000-000,Сельская Россия,Аграрная периферия с летним пиком,Аграрная периферия с летним пиком,Глубинка европейской части и Урала,False,0.475,0.016
308,Чамзинский,Республика Мордовия,муниципальный район,89-657-000-000,Сельская Россия,Глубинка европейской части и Урала,Аграрная периферия с летним пиком,Глубинка европейской части и Урала,False,0.148,0.303
309,Якутск,Республика Саха (Якутия),городской округ,98-701-000-000,Столичные агломерации,Столичные агломерации и центры с высокими тратами,Столичные агломерации и центры с высокими тратами,Столичные агломерации и центры с высокими тратами,False,0.059,0.113
312,Алданский,Республика Саха (Якутия),муниципальный район,98-603-000-000,Север,Арктика и Крайний Север,Удалённая Сибирь и горы,Арктика и Крайний Север,False,0.03,0.02
314,Амгинский,Республика Саха (Якутия),муниципальный район,98-608-000-000,Север,Удалённая Сибирь и горы,Удалённая Сибирь и горы,Удалённая Сибирь и горы,False,0.164,0.13
316,Булунский,Республика Саха (Якутия),муниципальный район,98-612-000-000,Север,Арктика и Крайний Север,Арктика и Крайний Север,Арктика и Крайний Север,False,0.45,0.497
317,Верхневилюйский,Республика Саха (Якутия),муниципальный район,98-614-000-000,Север,Удалённая Сибирь и горы,Удалённая Сибирь и горы,Удалённая Сибирь и горы,False,0.304,0.26
318,Верхнеколымский,Республика Саха (Якутия),муниципальный район,98-615-000-000,Север,Арктика и Крайний Север,Арктика и Крайний Север,Арктика и Крайний Север,False,0.363,0.337
319,Верхоянский,Республика Саха (Якутия),муниципальный район,98-616-000-000,Север,Арктика и Крайний Север,Арктика и Крайний Север,Арктика и Крайний Север,False,0.341,0.397
320,Вилюйский,Республика Саха (Якутия),муниципальный район,98-618-000-000,Север,Удалённая Сибирь и горы,Удалённая Сибирь и горы,Удалённая Сибирь и горы,False,0.178,0.285
321,Горный,Республика Саха (Якутия),муниципальный район,98-620-000-000,Города,Удалённая Сибирь и горы,Удалённая Сибирь и горы,Удалённая Сибирь и горы,False,0.271,0.342
323,Кобяйский,Республика Саха (Якутия),муниципальный район,98-624-000-000,Север,Арктика и Крайний Север,Арктика и Крайний Север,Арктика и Крайний Север,False,0.302,0.336
324,Нюрбинский,Республика Саха (Якутия),муниципальный район,98-626-000-000,Север,Удалённая Сибирь и горы,Удалённая Сибирь и горы,Арктика и Крайний Север,False,0.229,0.108
325,Ленский,Республика Саха (Якутия),муниципальный район,98-627-000-000,Север,Арктика и Крайний Север,Арктика и Крайний Север,Арктика и Крайний Север,False,0.247,0.131
326,Мегино-Кангаласский,Республика Саха (Якутия),муниципальный район,98-629-000-000,Города,Удалённая Сибирь и горы,Удалённая Сибирь и горы,Удалённая Сибирь и горы,False,0.381,0.267
327,Мирнинский,Республика Саха (Якутия),муниципальный район,98-631-000-000,Север,Арктика и Крайний Север,Арктика и Крайний Север,Арктика и Крайний Север,False,0.09,0.229
329,Намский,Республика Саха (Якутия),муниципальный район,98-635-000-000,Север,Удалённая Сибирь и горы,Удалённая Сибирь и горы,Удалённая Сибирь и горы,False,0.326,0.298
330,Нерюнгринский,Республика Саха (Якутия),муниципальный район,98-660-000-000,Север,Города и промышленные центры,Столичные агломерации и центры с высокими тратами,Города и промышленные центры,False,0.007,0.026
331,Нижнеколымский,Республика Саха (Якутия),муниципальный район,98-637-000-000,Север,Арктика и Крайний Север,Арктика и Крайний Север,Арктика и Крайний Север,False,0.471,0.555
332,Оймяконский,Республика Саха (Якутия),муниципальный район,98-639-000-000,Север,Арктика и Крайний Север,Арктика и Крайний Север,Арктика и Крайний Север,False,0.553,0.587
333,Олекминский,Республика Саха (Якутия),муниципальный район,98-641-000-000,Север,Арктика и Крайний Север,Арктика и Крайний Север,Арктика и Крайний Север,False,0.335,0.271
334,Оленекский,Республика Саха (Якутия),муниципальный район,98-642-000-000,Север,Арктика и Крайний Север,Арктика и Крайний Север,Арктика и Крайний Север,False,0.388,0.431
335,Среднеколымский,Республика Саха (Якутия),муниципальный район,98-646-000-000,Север,Арктика и Крайний Север,Арктика и Крайний Север,Арктика и Крайний Север,False,0.425,0.436
336,Сунтарский,Республика Саха (Якутия),муниципальный район,98-648-000-000,Север,Удалённая Сибирь и горы,Арктика и Крайний Север,Арктика и Крайний Север,False,0.029,0.101
337,Таттинский,Республика Саха (Якутия),муниципальный район,98-604-000-000,Север,Удалённая Сибирь и горы,Удалённая Сибирь и горы,Удалённая Сибирь и горы,False,0.287,0.201
338,Томпонский,Республика Саха (Якутия),муниципальный район,98-650-000-000,Север,Арктика и Крайний Север,Арктика и Крайний Север,Арктика и Крайний Север,False,0.197,0.37
339,Усть-Алданский,Республика Саха (Якутия),муниципальный район,98-652-000-000,Север,Удалённая Сибирь и горы,Удалённая Сибирь и горы,Удалённая Сибирь и горы,False,0.162,0.143
340,Усть-Майский,Республика Саха (Якутия),муниципальный район,98-654-000-000,Север,Удалённая Сибирь и горы,Арктика и Крайний Север,Удалённая Сибирь и горы,False,0.101,0.04
341,Усть-Янский,Республика Саха (Якутия),муниципальный район,98-656-000-000,Север,Арктика и Крайний Север,Арктика и Крайний Север,Арктика и Крайний Север,False,0.399,0.511
342,Хангаласский,Республика Саха (Якутия),муниципальный район,98-644-000-000,Север,Удалённая Сибирь и горы,Удалённая Сибирь и горы,Удалённая Сибирь и горы,False,0.265,0.261
343,Чурапчинский,Республика Саха (Якутия),муниципальный район,98-658-000-000,Север,Удалённая Сибирь и горы,Удалённая Сибирь и горы,Удалённая Сибирь и горы,False,0.246,0.343
345,Владикавказ,Республика Северная Осетия — Алания,городской округ,90-701-000-000,Города,Города и промышленные центры,Удалённая Сибирь и горы,Города и промышленные центры,False,0.115,0.073
346,Алагирский,Республика Северная Осетия — Алания,муниципальный район,90-605-000-000,Города,Города и промышленные центры,Удалённая Сибирь и горы,Города и промышленные центры,False,0.01,0.023
347,Ардонский,Республика Северная Осетия — Алания,муниципальный район,90-610-000-000,Сельская Россия,Удалённая Сибирь и горы,Удалённая Сибирь и горы,Аграрная периферия с летним пиком,False,0.222,0.068
348,Дигорский,Республика Северная Осетия — Алания,муниципальный район,90-615-000-000,Сельская Россия,Аграрная периферия с летним пиком,Удалённая Сибирь и горы,Аграрная периферия с летним пиком,False,0.174,0.006
349,Ирафский,Республика Северная Осетия — Алания,муниципальный район,90-620-000-000,Сельская Россия,Аграрная периферия с летним пиком,Глубинка европейской части и Урала,Аграрная периферия с летним пиком,False,0.082,0.167
351,Моздокский,Республика Северная Осетия — Алания,муниципальный район,90-630-000-000,Города,Города и промышленные центры,Удалённая Сибирь и горы,Города и промышленные центры,False,0.049,0.119
352,Правобережный,Республика Северная Осетия — Алания,муниципальный район,90-635-000-000,Города,Удалённая Сибирь и горы,Удалённая Сибирь и горы,Удалённая Сибирь и горы,False,0.125,0.044
354,Казань,Республика Татарстан,городской округ,92-701-000-000,Столичные агломерации,Города и промышленные центры,Города и промышленные центры,Столичные агломерации и центры с высокими тратами,False,0.006,0.048
355,Набережные Челны,Республика Татарстан,городской округ,92-730-000-000,Города,Города и промышленные центры,Города и промышленные центры,Города и промышленные центры,False,0.082,0.067
356,Агрызский,Республика Татарстан,муниципальный район,92-601-000-000,Сельская Россия,Глубинка европейской части и Урала,Глубинка европейской части и Урала,Глубинка европейской части и Урала,False,0.115,0.279
357,Азнакаевский,Республика Татарстан,муниципальный район,92-602-000-000,Города,Глубинка европейской части и Урала,Глубинка европейской части и Урала,Глубинка европейской части и Урала,False,0.013,0.112
358,Аксубаевский,Республика Татарстан,муниципальный район,92-604-000-000,Сельская Россия,Аграрная периферия с летним пиком,Аграрная периферия с летним пиком,Аграрная периферия с летним пиком,False,0.207,0.121
359,Актанышский,Республика Татарстан,муниципальный район,92-605-000-000,Сельская Россия,Аграрная периферия с летним пиком,Глубинка европейской части и Урала,Удалённая Сибирь и горы,False,0.13,0.083
360,Алексеевский,Республика Татарстан,муниципальный район,92-606-000-000,Сельская Россия,Аграрная периферия с летним пиком,Аграрная периферия с летним пиком,Глубинка европейской части и Урала,False,0.123,0.091
361,Алькеевский,Республика Татарстан,муниципальный район,92-607-000-000,Сельская Россия,Аграрная периферия с летним пиком,Аграрная периферия с летним пиком,Глубинка европейской части и Урала,True,0.189,0.192
362,Альметьевский,Республика Татарстан,муниципальный район,92-608-000-000,Города,Города и промышленные центры,Города и промышленные центры,Города и промышленные центры,False,0.132,0.124
363,Апастовский,Республика Татарстан,муниципальный район,92-610-000-000,Сельская Россия,Аграрная периферия с летним пиком,Глубинка европейской части и Урала,Глубинка европейской части и Урала,False,0.202,0.198
364,Арский,Республика Татарстан,муниципальный район,92-612-000-000,Сельская Россия,Аграрная периферия с летним пиком,Глубинка европейской части и Урала,Глубинка европейской части и Урала,False,0.023,0.047
365,Атнинский,Республика Татарстан,муниципальный район,92-613-000-000,Сельская Россия,Глубинка европейской части и Урала,Глубинка европейской части и Урала,Глубинка европейской части и Урала,False,0.268,0.268
366,Бавлинский,Республика Татарстан,муниципальный район,92-614-000-000,Сельская Россия,Глубинка европейской части и Урала,Глубинка европейской части и Урала,Глубинка европейской части и Урала,False,0.142,0.018
367,Балтасинский,Республика Татарстан,муниципальный район,92-615-000-000,Сельская Россия,Аграрная периферия с летним пиком,Аграрная периферия с летним пиком,Глубинка европейской части и Урала,False,0.122,0.035
368,Бугульминский,Республика Татарстан,муниципальный район,92-617-000-000,Города,Города и промышленные центры,Города и промышленные центры,Города и промышленные центры,False,0.199,0.274
369,Буинский,Республика Татарстан,муниципальный район,92-618-000-000,Сельская Россия,Аграрная периферия с летним пиком,Аграрная периферия с летним пиком,Глубинка европейской части и Урала,False,0.282,0.097
370,Верхнеуслонский,Республика Татарстан,муниципальный район,92-620-000-000,Города,Глубинка европейской части и Урала,Глубинка европейской части и Урала,Глубинка европейской части и Урала,False,0.017,0.004
371,Высокогорский,Республика Татарстан,муниципальный район,92-622-000-000,Города,Города и промышленные центры,Города и промышленные центры,Города и промышленные центры,False,0.079,0.291
372,Дрожжановский,Республика Татарстан,муниципальный район,92-624-000-000,Сельская Россия,Аграрная периферия с летним пиком,Глубинка европейской части и Урала,Глубинка европейской части и Урала,False,0.216,0.115
373,Елабужский,Республика Татарстан,муниципальный район,92-626-000-000,Города,Города и промышленные центры,Города и промышленные центры,Города и промышленные центры,False,0.101,0.171
374,Заинский,Республика Татарстан,муниципальный район,92-627-000-000,Города,Города и промышленные центры,Города и промышленные центры,Города и промышленные центры,False,0.094,0.152
375,Зеленодольский,Республика Татарстан,муниципальный район,92-628-000-000,Города,Города и промышленные центры,Города и промышленные центры,Города и промышленные центры,False,0.083,0.24
376,Кайбицкий,Республика Татарстан,муниципальный район,92-629-000-000,Сельская Россия,Аграрная периферия с летним пиком,Глубинка европейской части и Урала,Глубинка европейской части и Урала,False,0.253,0.168
377,Камско-Устьинский,Республика Татарстан,муниципальный район,92-630-000-000,Сельская Россия,Аграрная периферия с летним пиком,Аграрная периферия с летним пиком,Глубинка европейской части и Урала,False,0.132,0.03
378,Кукморский,Республика Татарстан,муниципальный район,92-633-000-000,Сельская Россия,Аграрная периферия с летним пиком,Аграрная периферия с летним пиком,Глубинка европейской части и Урала,False,0.041,0.077
379,Лаишевский,Республика Татарстан,муниципальный район,92-634-000-000,Города,Города и промышленные центры,Удалённая Сибирь и горы,Города и промышленные центры,False,0.081,0.087
380,Лениногорский,Республика Татарстан,муниципальный район,92-636-000-000,Города,Города и промышленные центры,Города и промышленные центры,Города и промышленные центры,False,0.203,0.169
381,Мамадышский,Республика Татарстан,муниципальный район,92-638-000-000,Сельская Россия,Аграрная периферия с летним пиком,Аграрная периферия с летним пиком,Глубинка европейской части и Урала,False,0.096,0.293
382,Менделеевский,Республика Татарстан,муниципальный район,92-639-000-000,Сельская Россия,Глубинка европейской части и Урала,Глубинка европейской части и Урала,Глубинка европейской части и Урала,False,0.085,0.149
383,Мензелинский,Республика Татарстан,муниципальный район,92-640-000-000,Сельская Россия,Глубинка европейской части и Урала,Глубинка европейской части и Урала,Глубинка европейской части и Урала,False,0.181,0.121
384,Муслюмовский,Республика Татарстан,муниципальный район,92-642-000-000,Сельская Россия,Аграрная периферия с летним пиком,Глубинка европейской части и Урала,Аграрная периферия с летним пиком,False,0.273,0.04
385,Нижнекамский,Республика Татарстан,муниципальный район,92-644-000-000,Города,Города и промышленные центры,Города и промышленные центры,Города и промышленные центры,False,0.156,0.171
386,Новошешминский,Республика Татарстан,муниципальный район,92-645-000-000,Сельская Россия,Аграрная периферия с летним пиком,Аграрная периферия с летним пиком,Глубинка европейской части и Урала,False,0.021,0.063
387,Нурлатский,Республика Татарстан,муниципальный район,92-646-000-000,Сельская Россия,Аграрная периферия с летним пиком,Аграрная периферия с летним пиком,Глубинка европейской части и Урала,False,0.203,0.077
388,Пестречинский,Республика Татарстан,муниципальный район,92-648-000-000,Города,Города и промышленные центры,Города и промышленные центры,Удалённая Сибирь и горы,False,0.197,0.026
390,Сабинский,Республика Татарстан,муниципальный район,92-652-000-000,Сельская Россия,Аграрная периферия с летним пиком,Глубинка европейской части и Урала,Глубинка европейской части и Урала,False,0.102,0.121
391,Сармановский,Республика Татарстан,муниципальный район,92-653-000-000,Сельская Россия,Глубинка европейской части и Урала,Глубинка европейской части и Урала,Глубинка европейской части и Урала,False,0.292,0.141
392,Спасский,Республика Татарстан,муниципальный район,92-632-000-000,Сельская Россия,Глубинка европейской части и Урала,Аграрная периферия с летним пиком,Глубинка европейской части и Урала,False,0.156,0.078
393,Тетюшский,Республика Татарстан,муниципальный район,92-655-000-000,Сельская Россия,Аграрная периферия с летним пиком,Аграрная периферия с летним пиком,Глубинка европейской части и Урала,True,0.334,0.326
395,Тюлячинский,Республика Татарстан,муниципальный район,92-656-000-000,Сельская Россия,Удалённая Сибирь и горы,Глубинка европейской части и Урала,Удалённая Сибирь и горы,False,0.073,0.047
396,Черемшанский,Республика Татарстан,муниципальный район,92-658-000-000,Сельская Россия,Глубинка европейской части и Урала,Глубинка европейской части и Урала,Глубинка европейской части и Урала,False,0.118,0.139
397,Чистопольский,Республика Татарстан,муниципальный район,92-659-000-000,Города,Города и промышленные центры,Города и промышленные центры,Города и промышленные центры,False,0.103,0.206
398,Ютазинский,Республика Татарстан,муниципальный район,92-654-000-000,Сельская Россия,Глубинка европейской части и Урала,Глубинка европейской части и Урала,Аграрная периферия с летним пиком,False,0.216,0.082
401,Бай-Тайгинский,Республика Тыва,муниципальный район,93-605-000-000,Север,Удалённая Сибирь и горы,Удалённая Сибирь и горы,Удалённая Сибирь и горы,False,0.271,0.162
402,Барун-Хемчикский,Республика Тыва,муниципальный район,93-610-000-000,Города,Удалённая Сибирь и горы,Удалённая Сибирь и горы,Удалённая Сибирь и горы,False,0.232,0.334
403,Дзун-Хемчикский,Республика Тыва,муниципальный район,93-615-000-000,Города,Удалённая Сибирь и горы,Удалённая Сибирь и горы,Удалённая Сибирь и горы,False,0.293,0.354
404,Каа-Хемский,Республика Тыва,муниципальный район,93-620-000-000,Города,Удалённая Сибирь и горы,Удалённая Сибирь и горы,Удалённая Сибирь и горы,False,0.188,0.21
405,Кызылский,Республика Тыва,муниципальный район,93-622-000-000,Города,Удалённая Сибирь и горы,Удалённая Сибирь и горы,Удалённая Сибирь и горы,False,0.308,0.324
408,Пий-Хемский,Республика Тыва,муниципальный район,93-635-000-000,Города,Удалённая Сибирь и горы,Удалённая Сибирь и горы,Удалённая Сибирь и горы,False,0.199,0.291
410,Тандинский,Республика Тыва,муниципальный район,93-640-000-000,Города,Удалённая Сибирь и горы,Удалённая Сибирь и горы,Удалённая Сибирь и горы,False,0.241,0.261
413,Тоджинский,Республика Тыва,муниципальный район,93-650-000-000,Города,Удалённая Сибирь и горы,Удалённая Сибирь и горы,Удалённая Сибирь и горы,False,0.117,0.227
414,Улуг-Хемский,Республика Тыва,муниципальный район,93-654-000-000,Города,Удалённая Сибирь и горы,Удалённая Сибирь и горы,Удалённая Сибирь и горы,False,0.197,0.355
416,Чеди-Хольский,Республика Тыва,муниципальный район,93-657-000-000,Север,Удалённая Сибирь и горы,Удалённая Сибирь и горы,Удалённая Сибирь и горы,False,0.247,0.4
418,Ижевск,Удмуртская Республика,городской округ,94-701-000-000,Города,Города и промышленные центры,Города и промышленные центры,Города и промышленные центры,False,0.107,0.092
419,Воткинск,Удмуртская Республика,городской округ,94-710-000-000,Города,Города и промышленные центры,Города и промышленные центры,Города и промышленные центры,False,0.211,0.247
420,Глазов,Удмуртская Республика,городской округ,94-720-000-000,Города,Города и промышленные центры,Города и промышленные центры,Города и промышленные центры,False,0.186,0.177
421,Можга,Удмуртская Республика,городской округ,94-730-000-000,Города,Города и промышленные центры,Города и промышленные центры,Города и промышленные центры,False,0.008,0.042
422,Сарапул,Удмуртская Республика,городской округ,94-740-000-000,Города,Города и промышленные центры,Города и промышленные центры,Города и промышленные центры,False,0.124,0.321
423,Алнашский,Удмуртская Республика,муниципальный округ,94-502-000-000,Сельская Россия,Аграрная периферия с летним пиком,Глубинка европейской части и Урала,Глубинка европейской части и Урала,False,0.116,0.084
424,Балезинский,Удмуртская Республика,муниципальный округ,94-504-000-000,Сельская Россия,Глубинка европейской части и Урала,Аграрная периферия с летним пиком,Глубинка европейской части и Урала,False,0.026,0.202
425,Вавожский,Удмуртская Республика,муниципальный округ,94-506-000-000,Сельская Россия,Аграрная периферия с летним пиком,Аграрная периферия с летним пиком,Глубинка европейской части и Урала,True,0.215,0.277
428,Граховский,Удмуртская Республика,муниципальный округ,94-512-000-000,Сельская Россия,Аграрная периферия с летним пиком,Глубинка европейской части и Урала,Аграрная периферия с летним пиком,True,0.203,0.372
429,Дебёсский,Удмуртская Республика,муниципальный округ,94-514-000-000,Сельская Россия,Глубинка европейской части и Урала,Глубинка европейской части и Урала,Глубинка европейской части и Урала,False,0.113,0.326
430,Завьяловский,Удмуртская Республика,муниципальный округ,94-516-000-000,Города,Города и промышленные центры,Удалённая Сибирь и горы,Города и промышленные центры,False,0.064,0.138
431,Игринский,Удмуртская Республика,муниципальный округ,94-518-000-000,Сельская Россия,Аграрная периферия с летним пиком,Аграрная периферия с летним пиком,Глубинка европейской части и Урала,False,0.086,0.249
432,Камбарский,Удмуртская Республика,муниципальный округ,94-520-000-000,Сельская Россия,Глубинка европейской части и Урала,Глубинка европейской части и Урала,Глубинка европейской части и Урала,False,0.108,0.274
433,Каракулинский,Удмуртская Республика,муниципальный округ,94-522-000-000,Сельская Россия,Аграрная периферия с летним пиком,Глубинка европейской части и Урала,Аграрная периферия с летним пиком,False,0.027,0.315
434,Кезский,Удмуртская Республика,муниципальный округ,94-524-000-000,Сельская Россия,Аграрная периферия с летним пиком,Аграрная периферия с летним пиком,Глубинка европейской части и Урала,True,0.166,0.259
435,Кизнерский,Удмуртская Республика,муниципальный округ,94-526-000-000,Сельская Россия,Аграрная периферия с летним пиком,Глубинка европейской части и Урала,Аграрная периферия с летним пиком,False,0.082,0.153
436,Киясовский,Удмуртская Республика,муниципальный округ,94-528-000-000,Сельская Россия,Глубинка европейской части и Урала,Глубинка европейской части и Урала,Глубинка европейской части и Урала,False,0.151,0.382
437,Красногорский,Удмуртская Республика,муниципальный округ,94-530-000-000,Сельская Россия,Аграрная периферия с летним пиком,Глубинка европейской части и Урала,Аграрная периферия с летним пиком,False,0.05,0.216
438,Малопургинский,Удмуртская Республика,муниципальный округ,94-533-000-000,Сельская Россия,Аграрная периферия с летним пиком,Глубинка европейской части и Урала,Глубинка европейской части и Урала,False,0.136,0.199
440,Сарапульский,Удмуртская Республика,муниципальный округ,94-537-000-000,Города,Глубинка европейской части и Урала,Глубинка европейской части и Урала,Города и промышленные центры,False,0.163,0.012
441,Селтинский,Удмуртская Республика,муниципальный округ,94-539-000-000,Сельская Россия,Аграрная периферия с летним пиком,Аграрная периферия с летним пиком,Аграрная периферия с летним пиком,False,0.254,0.149
442,Сюмсинский,Удмуртская Республика,муниципальный округ,94-541-000-000,Сельская Россия,Аграрная периферия с летним пиком,Аграрная периферия с летним пиком,Аграрная периферия с летним пиком,False,0.077,0.304
443,Увинский,Удмуртская Республика,муниципальный округ,94-544-000-000,Сельская Россия,Глубинка европейской части и Урала,Аграрная периферия с летним пиком,Глубинка европейской части и Урала,False,0.255,0.1
444,Шарканский,Удмуртская Республика,муниципальный округ,94-546-000-000,Сельская Россия,Аграрная периферия с летним пиком,Глубинка европейской части и Урала,Глубинка европейской части и Урала,False,0.163,0.172
445,Юкаменский,Удмуртская Республика,муниципальный округ,94-548-000-000,Сельская Россия,Глубинка европейской части и Урала,Глубинка европейской части и Урала,Аграрная периферия с летним пиком,True,0.256,0.251
446,Якшур-Бодьинский,Удмуртская Республика,муниципальный округ,94-550-000-000,Сельская Россия,Аграрная периферия с летним пиком,Глубинка европейской части и Урала,Глубинка европейской части и Урала,False,0.147,0.145
447,Ярский,Удмуртская Республика,муниципальный округ,94-552-000-000,Сельская Россия,Глубинка европейской части и Урала,Глубинка европейской части и Урала,Глубинка европейской части и Урала,False,0.083,0.023
448,Абакан,Республика Хакасия,городской округ,95-701-000-000,Города,Города и промышленные центры,Города и промышленные центры,Города и промышленные центры,False,0.174,0.237
449,Абаза,Республика Хакасия,городской округ,95-702-000-000,Города,Аграрная периферия с летним пиком,Аграрная периферия с летним пиком,Удалённая Сибирь и горы,False,0.075,0.039
450,Саяногорск,Республика Хакасия,городской округ,95-708-000-000,Города,Города и промышленные центры,Города и промышленные центры,Города и промышленные центры,False,0.256,0.171
451,Сорск,Республика Хакасия,городской округ,95-709-000-000,Города,Глубинка европейской части и Урала,Города и промышленные центры,Глубинка европейской части и Урала,False,0.11,0.082
452,Черногорск,Республика Хакасия,городской округ,95-715-000-000,Города,Города и промышленные центры,Города и промышленные центры,Города и промышленные центры,False,0.185,0.332
453,Алтайский,Республика Хакасия,муниципальный район,95-605-000-000,Города,Города и промышленные центры,Города и промышленные центры,Города и промышленные центры,False,0.041,0.041
455,Бейский,Республика Хакасия,муниципальный район,95-612-000-000,Города,Города и промышленные центры,Города и промышленные центры,Удалённая Сибирь и горы,False,0.005,0.139
456,Боградский,Республика Хакасия,муниципальный район,95-615-000-000,Сельская Россия,Аграрная периферия с летним пиком,Глубинка европейской части и Урала,Аграрная периферия с летним пиком,False,0.24,0.088
457,Орджоникидзевский,Республика Хакасия,муниципальный район,95-620-000-000,Сельская Россия,Аграрная периферия с летним пиком,Аграрная периферия с летним пиком,Аграрная периферия с летним пиком,False,0.028,0.127
458,Таштыпский,Республика Хакасия,муниципальный район,95-625-000-000,Города,Удалённая Сибирь и горы,Удалённая Сибирь и горы,Удалённая Сибирь и горы,False,0.015,0.281
459,Усть-Абаканский,Республика Хакасия,муниципальный район,95-630-000-000,Города,Города и промышленные центры,Города и промышленные центры,Города и промышленные центры,False,0.081,0.122
460,Ширинский,Республика Хакасия,муниципальный район,95-635-000-000,Сельская Россия,Аграрная периферия с летним пиком,Аграрная периферия с летним пиком,Удалённая Сибирь и горы,False,0.09,0.365
478,Чебоксары,Чувашская Республика,городской округ,97-701-000-000,Города,Города и промышленные центры,Города и промышленные центры,Города и промышленные центры,False,0.131,0.142
479,Алатырь,Чувашская Республика,городской округ,97-704-000-000,Сельская Россия,Аграрная периферия с летним пиком,Аграрная периферия с летним пиком,Глубинка европейской части и Урала,False,0.231,0.056
480,Канаш,Чувашская Республика,городской округ,97-707-000-000,Города,Города и промышленные центры,Аграрная периферия с летним пиком,Глубинка европейской части и Урала,False,0.033,0.041
481,Новочебоксарск,Чувашская Республика,городской округ,97-710-000-000,Города,Города и промышленные центры,Города и промышленные центры,Города и промышленные центры,False,0.161,0.221
482,Шумерля,Чувашская Республика,городской округ,97-713-000-000,Сельская Россия,Глубинка европейской части и Урала,Аграрная периферия с летним пиком,Глубинка европейской части и Урала,False,0.107,0.284
484,Аликовский,Чувашская Республика,муниципальный округ,97-505-000-000,Сельская Россия,Аграрная периферия с летним пиком,Глубинка европейской части и Урала,Аграрная периферия с летним пиком,False,0.107,0.035
485,Батыревский,Чувашская Республика,муниципальный округ,97-507-000-000,Сельская Россия,Аграрная периферия с летним пиком,Глубинка европейской части и Урала,Глубинка европейской части и Урала,False,0.059,0.06
486,Вурнарский,Чувашская Республика,муниципальный округ,97-510-000-000,Сельская Россия,Глубинка европейской части и Урала,Глубинка европейской части и Урала,Глубинка европейской части и Урала,False,0.09,0.372
487,Ибресинский,Чувашская Республика,муниципальный округ,97-513-000-000,Сельская Россия,Глубинка европейской части и Урала,Аграрная периферия с летним пиком,Глубинка европейской части и Урала,False,0.149,0.156
489,Козловский,Чувашская Республика,муниципальный округ,97-519-000-000,Сельская Россия,Глубинка европейской части и Урала,Глубинка европейской части и Урала,Глубинка европейской части и Урала,False,0.356,0.264
490,Комсомольский,Чувашская Республика,муниципальный округ,97-521-000-000,Сельская Россия,Аграрная периферия с летним пиком,Глубинка европейской части и Урала,Глубинка европейской части и Урала,False,0.012,0.14
491,Красноармейский,Чувашская Республика,муниципальный округ,97-524-000-000,Сельская Россия,Аграрная периферия с летним пиком,Глубинка европейской части и Урала,Глубинка европейской части и Урала,False,0.229,0.242
492,Красночетайский,Чувашская Республика,муниципальный округ,97-526-000-000,Сельская Россия,Аграрная периферия с летним пиком,Аграрная периферия с летним пиком,Глубинка европейской части и Урала,False,0.148,0.247
493,Мариинско-Посадский,Чувашская Республика,муниципальный округ,97-529-000-000,Сельская Россия,Глубинка европейской части и Урала,Глубинка европейской части и Урала,Глубинка европейской части и Урала,False,0.19,0.224
494,Моргаушский,Чувашская Республика,муниципальный округ,97-532-000-000,Сельская Россия,Глубинка европейской части и Урала,Глубинка европейской части и Урала,Глубинка европейской части и Урала,False,0.273,0.268
495,Порецкий,Чувашская Республика,муниципальный округ,97-535-000-000,Сельская Россия,Глубинка европейской части и Урала,Аграрная периферия с летним пиком,Глубинка европейской части и Урала,True,0.278,0.185
496,Урмарский,Чувашская Республика,муниципальный округ,97-538-000-000,Сельская Россия,Глубинка европейской части и Урала,Глубинка европейской части и Урала,Глубинка европейской части и Урала,False,0.331,0.248
497,Цивильский,Чувашская Республика,муниципальный округ,97-541-000-000,Сельская Россия,Глубинка европейской части и Урала,Глубинка европейской части и Урала,Глубинка европейской части и Урала,False,0.088,0.25
498,Чебоксарский,Чувашская Республика,муниципальный округ,97-544-000-000,Города,Города и промышленные центры,Города и промышленные центры,Города и промышленные центры,False,0.053,0.153
499,Шемуршинский,Чувашская Республика,муниципальный округ,97-547-000-000,Сельская Россия,Аграрная периферия с летним пиком,Аграрная периферия с летним пиком,Глубинка европейской части и Урала,False,0.014,0.043
501,Ядринский,Чувашская Республика,муниципальный округ,97-553-000-000,Сельская Россия,Глубинка европейской части и Урала,Аграрная периферия с летним пиком,Глубинка европейской части и Урала,False,0.105,0.319
502,Яльчикский,Чувашская Республика,муниципальный округ,97-555-000-000,Сельская Россия,Аграрная периферия с летним пиком,Аграрная периферия с летним пиком,Аграрная периферия с летним пиком,False,0.005,0.13
503,Янтиковский,Чувашская Республика,муниципальный округ,97-558-000-000,Сельская Россия,Аграрная периферия с летним пиком,Глубинка европейской части и Урала,Глубинка европейской части и Урала,False,0.126,0.033
504,Барнаул,Алтайский край,городской округ,01-701-000-000,Города,Города и промышленные центры,Города и промышленные центры,Города и промышленные центры,False,0.075,0.104
505,Алейск,Алтайский край,городской округ,01-703-000-000,Города,Города и промышленные центры,Города и промышленные центры,Города и промышленные центры,False,0.005,0.133
506,Белокуриха,Алтайский край,городской округ,01-704-000-000,Города,Города и промышленные центры,Удалённая Сибирь и горы,Города и промышленные центры,False,0.021,0.33
507,Бийск,Алтайский край,городской округ,01-705-000-000,Города,Города и промышленные центры,Удалённая Сибирь и горы,Города и промышленные центры,False,0.035,0.105
508,Заринск,Алтайский край,городской округ,01-706-000-000,Города,Города и промышленные центры,Города и промышленные центры,Города и промышленные центры,False,0.096,0.164
509,Новоалтайск,Алтайский край,городской округ,01-713-000-000,Города,Города и промышленные центры,Города и промышленные центры,Города и промышленные центры,False,0.08,0.314
510,Рубцовск,Алтайский край,городской округ,01-716-000-000,Города,Города и промышленные центры,Города и промышленные центры,Города и промышленные центры,False,0.048,0.241
511,Славгород,Алтайский край,муниципальный округ,01-539-000-000,Города,Города и промышленные центры,Города и промышленные центры,Удалённая Сибирь и горы,False,0.056,0.102
512,Яровое,Алтайский край,городской округ,01-730-000-000,Сельская Россия,Аграрная периферия с летним пиком,Аграрная периферия с летним пиком,Глубинка европейской части и Урала,False,0.072,0.095
515,Алтайский,Алтайский край,муниципальный район,01-602-000-000,Города,Удалённая Сибирь и горы,Удалённая Сибирь и горы,Удалённая Сибирь и горы,False,0.277,0.397
516,Баевский,Алтайский край,муниципальный район,01-603-000-000,Сельская Россия,Аграрная периферия с летним пиком,Аграрная периферия с летним пиком,Аграрная периферия с летним пиком,False,0.126,0.31
517,Бийский,Алтайский край,муниципальный район,01-604-000-000,Города,Удалённая Сибирь и горы,Удалённая Сибирь и горы,Удалённая Сибирь и горы,False,0.313,0.233
518,Благовещенский,Алтайский край,муниципальный район,01-605-000-000,Сельская Россия,Аграрная периферия с летним пиком,Аграрная периферия с летним пиком,Глубинка европейской части и Урала,False,0.159,0.086
519,Бурлинский,Алтайский край,муниципальный район,01-606-000-000,Сельская Россия,Аграрная периферия с летним пиком,Удалённая Сибирь и горы,Аграрная периферия с летним пиком,False,0.099,0.086
520,Быстроистокский,Алтайский край,муниципальный район,01-607-000-000,Сельская Россия,Аграрная периферия с летним пиком,Аграрная периферия с летним пиком,Аграрная периферия с летним пиком,False,0.169,0.304
521,Волчихинский,Алтайский край,муниципальный район,01-608-000-000,Сельская Россия,Аграрная периферия с летним пиком,Аграрная периферия с летним пиком,Аграрная периферия с летним пиком,False,0.427,0.198
522,Егорьевский,Алтайский край,муниципальный район,01-609-000-000,Сельская Россия,Аграрная периферия с летним пиком,Глубинка европейской части и Урала,Аграрная периферия с летним пиком,False,0.1,0.242
523,Ельцовский,Алтайский край,муниципальный район,01-610-000-000,Сельская Россия,Глубинка европейской части и Урала,Аграрная периферия с летним пиком,Глубинка европейской части и Урала,False,0.066,0.277
524,Завьяловский,Алтайский край,муниципальный район,01-611-000-000,Сельская Россия,Аграрная периферия с летним пиком,Аграрная периферия с летним пиком,Аграрная периферия с летним пиком,False,0.278,0.07
525,Залесовский,Алтайский край,муниципальный округ,01-512-000-000,Сельская Россия,Аграрная периферия с летним пиком,Аграрная периферия с летним пиком,Аграрная периферия с летним пиком,False,0.318,0.095
527,Змеиногорский,Алтайский край,муниципальный район,01-614-000-000,Сельская Россия,Глубинка европейской части и Урала,Аграрная периферия с летним пиком,Глубинка европейской части и Урала,False,0.048,0.12
528,Калманский,Алтайский край,муниципальный район,01-615-000-000,Сельская Россия,Глубинка европейской части и Урала,Глубинка европейской части и Урала,Глубинка европейской части и Урала,False,0.116,0.375
529,Каменский,Алтайский край,муниципальный район,01-616-000-000,Сельская Россия,Аграрная периферия с летним пиком,Аграрная периферия с летним пиком,Удалённая Сибирь и горы,False,0.037,0.14
530,Ключевский,Алтайский край,муниципальный район,01-617-000-000,Сельская Россия,Аграрная периферия с летним пиком,Аграрная периферия с летним пиком,Глубинка европейской части и Урала,False,0.175,0.079
531,Косихинский,Алтайский край,муниципальный район,01-618-000-000,Сельская Россия,Аграрная периферия с летним пиком,Аграрная периферия с летним пиком,Аграрная периферия с летним пиком,False,0.277,0.233
532,Красногорский,Алтайский край,муниципальный район,01-619-000-000,Сельская Россия,Аграрная периферия с летним пиком,Аграрная периферия с летним пиком,Глубинка европейской части и Урала,False,0.074,0.036
533,Краснощёковский,Алтайский край,муниципальный район,01-620-000-000,Сельская Россия,Аграрная периферия с летним пиком,Аграрная периферия с летним пиком,Аграрная периферия с летним пиком,False,0.186,0.091
534,Крутихинский,Алтайский край,муниципальный район,01-621-000-000,Сельская Россия,Аграрная периферия с летним пиком,Аграрная периферия с летним пиком,Аграрная периферия с летним пиком,False,0.328,0.232
535,Кулундинский,Алтайский край,муниципальный район,01-622-000-000,Сельская Россия,Аграрная периферия с летним пиком,Аграрная периферия с летним пиком,Удалённая Сибирь и горы,False,0.015,0.239
536,Курьинский,Алтайский край,муниципальный район,01-623-000-000,Сельская Россия,Аграрная периферия с летним пиком,Аграрная периферия с летним пиком,Аграрная периферия с летним пиком,False,0.204,0.19
537,Кытмановский,Алтайский край,муниципальный район,01-624-000-000,Сельская Россия,Аграрная периферия с летним пиком,Аграрная периферия с летним пиком,Глубинка европейской части и Урала,False,0.126,0.108
538,Локтевский,Алтайский край,муниципальный район,01-625-000-000,Сельская Россия,Аграрная периферия с летним пиком,Аграрная периферия с летним пиком,Аграрная периферия с летним пиком,False,0.304,0.292
539,Мамонтовский,Алтайский край,муниципальный район,01-626-000-000,Сельская Россия,Аграрная периферия с летним пиком,Аграрная периферия с летним пиком,Аграрная периферия с летним пиком,False,0.37,0.217
540,Михайловский,Алтайский край,муниципальный район,01-627-000-000,Сельская Россия,Аграрная периферия с летним пиком,Аграрная периферия с летним пиком,Удалённая Сибирь и горы,False,0.095,0.049
541,Новичихинский,Алтайский край,муниципальный район,01-628-000-000,Сельская Россия,Аграрная периферия с летним пиком,Глубинка европейской части и Урала,Аграрная периферия с летним пиком,False,0.084,0.18
542,Зональный,Алтайский край,муниципальный район,01-629-000-000,Сельская Россия,Глубинка европейской части и Урала,Глубинка европейской части и Урала,Глубинка европейской части и Урала,False,0.237,0.069
543,Павловский,Алтайский край,муниципальный район,01-630-000-000,Сельская Россия,Глубинка европейской части и Урала,Аграрная периферия с летним пиком,Глубинка европейской части и Урала,False,0.025,0.235
544,Панкрушихинский,Алтайский край,муниципальный район,01-631-000-000,Сельская Россия,Аграрная периферия с летним пиком,Аграрная периферия с летним пиком,Аграрная периферия с летним пиком,False,0.031,0.134
545,Первомайский,Алтайский край,муниципальный район,01-632-000-000,Сельская Россия,Глубинка европейской части и Урала,Глубинка европейской части и Урала,Глубинка европейской части и Урала,False,0.057,0.299
546,Петропавловский,Алтайский край,муниципальный район,01-633-000-000,Сельская Россия,Аграрная периферия с летним пиком,Аграрная периферия с летним пиком,Аграрная периферия с летним пиком,False,0.309,0.39
547,Поспелихинский,Алтайский край,муниципальный район,01-634-000-000,Сельская Россия,Аграрная периферия с летним пиком,Аграрная периферия с летним пиком,Глубинка европейской части и Урала,True,0.282,0.211
548,Ребрихинский,Алтайский край,муниципальный район,01-635-000-000,Сельская Россия,Аграрная периферия с летним пиком,Аграрная периферия с летним пиком,Аграрная периферия с летним пиком,False,0.305,0.088
549,Родинский,Алтайский край,муниципальный район,01-636-000-000,Сельская Россия,Аграрная периферия с летним пиком,Аграрная периферия с летним пиком,Аграрная периферия с летним пиком,False,0.229,0.338
550,Романовский,Алтайский край,муниципальный район,01-637-000-000,Сельская Россия,Аграрная периферия с летним пиком,Аграрная периферия с летним пиком,Аграрная периферия с летним пиком,False,0.282,0.252
552,Смоленский,Алтайский край,муниципальный район,01-640-000-000,Сельская Россия,Аграрная периферия с летним пиком,Аграрная периферия с летним пиком,Аграрная периферия с летним пиком,False,0.32,0.095
553,Суетский,Алтайский край,муниципальный округ,01-541-000-000,Сельская Россия,Аграрная периферия с летним пиком,Глубинка европейской части и Урала,Аграрная периферия с летним пиком,False,0.078,0.092
554,Советский,Алтайский край,муниципальный район,01-642-000-000,Сельская Россия,Удалённая Сибирь и горы,Глубинка европейской части и Урала,Удалённая Сибирь и горы,False,0.116,0.216
555,Солонешенский,Алтайский край,муниципальный район,01-643-000-000,Сельская Россия,Аграрная периферия с летним пиком,Удалённая Сибирь и горы,Удалённая Сибирь и горы,False,0.1,0.09
556,Солтонский,Алтайский край,муниципальный район,01-644-000-000,Сельская Россия,Аграрная периферия с летним пиком,Глубинка европейской части и Урала,Аграрная периферия с летним пиком,False,0.1,0.169
557,Шелаболихинский,Алтайский край,муниципальный район,01-645-000-000,Сельская Россия,Аграрная периферия с летним пиком,Аграрная периферия с летним пиком,Аграрная периферия с летним пиком,False,0.112,0.159
558,Табунский,Алтайский край,муниципальный район,01-646-000-000,Сельская Россия,Аграрная периферия с летним пиком,Аграрная периферия с летним пиком,Аграрная периферия с летним пиком,False,0.025,0.118
559,Тальменский,Алтайский край,муниципальный район,01-647-000-000,Сельская Россия,Глубинка европейской части и Урала,Аграрная периферия с летним пиком,Глубинка европейской части и Урала,True,0.168,0.216
560,Тогульский,Алтайский край,муниципальный район,01-648-000-000,Сельская Россия,Аграрная периферия с летним пиком,Аграрная периферия с летним пиком,Аграрная периферия с летним пиком,False,0.38,0.226
561,Топчихинский,Алтайский край,муниципальный район,01-649-000-000,Сельская Россия,Глубинка европейской части и Урала,Аграрная периферия с летним пиком,Глубинка европейской части и Урала,False,0.104,0.122
562,Третьяковский,Алтайский край,муниципальный район,01-650-000-000,Сельская Россия,Аграрная периферия с летним пиком,Аграрная периферия с летним пиком,Аграрная периферия с летним пиком,False,0.298,0.156
563,Троицкий,Алтайский край,муниципальный район,01-651-000-000,Сельская Россия,Аграрная периферия с летним пиком,Аграрная периферия с летним пиком,Аграрная периферия с летним пиком,False,0.217,0.035
564,Тюменцевский,Алтайский край,муниципальный район,01-652-000-000,Сельская Россия,Аграрная периферия с летним пиком,Аграрная периферия с летним пиком,Удалённая Сибирь и горы,False,0.105,0.005
565,Угловский,Алтайский край,муниципальный район,01-653-000-000,Сельская Россия,Аграрная периферия с летним пиком,Аграрная периферия с летним пиком,Аграрная периферия с летним пиком,False,0.314,0.122
566,Усть-Калманский,Алтайский край,муниципальный район,01-654-000-000,Сельская Россия,Аграрная периферия с летним пиком,Аграрная периферия с летним пиком,Аграрная периферия с летним пиком,False,0.357,0.375
567,Усть-Пристанский,Алтайский край,муниципальный район,01-655-000-000,Сельская Россия,Аграрная периферия с летним пиком,Аграрная периферия с летним пиком,Аграрная периферия с летним пиком,False,0.202,0.252
568,Хабарский,Алтайский край,муниципальный район,01-656-000-000,Сельская Россия,Аграрная периферия с летним пиком,Аграрная периферия с летним пиком,Глубинка европейской части и Урала,True,0.251,0.185
569,Целинный,Алтайский край,муниципальный район,01-657-000-000,Сельская Россия,Аграрная периферия с летним пиком,Аграрная периферия с летним пиком,Аграрная периферия с летним пиком,False,0.274,0.176
570,Чарышский,Алтайский край,муниципальный округ,01-558-000-000,Сельская Россия,Аграрная периферия с летним пиком,Аграрная периферия с летним пиком,Аграрная периферия с летним пиком,False,0.148,0.063
571,Шипуновский,Алтайский край,муниципальный район,01-659-000-000,Сельская Россия,Аграрная периферия с летним пиком,Аграрная периферия с летним пиком,Глубинка европейской части и Урала,False,0.24,0.084
572,Немецкий,Алтайский край,муниципальный район,01-660-000-000,Сельская Россия,Аграрная периферия с летним пиком,Аграрная периферия с летним пиком,Аграрная периферия с летним пиком,False,0.301,0.229
574,Петровск-Забайкальский,Забайкальский край,городской округ,76-715-000-000,Города,Аграрная периферия с летним пиком,Аграрная периферия с летним пиком,Аграрная периферия с летним пиком,False,0.016,0.062
578,Балейский,Забайкальский край,муниципальный район,76-606-000-000,Города,Города и промышленные центры,Города и промышленные центры,Города и промышленные центры,False,0.24,0.031
579,Борзинский,Забайкальский край,муниципальный район,76-609-000-000,Города,Города и промышленные центры,Города и промышленные центры,Города и промышленные центры,False,0.129,0.285
580,Газимуро-Заводский,Забайкальский край,муниципальный округ,76-510-000-000,Города,Удалённая Сибирь и горы,Удалённая Сибирь и горы,Удалённая Сибирь и горы,False,0.228,0.18
581,Забайкальский,Забайкальский край,муниципальный район,76-612-000-000,Города,Города и промышленные центры,Города и промышленные центры,Города и промышленные центры,False,0.154,0.121
582,Каларский,Забайкальский край,муниципальный округ,76-515-000-000,Города,Города и промышленные центры,Города и промышленные центры,Города и промышленные центры,False,0.057,0.25
583,Калганский,Забайкальский край,муниципальный округ,76-518-000-000,Сельская Россия,Удалённая Сибирь и горы,Удалённая Сибирь и горы,Удалённая Сибирь и горы,False,0.163,0.231
584,Карымский,Забайкальский край,муниципальный район,76-620-000-000,Города,Города и промышленные центры,Города и промышленные центры,Города и промышленные центры,False,0.151,0.016
585,Краснокаменск и Краснокаменский,Забайкальский край,муниципальный район,76-621-000-000,Города,Города и промышленные центры,Города и промышленные центры,Города и промышленные центры,False,0.157,0.252
586,Красночикойский,Забайкальский край,муниципальный район,76-622-000-000,Города,Удалённая Сибирь и горы,Удалённая Сибирь и горы,Удалённая Сибирь и горы,False,0.327,0.388
587,Кыринский,Забайкальский край,муниципальный район,76-624-000-000,Города,Удалённая Сибирь и горы,Удалённая Сибирь и горы,Удалённая Сибирь и горы,False,0.357,0.094
588,Могочинский,Забайкальский край,муниципальный округ,76-526-000-000,Города,Города и промышленные центры,Города и промышленные центры,Города и промышленные центры,False,0.19,0.256
589,Нерчинский,Забайкальский край,муниципальный район,76-628-000-000,Города,Удалённая Сибирь и горы,Удалённая Сибирь и горы,Удалённая Сибирь и горы,False,0.331,0.325
591,Оловяннинский,Забайкальский край,муниципальный район,76-632-000-000,Города,Аграрная периферия с летним пиком,Аграрная периферия с летним пиком,Города и промышленные центры,False,0.022,0.04
592,Ононский,Забайкальский край,муниципальный округ,76-534-000-000,Сельская Россия,Удалённая Сибирь и горы,Удалённая Сибирь и горы,Удалённая Сибирь и горы,False,0.328,0.169
593,Петровск-Забайкальский,Забайкальский край,муниципальный район,76-636-000-000,Города,Удалённая Сибирь и горы,Удалённая Сибирь и горы,Удалённая Сибирь и горы,False,0.208,0.228
594,Приаргунский,Забайкальский край,муниципальный округ,76-538-000-000,Города,Аграрная периферия с летним пиком,Удалённая Сибирь и горы,Удалённая Сибирь и горы,False,0.114,0.188
595,Сретенский,Забайкальский край,муниципальный район,76-640-000-000,Сельская Россия,Удалённая Сибирь и горы,Удалённая Сибирь и горы,Удалённая Сибирь и горы,False,0.225,0.105
598,Улётовский,Забайкальский край,муниципальный район,76-646-000-000,Сельская Россия,Аграрная периферия с летним пиком,Аграрная периферия с летним пиком,Удалённая Сибирь и горы,False,0.18,0.052
599,Хилокский,Забайкальский край,муниципальный район,76-647-000-000,Города,Города и промышленные центры,Города и промышленные центры,Удалённая Сибирь и горы,False,0.108,0.145
600,Чернышевский,Забайкальский край,муниципальный район,76-648-000-000,Города,Города и промышленные центры,Удалённая Сибирь и горы,Удалённая Сибирь и горы,False,0.073,0.063
601,Читинский,Забайкальский край,муниципальный район,76-650-000-000,Города,Города и промышленные центры,Удалённая Сибирь и горы,Города и промышленные центры,False,0.033,0.162
602,Шелопугинский,Забайкальский край,муниципальный район,76-652-000-000,Сельская Россия,Удалённая Сибирь и горы,Удалённая Сибирь и горы,Удалённая Сибирь и горы,False,0.134,0.112
603,Шилкинский,Забайкальский край,муниципальный район,76-654-000-000,Города,Города и промышленные центры,Города и промышленные центры,Города и промышленные центры,False,0.008,0.035
604,Агинское,Забайкальский край,городской округ,76-702-000-000,Города,Удалённая Сибирь и горы,Удалённая Сибирь и горы,Удалённая Сибирь и горы,False,0.284,0.42
605,Агинский,Забайкальский край,муниципальный район,76-602-000-000,Города,Удалённая Сибирь и горы,Удалённая Сибирь и горы,Удалённая Сибирь и горы,False,0.349,0.41
606,Дульдургинский,Забайкальский край,муниципальный район,76-611-000-000,Города,Удалённая Сибирь и горы,Удалённая Сибирь и горы,Удалённая Сибирь и горы,False,0.344,0.368
607,Могойтуйский,Забайкальский край,муниципальный район,76-625-000-000,Города,Удалённая Сибирь и горы,Удалённая Сибирь и горы,Удалённая Сибирь и горы,False,0.399,0.443
608,Петропавловск-Камчатский,Камчатский край,городской округ,30-701-000-000,Столичные агломерации,Столичные агломерации и центры с высокими тратами,Столичные агломерации и центры с высокими тратами,Столичные агломерации и центры с высокими тратами,False,0.276,0.33
612,Елизовский,Камчатский край,муниципальный район,30-607-000-000,Столичные агломерации,Столичные агломерации и центры с высокими тратами,Столичные агломерации и центры с высокими тратами,Столичные агломерации и центры с высокими тратами,False,0.241,0.286
613,Мильковский,Камчатский край,муниципальный округ,30-510-000-000,Города,Города и промышленные центры,Удалённая Сибирь и горы,Города и промышленные центры,False,0.026,0.133
614,Соболевский,Камчатский край,муниципальный район,30-613-000-000,Столичные агломерации,Столичные агломерации и центры с высокими тратами,Столичные агломерации и центры с высокими тратами,Столичные агломерации и центры с высокими тратами,False,0.037,0.058
615,Усть-Большерецкий,Камчатский край,муниципальный район,30-616-000-000,Столичные агломерации,Столичные агломерации и центры с высокими тратами,Столичные агломерации и центры с высокими тратами,Города и промышленные центры,False,0.074,0.016
616,Усть-Камчатский,Камчатский край,муниципальный район,30-619-000-000,Север,Арктика и Крайний Север,Арктика и Крайний Север,Города и промышленные центры,False,0.235,0.073
618,Карагинский,Камчатский край,муниципальный район,30-824-000-000,Север,Арктика и Крайний Север,Арктика и Крайний Север,Арктика и Крайний Север,False,0.412,0.464
619,Олюторский,Камчатский край,муниципальный район,30-827-000-000,Север,Арктика и Крайний Север,Арктика и Крайний Север,Арктика и Крайний Север,False,0.531,0.524
621,Тигильский,Камчатский край,муниципальный район,30-832-000-000,Север,Арктика и Крайний Север,Арктика и Крайний Север,Арктика и Крайний Север,False,0.402,0.535
666,Красноярск,Красноярский край,городской округ,04-701-000-000,Столичные агломерации,Столичные агломерации и центры с высокими тратами,Столичные агломерации и центры с высокими тратами,Столичные агломерации и центры с высокими тратами,False,0.031,0.086
667,Ачинск,Красноярский край,городской округ,04-703-000-000,Города,Города и промышленные центры,Города и промышленные центры,Города и промышленные центры,False,0.216,0.326
668,Боготол,Красноярский край,городской округ,04-706-000-000,Сельская Россия,Аграрная периферия с летним пиком,Аграрная периферия с летним пиком,Аграрная периферия с летним пиком,False,0.19,0.022
669,Бородино,Красноярский край,городской округ,04-707-000-000,Города,Глубинка европейской части и Урала,Города и промышленные центры,Глубинка европейской части и Урала,False,0.053,0.127
670,Дивногорск,Красноярский край,городской округ,04-709-000-000,Города,Города и промышленные центры,Города и промышленные центры,Города и промышленные центры,False,0.255,0.111
671,Енисейск,Красноярский край,городской округ,04-712-000-000,Города,Города и промышленные центры,Города и промышленные центры,Города и промышленные центры,False,0.197,0.314
674,Канск,Красноярский край,городской округ,04-720-000-000,Города,Города и промышленные центры,Города и промышленные центры,Города и промышленные центры,False,0.211,0.393
675,Лесосибирск,Красноярский край,городской округ,04-722-000-000,Города,Города и промышленные центры,Города и промышленные центры,Города и промышленные центры,False,0.216,0.282
676,Минусинск,Красноярский край,городской округ,04-723-000-000,Города,Города и промышленные центры,Города и промышленные центры,Города и промышленные центры,False,0.018,0.238
677,Назарово,Красноярский край,городской округ,04-726-000-000,Города,Города и промышленные центры,Города и промышленные центры,Города и промышленные центры,False,0.101,0.162
678,Норильск,Красноярский край,городской округ,04-729-000-000,Столичные агломерации,Столичные агломерации и центры с высокими тратами,Столичные агломерации и центры с высокими тратами,Столичные агломерации и центры с высокими тратами,False,0.251,0.068
679,Сосновоборск,Красноярский край,городской округ,04-733-000-000,Города,Города и промышленные центры,Города и промышленные центры,Города и промышленные центры,False,0.108,0.253
680,Шарыпово,Красноярский край,городской округ,04-740-000-000,Города,Города и промышленные центры,Города и промышленные центры,Города и промышленные центры,False,0.216,0.276
683,Абанский,Красноярский край,муниципальный район,04-601-000-000,Сельская Россия,Аграрная периферия с летним пиком,Аграрная периферия с летним пиком,Глубинка европейской части и Урала,True,0.518,0.182
685,Балахтинский,Красноярский край,муниципальный район,04-604-000-000,Города,Города и промышленные центры,Аграрная периферия с летним пиком,Города и промышленные центры,False,0.094,0.219
686,Березовский,Красноярский край,муниципальный район,04-605-000-000,Города,Удалённая Сибирь и горы,Удалённая Сибирь и горы,Города и промышленные центры,True,0.169,0.268
687,Бирилюсский,Красноярский край,муниципальный район,04-606-000-000,Сельская Россия,Аграрная периферия с летним пиком,Глубинка европейской части и Урала,Аграрная периферия с летним пиком,True,0.286,0.325
689,Богучанский,Красноярский край,муниципальный район,04-609-000-000,Города,Города и промышленные центры,Города и промышленные центры,Города и промышленные центры,False,0.282,0.067
690,Большемуртинский,Красноярский край,муниципальный район,04-610-000-000,Сельская Россия,Аграрная периферия с летним пиком,Аграрная периферия с летним пиком,Аграрная периферия с летним пиком,False,0.178,0.361
691,Большеулуйский,Красноярский край,муниципальный район,04-611-000-000,Сельская Россия,Аграрная периферия с летним пиком,Аграрная периферия с летним пиком,Аграрная периферия с летним пиком,False,0.119,0.181
692,Дзержинский,Красноярский край,муниципальный район,04-613-000-000,Сельская Россия,Аграрная периферия с летним пиком,Аграрная периферия с летним пиком,Аграрная периферия с летним пиком,False,0.077,0.174
693,Емельяновский,Красноярский край,муниципальный район,04-614-000-000,Города,Города и промышленные центры,Удалённая Сибирь и горы,Города и промышленные центры,False,0.017,0.134
694,Енисейский,Красноярский край,муниципальный район,04-615-000-000,Сельская Россия,Глубинка европейской части и Урала,Города и промышленные центры,Аграрная периферия с летним пиком,False,0.03,0.132
695,Ермаковский,Красноярский край,муниципальный район,04-616-000-000,Сельская Россия,Аграрная периферия с летним пиком,Аграрная периферия с летним пиком,Глубинка европейской части и Урала,False,0.159,0.046
696,Идринский,Красноярский край,муниципальный район,04-617-000-000,Сельская Россия,Аграрная периферия с летним пиком,Аграрная периферия с летним пиком,Глубинка европейской части и Урала,False,0.064,0.163
697,Иланский,Красноярский край,муниципальный район,04-618-000-000,Сельская Россия,Глубинка европейской части и Урала,Аграрная периферия с летним пиком,Глубинка европейской части и Урала,False,0.016,0.201
698,Ирбейский,Красноярский край,муниципальный район,04-619-000-000,Сельская Россия,Аграрная периферия с летним пиком,Аграрная периферия с летним пиком,Аграрная периферия с летним пиком,False,0.133,0.141
699,Казачинский,Красноярский край,муниципальный район,04-620-000-000,Сельская Россия,Аграрная периферия с летним пиком,Аграрная периферия с летним пиком,Глубинка европейской части и Урала,False,0.211,0.056
701,Каратузский,Красноярский край,муниципальный район,04-622-000-000,Сельская Россия,Аграрная периферия с летним пиком,Аграрная периферия с летним пиком,Глубинка европейской части и Урала,False,0.144,0.166
702,Кежемский,Красноярский край,муниципальный район,04-624-000-000,Города,Города и промышленные центры,Города и промышленные центры,Города и промышленные центры,False,0.229,0.144
703,Козульский,Красноярский край,муниципальный район,04-626-000-000,Сельская Россия,Аграрная периферия с летним пиком,Аграрная периферия с летним пиком,Аграрная периферия с летним пиком,False,0.214,0.283
704,Краснотуранский,Красноярский край,муниципальный район,04-628-000-000,Сельская Россия,Аграрная периферия с летним пиком,Аграрная периферия с летним пиком,Глубинка европейской части и Урала,True,0.194,0.186
705,Курагинский,Красноярский край,муниципальный район,04-630-000-000,Сельская Россия,Аграрная периферия с летним пиком,Аграрная периферия с летним пиком,Глубинка европейской части и Урала,False,0.217,0.018
706,Манский,Красноярский край,муниципальный район,04-631-000-000,Сельская Россия,Аграрная периферия с летним пиком,Глубинка европейской части и Урала,Аграрная периферия с летним пиком,False,0.122,0.248
708,Мотыгинский,Красноярский край,муниципальный район,04-635-000-000,Север,Удалённая Сибирь и горы,Удалённая Сибирь и горы,Удалённая Сибирь и горы,False,0.239,0.106
710,Нижнеингашский,Красноярский край,муниципальный район,04-639-000-000,Сельская Россия,Аграрная периферия с летним пиком,Аграрная периферия с летним пиком,Аграрная периферия с летним пиком,False,0.256,0.174
711,Новоселовский,Красноярский край,муниципальный район,04-641-000-000,Сельская Россия,Аграрная периферия с летним пиком,Аграрная периферия с летним пиком,Аграрная периферия с летним пиком,False,0.356,0.047
712,Партизанский,Красноярский край,муниципальный район,04-643-000-000,Сельская Россия,Аграрная периферия с летним пиком,Аграрная периферия с летним пиком,Аграрная периферия с летним пиком,False,0.296,0.13
713,Пировский,Красноярский край,муниципальный округ,04-545-000-000,Сельская Россия,Аграрная периферия с летним пиком,Аграрная периферия с летним пиком,Аграрная периферия с летним пиком,False,0.327,0.337
714,Рыбинский,Красноярский край,муниципальный район,04-647-000-000,Сельская Россия,Аграрная периферия с летним пиком,Аграрная периферия с летним пиком,Глубинка европейской части и Урала,False,0.199,0.016
715,Саянский,Красноярский край,муниципальный район,04-648-000-000,Сельская Россия,Аграрная периферия с летним пиком,Аграрная периферия с летним пиком,Аграрная периферия с летним пиком,False,0.324,0.314
716,Северо-Енисейский,Красноярский край,муниципальный район,04-649-000-000,Города,Города и промышленные центры,Города и промышленные центры,Города и промышленные центры,False,0.162,0.229
717,Сухобузимский,Красноярский край,муниципальный район,04-651-000-000,Сельская Россия,Аграрная периферия с летним пиком,Аграрная периферия с летним пиком,Глубинка европейской части и Урала,False,0.295,0.124
718,Таймырский Долгано-Ненецкий,Красноярский край,муниципальный район,04-653-000-000,Север,Арктика и Крайний Север,Арктика и Крайний Север,Арктика и Крайний Север,False,0.469,0.553
719,Тасеевский,Красноярский край,муниципальный район,04-652-000-000,Сельская Россия,Аграрная периферия с летним пиком,Аграрная периферия с летним пиком,Глубинка европейской части и Урала,False,0.376,0.007
720,Туруханский,Красноярский край,муниципальный район,04-654-000-000,Север,Арктика и Крайний Север,Арктика и Крайний Север,Арктика и Крайний Север,False,0.551,0.542
721,Тюхтетский,Красноярский край,муниципальный округ,04-555-000-000,Сельская Россия,Аграрная периферия с летним пиком,Аграрная периферия с летним пиком,Удалённая Сибирь и горы,True,0.188,0.183
722,Ужурский,Красноярский край,муниципальный район,04-656-000-000,Города,Города и промышленные центры,Города и промышленные центры,Города и промышленные центры,False,0.024,0.035
723,Уярский,Красноярский край,муниципальный район,04-657-000-000,Сельская Россия,Аграрная периферия с летним пиком,Аграрная периферия с летним пиком,Глубинка европейской части и Урала,True,0.275,0.21
725,Шушенский,Красноярский край,муниципальный район,04-659-000-000,Города,Города и промышленные центры,Города и промышленные центры,Города и промышленные центры,False,0.014,0.197
726,Эвенкийский,Красноярский край,муниципальный район,04-650-000-000,Север,Арктика и Крайний Север,Арктика и Крайний Север,Арктика и Крайний Север,False,0.49,0.558
727,Пермский,Пермский край,городской округ,57-701-000-000,Города,Города и промышленные центры,Города и промышленные центры,Столичные агломерации и центры с высокими тратами,False,0.029,0.017
731,Лысьвенский,Пермский край,городской округ,57-726-000-000,Города,Города и промышленные центры,Города и промышленные центры,Города и промышленные центры,False,0.09,0.153
734,Александровский,Пермский край,муниципальный округ,57-502-000-000,Сельская Россия,Глубинка европейской части и Урала,Аграрная периферия с летним пиком,Глубинка европейской части и Урала,False,0.027,0.135
735,Бардымский,Пермский край,муниципальный округ,57-503-000-000,Сельская Россия,Аграрная периферия с летним пиком,Аграрная периферия с летним пиком,Аграрная периферия с летним пиком,False,0.098,0.096
736,Березовский,Пермский край,муниципальный округ,57-506-000-000,Сельская Россия,Аграрная периферия с летним пиком,Глубинка европейской части и Урала,Глубинка европейской части и Урала,False,0.235,0.018
737,Большесосновский,Пермский край,муниципальный округ,57-508-000-000,Сельская Россия,Аграрная периферия с летним пиком,Аграрная периферия с летним пиком,Аграрная периферия с летним пиком,False,0.135,0.042
738,Верещагинский,Пермский край,городской округ,57-712-000-000,Сельская Россия,Аграрная периферия с летним пиком,Аграрная периферия с летним пиком,Глубинка европейской части и Урала,False,0.136,0.077
739,Горнозаводский,Пермский край,городской округ,57-714-000-000,Города,Глубинка европейской части и Урала,Города и промышленные центры,Глубинка европейской части и Урала,False,0.013,0.061
741,Добрянский,Пермский край,городской округ,57-718-000-000,Города,Города и промышленные центры,Города и промышленные центры,Города и промышленные центры,False,0.144,0.092
742,Еловский,Пермский край,муниципальный округ,57-518-000-000,Сельская Россия,Аграрная периферия с летним пиком,Аграрная периферия с летним пиком,Аграрная периферия с летним пиком,False,0.254,0.36
743,Ильинский,Пермский край,городской округ,57-759-000-000,Сельская Россия,Глубинка европейской части и Урала,Глубинка европейской части и Урала,Глубинка европейской части и Урала,False,0.128,0.315
744,Карагайский,Пермский край,муниципальный округ,57-522-000-000,Сельская Россия,Аграрная периферия с летним пиком,Аграрная периферия с летним пиком,Глубинка европейской части и Урала,True,0.289,0.212
745,Кизел,Пермский край,городской округ,57-719-000-000,Сельская Россия,Глубинка европейской части и Урала,Аграрная периферия с летним пиком,Глубинка европейской части и Урала,False,0.027,0.149
746,Кишертский,Пермский край,муниципальный округ,57-524-000-000,Сельская Россия,Глубинка европейской части и Урала,Глубинка европейской части и Урала,Аграрная периферия с летним пиком,True,0.268,0.177
747,Красновишерский,Пермский край,городской округ,57-760-000-000,Сельская Россия,Глубинка европейской части и Урала,Аграрная периферия с летним пиком,Глубинка европейской части и Урала,False,0.198,0.109
748,Краснокамский,Пермский край,городской округ,57-720-000-000,Города,Города и промышленные центры,Города и промышленные центры,Города и промышленные центры,False,0.221,0.294
749,Куединский,Пермский край,муниципальный округ,57-529-000-000,Сельская Россия,Аграрная периферия с летним пиком,Аграрная периферия с летним пиком,Аграрная периферия с летним пиком,False,0.442,0.148
751,Нытвенский,Пермский край,городской округ,57-727-000-000,Сельская Россия,Глубинка европейской части и Урала,Аграрная периферия с летним пиком,Глубинка европейской части и Урала,False,0.104,0.208
752,Октябрьский,Пермский край,городской округ,57-761-000-000,Сельская Россия,Аграрная периферия с летним пиком,Глубинка европейской части и Урала,Глубинка европейской части и Урала,False,0.119,0.025
753,Ординский,Пермский край,муниципальный округ,57-538-000-000,Сельская Россия,Аграрная периферия с летним пиком,Аграрная периферия с летним пиком,Глубинка европейской части и Урала,False,0.011,0.057
754,Осинский,Пермский край,городской округ,57-728-000-000,Города,Города и промышленные центры,Города и промышленные центры,Города и промышленные центры,False,0.099,0.016
755,Оханский,Пермский край,городской округ,57-729-000-000,Сельская Россия,Глубинка европейской части и Урала,Аграрная периферия с летним пиком,Глубинка европейской части и Урала,True,0.155,0.356
756,Очерский,Пермский край,городской округ,57-762-000-000,Сельская Россия,Аграрная периферия с летним пиком,Аграрная периферия с летним пиком,Глубинка европейской части и Урала,False,0.136,0.12
757,Пермский,Пермский край,муниципальный округ,57-546-000-000,Города,Города и промышленные центры,Города и промышленные центры,Города и промышленные центры,False,0.054,0.16
758,Сивинский,Пермский край,муниципальный округ,57-548-000-000,Сельская Россия,Аграрная периферия с летним пиком,Аграрная периферия с летним пиком,Глубинка европейской части и Урала,False,0.355,0.093
760,Суксунский,Пермский край,городской округ,57-731-000-000,Сельская Россия,Аграрная периферия с летним пиком,Глубинка европейской части и Урала,Аграрная периферия с летним пиком,False,0.009,0.322
761,Уинский,Пермский край,муниципальный округ,57-552-000-000,Сельская Россия,Аграрная периферия с летним пиком,Глубинка европейской части и Урала,Аграрная периферия с летним пиком,False,0.163,0.074
763,Чайковский,Пермский край,городской округ,57-735-000-000,Города,Города и промышленные центры,Города и промышленные центры,Города и промышленные центры,False,0.196,0.333
764,Частинский,Пермский край,муниципальный округ,57-555-000-000,Сельская Россия,Глубинка европейской части и Урала,Аграрная периферия с летним пиком,Глубинка европейской части и Урала,True,0.177,0.263
765,Чердынский,Пермский край,городской округ,57-756-000-000,Сельская Россия,Аграрная периферия с летним пиком,Глубинка европейской части и Урала,Глубинка европейской части и Урала,False,0.036,0.026
766,Чернушинский,Пермский край,городской округ,57-757-000-000,Города,Города и промышленные центры,Города и промышленные центры,Города и промышленные центры,False,0.109,0.281
767,Чусовской,Пермский край,городской округ,57-758-000-000,Города,Города и промышленные центры,Города и промышленные центры,Города и промышленные центры,False,0.192,0.338
769,Гайнский,Пермский край,муниципальный округ,57-513-000-000,Сельская Россия,Аграрная периферия с летним пиком,Аграрная периферия с летним пиком,Аграрная периферия с летним пиком,False,0.317,0.284
770,Косинский,Пермский край,муниципальный округ,57-525-000-000,Сельская Россия,Аграрная периферия с летним пиком,Аграрная периферия с летним пиком,Аграрная периферия с летним пиком,False,0.064,0.257
771,Кочевский,Пермский край,муниципальный округ,57-526-000-000,Сельская Россия,Аграрная периферия с летним пиком,Аграрная периферия с летним пиком,Глубинка европейской части и Урала,False,0.019,0.216
773,Юрлинский,Пермский край,муниципальный округ,57-559-000-000,Сельская Россия,Аграрная периферия с летним пиком,Аграрная периферия с летним пиком,Удалённая Сибирь и горы,False,0.144,0.043
774,Юсьвинский,Пермский край,муниципальный округ,57-560-000-000,Сельская Россия,Глубинка европейской части и Урала,Глубинка европейской части и Урала,Глубинка европейской части и Урала,False,0.162,0.313
775,Владивостокский,Приморский край,городской округ,05-701-000-000,Столичные агломерации,Столичные агломерации и центры с высокими тратами,Столичные агломерации и центры с высокими тратами,Столичные агломерации и центры с высокими тратами,False,0.194,0.265
776,Арсеньевский,Приморский край,городской округ,05-703-000-000,Города,Города и промышленные центры,Города и промышленные центры,Города и промышленные центры,False,0.068,0.13
777,Артемовский,Приморский край,городской округ,05-705-000-000,Столичные агломерации,Столичные агломерации и центры с высокими тратами,Столичные агломерации и центры с высокими тратами,Столичные агломерации и центры с высокими тратами,False,0.059,0.108
778,Большой Камень,Приморский край,городской округ,05-706-000-000,Столичные агломерации,Города и промышленные центры,Города и промышленные центры,Города и промышленные центры,False,0.03,0.041
779,Дальнегорский,Приморский край,городской округ,05-707-000-000,Города,Города и промышленные центры,Города и промышленные центры,Города и промышленные центры,False,0.016,0.134
780,Дальнереченский,Приморский край,городской округ,05-708-000-000,Города,Города и промышленные центры,Города и промышленные центры,Города и промышленные центры,False,0.063,0.285
781,Лесозаводский,Приморский край,городской округ,05-711-000-000,Города,Города и промышленные центры,Города и промышленные центры,Города и промышленные центры,False,0.105,0.179
782,Находкинский,Приморский край,городской округ,05-714-000-000,Столичные агломерации,Столичные агломерации и центры с высокими тратами,Столичные агломерации и центры с высокими тратами,Столичные агломерации и центры с высокими тратами,False,0.056,0.112
783,Партизанский,Приморский край,городской округ,05-717-000-000,Сельская Россия,Глубинка европейской части и Урала,Аграрная периферия с летним пиком,Глубинка европейской части и Урала,False,0.1,0.006
784,Спасск-Дальний,Приморский край,городской округ,05-720-000-000,Города,Города и промышленные центры,Города и промышленные центры,Города и промышленные центры,False,0.064,0.213
785,Уссурийский,Приморский край,городской округ,05-723-000-000,Столичные агломерации,Столичные агломерации и центры с высокими тратами,Столичные агломерации и центры с высокими тратами,Столичные агломерации и центры с высокими тратами,False,0.089,0.136
787,Анучинский,Приморский край,муниципальный округ,05-502-000-000,Сельская Россия,Глубинка европейской части и Урала,Глубинка европейской части и Урала,Аграрная периферия с летним пиком,False,0.242,0.053
788,Дальнереченский,Приморский край,муниципальный район,05-607-000-000,Города,Удалённая Сибирь и горы,Удалённая Сибирь и горы,Удалённая Сибирь и горы,False,0.15,0.034
789,Кавалеровский,Приморский край,муниципальный округ,05-510-000-000,Города,Города и промышленные центры,Города и промышленные центры,Города и промышленные центры,False,0.089,0.16
790,Кировский,Приморский край,муниципальный район,05-612-000-000,Города,Города и промышленные центры,Аграрная периферия с летним пиком,Глубинка европейской части и Урала,False,0.069,0.048
791,Красноармейский,Приморский край,муниципальный округ,05-514-000-000,Сельская Россия,Аграрная периферия с летним пиком,Аграрная периферия с летним пиком,Аграрная периферия с летним пиком,False,0.106,0.275
792,Лазовский,Приморский край,муниципальный округ,05-517-000-000,Сельская Россия,Аграрная периферия с летним пиком,Аграрная периферия с летним пиком,Аграрная периферия с летним пиком,False,0.149,0.132
793,Михайловский,Приморский край,муниципальный район,05-620-000-000,Сельская Россия,Глубинка европейской части и Урала,Глубинка европейской части и Урала,Аграрная периферия с летним пиком,False,0.177,0.039
794,Надеждинский,Приморский край,муниципальный район,05-623-000-000,Города,Города и промышленные центры,Города и промышленные центры,Города и промышленные центры,False,0.041,0.13
795,Октябрьский,Приморский край,муниципальный округ,05-526-000-000,Сельская Россия,Глубинка европейской части и Урала,Глубинка европейской части и Урала,Глубинка европейской части и Урала,False,0.206,0.206
796,Ольгинский,Приморский край,муниципальный округ,05-528-000-000,Сельская Россия,Аграрная периферия с летним пиком,Аграрная периферия с летним пиком,Удалённая Сибирь и горы,False,0.033,0.151
797,Партизанский,Приморский край,муниципальный округ,05-530-000-000,Города,Города и промышленные центры,Аграрная периферия с летним пиком,Города и промышленные центры,False,0.025,0.111
798,Пограничный,Приморский край,муниципальный округ,05-532-000-000,Города,Глубинка европейской части и Урала,Глубинка европейской части и Урала,Глубинка европейской части и Урала,False,0.045,0.04
799,Пожарский,Приморский край,муниципальный округ,05-534-000-000,Города,Города и промышленные центры,Города и промышленные центры,Города и промышленные центры,False,0.041,0.093
800,Спасский,Приморский край,муниципальный район,05-637-000-000,Города,Города и промышленные центры,Аграрная периферия с летним пиком,Города и промышленные центры,False,0.079,0.059
801,Тернейский,Приморский край,муниципальный округ,05-540-000-000,Города,Города и промышленные центры,Удалённая Сибирь и горы,Города и промышленные центры,False,0.045,0.173
802,Ханкайский,Приморский край,муниципальный округ,05-546-000-000,Сельская Россия,Аграрная периферия с летним пиком,Аграрная периферия с летним пиком,Аграрная периферия с летним пиком,False,0.203,0.196
803,Хасанский,Приморский край,муниципальный округ,05-548-000-000,Города,Города и промышленные центры,Города и промышленные центры,Города и промышленные центры,False,0.019,0.184
804,Хорольский,Приморский край,муниципальный округ,05-550-000-000,Сельская Россия,Аграрная периферия с летним пиком,Глубинка европейской части и Урала,Аграрная периферия с летним пиком,False,0.191,0.011
805,Черниговский,Приморский край,муниципальный округ,05-553-000-000,Города,Города и промышленные центры,Глубинка европейской части и Урала,Города и промышленные центры,False,0.043,0.047
806,Чугуевский,Приморский край,муниципальный округ,05-555-000-000,Города,Города и промышленные центры,Города и промышленные центры,Города и промышленные центры,False,0.089,0.165
807,Шкотовский,Приморский край,муниципальный округ,05-557-000-000,Города,Глубинка европейской части и Урала,Города и промышленные центры,Города и промышленные центры,False,0.035,0.006
808,Яковлевский,Приморский край,муниципальный округ,05-559-000-000,Сельская Россия,Аграрная периферия с летним пиком,Аграрная периферия с летним пиком,Глубинка европейской части и Урала,False,0.142,0.296
809,Ставрополь,Ставропольский край,городской округ,07-701-000-000,Города,Города и промышленные центры,Города и промышленные центры,Города и промышленные центры,False,0.045,0.051
810,Благодарненский,Ставропольский край,муниципальный округ,07-510-000-000,Сельская Россия,Аграрная периферия с летним пиком,Аграрная периферия с летним пиком,Аграрная периферия с летним пиком,False,0.198,0.104
811,Георгиевский,Ставропольский край,муниципальный округ,07-515-000-000,Города,Города и промышленные центры,Города и промышленные центры,Города и промышленные центры,False,0.006,0.131
812,Ессентуки,Ставропольский край,городской округ,07-710-000-000,Города,Города и промышленные центры,Города и промышленные центры,Города и промышленные центры,False,0.07,0.108
813,Железноводск,Ставропольский край,городской округ,07-712-000-000,Города,Города и промышленные центры,Города и промышленные центры,Города и промышленные центры,False,0.106,0.175
814,Изобильненский,Ставропольский край,муниципальный округ,07-520-000-000,Сельская Россия,Глубинка европейской части и Урала,Аграрная периферия с летним пиком,Города и промышленные центры,False,0.014,0.038
815,Ипатовский,Ставропольский край,муниципальный округ,07-522-000-000,Сельская Россия,Аграрная периферия с летним пиком,Аграрная периферия с летним пиком,Глубинка европейской части и Урала,False,0.198,0.031
817,Кировский,Ставропольский край,муниципальный округ,07-525-000-000,Сельская Россия,Глубинка европейской части и Урала,Глубинка европейской части и Урала,Глубинка европейской части и Урала,False,0.043,0.094
818,Лермонтов,Ставропольский край,городской округ,07-718-000-000,Города,Города и промышленные центры,Города и промышленные центры,Города и промышленные центры,False,0.134,0.236
819,Минераловодский,Ставропольский край,муниципальный округ,07-539-000-000,Города,Города и промышленные центры,Города и промышленные центры,Города и промышленные центры,False,0.089,0.221
820,Невинномысск,Ставропольский край,городской округ,07-724-000-000,Города,Города и промышленные центры,Города и промышленные центры,Города и промышленные центры,False,0.091,0.201
821,Нефтекумский,Ставропольский край,муниципальный округ,07-541-000-000,Сельская Россия,Аграрная периферия с летним пиком,Аграрная периферия с летним пиком,Аграрная периферия с летним пиком,False,0.096,0.109
822,Новоалександровский,Ставропольский край,муниципальный округ,07-543-000-000,Сельская Россия,Аграрная периферия с летним пиком,Аграрная периферия с летним пиком,Аграрная периферия с летним пиком,False,0.008,0.249
823,Петровский,Ставропольский край,муниципальный округ,07-546-000-000,Сельская Россия,Аграрная периферия с летним пиком,Аграрная периферия с летним пиком,Аграрная периферия с летним пиком,False,0.115,0.014
824,Пятигорск,Ставропольский край,городской округ,07-727-000-000,Города,Города и промышленные центры,Города и промышленные центры,Города и промышленные центры,False,0.027,0.032
825,Советский,Ставропольский край,муниципальный округ,07-550-000-000,Сельская Россия,Аграрная периферия с летним пиком,Аграрная периферия с летним пиком,Глубинка европейской части и Урала,False,0.124,0.093
826,Александровский,Ставропольский край,муниципальный округ,07-502-000-000,Сельская Россия,Аграрная периферия с летним пиком,Аграрная периферия с летним пиком,Аграрная периферия с летним пиком,False,0.302,0.061
827,Андроповский,Ставропольский край,муниципальный округ,07-503-000-000,Сельская Россия,Аграрная периферия с летним пиком,Аграрная периферия с летним пиком,Аграрная периферия с летним пиком,False,0.383,0.169
828,Апанасенковский,Ставропольский край,муниципальный округ,07-505-000-000,Сельская Россия,Аграрная периферия с летним пиком,Аграрная периферия с летним пиком,Аграрная периферия с летним пиком,False,0.273,0.232
829,Арзгирский,Ставропольский край,муниципальный округ,07-507-000-000,Сельская Россия,Аграрная периферия с летним пиком,Аграрная периферия с летним пиком,Аграрная периферия с летним пиком,False,0.243,0.358
830,Будённовский,Ставропольский край,муниципальный округ,07-512-000-000,Города,Города и промышленные центры,Города и промышленные центры,Города и промышленные центры,False,0.033,0.149
831,Грачёвский,Ставропольский край,муниципальный округ,07-517-000-000,Сельская Россия,Глубинка европейской части и Урала,Глубинка европейской части и Урала,Глубинка европейской части и Урала,False,0.161,0.022
832,Кочубеевский,Ставропольский край,муниципальный округ,07-528-000-000,Сельская Россия,Глубинка европейской части и Урала,Аграрная периферия с летним пиком,Глубинка европейской части и Урала,False,0.061,0.152
833,Красногвардейский,Ставропольский край,муниципальный округ,07-530-000-000,Сельская Россия,Глубинка европейской части и Урала,Аграрная периферия с летним пиком,Глубинка европейской части и Урала,False,0.05,0.207
834,Курский,Ставропольский край,муниципальный округ,07-533-000-000,Сельская Россия,Аграрная периферия с летним пиком,Аграрная периферия с летним пиком,Аграрная периферия с летним пиком,False,0.2,0.138
835,Левокумский,Ставропольский край,муниципальный округ,07-536-000-000,Сельская Россия,Аграрная периферия с летним пиком,Аграрная периферия с летним пиком,Аграрная периферия с летним пиком,False,0.256,0.109
836,Новоселицкий,Ставропольский край,муниципальный округ,07-544-000-000,Сельская Россия,Аграрная периферия с летним пиком,Аграрная периферия с летним пиком,Глубинка европейской части и Урала,False,0.054,0.018
838,Степновский,Ставропольский край,муниципальный округ,07-552-000-000,Сельская Россия,Аграрная периферия с летним пиком,Аграрная периферия с летним пиком,Аграрная периферия с летним пиком,False,0.018,0.414
839,Труновский,Ставропольский край,муниципальный округ,07-554-000-000,Сельская Россия,Аграрная периферия с летним пиком,Аграрная периферия с летним пиком,Аграрная периферия с летним пиком,False,0.241,0.132
840,Туркменский,Ставропольский край,муниципальный округ,07-556-000-000,Сельская Россия,Аграрная периферия с летним пиком,Аграрная периферия с летним пиком,Аграрная периферия с летним пиком,False,0.185,0.426
841,Шпаковский,Ставропольский край,муниципальный округ,07-558-000-000,Города,Города и промышленные центры,Города и промышленные центры,Города и промышленные центры,False,0.036,0.18
842,Хабаровск,Хабаровский край,городской округ,08-701-000-000,Столичные агломерации,Столичные агломерации и центры с высокими тратами,Столичные агломерации и центры с высокими тратами,Столичные агломерации и центры с высокими тратами,False,0.168,0.222
843,Комсомольск-на-Амуре,Хабаровский край,городской округ,08-709-000-000,Столичные агломерации,Столичные агломерации и центры с высокими тратами,Столичные агломерации и центры с высокими тратами,Столичные агломерации и центры с высокими тратами,False,0.039,0.058
844,Амурский,Хабаровский край,муниципальный район,08-603-000-000,Города,Города и промышленные центры,Города и промышленные центры,Города и промышленные центры,False,0.264,0.27
846,Бикинский,Хабаровский край,муниципальный район,08-609-000-000,Города,Города и промышленные центры,Города и промышленные центры,Города и промышленные центры,False,0.322,0.395
847,Ванинский,Хабаровский край,муниципальный район,08-612-000-000,Города,Города и промышленные центры,Города и промышленные центры,Города и промышленные центры,False,0.159,0.263
848,Верхнебуреинский,Хабаровский край,муниципальный район,08-614-000-000,Север,Города и промышленные центры,Удалённая Сибирь и горы,Города и промышленные центры,False,0.014,0.152
849,Вяземский,Хабаровский край,муниципальный район,08-617-000-000,Сельская Россия,Аграрная периферия с летним пиком,Глубинка европейской части и Урала,Аграрная периферия с летним пиком,False,0.041,0.253
851,Лазо,Хабаровский край,муниципальный район,08-624-000-000,Сельская Россия,Глубинка европейской части и Урала,Глубинка европейской части и Урала,Глубинка европейской части и Урала,False,0.162,0.128
852,Нанайский,Хабаровский край,муниципальный район,08-628-000-000,Сельская Россия,Аграрная периферия с летним пиком,Аграрная периферия с летним пиком,Глубинка европейской части и Урала,False,0.097,0.181
853,Николаевский,Хабаровский край,муниципальный район,08-631-000-000,Города,Города и промышленные центры,Города и промышленные центры,Города и промышленные центры,False,0.007,0.221
854,Охотский,Хабаровский край,муниципальный округ,08-534-000-000,Север,Города и промышленные центры,Арктика и Крайний Север,Города и промышленные центры,False,0.042,0.043
855,Полины Осипенко,Хабаровский край,муниципальный район,08-637-000-000,Север,Удалённая Сибирь и горы,Удалённая Сибирь и горы,Удалённая Сибирь и горы,False,0.312,0.268
856,Советско-Гаванский,Хабаровский край,муниципальный район,08-642-000-000,Города,Города и промышленные центры,Города и промышленные центры,Города и промышленные центры,False,0.181,0.33
857,Солнечный,Хабаровский край,муниципальный район,08-644-000-000,Города,Глубинка европейской части и Урала,Глубинка европейской части и Урала,Глубинка европейской части и Урала,False,0.017,0.023
859,Ульчский,Хабаровский край,муниципальный район,08-650-000-000,Север,Удалённая Сибирь и горы,Удалённая Сибирь и горы,Арктика и Крайний Север,False,0.282,0.094
860,Хабаровский,Хабаровский край,муниципальный район,08-655-000-000,Столичные агломерации,Столичные агломерации и центры с высокими тратами,Столичные агломерации и центры с высокими тратами,Столичные агломерации и центры с высокими тратами,False,0.041,0.039
870,Архаринский,Амурская область,муниципальный округ,10-505-000-000,Города,Аграрная периферия с летним пиком,Аграрная периферия с летним пиком,Удалённая Сибирь и горы,False,0.074,0.061
871,Белогорский,Амурская область,муниципальный округ,10-508-000-000,Города,Города и промышленные центры,Удалённая Сибирь и горы,Города и промышленные центры,True,0.194,0.191
872,Благовещенский,Амурская область,муниципальный округ,10-511-000-000,Столичные агломерации,Столичные агломерации и центры с высокими тратами,Столичные агломерации и центры с высокими тратами,Столичные агломерации и центры с высокими тратами,False,0.064,0.134
873,Бурейский,Амурская область,муниципальный округ,10-515-000-000,Города,Города и промышленные центры,Города и промышленные центры,Города и промышленные центры,False,0.198,0.034
874,Завитинский,Амурская область,муниципальный округ,10-521-000-000,Сельская Россия,Аграрная периферия с летним пиком,Аграрная периферия с летним пиком,Аграрная периферия с летним пиком,False,0.186,0.011
875,Зейский,Амурская область,муниципальный округ,10-525-000-000,Города,Города и промышленные центры,Города и промышленные центры,Города и промышленные центры,False,0.144,0.367
876,Ивановский,Амурская область,муниципальный округ,10-528-000-000,Города,Удалённая Сибирь и горы,Удалённая Сибирь и горы,Удалённая Сибирь и горы,False,0.231,0.074
877,Константиновский,Амурская область,муниципальный район,10-630-000-000,Сельская Россия,Глубинка европейской части и Урала,Аграрная периферия с летним пиком,Глубинка европейской части и Урала,False,0.085,0.235
878,Магдагачинский,Амурская область,муниципальный район,10-631-000-000,Города,Города и промышленные центры,Города и промышленные центры,Города и промышленные центры,False,0.233,0.151
879,Мазановский,Амурская область,муниципальный район,10-632-000-000,Города,Удалённая Сибирь и горы,Удалённая Сибирь и горы,Удалённая Сибирь и горы,False,0.219,0.27
880,Михайловский,Амурская область,муниципальный район,10-635-000-000,Сельская Россия,Аграрная периферия с летним пиком,Удалённая Сибирь и горы,Глубинка европейской части и Урала,False,0.069,0.238
881,Октябрьский,Амурская область,муниципальный район,10-638-000-000,Города,Города и промышленные центры,Города и промышленные центры,Города и промышленные центры,False,0.222,0.311
882,Ромненский,Амурская область,муниципальный округ,10-540-000-000,Сельская Россия,Аграрная периферия с летним пиком,Удалённая Сибирь и горы,Глубинка европейской части и Урала,False,0.171,0.024
883,Свободненский,Амурская область,муниципальный район,10-642-000-000,Города,Города и промышленные центры,Города и промышленные центры,Города и промышленные центры,False,0.303,0.213
884,Селемджинский,Амурская область,муниципальный район,10-645-000-000,Города,Города и промышленные центры,Города и промышленные центры,Города и промышленные центры,False,0.148,0.096
885,Серышевский,Амурская область,муниципальный округ,10-547-000-000,Города,Удалённая Сибирь и горы,Города и промышленные центры,Города и промышленные центры,False,0.137,0.046
886,Сковородинский,Амурская область,муниципальный округ,10-549-000-000,Города,Города и промышленные центры,Города и промышленные центры,Города и промышленные центры,False,0.135,0.15
888,Тындинский,Амурская область,муниципальный округ,10-554-000-000,Города,Города и промышленные центры,Города и промышленные центры,Города и промышленные центры,False,0.067,0.291
889,Шимановский,Амурская область,муниципальный округ,10-555-000-000,Города,Удалённая Сибирь и горы,Удалённая Сибирь и горы,Удалённая Сибирь и горы,False,0.096,0.083
890,Архангельск,Архангельская область,городской округ,11-701-000-000,Столичные агломерации,Столичные агломерации и центры с высокими тратами,Столичные агломерации и центры с высокими тратами,Города и промышленные центры,False,0.049,0.015
891,Коряжма,Архангельская область,городской округ,11-708-000-000,Города,Глубинка европейской части и Урала,Города и промышленные центры,Глубинка европейской части и Урала,False,0.288,0.044
892,Котлас,Архангельская область,городской округ,11-710-000-000,Города,Города и промышленные центры,Города и промышленные центры,Города и промышленные центры,False,0.17,0.42
895,Новодвинск,Архангельская область,городской округ,11-715-000-000,Города,Глубинка европейской части и Урала,Глубинка европейской части и Урала,Глубинка европейской части и Урала,False,0.032,0.037
896,Северодвинск,Архангельская область,городской округ,11-730-000-000,Столичные агломерации,Столичные агломерации и центры с высокими тратами,Столичные агломерации и центры с высокими тратами,Столичные агломерации и центры с высокими тратами,False,0.128,0.054
897,Вельский,Архангельская область,муниципальный район,11-605-000-000,Города,Города и промышленные центры,Города и промышленные центры,Города и промышленные центры,False,0.235,0.295
898,Верхнетоемский,Архангельская область,муниципальный округ,11-508-000-000,Сельская Россия,Аграрная периферия с летним пиком,Аграрная периферия с летним пиком,Аграрная периферия с летним пиком,False,0.208,0.098
899,Вилегодский,Архангельская область,муниципальный округ,11-511-000-000,Сельская Россия,Глубинка европейской части и Урала,Города и промышленные центры,Глубинка европейской части и Урала,False,0.015,0.107
900,Виноградовский,Архангельская область,муниципальный округ,11-514-000-000,Сельская Россия,Аграрная периферия с летним пиком,Аграрная периферия с летним пиком,Аграрная периферия с летним пиком,False,0.086,0.108
901,Каргопольский,Архангельская область,муниципальный округ,11-518-000-000,Города,Города и промышленные центры,Города и промышленные центры,Аграрная периферия с летним пиком,False,0.025,0.049
902,Коношский,Архангельская область,муниципальный район,11-622-000-000,Города,Города и промышленные центры,Города и промышленные центры,Удалённая Сибирь и горы,False,0.167,0.064
903,Котласский,Архангельская область,муниципальный округ,11-527-000-000,Города,Глубинка европейской части и Урала,Города и промышленные центры,Глубинка европейской части и Урала,False,0.169,0.147
904,Красноборский,Архангельская область,муниципальный округ,11-530-000-000,Сельская Россия,Глубинка европейской части и Урала,Глубинка европейской части и Урала,Аграрная периферия с летним пиком,False,0.093,0.053
905,Ленский,Архангельская область,муниципальный район,11-635-000-000,Города,Города и промышленные центры,Города и промышленные центры,Города и промышленные центры,False,0.211,0.162
907,Мезенский,Архангельская область,муниципальный округ,11-542-000-000,Север,Аграрная периферия с летним пиком,Удалённая Сибирь и горы,Аграрная периферия с летним пиком,False,0.06,0.147
908,Няндомский,Архангельская область,муниципальный округ,11-544-000-000,Города,Города и промышленные центры,Города и промышленные центры,Города и промышленные центры,False,0.215,0.14
909,Онежский,Архангельская область,муниципальный район,11-646-000-000,Города,Города и промышленные центры,Города и промышленные центры,Города и промышленные центры,False,0.176,0.133
911,Плесецкий,Архангельская область,муниципальный округ,11-550-000-000,Города,Города и промышленные центры,Города и промышленные центры,Города и промышленные центры,False,0.204,0.19
912,Приморский,Архангельская область,муниципальный округ,11-552-000-000,Города,Города и промышленные центры,Удалённая Сибирь и горы,Города и промышленные центры,False,0.049,0.23
913,Устьянский,Архангельская область,муниципальный округ,11-554-000-000,Города,Города и промышленные центры,Города и промышленные центры,Города и промышленные центры,False,0.226,0.111
914,Холмогорский,Архангельская область,муниципальный округ,11-556-000-000,Сельская Россия,Глубинка европейской части и Урала,Глубинка европейской части и Урала,Глубинка европейской части и Урала,False,0.166,0.094
915,Шенкурский,Архангельская область,муниципальный округ,11-558-000-000,Сельская Россия,Аграрная периферия с летним пиком,Аграрная периферия с летним пиком,Глубинка европейской части и Урала,False,0.105,0.083
916,Нарьян-Мар,Ненецкий автономный округ,городской округ,11-851-000-000,Север,Арктика и Крайний Север,Арктика и Крайний Север,Арктика и Крайний Север,False,0.32,0.186
917,Заполярный,Ненецкий автономный округ,муниципальный район,11-811-000-000,Север,Арктика и Крайний Север,Арктика и Крайний Север,Арктика и Крайний Север,False,0.395,0.416
918,Астрахань,Астраханская область,городской округ,12-701-000-000,Города,Города и промышленные центры,Города и промышленные центры,Города и промышленные центры,False,0.101,0.241
920,Ахтубинский,Астраханская область,муниципальный район,12-605-000-000,Сельская Россия,Глубинка европейской части и Урала,Аграрная периферия с летним пиком,Глубинка европейской части и Урала,False,0.095,0.215
922,Енотаевский,Астраханская область,муниципальный район,12-615-000-000,Сельская Россия,Аграрная периферия с летним пиком,Глубинка европейской части и Урала,Аграрная периферия с летним пиком,False,0.106,0.34
923,Икрянинский,Астраханская область,муниципальный район,12-620-000-000,Сельская Россия,Глубинка европейской части и Урала,Аграрная периферия с летним пиком,Аграрная периферия с летним пиком,False,0.199,0.087
924,Камызякский,Астраханская область,муниципальный район,12-625-000-000,Сельская Россия,Аграрная периферия с летним пиком,Глубинка европейской части и Урала,Аграрная периферия с летним пиком,False,0.121,0.336
925,Красноярский,Астраханская область,муниципальный район,12-630-000-000,Сельская Россия,Глубинка европейской части и Урала,Глубинка европейской части и Урала,Аграрная периферия с летним пиком,False,0.146,0.07
926,Лиманский,Астраханская область,муниципальный район,12-635-000-000,Сельская Россия,Аграрная периферия с летним пиком,Аграрная периферия с летним пиком,Аграрная периферия с летним пиком,False,0.379,0.17
927,Наримановский,Астраханская область,муниципальный район,12-640-000-000,Города,Удалённая Сибирь и горы,Удалённая Сибирь и горы,Города и промышленные центры,False,0.054,0.023
928,Приволжский,Астраханская область,муниципальный район,12-642-000-000,Города,Удалённая Сибирь и горы,Удалённая Сибирь и горы,Города и промышленные центры,False,0.128,0.062
929,Харабалинский,Астраханская область,муниципальный район,12-645-000-000,Сельская Россия,Аграрная периферия с летним пиком,Аграрная периферия с летним пиком,Глубинка европейской части и Урала,False,0.192,0.129
930,Черноярский,Астраханская область,муниципальный район,12-650-000-000,Сельская Россия,Глубинка европейской части и Урала,Глубинка европейской части и Урала,Аграрная периферия с летним пиком,False,0.026,0.03
986,Владимир,Владимирская область,городской округ,17-701-000-000,Города,Города и промышленные центры,Города и промышленные центры,Города и промышленные центры,False,0.066,0.057
987,Гусь-Хрустальный,Владимирская область,городской округ,17-720-000-000,Города,Города и промышленные центры,Города и промышленные центры,Города и промышленные центры,False,0.14,0.138
988,Ковров,Владимирская область,городской округ,17-725-000-000,Города,Города и промышленные центры,Города и промышленные центры,Города и промышленные центры,False,0.148,0.165
989,Муром,Владимирская область,городской округ,17-735-000-000,Города,Города и промышленные центры,Города и промышленные центры,Города и промышленные центры,False,0.111,0.202
991,Александровский,Владимирская область,муниципальный район,17-605-000-000,Города,Города и промышленные центры,Города и промышленные центры,Города и промышленные центры,False,0.21,0.198
992,Вязниковский,Владимирская область,муниципальный район,17-610-000-000,Города,Города и промышленные центры,Города и промышленные центры,Города и промышленные центры,False,0.007,0.167
993,Гороховецкий,Владимирская область,муниципальный район,17-615-000-000,Сельская Россия,Глубинка европейской части и Урала,Аграрная периферия с летним пиком,Глубинка европейской части и Урала,False,0.052,0.158
994,Гусь-Хрустальный,Владимирская область,муниципальный район,17-620-000-000,Сельская Россия,Глубинка европейской части и Урала,Глубинка европейской части и Урала,Глубинка европейской части и Урала,False,0.093,0.194
995,Камешковский,Владимирская область,муниципальный район,17-625-000-000,Сельская Россия,Глубинка европейской части и Урала,Глубинка европейской части и Урала,Глубинка европейской части и Урала,False,0.097,0.24
996,Киржачский,Владимирская область,муниципальный район,17-630-000-000,Города,Города и промышленные центры,Города и промышленные центры,Города и промышленные центры,False,0.208,0.314
998,Кольчугинский,Владимирская область,муниципальный район,17-640-000-000,Города,Города и промышленные центры,Города и промышленные центры,Города и промышленные центры,False,0.152,0.24
999,Меленковский,Владимирская область,муниципальный район,17-642-000-000,Сельская Россия,Глубинка европейской части и Урала,Глубинка европейской части и Урала,Глубинка европейской части и Урала,False,0.152,0.43
1001,Петушинский,Владимирская область,муниципальный район,17-646-000-000,Города,Города и промышленные центры,Города и промышленные центры,Города и промышленные центры,False,0.178,0.216
1002,Селивановский,Владимирская область,муниципальный район,17-648-000-000,Сельская Россия,Глубинка европейской части и Урала,Глубинка европейской части и Урала,Глубинка европейской части и Урала,False,0.219,0.276
1003,Собинский,Владимирская область,муниципальный район,17-650-000-000,Сельская Россия,Глубинка европейской части и Урала,Глубинка европейской части и Урала,Глубинка европейской части и Урала,False,0.05,0.103
1004,Судогодский,Владимирская область,муниципальный район,17-652-000-000,Сельская Россия,Глубинка европейской части и Урала,Глубинка европейской части и Урала,Глубинка европейской части и Урала,False,0.121,0.336
1005,Суздальский,Владимирская область,муниципальный район,17-654-000-000,Города,Города и промышленные центры,Города и промышленные центры,Города и промышленные центры,False,0.176,0.211
1006,Юрьев-Польский,Владимирская область,муниципальный район,17-656-000-000,Сельская Россия,Глубинка европейской части и Урала,Глубинка европейской части и Урала,Глубинка европейской части и Урала,False,0.05,0.201
1007,Волгоград,Волгоградская область,городской округ,18-701-000-000,Города,Города и промышленные центры,Города и промышленные центры,Города и промышленные центры,False,0.097,0.117
1008,Волжский,Волгоградская область,городской округ,18-710-000-000,Города,Города и промышленные центры,Города и промышленные центры,Города и промышленные центры,False,0.101,0.223
1009,Камышин,Волгоградская область,городской округ,18-715-000-000,Города,Города и промышленные центры,Города и промышленные центры,Города и промышленные центры,False,0.122,0.246
1010,Михайловка,Волгоградская область,городской округ,18-720-000-000,Города,Города и промышленные центры,Города и промышленные центры,Города и промышленные центры,False,0.035,0.086
1011,Урюпинск,Волгоградская область,городской округ,18-725-000-000,Сельская Россия,Аграрная периферия с летним пиком,Аграрная периферия с летним пиком,Аграрная периферия с летним пиком,False,0.16,0.074
1012,Фролово,Волгоградская область,городской округ,18-728-000-000,Сельская Россия,Аграрная периферия с летним пиком,Аграрная периферия с летним пиком,Глубинка европейской части и Урала,False,0.376,0.093
1013,Алексеевский,Волгоградская область,муниципальный район,18-602-000-000,Сельская Россия,Аграрная периферия с летним пиком,Аграрная периферия с летним пиком,Аграрная периферия с летним пиком,False,0.249,0.303
1014,Быковский,Волгоградская область,муниципальный район,18-604-000-000,Сельская Россия,Аграрная периферия с летним пиком,Аграрная периферия с летним пиком,Глубинка европейской части и Урала,True,0.229,0.326
1015,Городищенский,Волгоградская область,муниципальный район,18-605-000-000,Сельская Россия,Глубинка европейской части и Урала,Глубинка европейской части и Урала,Глубинка европейской части и Урала,False,0.243,0.161
1016,Даниловский,Волгоградская область,муниципальный район,18-606-000-000,Сельская Россия,Аграрная периферия с летним пиком,Аграрная периферия с летним пиком,Аграрная периферия с летним пиком,False,0.26,0.464
1017,Дубовский,Волгоградская область,муниципальный район,18-608-000-000,Сельская Россия,Глубинка европейской части и Урала,Глубинка европейской части и Урала,Глубинка европейской части и Урала,False,0.224,0.33
1018,Еланский,Волгоградская область,муниципальный район,18-610-000-000,Сельская Россия,Аграрная периферия с летним пиком,Аграрная периферия с летним пиком,Аграрная периферия с летним пиком,False,0.4,0.074
1019,Жирновский,Волгоградская область,муниципальный район,18-612-000-000,Сельская Россия,Аграрная периферия с летним пиком,Аграрная периферия с летним пиком,Аграрная периферия с летним пиком,False,0.191,0.264
1020,Иловлинский,Волгоградская область,муниципальный район,18-614-000-000,Сельская Россия,Глубинка европейской части и Урала,Аграрная периферия с летним пиком,Глубинка европейской части и Урала,False,0.095,0.207
1021,Калачевский,Волгоградская область,муниципальный район,18-616-000-000,Сельская Россия,Глубинка европейской части и Урала,Глубинка европейской части и Урала,Глубинка европейской части и Урала,False,0.1,0.059
1023,Киквидзенский,Волгоградская область,муниципальный район,18-620-000-000,Сельская Россия,Аграрная периферия с летним пиком,Аграрная периферия с летним пиком,Аграрная периферия с летним пиком,False,0.349,0.293
1024,Клетский,Волгоградская область,муниципальный район,18-622-000-000,Сельская Россия,Аграрная периферия с летним пиком,Глубинка европейской части и Урала,Аграрная периферия с летним пиком,True,0.214,0.204
1025,Котельниковский,Волгоградская область,муниципальный район,18-624-000-000,Сельская Россия,Глубинка европейской части и Урала,Аграрная периферия с летним пиком,Глубинка европейской части и Урала,False,0.172,0.114
1026,Котовский,Волгоградская область,муниципальный район,18-626-000-000,Сельская Россия,Глубинка европейской части и Урала,Аграрная периферия с летним пиком,Глубинка европейской части и Урала,False,0.113,0.309
1027,Кумылженский,Волгоградская область,муниципальный район,18-646-000-000,Сельская Россия,Аграрная периферия с летним пиком,Глубинка европейской части и Урала,Аграрная периферия с летним пиком,False,0.089,0.389
1028,Ленинский,Волгоградская область,муниципальный район,18-630-000-000,Сельская Россия,Аграрная периферия с летним пиком,Глубинка европейской части и Урала,Аграрная периферия с летним пиком,False,0.108,0.458
1029,Нехаевский,Волгоградская область,муниципальный район,18-634-000-000,Сельская Россия,Аграрная периферия с летним пиком,Аграрная периферия с летним пиком,Аграрная периферия с летним пиком,False,0.25,0.24
1030,Николаевский,Волгоградская область,муниципальный район,18-636-000-000,Сельская Россия,Аграрная периферия с летним пиком,Аграрная периферия с летним пиком,Аграрная периферия с летним пиком,False,0.378,0.353
1031,Новоаннинский,Волгоградская область,муниципальный район,18-638-000-000,Сельская Россия,Аграрная периферия с летним пиком,Аграрная периферия с летним пиком,Глубинка европейской части и Урала,True,0.322,0.156
1032,Новониколаевский,Волгоградская область,муниципальный район,18-640-000-000,Сельская Россия,Аграрная периферия с летним пиком,Аграрная периферия с летним пиком,Глубинка европейской части и Урала,True,0.334,0.25
1033,Октябрьский,Волгоградская область,муниципальный район,18-642-000-000,Сельская Россия,Аграрная периферия с летним пиком,Аграрная периферия с летним пиком,Аграрная периферия с летним пиком,False,0.355,0.281
1034,Ольховский,Волгоградская область,муниципальный район,18-643-000-000,Сельская Россия,Глубинка европейской части и Урала,Глубинка европейской части и Урала,Глубинка европейской части и Урала,False,0.194,0.432
1035,Палласовский,Волгоградская область,муниципальный район,18-645-000-000,Сельская Россия,Аграрная периферия с летним пиком,Аграрная периферия с летним пиком,Аграрная периферия с летним пиком,False,0.48,0.168
1036,Руднянский,Волгоградская область,муниципальный район,18-647-000-000,Сельская Россия,Аграрная периферия с летним пиком,Глубинка европейской части и Урала,Аграрная периферия с летним пиком,True,0.16,0.318
1037,Светлоярский,Волгоградская область,муниципальный район,18-649-000-000,Сельская Россия,Глубинка европейской части и Урала,Глубинка европейской части и Урала,Глубинка европейской части и Урала,False,0.258,0.181
1038,Серафимовичский,Волгоградская область,муниципальный район,18-650-000-000,Сельская Россия,Аграрная периферия с летним пиком,Аграрная периферия с летним пиком,Аграрная периферия с летним пиком,False,0.336,0.391
1039,Среднеахтубинский,Волгоградская область,муниципальный район,18-651-000-000,Города,Города и промышленные центры,Города и промышленные центры,Города и промышленные центры,False,0.082,0.115
1040,Старополтавский,Волгоградская область,муниципальный район,18-652-000-000,Сельская Россия,Аграрная периферия с летним пиком,Аграрная периферия с летним пиком,Глубинка европейской части и Урала,False,0.007,0.029
1041,Суровикинский,Волгоградская область,муниципальный район,18-653-000-000,Сельская Россия,Аграрная периферия с летним пиком,Аграрная периферия с летним пиком,Аграрная периферия с летним пиком,False,0.461,0.018
1044,Чернышковский,Волгоградская область,муниципальный район,18-658-000-000,Сельская Россия,Аграрная периферия с летним пиком,Аграрная периферия с летним пиком,Аграрная периферия с летним пиком,False,0.231,0.211
1047,Бабаевский,Вологодская область,муниципальный округ,19-505-000-000,Города,Глубинка европейской части и Урала,Глубинка европейской части и Урала,Города и промышленные центры,False,0.056,0.085
1048,Бабушкинский,Вологодская область,муниципальный округ,19-508-000-000,Сельская Россия,Аграрная периферия с летним пиком,Аграрная периферия с летним пиком,Удалённая Сибирь и горы,False,0.019,0.043
1049,Белозерский,Вологодская область,муниципальный округ,19-510-000-000,Города,Города и промышленные центры,Города и промышленные центры,Города и промышленные центры,False,0.081,0.181
1051,Великоустюгский,Вологодская область,муниципальный округ,19-514-000-000,Города,Города и промышленные центры,Города и промышленные центры,Города и промышленные центры,False,0.121,0.238
1052,Верховажский,Вологодская область,муниципальный округ,19-516-000-000,Сельская Россия,Аграрная периферия с летним пиком,Аграрная периферия с летним пиком,Аграрная периферия с летним пиком,False,0.187,0.132
1053,Вожегодский,Вологодская область,муниципальный округ,19-518-000-000,Сельская Россия,Глубинка европейской части и Урала,Глубинка европейской части и Урала,Глубинка европейской части и Урала,False,0.241,0.199
1054,Вологодский,Вологодская область,муниципальный округ,19-520-000-000,Города,Города и промышленные центры,Города и промышленные центры,Города и промышленные центры,False,0.257,0.311
1055,Вытегорский,Вологодская область,муниципальный район,19-622-000-000,Города,Города и промышленные центры,Города и промышленные центры,Удалённая Сибирь и горы,False,0.03,0.096
1056,Грязовецкий,Вологодская область,муниципальный округ,19-524-000-000,Сельская Россия,Глубинка европейской части и Урала,Глубинка европейской части и Урала,Глубинка европейской части и Урала,False,0.124,0.302
1057,Кадуйский,Вологодская область,муниципальный округ,19-526-000-000,Города,Глубинка европейской части и Урала,Глубинка европейской части и Урала,Глубинка европейской части и Урала,False,0.083,0.138
1058,Кирилловский,Вологодская область,муниципальный округ,19-528-000-000,Сельская Россия,Глубинка европейской части и Урала,Глубинка европейской части и Урала,Аграрная периферия с летним пиком,False,0.102,0.047
1059,Кичменгско-Городецкий,Вологодская область,муниципальный округ,19-530-000-000,Сельская Россия,Аграрная периферия с летним пиком,Аграрная периферия с летним пиком,Аграрная периферия с летним пиком,False,0.16,0.047
1060,Междуреченский,Вологодская область,муниципальный округ,19-532-000-000,Сельская Россия,Аграрная периферия с летним пиком,Аграрная периферия с летним пиком,Аграрная периферия с летним пиком,False,0.029,0.178
1061,Никольский,Вологодская область,муниципальный округ,19-534-000-000,Сельская Россия,Аграрная периферия с летним пиком,Аграрная периферия с летним пиком,Удалённая Сибирь и горы,False,0.112,0.3
1062,Нюксенский,Вологодская область,муниципальный округ,19-536-000-000,Сельская Россия,Удалённая Сибирь и горы,Аграрная периферия с летним пиком,Удалённая Сибирь и горы,False,0.097,0.269
1063,Сокольский,Вологодская область,муниципальный округ,19-538-000-000,Города,Глубинка европейской части и Урала,Города и промышленные центры,Глубинка европейской части и Урала,False,0.073,0.013
1064,Сямженский,Вологодская область,муниципальный округ,19-540-000-000,Сельская Россия,Удалённая Сибирь и горы,Глубинка европейской части и Урала,Удалённая Сибирь и горы,False,0.079,0.112
1065,Тарногский,Вологодская область,муниципальный округ,19-542-000-000,Сельская Россия,Аграрная периферия с летним пиком,Аграрная периферия с летним пиком,Аграрная периферия с летним пиком,False,0.282,0.141
1066,Тотемский,Вологодская область,муниципальный округ,19-546-000-000,Города,Города и промышленные центры,Города и промышленные центры,Аграрная периферия с летним пиком,False,0.03,0.154
1067,Усть-Кубинский,Вологодская область,муниципальный округ,19-548-000-000,Сельская Россия,Глубинка европейской части и Урала,Глубинка европейской части и Урала,Аграрная периферия с летним пиком,False,0.261,0.056
1068,Устюженский,Вологодская область,муниципальный округ,19-550-000-000,Города,Глубинка европейской части и Урала,Глубинка европейской части и Урала,Аграрная периферия с летним пиком,False,0.004,0.149
1069,Харовский,Вологодская область,муниципальный округ,19-552-000-000,Сельская Россия,Глубинка европейской части и Урала,Глубинка европейской части и Урала,Глубинка европейской части и Урала,False,0.282,0.253
1070,Чагодощенский,Вологодская область,муниципальный округ,19-554-000-000,Города,Города и промышленные центры,Города и промышленные центры,Города и промышленные центры,False,0.092,0.146
1071,Череповецкий,Вологодская область,муниципальный район,19-656-000-000,Города,Города и промышленные центры,Города и промышленные центры,Города и промышленные центры,False,0.049,0.228
1072,Шекснинский,Вологодская область,муниципальный район,19-658-000-000,Города,Города и промышленные центры,Города и промышленные центры,Города и промышленные центры,False,0.055,0.157
1107,Иваново,Ивановская область,городской округ,24-701-000-000,Города,Города и промышленные центры,Города и промышленные центры,Города и промышленные центры,False,0.084,0.143
1108,Вичуга,Ивановская область,городской округ,24-703-000-000,Сельская Россия,Глубинка европейской части и Урала,Аграрная периферия с летним пиком,Глубинка европейской части и Урала,True,0.217,0.244
1109,Кинешма,Ивановская область,городской округ,24-705-000-000,Города,Города и промышленные центры,Города и промышленные центры,Города и промышленные центры,False,0.095,0.122
1110,Кохма,Ивановская область,городской округ,24-706-000-000,Города,Города и промышленные центры,Города и промышленные центры,Города и промышленные центры,False,0.243,0.28
1111,Тейково,Ивановская область,городской округ,24-707-000-000,Города,Глубинка европейской части и Урала,Города и промышленные центры,Глубинка европейской части и Урала,False,0.097,0.04
1112,Шуя,Ивановская область,городской округ,24-711-000-000,Города,Города и промышленные центры,Города и промышленные центры,Города и промышленные центры,False,0.096,0.088
1113,Вичугский,Ивановская область,муниципальный район,24-601-000-000,Сельская Россия,Глубинка европейской части и Урала,Аграрная периферия с летним пиком,Глубинка европейской части и Урала,False,0.259,0.148
1115,Гаврилово-Посадский,Ивановская область,муниципальный район,24-603-000-000,Сельская Россия,Глубинка европейской части и Урала,Глубинка европейской части и Урала,Глубинка европейской части и Урала,False,0.104,0.274
1116,Заволжский,Ивановская область,муниципальный район,24-605-000-000,Сельская Россия,Глубинка европейской части и Урала,Аграрная периферия с летним пиком,Глубинка европейской части и Урала,True,0.219,0.274
1117,Ивановский,Ивановская область,муниципальный район,24-607-000-000,Города,Города и промышленные центры,Удалённая Сибирь и горы,Города и промышленные центры,False,0.047,0.253
1118,Ильинский,Ивановская область,муниципальный район,24-609-000-000,Сельская Россия,Глубинка европейской части и Урала,Глубинка европейской части и Урала,Глубинка европейской части и Урала,False,0.209,0.086
1119,Кинешемский,Ивановская область,муниципальный район,24-611-000-000,Сельская Россия,Глубинка европейской части и Урала,Аграрная периферия с летним пиком,Глубинка европейской части и Урала,True,0.154,0.356
1120,Комсомольский,Ивановская область,муниципальный район,24-613-000-000,Сельская Россия,Глубинка европейской части и Урала,Глубинка европейской части и Урала,Глубинка европейской части и Урала,False,0.209,0.24
1121,Лежневский,Ивановская область,муниципальный район,24-614-000-000,Сельская Россия,Глубинка европейской части и Урала,Глубинка европейской части и Урала,Аграрная периферия с летним пиком,True,0.238,0.183
1122,Лухский,Ивановская область,муниципальный район,24-615-000-000,Сельская Россия,Глубинка европейской части и Урала,Глубинка европейской части и Урала,Глубинка европейской части и Урала,False,0.281,0.12
1123,Палехский,Ивановская область,муниципальный район,24-617-000-000,Сельская Россия,Глубинка европейской части и Урала,Аграрная периферия с летним пиком,Глубинка европейской части и Урала,True,0.201,0.269
1124,Пестяковский,Ивановская область,муниципальный район,24-619-000-000,Сельская Россия,Глубинка европейской части и Урала,Глубинка европейской части и Урала,Глубинка европейской части и Урала,False,0.161,0.176
1125,Приволжский,Ивановская область,муниципальный район,24-620-000-000,Сельская Россия,Глубинка европейской части и Урала,Аграрная периферия с летним пиком,Глубинка европейской части и Урала,True,0.194,0.317
1126,Пучежский,Ивановская область,муниципальный район,24-621-000-000,Сельская Россия,Аграрная периферия с летним пиком,Аграрная периферия с летним пиком,Аграрная периферия с летним пиком,False,0.173,0.282
1127,Родниковский,Ивановская область,муниципальный район,24-623-000-000,Сельская Россия,Глубинка европейской части и Урала,Аграрная периферия с летним пиком,Глубинка европейской части и Урала,False,0.148,0.148
1128,Савинский,Ивановская область,муниципальный район,24-625-000-000,Сельская Россия,Глубинка европейской части и Урала,Аграрная периферия с летним пиком,Глубинка европейской части и Урала,False,0.135,0.204
1129,Тейковский,Ивановская область,муниципальный район,24-629-000-000,Сельская Россия,Глубинка европейской части и Урала,Глубинка европейской части и Урала,Глубинка европейской части и Урала,False,0.198,0.214
1130,Фурмановский,Ивановская область,муниципальный район,24-631-000-000,Сельская Россия,Глубинка европейской части и Урала,Глубинка европейской части и Урала,Глубинка европейской части и Урала,False,0.014,0.252
1131,Шуйский,Ивановская область,муниципальный район,24-633-000-000,Города,Города и промышленные центры,Города и промышленные центры,Города и промышленные центры,False,0.126,0.108
1132,Южский,Ивановская область,муниципальный район,24-635-000-000,Сельская Россия,Глубинка европейской части и Урала,Аграрная периферия с летним пиком,Глубинка европейской части и Урала,True,0.208,0.281
1133,Юрьевецкий,Ивановская область,муниципальный район,24-637-000-000,Сельская Россия,Аграрная периферия с летним пиком,Аграрная периферия с летним пиком,Аграрная периферия с летним пиком,False,0.218,0.13
1134,Иркутск,Иркутская область,городской округ,25-701-000-000,Столичные агломерации,Столичные агломерации и центры с высокими тратами,Столичные агломерации и центры с высокими тратами,Столичные агломерации и центры с высокими тратами,False,0.048,0.099
1135,Ангарский,Иркутская область,городской округ,25-703-000-000,Города,Города и промышленные центры,Города и промышленные центры,Города и промышленные центры,False,0.11,0.186
1136,Братск,Иркутская область,городской округ,25-714-000-000,Города,Города и промышленные центры,Города и промышленные центры,Города и промышленные центры,False,0.079,0.18
1137,Зима,Иркутская область,городской округ,25-720-000-000,Города,Аграрная периферия с летним пиком,Аграрная периферия с летним пиком,Удалённая Сибирь и горы,False,0.038,0.224
1138,Саянск,Иркутская область,городской округ,25-726-000-000,Города,Города и промышленные центры,Города и промышленные центры,Города и промышленные центры,False,0.132,0.252
1139,Тулун,Иркутская область,городской округ,25-732-000-000,Города,Удалённая Сибирь и горы,Удалённая Сибирь и горы,Удалённая Сибирь и горы,False,0.149,0.173
1140,Усолье-Сибирское,Иркутская область,городской округ,25-736-000-000,Города,Города и промышленные центры,Города и промышленные центры,Города и промышленные центры,False,0.177,0.371
1141,Усть-Илимск,Иркутская область,городской округ,25-738-000-000,Города,Города и промышленные центры,Города и промышленные центры,Города и промышленные центры,False,0.102,0.286
1142,Черемхово,Иркутская область,городской округ,25-745-000-000,Города,Города и промышленные центры,Удалённая Сибирь и горы,Города и промышленные центры,False,0.07,0.111
1143,Свирск,Иркутская область,городской округ,25-746-000-000,Города,Города и промышленные центры,Города и промышленные центры,Глубинка европейской части и Урала,False,0.11,0.084
1144,Балаганский,Иркутская область,муниципальный район,25-601-000-000,Сельская Россия,Аграрная периферия с летним пиком,Аграрная периферия с летним пиком,Аграрная периферия с летним пиком,False,0.039,0.107
1146,Братский,Иркутская область,муниципальный район,25-604-000-000,Сельская Россия,Глубинка европейской части и Урала,Глубинка европейской части и Урала,Глубинка европейской части и Урала,False,0.132,0.085
1147,Жигаловский,Иркутская область,муниципальный район,25-606-000-000,Города,Удалённая Сибирь и горы,Удалённая Сибирь и горы,Удалённая Сибирь и горы,False,0.157,0.154
1148,Заларинский,Иркутская область,муниципальный район,25-608-000-000,Города,Удалённая Сибирь и горы,Аграрная периферия с летним пиком,Удалённая Сибирь и горы,False,0.008,0.419
1149,Зиминский,Иркутская область,муниципальный район,25-610-000-000,Города,Удалённая Сибирь и горы,Удалённая Сибирь и горы,Удалённая Сибирь и горы,False,0.077,0.416
1150,Иркутский,Иркутская область,муниципальный район,25-612-000-000,Столичные агломерации,Столичные агломерации и центры с высокими тратами,Столичные агломерации и центры с высокими тратами,Столичные агломерации и центры с высокими тратами,False,0.035,0.118
1151,Казачинско-Ленский,Иркутская область,муниципальный район,25-614-000-000,Города,Города и промышленные центры,Города и промышленные центры,Города и промышленные центры,False,0.143,0.03
1152,Катангский,Иркутская область,муниципальный район,25-616-000-000,Север,Арктика и Крайний Север,Арктика и Крайний Север,Арктика и Крайний Север,False,0.461,0.524
1153,Качугский,Иркутская область,муниципальный район,25-618-000-000,Города,Города и промышленные центры,Города и промышленные центры,Удалённая Сибирь и горы,False,0.141,0.151
1154,Киренский,Иркутская область,муниципальный район,25-620-000-000,Север,Города и промышленные центры,Города и промышленные центры,Города и промышленные центры,False,0.022,0.048
1155,Куйтунский,Иркутская область,муниципальный район,25-622-000-000,Сельская Россия,Удалённая Сибирь и горы,Удалённая Сибирь и горы,Удалённая Сибирь и горы,False,0.121,0.291
1157,Нижнеилимский,Иркутская область,муниципальный район,25-626-000-000,Города,Города и промышленные центры,Города и промышленные центры,Города и промышленные центры,False,0.154,0.084
1158,Нижнеудинский,Иркутская область,муниципальный район,25-628-000-000,Города,Города и промышленные центры,Города и промышленные центры,Города и промышленные центры,False,0.04,0.105
1159,Ольхонский,Иркутская область,муниципальный район,25-630-000-000,Города,Удалённая Сибирь и горы,Удалённая Сибирь и горы,Удалённая Сибирь и горы,False,0.323,0.37
1160,Слюдянский,Иркутская область,муниципальный район,25-634-000-000,Города,Города и промышленные центры,Города и промышленные центры,Города и промышленные центры,False,0.086,0.244
1161,Тайшетский,Иркутская область,муниципальный район,25-636-000-000,Города,Города и промышленные центры,Города и промышленные центры,Удалённая Сибирь и горы,False,0.128,0.078
1163,Усольский,Иркутская область,муниципальный район,25-640-000-000,Города,Глубинка европейской части и Урала,Глубинка европейской части и Урала,Города и промышленные центры,False,0.182,0.053
1164,Усть-Илимский,Иркутская область,муниципальный район,25-642-000-000,Сельская Россия,Глубинка европейской части и Урала,Глубинка европейской части и Урала,Глубинка европейской части и Урала,False,0.217,0.086
1165,Усть-Кутский,Иркутская область,муниципальный район,25-644-000-000,Города,Города и промышленные центры,Города и промышленные центры,Города и промышленные центры,False,0.074,0.272
1166,Усть-Удинский,Иркутская область,муниципальный район,25-646-000-000,Сельская Россия,Аграрная периферия с летним пиком,Аграрная периферия с летним пиком,Удалённая Сибирь и горы,False,0.149,0.169
1167,Черемховский,Иркутская область,муниципальный район,25-648-000-000,Сельская Россия,Аграрная периферия с летним пиком,Аграрная периферия с летним пиком,Аграрная периферия с летним пиком,False,0.237,0.028
1168,Чунский,Иркутская область,муниципальный район,25-650-000-000,Города,Города и промышленные центры,Города и промышленные центры,Удалённая Сибирь и горы,False,0.009,0.124
1169,Шелеховский,Иркутская область,муниципальный район,25-655-000-000,Города,Города и промышленные центры,Города и промышленные центры,Города и промышленные центры,False,0.162,0.247
1170,Аларский,Иркутская область,муниципальный район,25-605-000-000,Города,Удалённая Сибирь и горы,Удалённая Сибирь и горы,Удалённая Сибирь и горы,False,0.192,0.343
1171,Баяндаевский,Иркутская область,муниципальный район,25-607-000-000,Города,Удалённая Сибирь и горы,Удалённая Сибирь и горы,Удалённая Сибирь и горы,False,0.32,0.476
1172,Боханский,Иркутская область,муниципальный район,25-609-000-000,Города,Удалённая Сибирь и горы,Аграрная периферия с летним пиком,Удалённая Сибирь и горы,False,0.042,0.472
1173,Нукутский,Иркутская область,муниципальный район,25-629-000-000,Сельская Россия,Удалённая Сибирь и горы,Удалённая Сибирь и горы,Удалённая Сибирь и горы,False,0.116,0.3
1174,Осинский,Иркутская область,муниципальный район,25-631-000-000,Города,Удалённая Сибирь и горы,Аграрная периферия с летним пиком,Удалённая Сибирь и горы,False,0.074,0.388
1175,Эхирит-Булагатский,Иркутская область,муниципальный район,25-657-000-000,Города,Удалённая Сибирь и горы,Аграрная периферия с летним пиком,Удалённая Сибирь и горы,False,0.01,0.288
1176,Калининград,Калининградская область,городской округ,27-701-000-000,Столичные агломерации,Столичные агломерации и центры с высокими тратами,Столичные агломерации и центры с высокими тратами,Столичные агломерации и центры с высокими тратами,False,0.081,0.142
1178,Мамоновский,Калининградская область,городской округ,27-712-000-000,Сельская Россия,Глубинка европейской части и Урала,Удалённая Сибирь и горы,Глубинка европейской части и Урала,False,0.148,0.251
1179,Пионерский,Калининградская область,городской округ,27-717-000-000,Города,Глубинка европейской части и Урала,Глубинка европейской части и Урала,Глубинка европейской части и Урала,False,0.055,0.043
1180,Светловский,Калининградская область,городской округ,27-725-000-000,Сельская Россия,Глубинка европейской части и Урала,Глубинка европейской части и Урала,Глубинка европейской части и Урала,False,0.176,0.219
1181,Советский,Калининградская область,городской округ,27-730-000-000,Города,Города и промышленные центры,Города и промышленные центры,Города и промышленные центры,False,0.142,0.111
1184,Балтийский,Калининградская область,городской округ,27-705-000-000,Города,Города и промышленные центры,Города и промышленные центры,Города и промышленные центры,False,0.118,0.029
1185,Гвардейский,Калининградская область,муниципальный округ,27-506-000-000,Сельская Россия,Глубинка европейской части и Урала,Глубинка европейской части и Урала,Глубинка европейской части и Урала,False,0.175,0.185
1186,Гурьевский,Калининградская область,муниципальный округ,27-507-000-000,Столичные агломерации,Столичные агломерации и центры с высокими тратами,Столичные агломерации и центры с высокими тратами,Столичные агломерации и центры с высокими тратами,False,0.019,0.136
1187,Гусевский,Калининградская область,городской округ,27-709-000-000,Города,Города и промышленные центры,Города и промышленные центры,Города и промышленные центры,False,0.16,0.131
1188,Зеленоградский,Калининградская область,муниципальный округ,27-510-000-000,Города,Города и промышленные центры,Удалённая Сибирь и горы,Столичные агломерации и центры с высокими тратами,False,0.049,0.024
1189,Краснознаменский,Калининградская область,муниципальный округ,27-513-000-000,Сельская Россия,Глубинка европейской части и Урала,Аграрная периферия с летним пиком,Глубинка европейской части и Урала,True,0.213,0.156
1190,Светлогорский,Калининградская область,городской округ,27-734-000-000,Города,Города и промышленные центры,Удалённая Сибирь и горы,Города и промышленные центры,False,0.047,0.058
1191,Неманский,Калининградская область,муниципальный округ,27-514-000-000,Города,Города и промышленные центры,Аграрная периферия с летним пиком,Города и промышленные центры,False,0.047,0.145
1192,Нестеровский,Калининградская область,муниципальный округ,27-515-000-000,Сельская Россия,Аграрная периферия с летним пиком,Глубинка европейской части и Урала,Глубинка европейской части и Урала,False,0.012,0.059
1193,Озерский,Калининградская область,муниципальный округ,27-516-000-000,Города,Глубинка европейской части и Урала,Аграрная периферия с летним пиком,Глубинка европейской части и Урала,False,0.049,0.205
1194,Полесский,Калининградская область,муниципальный округ,27-518-000-000,Сельская Россия,Глубинка европейской части и Урала,Глубинка европейской части и Урала,Глубинка европейской части и Урала,False,0.104,0.178
1195,Правдинский,Калининградская область,муниципальный округ,27-519-000-000,Сельская Россия,Глубинка европейской части и Урала,Глубинка европейской части и Урала,Глубинка европейской части и Урала,False,0.305,0.302
1196,Славский,Калининградская область,муниципальный округ,27-527-000-000,Сельская Россия,Аграрная периферия с летним пиком,Аграрная периферия с летним пиком,Глубинка европейской части и Урала,False,0.103,0.054
1197,Черняховский,Калининградская область,муниципальный округ,27-539-000-000,Города,Города и промышленные центры,Города и промышленные центры,Города и промышленные центры,False,0.069,0.053
1198,Калуга,Калужская область,городской округ,29-701-000-000,Города,Города и промышленные центры,Города и промышленные центры,Города и промышленные центры,False,0.052,0.05
1200,Бабынинский,Калужская область,муниципальный район,29-602-000-000,Сельская Россия,Глубинка европейской части и Урала,Глубинка европейской части и Урала,Аграрная периферия с летним пиком,False,0.181,0.013
1201,Барятинский,Калужская область,муниципальный район,29-604-000-000,Сельская Россия,Глубинка европейской части и Урала,Аграрная периферия с летним пиком,Глубинка европейской части и Урала,False,0.115,0.009
1203,Дзержинский,Калужская область,муниципальный район,29-608-000-000,Сельская Россия,Глубинка европейской части и Урала,Глубинка европейской части и Урала,Глубинка европейской части и Урала,False,0.094,0.159
1204,Думиничский,Калужская область,муниципальный район,29-610-000-000,Сельская Россия,Аграрная периферия с летним пиком,Аграрная периферия с летним пиком,Аграрная периферия с летним пиком,False,0.154,0.373
1205,Жиздринский,Калужская область,муниципальный район,29-612-000-000,Сельская Россия,Аграрная периферия с летним пиком,Аграрная периферия с летним пиком,Аграрная периферия с летним пиком,False,0.279,0.228
1206,Жуковский,Калужская область,муниципальный район,29-613-000-000,Города,Глубинка европейской части и Урала,Глубинка европейской части и Урала,Города и промышленные центры,False,0.079,0.011
1207,Кировский,Калужская область,муниципальный район,29-614-000-000,Города,Города и промышленные центры,Города и промышленные центры,Города и промышленные центры,False,0.026,0.11
1208,Износковский,Калужская область,муниципальный район,29-615-000-000,Сельская Россия,Глубинка европейской части и Урала,Глубинка европейской части и Урала,Аграрная периферия с летним пиком,True,0.255,0.159
1209,Козельский,Калужская область,муниципальный район,29-616-000-000,Сельская Россия,Глубинка европейской части и Урала,Глубинка европейской части и Урала,Глубинка европейской части и Урала,False,0.191,0.097
1210,Куйбышевский,Калужская область,муниципальный район,29-618-000-000,Сельская Россия,Аграрная периферия с летним пиком,Аграрная периферия с летним пиком,Аграрная периферия с летним пиком,False,0.219,0.301
1211,Людиновский,Калужская область,муниципальный район,29-620-000-000,Города,Глубинка европейской части и Урала,Города и промышленные центры,Глубинка европейской части и Урала,False,0.023,0.0
1212,Малоярославецкий,Калужская область,муниципальный район,29-623-000-000,Города,Города и промышленные центры,Города и промышленные центры,Города и промышленные центры,False,0.149,0.122
1213,Медынский,Калужская область,муниципальный район,29-625-000-000,Сельская Россия,Глубинка европейской части и Урала,Глубинка европейской части и Урала,Глубинка европейской части и Урала,False,0.172,0.282
1214,Мещовский,Калужская область,муниципальный район,29-627-000-000,Сельская Россия,Глубинка европейской части и Урала,Глубинка европейской части и Урала,Аграрная периферия с летним пиком,False,0.124,0.35
1215,Мосальский,Калужская область,муниципальный район,29-629-000-000,Сельская Россия,Глубинка европейской части и Урала,Аграрная периферия с летним пиком,Глубинка европейской части и Урала,False,0.037,0.069
1217,Спас-Деменский,Калужская область,муниципальный район,29-634-000-000,Сельская Россия,Аграрная периферия с летним пиком,Аграрная периферия с летним пиком,Аграрная периферия с летним пиком,False,0.092,0.245
1218,Сухиничский,Калужская область,муниципальный район,29-636-000-000,Сельская Россия,Глубинка европейской части и Урала,Аграрная периферия с летним пиком,Аграрная периферия с летним пиком,False,0.101,0.106
1219,Тарусский,Калужская область,муниципальный район,29-638-000-000,Сельская Россия,Глубинка европейской части и Урала,Города и промышленные центры,Глубинка европейской части и Урала,False,0.009,0.13
1220,Ульяновский,Калужская область,муниципальный район,29-642-000-000,Сельская Россия,Аграрная периферия с летним пиком,Аграрная периферия с летним пиком,Аграрная периферия с летним пиком,False,0.126,0.245
1221,Ферзиковский,Калужская область,муниципальный район,29-644-000-000,Города,Города и промышленные центры,Глубинка европейской части и Урала,Города и промышленные центры,False,0.055,0.302
1222,Хвастовичский,Калужская область,муниципальный район,29-646-000-000,Сельская Россия,Аграрная периферия с летним пиком,Аграрная периферия с летним пиком,Аграрная периферия с летним пиком,False,0.069,0.402
1223,Юхновский,Калужская область,муниципальный район,29-650-000-000,Сельская Россия,Глубинка европейской части и Урала,Глубинка европейской части и Урала,Глубинка европейской части и Урала,False,0.017,0.137
1224,Кемеровский,Кемеровская область,городской округ,32-701-000-000,Города,Города и промышленные центры,Города и промышленные центры,Города и промышленные центры,False,0.018,0.038
1225,Анжеро-Судженский,Кемеровская область,городской округ,32-704-000-000,Города,Города и промышленные центры,Города и промышленные центры,Города и промышленные центры,False,0.075,0.342
1226,Беловский,Кемеровская область,городской округ,32-707-000-000,Города,Города и промышленные центры,Города и промышленные центры,Города и промышленные центры,False,0.161,0.435
1227,Березовский,Кемеровская область,городской округ,32-710-000-000,Города,Города и промышленные центры,Города и промышленные центры,Города и промышленные центры,False,0.03,0.038
1228,Калтанский,Кемеровская область,городской округ,32-715-000-000,Города,Города и промышленные центры,Города и промышленные центры,Города и промышленные центры,False,0.148,0.06
1229,Киселевский,Кемеровская область,городской округ,32-716-000-000,Города,Города и промышленные центры,Города и промышленные центры,Города и промышленные центры,False,0.148,0.38
1230,Ленинск-Кузнецкий,Кемеровская область,городской округ,32-719-000-000,Города,Города и промышленные центры,Города и промышленные центры,Города и промышленные центры,False,0.061,0.243
1231,Междуреченский,Кемеровская область,городской округ,32-725-000-000,Города,Города и промышленные центры,Города и промышленные центры,Города и промышленные центры,False,0.125,0.238
1232,Мысковский,Кемеровская область,городской округ,32-728-000-000,Города,Города и промышленные центры,Города и промышленные центры,Города и промышленные центры,False,0.119,0.279
1233,Новокузнецкий,Кемеровская область,городской округ,32-731-000-000,Города,Города и промышленные центры,Города и промышленные центры,Города и промышленные центры,False,0.063,0.09
1234,Осинниковский,Кемеровская область,городской округ,32-734-000-000,Города,Города и промышленные центры,Города и промышленные центры,Города и промышленные центры,False,0.274,0.254
1235,Полысаевский,Кемеровская область,городской округ,32-732-000-000,Города,Города и промышленные центры,Города и промышленные центры,Удалённая Сибирь и горы,False,0.002,0.021
1236,Прокопьевский,Кемеровская область,городской округ,32-737-000-000,Города,Города и промышленные центры,Города и промышленные центры,Города и промышленные центры,False,0.165,0.233
1237,Тайгинский,Кемеровская область,городской округ,32-740-000-000,Города,Города и промышленные центры,Города и промышленные центры,Города и промышленные центры,False,0.158,0.057
1238,Юргинский,Кемеровская область,городской округ,32-749-000-000,Города,Города и промышленные центры,Города и промышленные центры,Города и промышленные центры,False,0.164,0.314
1240,Беловский,Кемеровская область,муниципальный округ,32-501-000-000,Города,Удалённая Сибирь и горы,Аграрная периферия с летним пиком,Удалённая Сибирь и горы,False,0.036,0.302
1241,Гурьевский,Кемеровская область,муниципальный округ,32-502-000-000,Города,Города и промышленные центры,Города и промышленные центры,Удалённая Сибирь и горы,False,0.068,0.032
1242,Ижморский,Кемеровская область,муниципальный округ,32-504-000-000,Сельская Россия,Аграрная периферия с летним пиком,Аграрная периферия с летним пиком,Аграрная периферия с летним пиком,False,0.372,0.044
1243,Кемеровский,Кемеровская область,муниципальный округ,32-507-000-000,Города,Города и промышленные центры,Города и промышленные центры,Города и промышленные центры,False,0.141,0.253
1244,Крапивинский,Кемеровская область,муниципальный округ,32-510-000-000,Сельская Россия,Аграрная периферия с летним пиком,Аграрная периферия с летним пиком,Аграрная периферия с летним пиком,False,0.071,0.061
1246,Мариинский,Кемеровская область,муниципальный округ,32-516-000-000,Города,Удалённая Сибирь и горы,Удалённая Сибирь и горы,Удалённая Сибирь и горы,False,0.168,0.158
1249,Промышленновский,Кемеровская область,муниципальный округ,32-525-000-000,Города,Удалённая Сибирь и горы,Удалённая Сибирь и горы,Удалённая Сибирь и горы,False,0.07,0.2
1250,Таштагольский,Кемеровская область,муниципальный район,32-627-000-000,Города,Города и промышленные центры,Города и промышленные центры,Города и промышленные центры,False,0.273,0.115
1251,Тисульский,Кемеровская область,муниципальный округ,32-528-000-000,Сельская Россия,Аграрная периферия с летним пиком,Аграрная периферия с летним пиком,Аграрная периферия с летним пиком,False,0.215,0.119
1252,Топкинский,Кемеровская область,муниципальный округ,32-531-000-000,Города,Удалённая Сибирь и горы,Удалённая Сибирь и горы,Удалённая Сибирь и горы,False,0.067,0.039
1253,Тяжинский,Кемеровская область,муниципальный округ,32-534-000-000,Сельская Россия,Аграрная периферия с летним пиком,Аграрная периферия с летним пиком,Аграрная периферия с летним пиком,False,0.231,0.437
1254,Чебулинский,Кемеровская область,муниципальный округ,32-537-000-000,Города,Удалённая Сибирь и горы,Удалённая Сибирь и горы,Удалённая Сибирь и горы,False,0.315,0.186
1256,Яйский,Кемеровская область,муниципальный округ,32-543-000-000,Города,Аграрная периферия с летним пиком,Аграрная периферия с летним пиком,Аграрная периферия с летним пиком,False,0.099,0.014
1257,Яшкинский,Кемеровская область,муниципальный округ,32-546-000-000,Сельская Россия,Аграрная периферия с летним пиком,Аграрная периферия с летним пиком,Аграрная периферия с летним пиком,False,0.077,0.09
1258,Киров,Кировская область,городской округ,33-701-000-000,Города,Города и промышленные центры,Города и промышленные центры,Города и промышленные центры,False,0.071,0.073
1259,Вятские Поляны,Кировская область,городской округ,33-704-000-000,Сельская Россия,Глубинка европейской части и Урала,Аграрная периферия с летним пиком,Глубинка европейской части и Урала,False,0.058,0.197
1260,Кирово-Чепецк,Кировская область,городской округ,33-707-000-000,Города,Города и промышленные центры,Города и промышленные центры,Города и промышленные центры,False,0.227,0.216
1261,Котельнич,Кировская область,городской округ,33-710-000-000,Сельская Россия,Глубинка европейской части и Урала,Глубинка европейской части и Урала,Глубинка европейской части и Урала,False,0.148,0.363
1262,Слободской,Кировская область,городской округ,33-713-000-000,Сельская Россия,Глубинка европейской части и Урала,Глубинка европейской части и Урала,Глубинка европейской части и Урала,False,0.064,0.174
1264,Арбажский,Кировская область,муниципальный округ,33-502-000-000,Сельская Россия,Удалённая Сибирь и горы,Удалённая Сибирь и горы,Удалённая Сибирь и горы,False,0.127,0.16
1265,Афанасьевский,Кировская область,муниципальный округ,33-503-000-000,Сельская Россия,Глубинка европейской части и Урала,Аграрная периферия с летним пиком,Глубинка европейской части и Урала,False,0.053,0.059
1266,Белохолуницкий,Кировская область,муниципальный район,33-605-000-000,Сельская Россия,Глубинка европейской части и Урала,Глубинка европейской части и Урала,Глубинка европейской части и Урала,False,0.201,0.165
1267,Богородский,Кировская область,муниципальный округ,33-506-000-000,Сельская Россия,Аграрная периферия с летним пиком,Глубинка европейской части и Урала,Глубинка европейской части и Урала,False,0.103,0.054
1268,Верхнекамский,Кировская область,муниципальный округ,33-507-000-000,Сельская Россия,Глубинка европейской части и Урала,Аграрная периферия с летним пиком,Аграрная периферия с летним пиком,False,0.055,0.176
1269,Верхошижемский,Кировская область,муниципальный район,33-608-000-000,Сельская Россия,Аграрная периферия с летним пиком,Глубинка европейской части и Урала,Глубинка европейской части и Урала,False,0.048,0.221
1270,Вятскополянский,Кировская область,муниципальный район,33-610-000-000,Сельская Россия,Глубинка европейской части и Урала,Аграрная периферия с летним пиком,Глубинка европейской части и Урала,False,0.083,0.077
1271,Даровской,Кировская область,муниципальный район,33-612-000-000,Сельская Россия,Аграрная периферия с летним пиком,Аграрная периферия с летним пиком,Аграрная периферия с летним пиком,False,0.052,0.107
1272,Зуевский,Кировская область,муниципальный район,33-614-000-000,Сельская Россия,Глубинка европейской части и Урала,Аграрная периферия с летним пиком,Аграрная периферия с летним пиком,False,0.006,0.037
1273,Кикнурский,Кировская область,муниципальный округ,33-516-000-000,Сельская Россия,Аграрная периферия с летним пиком,Аграрная периферия с летним пиком,Аграрная периферия с летним пиком,False,0.1,0.29
1274,Кильмезский,Кировская область,муниципальный район,33-617-000-000,Сельская Россия,Аграрная периферия с летним пиком,Аграрная периферия с летним пиком,Аграрная периферия с летним пиком,False,0.0,0.014
1275,Кирово-Чепецкий,Кировская область,муниципальный район,33-618-000-000,Города,Города и промышленные центры,Города и промышленные центры,Города и промышленные центры,False,0.059,0.076
1276,Котельничский,Кировская область,муниципальный район,33-619-000-000,Сельская Россия,Аграрная периферия с летним пиком,Аграрная периферия с летним пиком,Аграрная периферия с летним пиком,False,0.105,0.24
1277,Куменский,Кировская область,муниципальный район,33-620-000-000,Сельская Россия,Глубинка европейской части и Урала,Глубинка европейской части и Урала,Глубинка европейской части и Урала,False,0.158,0.153
1278,Лебяжский,Кировская область,муниципальный округ,33-521-000-000,Сельская Россия,Аграрная периферия с летним пиком,Аграрная периферия с летним пиком,Аграрная периферия с летним пиком,False,0.206,0.184
1279,Лузский,Кировская область,муниципальный округ,33-522-000-000,Сельская Россия,Аграрная периферия с летним пиком,Аграрная периферия с летним пиком,Аграрная периферия с летним пиком,False,0.192,0.216
1280,Малмыжский,Кировская область,муниципальный район,33-623-000-000,Сельская Россия,Аграрная периферия с летним пиком,Аграрная периферия с летним пиком,Аграрная периферия с летним пиком,False,0.343,0.312
1281,Мурашинский,Кировская область,муниципальный округ,33-524-000-000,Сельская Россия,Глубинка европейской части и Урала,Глубинка европейской части и Урала,Аграрная периферия с летним пиком,False,0.081,0.052
1282,Нагорский,Кировская область,муниципальный район,33-625-000-000,Сельская Россия,Аграрная периферия с летним пиком,Аграрная периферия с летним пиком,Глубинка европейской части и Урала,False,0.018,0.035
1284,Нолинский,Кировская область,муниципальный район,33-627-000-000,Сельская Россия,Глубинка европейской части и Урала,Глубинка европейской части и Урала,Глубинка европейской части и Урала,False,0.046,0.125
1285,Омутнинский,Кировская область,муниципальный район,33-628-000-000,Сельская Россия,Глубинка европейской части и Урала,Города и промышленные центры,Глубинка европейской части и Урала,False,0.089,0.181
1286,Опаринский,Кировская область,муниципальный округ,33-529-000-000,Сельская Россия,Аграрная периферия с летним пиком,Аграрная периферия с летним пиком,Аграрная периферия с летним пиком,False,0.224,0.131
1287,Оричевский,Кировская область,муниципальный район,33-630-000-000,Сельская Россия,Глубинка европейской части и Урала,Глубинка европейской части и Урала,Глубинка европейской части и Урала,False,0.267,0.337
1288,Орловский,Кировская область,муниципальный район,33-645-000-000,Сельская Россия,Глубинка европейской части и Урала,Глубинка европейской части и Урала,Глубинка европейской части и Урала,False,0.231,0.097
1289,Пижанский,Кировская область,муниципальный округ,33-531-000-000,Сельская Россия,Аграрная периферия с летним пиком,Аграрная периферия с летним пиком,Глубинка европейской части и Урала,False,0.227,0.101
1290,Подосиновский,Кировская область,муниципальный район,33-632-000-000,Сельская Россия,Аграрная периферия с летним пиком,Аграрная периферия с летним пиком,Глубинка европейской части и Урала,True,0.212,0.205
1291,Санчурский,Кировская область,муниципальный округ,33-533-000-000,Сельская Россия,Аграрная периферия с летним пиком,Аграрная периферия с летним пиком,Аграрная периферия с летним пиком,False,0.244,0.139
1292,Свечинский,Кировская область,муниципальный округ,33-534-000-000,Сельская Россия,Аграрная периферия с летним пиком,Аграрная периферия с летним пиком,Аграрная периферия с летним пиком,False,0.066,0.175
1293,Слободской,Кировская область,муниципальный район,33-635-000-000,Сельская Россия,Глубинка европейской части и Урала,Глубинка европейской части и Урала,Глубинка европейской части и Урала,False,0.29,0.21
1294,Советский,Кировская область,муниципальный район,33-636-000-000,Сельская Россия,Глубинка европейской части и Урала,Аграрная периферия с летним пиком,Глубинка европейской части и Урала,False,0.111,0.261
1295,Сунский,Кировская область,муниципальный район,33-637-000-000,Сельская Россия,Глубинка европейской части и Урала,Глубинка европейской части и Урала,Глубинка европейской части и Урала,False,0.321,0.079
1296,Тужинский,Кировская область,муниципальный район,33-638-000-000,Сельская Россия,Аграрная периферия с летним пиком,Аграрная периферия с летним пиком,Аграрная периферия с летним пиком,False,0.18,0.034
1297,Унинский,Кировская область,муниципальный округ,33-540-000-000,Сельская Россия,Аграрная периферия с летним пиком,Глубинка европейской части и Урала,Аграрная периферия с летним пиком,False,0.096,0.259
1298,Уржумский,Кировская область,муниципальный район,33-641-000-000,Сельская Россия,Аграрная периферия с летним пиком,Аграрная периферия с летним пиком,Глубинка европейской части и Урала,False,0.167,0.05
1299,Фаленский,Кировская область,муниципальный округ,33-543-000-000,Сельская Россия,Аграрная периферия с летним пиком,Аграрная периферия с летним пиком,Глубинка европейской части и Урала,False,0.013,0.119
1300,Шабалинский,Кировская область,муниципальный район,33-647-000-000,Сельская Россия,Аграрная периферия с летним пиком,Аграрная периферия с летним пиком,Аграрная периферия с летним пиком,False,0.39,0.033
1301,Юрьянский,Кировская область,муниципальный район,33-649-000-000,Сельская Россия,Глубинка европейской части и Урала,Глубинка европейской части и Урала,Глубинка европейской части и Урала,False,0.209,0.323
1302,Яранский,Кировская область,муниципальный район,33-650-000-000,Сельская Россия,Глубинка европейской части и Урала,Аграрная периферия с летним пиком,Глубинка европейской части и Урала,False,0.163,0.131
1303,Кострома,Костромская область,городской округ,34-701-000-000,Города,Города и промышленные центры,Города и промышленные центры,Города и промышленные центры,False,0.2,0.233
1304,Буй,Костромская область,городской округ,34-705-000-000,Сельская Россия,Глубинка европейской части и Урала,Аграрная периферия с летним пиком,Глубинка европейской части и Урала,False,0.053,0.029
1305,Волгореченск,Костромская область,городской округ,34-706-000-000,Сельская Россия,Глубинка европейской части и Урала,Города и промышленные центры,Глубинка европейской части и Урала,False,0.027,0.082
1306,Галич,Костромская область,городской округ,34-708-000-000,Сельская Россия,Глубинка европейской части и Урала,Аграрная периферия с летним пиком,Глубинка европейской части и Урала,False,0.127,0.098
1308,Шарья,Костромская область,городской округ,34-730-000-000,Сельская Россия,Глубинка европейской части и Урала,Аграрная периферия с летним пиком,Аграрная периферия с летним пиком,False,0.115,0.015
1309,Антроповский,Костромская область,муниципальный район,34-602-000-000,Сельская Россия,Глубинка европейской части и Урала,Аграрная периферия с летним пиком,Глубинка европейской части и Урала,True,0.215,0.196
1310,Буйский,Костромская область,муниципальный район,34-604-000-000,Сельская Россия,Аграрная периферия с летним пиком,Аграрная периферия с летним пиком,Аграрная периферия с летним пиком,False,0.286,0.098
1311,Вохомский,Костромская область,муниципальный район,34-606-000-000,Сельская Россия,Аграрная периферия с летним пиком,Аграрная периферия с летним пиком,Аграрная периферия с летним пиком,False,0.33,0.299
1312,Галичский,Костромская область,муниципальный район,34-608-000-000,Сельская Россия,Глубинка европейской части и Урала,Глубинка европейской части и Урала,Глубинка европейской части и Урала,False,0.065,0.29
1313,Кадыйский,Костромская область,муниципальный район,34-610-000-000,Сельская Россия,Аграрная периферия с летним пиком,Аграрная периферия с летним пиком,Аграрная периферия с летним пиком,False,0.369,0.344
1314,Кологривский,Костромская область,муниципальный округ,34-512-000-000,Сельская Россия,Аграрная периферия с летним пиком,Аграрная периферия с летним пиком,Аграрная периферия с летним пиком,False,0.142,0.182
1315,Костромской,Костромская область,муниципальный район,34-614-000-000,Города,Города и промышленные центры,Города и промышленные центры,Города и промышленные центры,False,0.169,0.372
1316,Красносельский,Костромская область,муниципальный район,34-616-000-000,Сельская Россия,Глубинка европейской части и Урала,Аграрная периферия с летним пиком,Глубинка европейской части и Урала,False,0.072,0.197
1317,Макарьевский,Костромская область,муниципальный район,34-618-000-000,Сельская Россия,Аграрная периферия с летним пиком,Аграрная периферия с летним пиком,Аграрная периферия с летним пиком,False,0.199,0.307
1319,Межевской,Костромская область,муниципальный округ,34-522-000-000,Сельская Россия,Аграрная периферия с летним пиком,Аграрная периферия с летним пиком,Аграрная периферия с летним пиком,False,0.063,0.339
1320,Нейский,Костромская область,муниципальный округ,34-524-000-000,Сельская Россия,Аграрная периферия с летним пиком,Аграрная периферия с летним пиком,Аграрная периферия с летним пиком,False,0.394,0.33
1321,Нерехта и Нерехтский,Костромская область,муниципальный район,34-626-000-000,Сельская Россия,Глубинка европейской части и Урала,Аграрная периферия с летним пиком,Глубинка европейской части и Урала,False,0.008,0.199
1322,Октябрьский,Костромская область,муниципальный район,34-628-000-000,Сельская Россия,Аграрная периферия с летним пиком,Аграрная периферия с летним пиком,Глубинка европейской части и Урала,False,0.164,0.041
1323,Островский,Костромская область,муниципальный округ,34-530-000-000,Сельская Россия,Аграрная периферия с летним пиком,Аграрная периферия с летним пиком,Аграрная периферия с летним пиком,False,0.319,0.205
1324,Павинский,Костромская область,муниципальный округ,34-532-000-000,Сельская Россия,Аграрная периферия с летним пиком,Удалённая Сибирь и горы,Аграрная периферия с летним пиком,False,0.057,0.064
1325,Парфеньевский,Костромская область,муниципальный округ,34-534-000-000,Сельская Россия,Аграрная периферия с летним пиком,Аграрная периферия с летним пиком,Аграрная периферия с летним пиком,False,0.306,0.366
1326,Поназыревский,Костромская область,муниципальный округ,34-536-000-000,Сельская Россия,Аграрная периферия с летним пиком,Аграрная периферия с летним пиком,Глубинка европейской части и Урала,True,0.291,0.231
1327,Пыщугский,Костромская область,муниципальный округ,34-538-000-000,Сельская Россия,Аграрная периферия с летним пиком,Аграрная периферия с летним пиком,Глубинка европейской части и Урала,False,0.1,0.081
1328,Солигаличский,Костромская область,муниципальный округ,34-540-000-000,Сельская Россия,Глубинка европейской части и Урала,Аграрная периферия с летним пиком,Глубинка европейской части и Урала,True,0.343,0.326
1329,Судиславский,Костромская область,муниципальный район,34-642-000-000,Сельская Россия,Глубинка европейской части и Урала,Аграрная периферия с летним пиком,Глубинка европейской части и Урала,True,0.315,0.284
1330,Сусанинский,Костромская область,муниципальный район,34-644-000-000,Сельская Россия,Глубинка европейской части и Урала,Аграрная периферия с летним пиком,Глубинка европейской части и Урала,True,0.25,0.157
1331,Чухломский,Костромская область,муниципальный район,34-646-000-000,Сельская Россия,Аграрная периферия с летним пиком,Аграрная периферия с летним пиком,Аграрная периферия с летним пиком,False,0.328,0.361
1333,Курган,Курганская область,городской округ,37-701-000-000,Города,Города и промышленные центры,Города и промышленные центры,Города и промышленные центры,False,0.147,0.291
1334,Шадринск,Курганская область,городской округ,37-705-000-000,Города,Города и промышленные центры,Города и промышленные центры,Города и промышленные центры,False,0.048,0.041
1335,Альменевский,Курганская область,муниципальный округ,37-502-000-000,Сельская Россия,Аграрная периферия с летним пиком,Аграрная периферия с летним пиком,Глубинка европейской части и Урала,False,0.246,0.07
1336,Белозерский,Курганская область,муниципальный округ,37-504-000-000,Сельская Россия,Аграрная периферия с летним пиком,Глубинка европейской части и Урала,Аграрная периферия с летним пиком,False,0.023,0.09
1337,Варгашинский,Курганская область,муниципальный округ,37-506-000-000,Сельская Россия,Глубинка европейской части и Урала,Глубинка европейской части и Урала,Глубинка европейской части и Урала,False,0.1,0.111
1338,Далматовский,Курганская область,муниципальный округ,37-508-000-000,Сельская Россия,Глубинка европейской части и Урала,Аграрная периферия с летним пиком,Глубинка европейской части и Урала,False,0.229,0.03
1339,Звериноголовский,Курганская область,муниципальный округ,37-509-000-000,Сельская Россия,Аграрная периферия с летним пиком,Аграрная периферия с летним пиком,Аграрная периферия с летним пиком,False,0.163,0.23
1340,Каргапольский,Курганская область,муниципальный округ,37-510-000-000,Сельская Россия,Аграрная периферия с летним пиком,Аграрная периферия с летним пиком,Глубинка европейской части и Урала,False,0.261,0.141
1341,Катайский,Курганская область,муниципальный округ,37-512-000-000,Сельская Россия,Глубинка европейской части и Урала,Аграрная периферия с летним пиком,Глубинка европейской части и Урала,False,0.074,0.353
1343,Куртамышский,Курганская область,муниципальный округ,37-516-000-000,Сельская Россия,Аграрная периферия с летним пиком,Аграрная периферия с летним пиком,Аграрная периферия с летним пиком,False,0.267,0.113
1344,Лебяжьевский,Курганская область,муниципальный округ,37-518-000-000,Сельская Россия,Аграрная периферия с летним пиком,Аграрная периферия с летним пиком,Глубинка европейской части и Урала,False,0.073,0.22
1345,Макушинский,Курганская область,муниципальный округ,37-520-000-000,Сельская Россия,Аграрная периферия с летним пиком,Аграрная периферия с летним пиком,Аграрная периферия с летним пиком,False,0.376,0.112
1346,Мишкинский,Курганская область,муниципальный округ,37-522-000-000,Сельская Россия,Аграрная периферия с летним пиком,Аграрная периферия с летним пиком,Аграрная периферия с летним пиком,False,0.423,0.196
1347,Мокроусовский,Курганская область,муниципальный округ,37-524-000-000,Сельская Россия,Аграрная периферия с летним пиком,Глубинка европейской части и Урала,Аграрная периферия с летним пиком,False,0.075,0.21
1348,Петуховский,Курганская область,муниципальный округ,37-526-000-000,Сельская Россия,Аграрная периферия с летним пиком,Аграрная периферия с летним пиком,Аграрная периферия с летним пиком,False,0.306,0.226
1349,Половинский,Курганская область,муниципальный округ,37-528-000-000,Сельская Россия,Аграрная периферия с летним пиком,Глубинка европейской части и Урала,Аграрная периферия с летним пиком,True,0.282,0.233
1350,Притобольный,Курганская область,муниципальный округ,37-530-000-000,Сельская Россия,Аграрная периферия с летним пиком,Глубинка европейской части и Урала,Аграрная периферия с летним пиком,False,0.141,0.02
1351,Сафакулевский,Курганская область,муниципальный округ,37-532-000-000,Сельская Россия,Аграрная периферия с летним пиком,Аграрная периферия с летним пиком,Глубинка европейской части и Урала,False,0.133,0.102
1352,Целинный,Курганская область,муниципальный округ,37-534-000-000,Сельская Россия,Аграрная периферия с летним пиком,Глубинка европейской части и Урала,Аграрная периферия с летним пиком,False,0.121,0.172
1353,Частоозерский,Курганская область,муниципальный округ,37-536-000-000,Сельская Россия,Аграрная периферия с летним пиком,Аграрная периферия с летним пиком,Аграрная периферия с летним пиком,False,0.433,0.293
1355,Шатровский,Курганская область,муниципальный округ,37-540-000-000,Сельская Россия,Аграрная периферия с летним пиком,Аграрная периферия с летним пиком,Глубинка европейской части и Урала,False,0.337,0.046
1356,Шумихинский,Курганская область,муниципальный округ,37-542-000-000,Сельская Россия,Аграрная периферия с летним пиком,Аграрная периферия с летним пиком,Глубинка европейской части и Урала,True,0.328,0.302
1357,Щучанский,Курганская область,муниципальный округ,37-544-000-000,Сельская Россия,Аграрная периферия с летним пиком,Аграрная периферия с летним пиком,Глубинка европейской части и Урала,False,0.369,0.128
1358,Юргамышский,Курганская область,муниципальный округ,37-546-000-000,Сельская Россия,Аграрная периферия с летним пиком,Аграрная периферия с летним пиком,Аграрная периферия с летним пиком,False,0.165,0.116
1392,Бокситогорский,Ленинградская область,муниципальный район,41-603-000-000,Города,Города и промышленные центры,Города и промышленные центры,Города и промышленные центры,False,0.226,0.235
1393,Волосовский,Ленинградская область,муниципальный район,41-606-000-000,Города,Города и промышленные центры,Города и промышленные центры,Города и промышленные центры,False,0.241,0.147
1394,Волховский,Ленинградская область,муниципальный район,41-609-000-000,Города,Города и промышленные центры,Города и промышленные центры,Города и промышленные центры,False,0.201,0.251
1395,Всеволожский,Ленинградская область,муниципальный район,41-612-000-000,Столичные агломерации,Столичные агломерации и центры с высокими тратами,Столичные агломерации и центры с высокими тратами,Столичные агломерации и центры с высокими тратами,False,0.147,0.166
1396,Выборгский,Ленинградская область,муниципальный район,41-615-000-000,Столичные агломерации,Столичные агломерации и центры с высокими тратами,Столичные агломерации и центры с высокими тратами,Города и промышленные центры,False,0.027,0.008
1397,Гатчинский,Ленинградская область,муниципальный район,41-618-000-000,Столичные агломерации,Столичные агломерации и центры с высокими тратами,Столичные агломерации и центры с высокими тратами,Столичные агломерации и центры с высокими тратами,False,0.051,0.103
1398,Кингисеппский,Ленинградская область,муниципальный район,41-621-000-000,Столичные агломерации,Города и промышленные центры,Города и промышленные центры,Города и промышленные центры,False,0.012,0.037
1399,Киришский,Ленинградская область,муниципальный район,41-624-000-000,Города,Города и промышленные центры,Города и промышленные центры,Города и промышленные центры,False,0.139,0.167
1400,Кировский,Ленинградская область,муниципальный район,41-625-000-000,Столичные агломерации,Города и промышленные центры,Города и промышленные центры,Города и промышленные центры,False,0.016,0.022
1401,Лодейнопольский,Ленинградская область,муниципальный район,41-627-000-000,Города,Города и промышленные центры,Города и промышленные центры,Города и промышленные центры,False,0.341,0.271
1402,Ломоносовский,Ленинградская область,муниципальный район,41-630-000-000,Столичные агломерации,Столичные агломерации и центры с высокими тратами,Столичные агломерации и центры с высокими тратами,Столичные агломерации и центры с высокими тратами,False,0.125,0.171
1403,Лужский,Ленинградская область,муниципальный район,41-633-000-000,Города,Города и промышленные центры,Города и промышленные центры,Города и промышленные центры,False,0.092,0.122
1404,Подпорожский,Ленинградская область,муниципальный район,41-636-000-000,Города,Города и промышленные центры,Города и промышленные центры,Города и промышленные центры,False,0.23,0.174
1405,Приозерский,Ленинградская область,муниципальный район,41-639-000-000,Города,Города и промышленные центры,Города и промышленные центры,Города и промышленные центры,False,0.259,0.187
1406,Сланцевский,Ленинградская область,муниципальный район,41-642-000-000,Города,Города и промышленные центры,Города и промышленные центры,Города и промышленные центры,False,0.323,0.357
1407,Тихвинский,Ленинградская область,муниципальный район,41-645-000-000,Города,Города и промышленные центры,Города и промышленные центры,Города и промышленные центры,False,0.167,0.235
1408,Тосненский,Ленинградская область,муниципальный район,41-648-000-000,Столичные агломерации,Столичные агломерации и центры с высокими тратами,Столичные агломерации и центры с высокими тратами,Столичные агломерации и центры с высокими тратами,False,0.027,0.018
1409,Сосновоборский,Ленинградская область,городской округ,41-754-000-000,Столичные агломерации,Столичные агломерации и центры с высокими тратами,Столичные агломерации и центры с высокими тратами,Столичные агломерации и центры с высокими тратами,False,0.072,0.093
1410,Липецк,Липецкая область,городской округ,42-701-000-000,Города,Города и промышленные центры,Города и промышленные центры,Города и промышленные центры,False,0.148,0.046
1411,Елец,Липецкая область,городской округ,42-715-000-000,Города,Города и промышленные центры,Города и промышленные центры,Города и промышленные центры,False,0.127,0.278
1412,Воловский,Липецкая область,муниципальный район,42-603-000-000,Сельская Россия,Аграрная периферия с летним пиком,Глубинка европейской части и Урала,Аграрная периферия с летним пиком,False,0.167,0.102
1413,Грязинский,Липецкая область,муниципальный район,42-606-000-000,Города,Глубинка европейской части и Урала,Города и промышленные центры,Глубинка европейской части и Урала,False,0.05,0.015
1414,Данковский,Липецкая область,муниципальный район,42-609-000-000,Сельская Россия,Глубинка европейской части и Урала,Аграрная периферия с летним пиком,Глубинка европейской части и Урала,False,0.108,0.131
1415,Добринский,Липецкая область,муниципальный район,42-612-000-000,Сельская Россия,Глубинка европейской части и Урала,Аграрная периферия с летним пиком,Глубинка европейской части и Урала,True,0.209,0.213
1416,Добровский,Липецкая область,муниципальный район,42-615-000-000,Сельская Россия,Глубинка европейской части и Урала,Глубинка европейской части и Урала,Глубинка европейской части и Урала,False,0.283,0.35
1417,Долгоруковский,Липецкая область,муниципальный район,42-618-000-000,Сельская Россия,Глубинка европейской части и Урала,Глубинка европейской части и Урала,Аграрная периферия с летним пиком,True,0.347,0.309
1419,Задонский,Липецкая область,муниципальный район,42-624-000-000,Сельская Россия,Глубинка европейской части и Урала,Аграрная периферия с летним пиком,Глубинка европейской части и Урала,False,0.076,0.012
1420,Измалковский,Липецкая область,муниципальный район,42-627-000-000,Сельская Россия,Аграрная периферия с летним пиком,Аграрная периферия с летним пиком,Глубинка европейской части и Урала,False,0.04,0.142
1421,Краснинский,Липецкая область,муниципальный район,42-630-000-000,Сельская Россия,Аграрная периферия с летним пиком,Глубинка европейской части и Урала,Аграрная периферия с летним пиком,True,0.174,0.398
1422,Лебедянский,Липецкая область,муниципальный район,42-633-000-000,Сельская Россия,Глубинка европейской части и Урала,Аграрная периферия с летним пиком,Глубинка европейской части и Урала,False,0.03,0.105
1423,Лев-Толстовский,Липецкая область,муниципальный район,42-636-000-000,Сельская Россия,Глубинка европейской части и Урала,Аграрная периферия с летним пиком,Глубинка европейской части и Урала,True,0.251,0.253
1425,Становлянский,Липецкая область,муниципальный район,42-642-000-000,Сельская Россия,Глубинка европейской части и Урала,Глубинка европейской части и Урала,Аграрная периферия с летним пиком,False,0.25,0.071
1426,Тербунский,Липецкая область,муниципальный район,42-645-000-000,Сельская Россия,Глубинка европейской части и Урала,Глубинка европейской части и Урала,Глубинка европейской части и Урала,False,0.007,0.059
1427,Усманский,Липецкая область,муниципальный район,42-648-000-000,Сельская Россия,Глубинка европейской части и Урала,Аграрная периферия с летним пиком,Глубинка европейской части и Урала,False,0.04,0.218
1428,Хлевенский,Липецкая область,муниципальный район,42-652-000-000,Сельская Россия,Аграрная периферия с летним пиком,Аграрная периферия с летним пиком,Аграрная периферия с летним пиком,False,0.057,0.317
1429,Чаплыгинский,Липецкая область,муниципальный район,42-656-000-000,Сельская Россия,Глубинка европейской части и Урала,Аграрная периферия с летним пиком,Глубинка европейской части и Урала,True,0.168,0.285
1430,Магадан,Магаданская область,городской округ,44-701-000-000,Столичные агломерации,Столичные агломерации и центры с высокими тратами,Столичные агломерации и центры с высокими тратами,Столичные агломерации и центры с высокими тратами,False,0.15,0.262
1431,Ольский,Магаданская область,муниципальный округ,44-502-000-000,Города,Города и промышленные центры,Арктика и Крайний Север,Города и промышленные центры,True,0.211,0.169
1438,Ягоднинский,Магаданская область,муниципальный округ,44-522-000-000,Север,Арктика и Крайний Север,Арктика и Крайний Север,Арктика и Крайний Север,False,0.465,0.307
1439,Балашиха,Московская область,городской округ,46-704-000-000,Столичные агломерации,Столичные агломерации и центры с высокими тратами,Столичные агломерации и центры с высокими тратами,Столичные агломерации и центры с высокими тратами,False,0.195,0.15
1440,Бронницы,Московская область,городской округ,46-705-000-000,Столичные агломерации,Столичные агломерации и центры с высокими тратами,Столичные агломерации и центры с высокими тратами,Города и промышленные центры,False,0.038,0.02
1443,Дзержинский,Московская область,городской округ,46-711-000-000,Столичные агломерации,Столичные агломерации и центры с высокими тратами,Столичные агломерации и центры с высокими тратами,Столичные агломерации и центры с высокими тратами,False,0.187,0.196
1444,Долгопрудный,Московская область,городской округ,46-716-000-000,Столичные агломерации,Столичные агломерации и центры с высокими тратами,Столичные агломерации и центры с высокими тратами,Столичные агломерации и центры с высокими тратами,False,0.322,0.218
1445,Домодедово,Московская область,городской округ,46-709-000-000,Столичные агломерации,Столичные агломерации и центры с высокими тратами,Столичные агломерации и центры с высокими тратами,Столичные агломерации и центры с высокими тратами,False,0.143,0.145
1446,Дубна,Московская область,городской округ,46-718-000-000,Столичные агломерации,Столичные агломерации и центры с высокими тратами,Столичные агломерации и центры с высокими тратами,Столичные агломерации и центры с высокими тратами,False,0.139,0.129
1447,Егорьевск,Московская область,городской округ,46-722-000-000,Города,Города и промышленные центры,Города и промышленные центры,Города и промышленные центры,False,0.055,0.065
1448,Жуковский,Московская область,городской округ,46-725-000-000,Столичные агломерации,Столичные агломерации и центры с высокими тратами,Столичные агломерации и центры с высокими тратами,Столичные агломерации и центры с высокими тратами,False,0.245,0.184
1449,Зарайск,Московская область,городской округ,46-729-000-000,Города,Города и промышленные центры,Города и промышленные центры,Города и промышленные центры,False,0.155,0.266
1453,Истра,Московская область,городской округ,46-733-000-000,Столичные агломерации,Столичные агломерации и центры с высокими тратами,Столичные агломерации и центры с высокими тратами,Столичные агломерации и центры с высокими тратами,False,0.167,0.181
1454,Кашира,Московская область,городской округ,46-735-000-000,Города,Города и промышленные центры,Города и промышленные центры,Города и промышленные центры,False,0.069,0.199
1456,Королёв,Московская область,городской округ,46-734-000-000,Столичные агломерации,Столичные агломерации и центры с высокими тратами,Столичные агломерации и центры с высокими тратами,Столичные агломерации и центры с высокими тратами,False,0.207,0.238
1457,Котельники,Московская область,городской округ,46-739-000-000,Столичные агломерации,Столичные агломерации и центры с высокими тратами,Столичные агломерации и центры с высокими тратами,Столичные агломерации и центры с высокими тратами,False,0.267,0.171
1459,Красногорск,Московская область,городской округ,46-744-000-000,Столичные агломерации,Столичные агломерации и центры с высокими тратами,Столичные агломерации и центры с высокими тратами,Столичные агломерации и центры с высокими тратами,False,0.242,0.204
1461,Лобня,Московская область,городской округ,46-740-000-000,Столичные агломерации,Столичные агломерации и центры с высокими тратами,Столичные агломерации и центры с высокими тратами,Столичные агломерации и центры с высокими тратами,False,0.199,0.159
1463,Луховицы,Московская область,городской округ,46-747-000-000,Города,Города и промышленные центры,Города и промышленные центры,Города и промышленные центры,False,0.093,0.206
1464,Лыткарино,Московская область,городской округ,46-741-000-000,Столичные агломерации,Столичные агломерации и центры с высокими тратами,Столичные агломерации и центры с высокими тратами,Столичные агломерации и центры с высокими тратами,False,0.119,0.177
1465,Люберцы,Московская область,городской округ,46-748-000-000,Столичные агломерации,Столичные агломерации и центры с высокими тратами,Столичные агломерации и центры с высокими тратами,Столичные агломерации и центры с высокими тратами,False,0.196,0.161
1467,Мытищи,Московская область,городской округ,46-746-000-000,Столичные агломерации,Столичные агломерации и центры с высокими тратами,Столичные агломерации и центры с высокими тратами,Столичные агломерации и центры с высокими тратами,False,0.23,0.211
1468,Наро-Фоминский,Московская область,городской округ,46-750-000-000,Столичные агломерации,Столичные агломерации и центры с высокими тратами,Столичные агломерации и центры с высокими тратами,Столичные агломерации и центры с высокими тратами,False,0.139,0.139
1472,Подольск,Московская область,городской округ,46-760-000-000,Столичные агломерации,Столичные агломерации и центры с высокими тратами,Столичные агломерации и центры с высокими тратами,Столичные агломерации и центры с высокими тратами,False,0.139,0.121
1473,Протвино,Московская область,городской округ,46-767-000-000,Города,Города и промышленные центры,Города и промышленные центры,Города и промышленные центры,False,0.211,0.223
1474,Пущино,Московская область,городской округ,46-762-000-000,Города,Города и промышленные центры,Города и промышленные центры,Города и промышленные центры,False,0.208,0.084
1475,Реутов,Московская область,городской округ,46-764-000-000,Столичные агломерации,Столичные агломерации и центры с высокими тратами,Столичные агломерации и центры с высокими тратами,Столичные агломерации и центры с высокими тратами,False,0.277,0.294
1477,Рузский,Московская область,городской округ,46-766-000-000,Города,Города и промышленные центры,Города и промышленные центры,Города и промышленные центры,False,0.084,0.096
1478,Серебряные Пруды,Московская область,городской округ,46-772-000-000,Города,Города и промышленные центры,Города и промышленные центры,Города и промышленные центры,False,0.244,0.309
1480,Ступино,Московская область,городской округ,46-776-000-000,Столичные агломерации,Столичные агломерации и центры с высокими тратами,Столичные агломерации и центры с высокими тратами,Столичные агломерации и центры с высокими тратами,False,0.027,0.095
1481,Фрязино,Московская область,городской округ,46-780-000-000,Столичные агломерации,Столичные агломерации и центры с высокими тратами,Столичные агломерации и центры с высокими тратами,Столичные агломерации и центры с высокими тратами,False,0.132,0.124
1483,Черноголовка,Московская область,городской округ,46-781-000-000,Города,Города и промышленные центры,Города и промышленные центры,Города и промышленные центры,False,0.125,0.154
1484,Чехов,Московская область,городской округ,46-784-000-000,Столичные агломерации,Столичные агломерации и центры с высокими тратами,Столичные агломерации и центры с высокими тратами,Столичные агломерации и центры с высокими тратами,False,0.105,0.12
1486,Шаховская,Московская область,городской округ,46-787-000-000,Города,Города и промышленные центры,Города и промышленные центры,Города и промышленные центры,False,0.362,0.291
1488,Электросталь,Московская область,городской округ,46-790-000-000,Столичные агломерации,Столичные агломерации и центры с высокими тратами,Столичные агломерации и центры с высокими тратами,Столичные агломерации и центры с высокими тратами,False,0.109,0.134
1489,Волоколамский,Московская область,городской округ,46-708-000-000,Города,Города и промышленные центры,Города и промышленные центры,Города и промышленные центры,False,0.129,0.215
1490,Воскресенск,Московская область,городской округ,46-710-000-000,Города,Города и промышленные центры,Столичные агломерации и центры с высокими тратами,Города и промышленные центры,False,0.005,0.013
1491,Дмитровский,Московская область,городской округ,46-715-000-000,Столичные агломерации,Столичные агломерации и центры с высокими тратами,Столичные агломерации и центры с высокими тратами,Столичные агломерации и центры с высокими тратами,False,0.071,0.076
1492,Клин,Московская область,городской округ,46-737-000-000,Столичные агломерации,Города и промышленные центры,Города и промышленные центры,Столичные агломерации и центры с высокими тратами,False,0.018,0.055
1493,Ленинский,Московская область,городской округ,46-707-000-000,Столичные агломерации,Столичные агломерации и центры с высокими тратами,Столичные агломерации и центры с высокими тратами,Столичные агломерации и центры с высокими тратами,False,0.234,0.219
1494,Лотошино,Московская область,городской округ,46-752-000-000,Города,Глубинка европейской части и Урала,Города и промышленные центры,Города и промышленные центры,False,0.087,0.071
1495,Можайский,Московская область,городской округ,46-745-000-000,Города,Города и промышленные центры,Города и промышленные центры,Города и промышленные центры,False,0.066,0.103
1496,Богородский,Московская область,городской округ,46-751-000-000,Столичные агломерации,Столичные агломерации и центры с высокими тратами,Столичные агломерации и центры с высокими тратами,Столичные агломерации и центры с высокими тратами,False,0.045,0.064
1500,Раменский,Московская область,городской округ,46-768-000-000,Столичные агломерации,Столичные агломерации и центры с высокими тратами,Столичные агломерации и центры с высокими тратами,Столичные агломерации и центры с высокими тратами,False,0.113,0.106
1501,Сергиево-Посадский,Московская область,городской округ,46-728-000-000,Столичные агломерации,Столичные агломерации и центры с высокими тратами,Столичные агломерации и центры с высокими тратами,Столичные агломерации и центры с высокими тратами,False,0.088,0.059
1504,Талдомский,Московская область,городской округ,46-778-000-000,Города,Города и промышленные центры,Города и промышленные центры,Города и промышленные центры,False,0.314,0.174
1506,Мурманск,Мурманская область,городской округ,47-701-000-000,Столичные агломерации,Столичные агломерации и центры с высокими тратами,Столичные агломерации и центры с высокими тратами,Столичные агломерации и центры с высокими тратами,False,0.178,0.091
1507,Апатиты,Мурманская область,муниципальный округ,47-519-000-000,Столичные агломерации,Столичные агломерации и центры с высокими тратами,Столичные агломерации и центры с высокими тратами,Столичные агломерации и центры с высокими тратами,False,0.092,0.03
1508,Кировск,Мурманская область,муниципальный округ,47-522-000-000,Столичные агломерации,Столичные агломерации и центры с высокими тратами,Столичные агломерации и центры с высокими тратами,Столичные агломерации и центры с высокими тратами,False,0.099,0.005
1509,Мончегорск,Мурманская область,муниципальный округ,47-524-000-000,Города,Города и промышленные центры,Столичные агломерации и центры с высокими тратами,Города и промышленные центры,False,0.045,0.145
1510,Оленегорск,Мурманская область,муниципальный округ,47-526-000-000,Города,Города и промышленные центры,Города и промышленные центры,Города и промышленные центры,False,0.075,0.176
1511,Полярные Зори,Мурманская область,муниципальный округ,47-528-000-000,Столичные агломерации,Столичные агломерации и центры с высокими тратами,Столичные агломерации и центры с высокими тратами,Города и промышленные центры,False,0.076,0.056
1512,Ковдорский,Мурманская область,муниципальный округ,47-517-000-000,Города,Города и промышленные центры,Города и промышленные центры,Города и промышленные центры,False,0.004,0.116
1518,Кандалакшский,Мурманская область,муниципальный район,47-608-000-000,Города,Города и промышленные центры,Города и промышленные центры,Города и промышленные центры,False,0.06,0.19
1519,Кольский,Мурманская область,муниципальный район,47-605-000-000,Города,Города и промышленные центры,Города и промышленные центры,Города и промышленные центры,False,0.193,0.242
1520,Ловозерский,Мурманская область,муниципальный район,47-610-000-000,Север,Города и промышленные центры,Города и промышленные центры,Города и промышленные центры,False,0.11,0.07
1521,Печенгский,Мурманская область,муниципальный округ,47-515-000-000,Столичные агломерации,Столичные агломерации и центры с высокими тратами,Столичные агломерации и центры с высокими тратами,Города и промышленные центры,False,0.076,0.028
1522,Терский,Мурманская область,муниципальный район,47-620-000-000,Города,Города и промышленные центры,Города и промышленные центры,Города и промышленные центры,False,0.221,0.073
1523,Нижний Новгород,Нижегородская область,городской округ,22-701-000-000,Столичные агломерации,Города и промышленные центры,Столичные агломерации и центры с высокими тратами,Столичные агломерации и центры с высокими тратами,False,0.009,0.032
1525,Бор,Нижегородская область,городской округ,22-712-000-000,Города,Города и промышленные центры,Города и промышленные центры,Города и промышленные центры,False,0.152,0.152
1526,Выкса,Нижегородская область,городской округ,22-715-000-000,Города,Города и промышленные центры,Города и промышленные центры,Города и промышленные центры,False,0.23,0.322
1527,Дзержинск,Нижегородская область,городской округ,22-721-000-000,Города,Города и промышленные центры,Города и промышленные центры,Города и промышленные центры,False,0.078,0.086
1528,Кулебаки,Нижегородская область,городской округ,22-727-000-000,Сельская Россия,Аграрная периферия с летним пиком,Аграрная периферия с летним пиком,Аграрная периферия с летним пиком,False,0.147,0.031
1529,Навашинский,Нижегородская область,городской округ,22-730-000-000,Сельская Россия,Глубинка европейской части и Урала,Глубинка европейской части и Урала,Аграрная периферия с летним пиком,False,0.123,0.182
1530,Перевозский,Нижегородская область,городской округ,22-739-000-000,Сельская Россия,Глубинка европейской части и Урала,Аграрная периферия с летним пиком,Глубинка европейской части и Урала,False,0.019,0.312
1532,Семеновский,Нижегородская область,городской округ,22-737-000-000,Сельская Россия,Глубинка европейской части и Урала,Аграрная периферия с летним пиком,Глубинка европейской части и Урала,True,0.259,0.167
1533,Шахунья,Нижегородская область,городской округ,22-758-000-000,Сельская Россия,Аграрная периферия с летним пиком,Аграрная периферия с летним пиком,Глубинка европейской части и Урала,False,0.348,0.024
1534,Первомайск,Нижегородская область,городской округ,22-734-000-000,Сельская Россия,Глубинка европейской части и Урала,Аграрная периферия с летним пиком,Аграрная периферия с летним пиком,False,0.285,0.013
1535,Сокольский,Нижегородская область,городской округ,22-749-000-000,Сельская Россия,Глубинка европейской части и Урала,Аграрная периферия с летним пиком,Глубинка европейской части и Урала,False,0.09,0.272
1536,Чкаловск,Нижегородская область,городской округ,22-755-000-000,Сельская Россия,Глубинка европейской части и Урала,Аграрная периферия с летним пиком,Аграрная периферия с летним пиком,False,0.142,0.046
1537,Ардатовский,Нижегородская область,муниципальный округ,22-502-000-000,Сельская Россия,Аграрная периферия с летним пиком,Аграрная периферия с летним пиком,Аграрная периферия с летним пиком,False,0.092,0.308
1539,Балахнинский,Нижегородская область,муниципальный округ,22-505-000-000,Города,Города и промышленные центры,Города и промышленные центры,Города и промышленные центры,False,0.149,0.246
1540,Богородский,Нижегородская область,муниципальный округ,22-507-000-000,Города,Города и промышленные центры,Города и промышленные центры,Города и промышленные центры,False,0.128,0.245
1541,Большеболдинский,Нижегородская область,муниципальный округ,22-509-000-000,Сельская Россия,Аграрная периферия с летним пиком,Аграрная периферия с летним пиком,Аграрная периферия с летним пиком,False,0.269,0.364
1542,Большемурашкинский,Нижегородская область,муниципальный округ,22-510-000-000,Сельская Россия,Глубинка европейской части и Урала,Аграрная периферия с летним пиком,Глубинка европейской части и Урала,False,0.072,0.017
1543,Бутурлинский,Нижегородская область,муниципальный округ,22-512-000-000,Сельская Россия,Глубинка европейской части и Урала,Глубинка европейской части и Урала,Глубинка европейской части и Урала,False,0.094,0.269
1544,Вадский,Нижегородская область,муниципальный округ,22-514-000-000,Сельская Россия,Аграрная периферия с летним пиком,Аграрная периферия с летним пиком,Глубинка европейской части и Урала,True,0.265,0.157
1545,Варнавинский,Нижегородская область,муниципальный округ,22-515-000-000,Сельская Россия,Аграрная периферия с летним пиком,Аграрная периферия с летним пиком,Аграрная периферия с летним пиком,False,0.283,0.143
1546,Вачский,Нижегородская область,муниципальный округ,22-517-000-000,Сельская Россия,Глубинка европейской части и Урала,Аграрная периферия с летним пиком,Аграрная периферия с летним пиком,False,0.113,0.138
1547,Ветлужский,Нижегородская область,муниципальный округ,22-518-000-000,Сельская Россия,Аграрная периферия с летним пиком,Аграрная периферия с летним пиком,Аграрная периферия с летним пиком,False,0.377,0.374
1548,Вознесенский,Нижегородская область,муниципальный округ,22-519-000-000,Сельская Россия,Аграрная периферия с летним пиком,Аграрная периферия с летним пиком,Аграрная периферия с летним пиком,False,0.331,0.168
1549,Володарский,Нижегородская область,муниципальный округ,22-520-000-000,Города,Глубинка европейской части и Урала,Глубинка европейской части и Урала,Города и промышленные центры,False,0.049,0.055
1550,Воротынский,Нижегородская область,городской округ,22-719-000-000,Сельская Россия,Глубинка европейской части и Урала,Аграрная периферия с летним пиком,Глубинка европейской части и Урала,False,0.038,0.242
1551,Воскресенский,Нижегородская область,муниципальный округ,22-522-000-000,Сельская Россия,Аграрная периферия с летним пиком,Аграрная периферия с летним пиком,Аграрная периферия с летним пиком,False,0.157,0.171
1552,Гагинский,Нижегородская область,муниципальный округ,22-526-000-000,Сельская Россия,Аграрная периферия с летним пиком,Аграрная периферия с летним пиком,Аграрная периферия с летним пиком,False,0.217,0.317
1553,Городецкий,Нижегородская область,муниципальный округ,22-528-000-000,Города,Города и промышленные центры,Города и промышленные центры,Города и промышленные центры,False,0.094,0.236
1554,Дальнеконстантиновский,Нижегородская область,муниципальный округ,22-530-000-000,Сельская Россия,Глубинка европейской части и Урала,Аграрная периферия с летним пиком,Глубинка европейской части и Урала,False,0.121,0.266
1555,Дивеевский,Нижегородская область,муниципальный округ,22-532-000-000,Сельская Россия,Аграрная периферия с летним пиком,Аграрная периферия с летним пиком,Аграрная периферия с летним пиком,False,0.151,0.168
1556,Княгининский,Нижегородская область,муниципальный округ,22-533-000-000,Сельская Россия,Глубинка европейской части и Урала,Аграрная периферия с летним пиком,Глубинка европейской части и Урала,False,0.088,0.208
1557,Ковернинский,Нижегородская область,муниципальный округ,22-534-000-000,Сельская Россия,Глубинка европейской части и Урала,Аграрная периферия с летним пиком,Глубинка европейской части и Урала,False,0.047,0.186
1558,Краснобаковский,Нижегородская область,муниципальный округ,22-535-000-000,Сельская Россия,Аграрная периферия с летним пиком,Аграрная периферия с летним пиком,Глубинка европейской части и Урала,False,0.093,0.124
1559,Краснооктябрьский,Нижегородская область,муниципальный округ,22-536-000-000,Сельская Россия,Глубинка европейской части и Урала,Глубинка европейской части и Урала,Глубинка европейской части и Урала,False,0.254,0.045
1560,Кстовский,Нижегородская область,муниципальный округ,22-537-000-000,Города,Города и промышленные центры,Города и промышленные центры,Города и промышленные центры,False,0.077,0.034
1561,Лукояновский,Нижегородская область,муниципальный округ,22-539-000-000,Сельская Россия,Аграрная периферия с летним пиком,Аграрная периферия с летним пиком,Аграрная периферия с летним пиком,False,0.272,0.326
1562,Лысковский,Нижегородская область,муниципальный округ,22-540-000-000,Сельская Россия,Города и промышленные центры,Аграрная периферия с летним пиком,Города и промышленные центры,False,0.032,0.018
1563,Павловский,Нижегородская область,муниципальный округ,22-542-000-000,Города,Города и промышленные центры,Города и промышленные центры,Города и промышленные центры,False,0.137,0.244
1564,Пильнинский,Нижегородская область,муниципальный округ,22-545-000-000,Сельская Россия,Аграрная периферия с летним пиком,Аграрная периферия с летним пиком,Аграрная периферия с летним пиком,False,0.395,0.305
1565,Починковский,Нижегородская область,муниципальный округ,22-546-000-000,Сельская Россия,Аграрная периферия с летним пиком,Аграрная периферия с летним пиком,Аграрная периферия с летним пиком,False,0.155,0.038
1566,Сергачский,Нижегородская область,муниципальный округ,22-548-000-000,Сельская Россия,Аграрная периферия с летним пиком,Аграрная периферия с летним пиком,Глубинка европейской части и Урала,False,0.285,0.046
1567,Сеченовский,Нижегородская область,муниципальный округ,22-549-000-000,Сельская Россия,Аграрная периферия с летним пиком,Аграрная периферия с летним пиком,Аграрная периферия с летним пиком,False,0.337,0.373
1568,Сосновский,Нижегородская область,муниципальный округ,22-550-000-000,Сельская Россия,Глубинка европейской части и Урала,Аграрная периферия с летним пиком,Глубинка европейской части и Урала,True,0.265,0.36
1569,Спасский,Нижегородская область,муниципальный округ,22-551-000-000,Сельская Россия,Глубинка европейской части и Урала,Глубинка европейской части и Урала,Глубинка европейской части и Урала,False,0.133,0.093
1570,Тонкинский,Нижегородская область,муниципальный округ,22-552-000-000,Сельская Россия,Аграрная периферия с летним пиком,Аграрная периферия с летним пиком,Удалённая Сибирь и горы,False,0.273,0.047
1571,Тоншаевский,Нижегородская область,муниципальный округ,22-553-000-000,Сельская Россия,Аграрная периферия с летним пиком,Аграрная периферия с летним пиком,Удалённая Сибирь и горы,True,0.164,0.215
1572,Уренский,Нижегородская область,муниципальный округ,22-554-000-000,Города,Аграрная периферия с летним пиком,Аграрная периферия с летним пиком,Удалённая Сибирь и горы,False,0.131,0.127
1573,Шарангский,Нижегородская область,муниципальный округ,22-556-000-000,Сельская Россия,Аграрная периферия с летним пиком,Аграрная периферия с летним пиком,Аграрная периферия с летним пиком,False,0.166,0.023
1574,Шатковский,Нижегородская область,муниципальный округ,22-557-000-000,Сельская Россия,Глубинка европейской части и Урала,Аграрная периферия с летним пиком,Аграрная периферия с летним пиком,False,0.058,0.082
1575,Великий Новгород,Новгородская область,городской округ,49-701-000-000,Города,Города и промышленные центры,Города и промышленные центры,Города и промышленные центры,False,0.062,0.064
1577,Боровичский,Новгородская область,муниципальный район,49-606-000-000,Города,Города и промышленные центры,Города и промышленные центры,Города и промышленные центры,False,0.134,0.205
1578,Валдайский,Новгородская область,муниципальный район,49-608-000-000,Города,Города и промышленные центры,Города и промышленные центры,Города и промышленные центры,False,0.171,0.1
1579,Волотовский,Новгородская область,муниципальный округ,49-510-000-000,Сельская Россия,Аграрная периферия с летним пиком,Аграрная периферия с летним пиком,Глубинка европейской части и Урала,True,0.304,0.196
1580,Демянский,Новгородская область,муниципальный округ,49-512-000-000,Сельская Россия,Глубинка европейской части и Урала,Аграрная периферия с летним пиком,Глубинка европейской части и Урала,True,0.369,0.379
1581,Крестецкий,Новгородская область,муниципальный округ,49-514-000-000,Сельская Россия,Глубинка европейской части и Урала,Аграрная периферия с летним пиком,Глубинка европейской части и Урала,False,0.018,0.103
1582,Любытинский,Новгородская область,муниципальный район,49-616-000-000,Сельская Россия,Аграрная периферия с летним пиком,Аграрная периферия с летним пиком,Аграрная периферия с летним пиком,False,0.249,0.026
1583,Маловишерский,Новгородская область,муниципальный район,49-620-000-000,Сельская Россия,Глубинка европейской части и Урала,Аграрная периферия с летним пиком,Глубинка европейской части и Урала,False,0.055,0.04
1584,Марёвский,Новгородская область,муниципальный округ,49-523-000-000,Сельская Россия,Аграрная периферия с летним пиком,Глубинка европейской части и Урала,Удалённая Сибирь и горы,False,0.074,0.091
1585,Мошенской,Новгородская область,муниципальный округ,49-524-000-000,Сельская Россия,Глубинка европейской части и Урала,Глубинка европейской части и Урала,Глубинка европейской части и Урала,False,0.086,0.219
1586,Новгородский,Новгородская область,муниципальный район,49-625-000-000,Города,Города и промышленные центры,Города и промышленные центры,Города и промышленные центры,False,0.136,0.162
1587,Окуловский,Новгородская область,муниципальный район,49-628-000-000,Сельская Россия,Аграрная периферия с летним пиком,Аграрная периферия с летним пиком,Аграрная периферия с летним пиком,False,0.227,0.154
1588,Парфинский,Новгородская область,муниципальный район,49-630-000-000,Сельская Россия,Глубинка европейской части и Урала,Глубинка европейской части и Урала,Глубинка европейской части и Урала,False,0.052,0.199
1589,Пестовский,Новгородская область,муниципальный округ,49-532-000-000,Города,Города и промышленные центры,Города и промышленные центры,Города и промышленные центры,False,0.179,0.13
1590,Поддорский,Новгородская область,муниципальный район,49-634-000-000,Сельская Россия,Аграрная периферия с летним пиком,Аграрная периферия с летним пиком,Аграрная периферия с летним пиком,False,0.017,0.193
1591,Солецкий,Новгородская область,муниципальный округ,49-538-000-000,Сельская Россия,Глубинка европейской части и Урала,Глубинка европейской части и Урала,Глубинка европейской части и Урала,False,0.147,0.047
1592,Старорусский,Новгородская область,муниципальный район,49-639-000-000,Города,Глубинка европейской части и Урала,Города и промышленные центры,Глубинка европейской части и Урала,False,0.046,0.033
1593,Хвойнинский,Новгородская область,муниципальный округ,49-545-000-000,Сельская Россия,Глубинка европейской части и Урала,Аграрная периферия с летним пиком,Глубинка европейской части и Урала,False,0.093,0.2
1594,Холмский,Новгородская область,муниципальный район,49-647-000-000,Сельская Россия,Глубинка европейской части и Урала,Аграрная периферия с летним пиком,Глубинка европейской части и Урала,True,0.304,0.288
1595,Чудовский,Новгородская область,муниципальный район,49-650-000-000,Города,Глубинка европейской части и Урала,Города и промышленные центры,Города и промышленные центры,False,0.105,0.037
1596,Шимский,Новгородская область,муниципальный район,49-655-000-000,Сельская Россия,Глубинка европейской части и Урала,Аграрная периферия с летним пиком,Глубинка европейской части и Урала,False,0.075,0.161
1597,Новосибирск,Новосибирская область,городской округ,50-701-000-000,Столичные агломерации,Столичные агломерации и центры с высокими тратами,Столичные агломерации и центры с высокими тратами,Столичные агломерации и центры с высокими тратами,False,0.036,0.047
1598,Бердск,Новосибирская область,городской округ,50-708-000-000,Города,Города и промышленные центры,Города и промышленные центры,Города и промышленные центры,False,0.03,0.074
1599,Искитим,Новосибирская область,городской округ,50-712-000-000,Города,Города и промышленные центры,Удалённая Сибирь и горы,Города и промышленные центры,False,0.092,0.242
1600,Обь,Новосибирская область,городской округ,50-717-000-000,Города,Города и промышленные центры,Города и промышленные центры,Города и промышленные центры,False,0.077,0.073
1601,Кольцово,Новосибирская область,городской округ,50-740-000-000,Столичные агломерации,Столичные агломерации и центры с высокими тратами,Столичные агломерации и центры с высокими тратами,Столичные агломерации и центры с высокими тратами,False,0.096,0.175
1602,Баганский,Новосибирская область,муниципальный район,50-603-000-000,Сельская Россия,Аграрная периферия с летним пиком,Аграрная периферия с летним пиком,Удалённая Сибирь и горы,False,0.117,0.184
1603,Барабинский,Новосибирская область,муниципальный район,50-604-000-000,Города,Города и промышленные центры,Города и промышленные центры,Города и промышленные центры,False,0.084,0.081
1604,Болотнинский,Новосибирская область,муниципальный район,50-606-000-000,Города,Города и промышленные центры,Города и промышленные центры,Города и промышленные центры,False,0.018,0.093
1605,Венгеровский,Новосибирская область,муниципальный район,50-608-000-000,Сельская Россия,Аграрная периферия с летним пиком,Аграрная периферия с летним пиком,Глубинка европейской части и Урала,True,0.306,0.161
1606,Доволенский,Новосибирская область,муниципальный район,50-610-000-000,Сельская Россия,Аграрная периферия с летним пиком,Аграрная периферия с летним пиком,Глубинка европейской части и Урала,False,0.331,0.106
1607,Здвинский,Новосибирская область,муниципальный район,50-613-000-000,Сельская Россия,Аграрная периферия с летним пиком,Аграрная периферия с летним пиком,Глубинка европейской части и Урала,True,0.258,0.16
1608,Искитимский,Новосибирская область,муниципальный район,50-615-000-000,Города,Глубинка европейской части и Урала,Аграрная периферия с летним пиком,Глубинка европейской части и Урала,False,0.13,0.062
1609,Карасукский,Новосибирская область,муниципальный район,50-617-000-000,Города,Аграрная периферия с летним пиком,Аграрная периферия с летним пиком,Удалённая Сибирь и горы,False,0.048,0.03
1610,Каргатский,Новосибирская область,муниципальный район,50-619-000-000,Сельская Россия,Глубинка европейской части и Урала,Аграрная периферия с летним пиком,Глубинка европейской части и Урала,True,0.165,0.294
1611,Колыванский,Новосибирская область,муниципальный район,50-621-000-000,Сельская Россия,Глубинка европейской части и Урала,Аграрная периферия с летним пиком,Глубинка европейской части и Урала,False,0.038,0.036
1612,Коченевский,Новосибирская область,муниципальный район,50-623-000-000,Города,Города и промышленные центры,Аграрная периферия с летним пиком,Города и промышленные центры,False,0.027,0.021
1613,Кочковский,Новосибирская область,муниципальный район,50-625-000-000,Сельская Россия,Аграрная периферия с летним пиком,Аграрная периферия с летним пиком,Аграрная периферия с летним пиком,False,0.016,0.212
1614,Краснозерский,Новосибирская область,муниципальный район,50-627-000-000,Сельская Россия,Аграрная периферия с летним пиком,Аграрная периферия с летним пиком,Аграрная периферия с летним пиком,False,0.447,0.036
1615,Куйбышевский,Новосибирская область,муниципальный район,50-630-000-000,Города,Города и промышленные центры,Города и промышленные центры,Города и промышленные центры,False,0.092,0.196
1616,Купинский,Новосибирская область,муниципальный район,50-632-000-000,Сельская Россия,Аграрная периферия с летним пиком,Аграрная периферия с летним пиком,Удалённая Сибирь и горы,False,0.192,0.137
1617,Кыштовский,Новосибирская область,муниципальный район,50-634-000-000,Сельская Россия,Аграрная периферия с летним пиком,Аграрная периферия с летним пиком,Аграрная периферия с летним пиком,False,0.316,0.313
1618,Маслянинский,Новосибирская область,муниципальный район,50-636-000-000,Сельская Россия,Аграрная периферия с летним пиком,Аграрная периферия с летним пиком,Глубинка европейской части и Урала,True,0.256,0.211
1619,Мошковский,Новосибирская область,муниципальный район,50-638-000-000,Города,Города и промышленные центры,Города и промышленные центры,Города и промышленные центры,False,0.058,0.135
1620,Новосибирский,Новосибирская область,муниципальный район,50-640-000-000,Столичные агломерации,Города и промышленные центры,Удалённая Сибирь и горы,Столичные агломерации и центры с высокими тратами,False,0.024,0.09
1621,Ордынский,Новосибирская область,муниципальный район,50-642-000-000,Сельская Россия,Аграрная периферия с летним пиком,Аграрная периферия с летним пиком,Глубинка европейской части и Урала,False,0.274,0.092
1622,Северный,Новосибирская область,муниципальный район,50-644-000-000,Сельская Россия,Аграрная периферия с летним пиком,Аграрная периферия с летним пиком,Аграрная периферия с летним пиком,False,0.081,0.164
1623,Сузунский,Новосибирская область,муниципальный район,50-648-000-000,Города,Города и промышленные центры,Города и промышленные центры,Удалённая Сибирь и горы,False,0.04,0.046
1624,Татарский,Новосибирская область,муниципальный район,50-650-000-000,Сельская Россия,Аграрная периферия с летним пиком,Аграрная периферия с летним пиком,Глубинка европейской части и Урала,False,0.135,0.016
1625,Тогучинский,Новосибирская область,муниципальный район,50-652-000-000,Сельская Россия,Аграрная периферия с летним пиком,Аграрная периферия с летним пиком,Глубинка европейской части и Урала,False,0.271,0.114
1626,Убинский,Новосибирская область,муниципальный район,50-654-000-000,Сельская Россия,Аграрная периферия с летним пиком,Аграрная периферия с летним пиком,Глубинка европейской части и Урала,True,0.236,0.197
1627,Усть-Таркский,Новосибирская область,муниципальный район,50-655-000-000,Сельская Россия,Аграрная периферия с летним пиком,Аграрная периферия с летним пиком,Глубинка европейской части и Урала,False,0.245,0.131
1628,Чановский,Новосибирская область,муниципальный район,50-656-000-000,Сельская Россия,Аграрная периферия с летним пиком,Аграрная периферия с летним пиком,Удалённая Сибирь и горы,False,0.173,0.031
1629,Черепановский,Новосибирская область,муниципальный район,50-657-000-000,Сельская Россия,Аграрная периферия с летним пиком,Аграрная периферия с летним пиком,Аграрная периферия с летним пиком,False,0.322,0.108
1630,Чистоозерный,Новосибирская область,муниципальный район,50-658-000-000,Сельская Россия,Аграрная периферия с летним пиком,Аграрная периферия с летним пиком,Глубинка европейской части и Урала,False,0.317,0.042
1631,Чулымский,Новосибирская область,муниципальный район,50-659-000-000,Сельская Россия,Глубинка европейской части и Урала,Глубинка европейской части и Урала,Глубинка европейской части и Урала,False,0.028,0.161
1632,Омск,Омская область,городской округ,52-701-000-000,Города,Города и промышленные центры,Города и промышленные центры,Города и промышленные центры,False,0.071,0.08
1633,Азовский немецкий,Омская область,муниципальный район,52-601-000-000,Сельская Россия,Глубинка европейской части и Урала,Глубинка европейской части и Урала,Глубинка европейской части и Урала,False,0.033,0.282
1634,Большереченский,Омская область,муниципальный район,52-603-000-000,Сельская Россия,Глубинка европейской части и Урала,Аграрная периферия с летним пиком,Аграрная периферия с летним пиком,False,0.145,0.025
1635,Большеуковский,Омская область,муниципальный район,52-606-000-000,Сельская Россия,Аграрная периферия с летним пиком,Удалённая Сибирь и горы,Аграрная периферия с летним пиком,False,0.018,0.15
1636,Горьковский,Омская область,муниципальный район,52-609-000-000,Сельская Россия,Глубинка европейской части и Урала,Глубинка европейской части и Урала,Глубинка европейской части и Урала,False,0.187,0.291
1637,Знаменский,Омская область,муниципальный район,52-612-000-000,Сельская Россия,Аграрная периферия с летним пиком,Аграрная периферия с летним пиком,Аграрная периферия с летним пиком,False,0.47,0.263
1638,Исилькульский,Омская область,муниципальный район,52-615-000-000,Сельская Россия,Аграрная периферия с летним пиком,Аграрная периферия с летним пиком,Глубинка европейской части и Урала,False,0.048,0.051
1639,Калачинский,Омская область,муниципальный район,52-618-000-000,Сельская Россия,Глубинка европейской части и Урала,Глубинка европейской части и Урала,Глубинка европейской части и Урала,False,0.006,0.366
1640,Колосовский,Омская область,муниципальный район,52-621-000-000,Сельская Россия,Аграрная периферия с летним пиком,Аграрная периферия с летним пиком,Глубинка европейской части и Урала,False,0.211,0.033
1641,Кормиловский,Омская область,муниципальный район,52-623-000-000,Сельская Россия,Глубинка европейской части и Урала,Глубинка европейской части и Урала,Глубинка европейской части и Урала,False,0.078,0.191
1642,Крутинский,Омская область,муниципальный район,52-626-000-000,Сельская Россия,Аграрная периферия с летним пиком,Глубинка европейской части и Урала,Аграрная периферия с летним пиком,False,0.072,0.105
1643,Любинский,Омская область,муниципальный район,52-629-000-000,Сельская Россия,Глубинка европейской части и Урала,Аграрная периферия с летним пиком,Глубинка европейской части и Урала,False,0.028,0.408
1644,Марьяновский,Омская область,муниципальный район,52-630-000-000,Сельская Россия,Глубинка европейской части и Урала,Аграрная периферия с летним пиком,Глубинка европейской части и Урала,False,0.098,0.45
1645,Москаленский,Омская область,муниципальный район,52-632-000-000,Сельская Россия,Аграрная периферия с летним пиком,Аграрная периферия с летним пиком,Глубинка европейской части и Урала,True,0.254,0.26
1646,Муромцевский,Омская область,муниципальный район,52-634-000-000,Сельская Россия,Аграрная периферия с летним пиком,Глубинка европейской части и Урала,Глубинка европейской части и Урала,False,0.13,0.125
1647,Называевский,Омская область,муниципальный район,52-636-000-000,Сельская Россия,Аграрная периферия с летним пиком,Аграрная периферия с летним пиком,Аграрная периферия с летним пиком,False,0.105,0.171
1648,Нижнеомский,Омская область,муниципальный район,52-639-000-000,Сельская Россия,Аграрная периферия с летним пиком,Аграрная периферия с летним пиком,Аграрная периферия с летним пиком,False,0.191,0.366
1649,Нововаршавский,Омская область,муниципальный район,52-641-000-000,Сельская Россия,Аграрная периферия с летним пиком,Глубинка европейской части и Урала,Глубинка европейской части и Урала,False,0.101,0.06
1650,Одесский,Омская область,муниципальный район,52-642-000-000,Сельская Россия,Аграрная периферия с летним пиком,Глубинка европейской части и Урала,Аграрная периферия с летним пиком,False,0.009,0.062
1651,Оконешниковский,Омская область,муниципальный район,52-643-000-000,Сельская Россия,Глубинка европейской части и Урала,Глубинка европейской части и Урала,Глубинка европейской части и Урала,False,0.249,0.193
1652,Омский,Омская область,муниципальный район,52-644-000-000,Города,Города и промышленные центры,Города и промышленные центры,Города и промышленные центры,False,0.108,0.068
1653,Павлоградский,Омская область,муниципальный район,52-646-000-000,Сельская Россия,Аграрная периферия с летним пиком,Аграрная периферия с летним пиком,Аграрная периферия с летним пиком,False,0.162,0.118
1654,Полтавский,Омская область,муниципальный район,52-648-000-000,Сельская Россия,Аграрная периферия с летним пиком,Глубинка европейской части и Урала,Глубинка европейской части и Урала,False,0.146,0.155
1655,Русско-Полянский,Омская область,муниципальный район,52-650-000-000,Сельская Россия,Аграрная периферия с летним пиком,Аграрная периферия с летним пиком,Аграрная периферия с летним пиком,False,0.059,0.181
1656,Саргатский,Омская область,муниципальный район,52-651-000-000,Сельская Россия,Аграрная периферия с летним пиком,Аграрная периферия с летним пиком,Глубинка европейской части и Урала,True,0.171,0.354
1657,Седельниковский,Омская область,муниципальный район,52-652-000-000,Сельская Россия,Аграрная периферия с летним пиком,Аграрная периферия с летним пиком,Аграрная периферия с летним пиком,False,0.324,0.094
1658,Таврический,Омская область,муниципальный район,52-653-000-000,Сельская Россия,Глубинка европейской части и Урала,Глубинка европейской части и Урала,Глубинка европейской части и Урала,False,0.048,0.412
1659,Тарский,Омская область,муниципальный район,52-654-000-000,Города,Города и промышленные центры,Города и промышленные центры,Города и промышленные центры,False,0.022,0.065
1660,Тевризский,Омская область,муниципальный район,52-655-000-000,Сельская Россия,Аграрная периферия с летним пиком,Аграрная периферия с летним пиком,Аграрная периферия с летним пиком,False,0.257,0.146
1661,Тюкалинский,Омская область,муниципальный район,52-656-000-000,Сельская Россия,Аграрная периферия с летним пиком,Глубинка европейской части и Урала,Аграрная периферия с летним пиком,False,0.174,0.002
1662,Усть-Ишимский,Омская область,муниципальный район,52-657-000-000,Сельская Россия,Аграрная периферия с летним пиком,Глубинка европейской части и Урала,Удалённая Сибирь и горы,False,0.107,0.045
1663,Черлакский,Омская область,муниципальный район,52-658-000-000,Сельская Россия,Аграрная периферия с летним пиком,Аграрная периферия с летним пиком,Аграрная периферия с летним пиком,False,0.329,0.13
1664,Шербакульский,Омская область,муниципальный район,52-659-000-000,Сельская Россия,Глубинка европейской части и Урала,Глубинка европейской части и Урала,Глубинка европейской части и Урала,False,0.148,0.239
1665,Оренбург,Оренбургская область,городской округ,53-701-000-000,Города,Города и промышленные центры,Города и промышленные центры,Города и промышленные центры,False,0.102,0.196
1666,Абдулинский,Оренбургская область,городской округ,53-704-000-000,Сельская Россия,Аграрная периферия с летним пиком,Аграрная периферия с летним пиком,Глубинка европейской части и Урала,True,0.418,0.252
1667,Бугуруслан,Оренбургская область,городской округ,53-708-000-000,Города,Города и промышленные центры,Города и промышленные центры,Города и промышленные центры,False,0.148,0.279
1668,Бузулук,Оренбургская область,городской округ,53-712-000-000,Города,Города и промышленные центры,Города и промышленные центры,Города и промышленные центры,False,0.15,0.333
1669,Гайский,Оренбургская область,городской округ,53-713-000-000,Сельская Россия,Глубинка европейской части и Урала,Города и промышленные центры,Глубинка европейской части и Урала,False,0.05,0.155
1670,Кувандыкский,Оренбургская область,городской округ,53-714-000-000,Сельская Россия,Глубинка европейской части и Урала,Аграрная периферия с летним пиком,Глубинка европейской части и Урала,True,0.161,0.262
1671,Медногорск,Оренбургская область,городской округ,53-715-000-000,Сельская Россия,Глубинка европейской части и Урала,Аграрная периферия с летним пиком,Глубинка европейской части и Урала,False,0.096,0.169
1672,Новотроицк,Оренбургская область,городской округ,53-720-000-000,Города,Города и промышленные центры,Города и промышленные центры,Города и промышленные центры,False,0.213,0.192
1673,Орск,Оренбургская область,городской округ,53-723-000-000,Города,Города и промышленные центры,Города и промышленные центры,Города и промышленные центры,False,0.162,0.317
1674,Соль-Илецкий,Оренбургская область,городской округ,53-725-000-000,Сельская Россия,Глубинка европейской части и Урала,Города и промышленные центры,Глубинка европейской части и Урала,False,0.067,0.161
1675,Сорочинский,Оренбургская область,городской округ,53-727-000-000,Города,Аграрная периферия с летним пиком,Аграрная периферия с летним пиком,Глубинка европейской части и Урала,False,0.083,0.041
1676,Ясненский,Оренбургская область,городской округ,53-732-000-000,Города,Глубинка европейской части и Урала,Города и промышленные центры,Глубинка европейской части и Урала,False,0.122,0.081
1678,Адамовский,Оренбургская область,муниципальный район,53-604-000-000,Сельская Россия,Аграрная периферия с летним пиком,Глубинка европейской части и Урала,Аграрная периферия с летним пиком,False,0.08,0.443
1679,Акбулакский,Оренбургская область,муниципальный район,53-605-000-000,Сельская Россия,Глубинка европейской части и Урала,Аграрная периферия с летним пиком,Аграрная периферия с летним пиком,False,0.208,0.032
1680,Александровский,Оренбургская область,муниципальный район,53-606-000-000,Сельская Россия,Глубинка европейской части и Урала,Глубинка европейской части и Урала,Глубинка европейской части и Урала,False,0.273,0.283
1681,Асекеевский,Оренбургская область,муниципальный район,53-607-000-000,Сельская Россия,Аграрная периферия с летним пиком,Глубинка европейской части и Урала,Аграрная периферия с летним пиком,True,0.224,0.154
1682,Беляевский,Оренбургская область,муниципальный район,53-610-000-000,Сельская Россия,Глубинка европейской части и Урала,Глубинка европейской части и Урала,Глубинка европейской части и Урала,False,0.109,0.122
1683,Бугурусланский,Оренбургская область,муниципальный район,53-611-000-000,Города,Города и промышленные центры,Города и промышленные центры,Глубинка европейской части и Урала,False,0.03,0.06
1685,Грачёвский,Оренбургская область,муниципальный район,53-615-000-000,Сельская Россия,Глубинка европейской части и Урала,Глубинка европейской части и Урала,Глубинка европейской части и Урала,False,0.099,0.305
1686,Домбаровский,Оренбургская область,муниципальный район,53-617-000-000,Сельская Россия,Глубинка европейской части и Урала,Аграрная периферия с летним пиком,Аграрная периферия с летним пиком,False,0.243,0.083
1687,Илекский,Оренбургская область,муниципальный район,53-619-000-000,Сельская Россия,Аграрная периферия с летним пиком,Аграрная периферия с летним пиком,Аграрная периферия с летним пиком,False,0.199,0.19
1688,Кваркенский,Оренбургская область,муниципальный район,53-622-000-000,Сельская Россия,Аграрная периферия с летним пиком,Аграрная периферия с летним пиком,Аграрная периферия с летним пиком,False,0.274,0.019
1689,Красногвардейский,Оренбургская область,муниципальный район,53-623-000-000,Сельская Россия,Аграрная периферия с летним пиком,Аграрная периферия с летним пиком,Глубинка европейской части и Урала,False,0.427,0.005
1690,Курманаевский,Оренбургская область,муниципальный район,53-625-000-000,Сельская Россия,Глубинка европейской части и Урала,Глубинка европейской части и Урала,Аграрная периферия с летним пиком,False,0.299,0.119
1691,Матвеевский,Оренбургская область,муниципальный район,53-627-000-000,Сельская Россия,Аграрная периферия с летним пиком,Аграрная периферия с летним пиком,Глубинка европейской части и Урала,True,0.261,0.153
1692,Новоорский,Оренбургская область,муниципальный район,53-630-000-000,Сельская Россия,Глубинка европейской части и Урала,Аграрная периферия с летним пиком,Глубинка европейской части и Урала,False,0.159,0.107
1693,Новосергиевский,Оренбургская область,муниципальный район,53-631-000-000,Сельская Россия,Аграрная периферия с летним пиком,Аграрная периферия с летним пиком,Аграрная периферия с летним пиком,False,0.196,0.31
1694,Октябрьский,Оренбургская область,муниципальный район,53-633-000-000,Сельская Россия,Глубинка европейской части и Урала,Глубинка европейской части и Урала,Глубинка европейской части и Урала,False,0.307,0.229
1696,Первомайский,Оренбургская область,муниципальный район,53-636-000-000,Сельская Россия,Аграрная периферия с летним пиком,Аграрная периферия с летним пиком,Аграрная периферия с летним пиком,False,0.28,0.364
1697,Переволоцкий,Оренбургская область,муниципальный район,53-637-000-000,Сельская Россия,Глубинка европейской части и Урала,Аграрная периферия с летним пиком,Глубинка европейской части и Урала,True,0.312,0.279
1698,Пономарёвский,Оренбургская область,муниципальный район,53-638-000-000,Сельская Россия,Аграрная периферия с летним пиком,Аграрная периферия с летним пиком,Глубинка европейской части и Урала,False,0.198,0.147
1699,Сакмарский,Оренбургская область,муниципальный район,53-640-000-000,Сельская Россия,Глубинка европейской части и Урала,Глубинка европейской части и Урала,Глубинка европейской части и Урала,False,0.223,0.26
1700,Саракташский,Оренбургская область,муниципальный район,53-641-000-000,Сельская Россия,Глубинка европейской части и Урала,Аграрная периферия с летним пиком,Глубинка европейской части и Урала,False,0.106,0.242
1701,Светлинский,Оренбургская область,муниципальный район,53-642-000-000,Сельская Россия,Глубинка европейской части и Урала,Аграрная периферия с летним пиком,Аграрная периферия с летним пиком,False,0.065,0.022
1702,Северный,Оренбургская область,муниципальный район,53-643-000-000,Сельская Россия,Глубинка европейской части и Урала,Глубинка европейской части и Урала,Аграрная периферия с летним пиком,False,0.057,0.066
1703,Ташлинский,Оренбургская область,муниципальный район,53-651-000-000,Сельская Россия,Аграрная периферия с летним пиком,Аграрная периферия с летним пиком,Глубинка европейской части и Урала,False,0.263,0.022
1704,Тоцкий,Оренбургская область,муниципальный район,53-652-000-000,Города,Города и промышленные центры,Города и промышленные центры,Города и промышленные центры,False,0.239,0.205
1705,Тюльганский,Оренбургская область,муниципальный район,53-653-000-000,Сельская Россия,Глубинка европейской части и Урала,Аграрная периферия с летним пиком,Глубинка европейской части и Урала,False,0.089,0.329
1706,Шарлыкский,Оренбургская область,муниципальный район,53-656-000-000,Сельская Россия,Глубинка европейской части и Урала,Глубинка европейской части и Урала,Глубинка европейской части и Урала,False,0.268,0.315
1707,Орёл,Орловская область,городской округ,54-701-000-000,Города,Города и промышленные центры,Города и промышленные центры,Города и промышленные центры,False,0.147,0.242
1708,Ливны,Орловская область,городской округ,54-705-000-000,Сельская Россия,Глубинка европейской части и Урала,Города и промышленные центры,Глубинка европейской части и Урала,False,0.007,0.065
1709,Мценск,Орловская область,городской округ,54-710-000-000,Города,Города и промышленные центры,Города и промышленные центры,Города и промышленные центры,False,0.127,0.081
1710,Болховский,Орловская область,муниципальный район,54-604-000-000,Сельская Россия,Глубинка европейской части и Урала,Аграрная периферия с летним пиком,Глубинка европейской части и Урала,False,0.137,0.099
1711,Верховский,Орловская область,муниципальный район,54-608-000-000,Сельская Россия,Глубинка европейской части и Урала,Глубинка европейской части и Урала,Глубинка европейской части и Урала,False,0.042,0.315
1712,Глазуновский,Орловская область,муниципальный район,54-610-000-000,Сельская Россия,Глубинка европейской части и Урала,Аграрная периферия с летним пиком,Глубинка европейской части и Урала,True,0.188,0.363
1714,Должанский,Орловская область,муниципальный район,54-615-000-000,Сельская Россия,Аграрная периферия с летним пиком,Аграрная периферия с летним пиком,Аграрная периферия с летним пиком,False,0.271,0.148
1715,Залегощенский,Орловская область,муниципальный район,54-618-000-000,Сельская Россия,Глубинка европейской части и Урала,Глубинка европейской части и Урала,Глубинка европейской части и Урала,False,0.084,0.345
1717,Колпнянский,Орловская область,муниципальный район,54-623-000-000,Сельская Россия,Глубинка европейской части и Урала,Глубинка европейской части и Урала,Глубинка европейской части и Урала,False,0.313,0.107
1718,Краснозоренский,Орловская область,муниципальный район,54-624-000-000,Сельская Россия,Аграрная периферия с летним пиком,Глубинка европейской части и Урала,Аграрная периферия с летним пиком,False,0.006,0.115
1719,Кромской,Орловская область,муниципальный район,54-625-000-000,Сельская Россия,Глубинка европейской части и Урала,Города и промышленные центры,Глубинка европейской части и Урала,False,0.098,0.115
1722,Малоархангельский,Орловская область,муниципальный район,54-632-000-000,Сельская Россия,Глубинка европейской части и Урала,Глубинка европейской части и Урала,Глубинка европейской части и Урала,False,0.148,0.241
1724,Новодеревеньковский,Орловская область,муниципальный район,54-639-000-000,Сельская Россия,Аграрная периферия с летним пиком,Глубинка европейской части и Урала,Аграрная периферия с летним пиком,False,0.039,0.348
1725,Новосильский,Орловская область,муниципальный район,54-643-000-000,Сельская Россия,Глубинка европейской части и Урала,Глубинка европейской части и Урала,Глубинка европейской части и Урала,False,0.26,0.305
1726,Орловский,Орловская область,муниципальный округ,54-501-000-000,Города,Города и промышленные центры,Города и промышленные центры,Города и промышленные центры,False,0.166,0.17
1727,Покровский,Орловская область,муниципальный район,54-650-000-000,Сельская Россия,Глубинка европейской части и Урала,Глубинка европейской части и Урала,Аграрная периферия с летним пиком,False,0.001,0.075
1728,Свердловский,Орловская область,муниципальный район,54-652-000-000,Сельская Россия,Глубинка европейской части и Урала,Глубинка европейской части и Урала,Глубинка европейской части и Урала,False,0.295,0.282
1730,Троснянский,Орловская область,муниципальный район,54-654-000-000,Сельская Россия,Глубинка европейской части и Урала,Аграрная периферия с летним пиком,Глубинка европейской части и Урала,False,0.008,0.234
1731,Урицкий,Орловская область,муниципальный район,54-655-000-000,Сельская Россия,Глубинка европейской части и Урала,Глубинка европейской части и Урала,Глубинка европейской части и Урала,False,0.217,0.315
1732,Хотынецкий,Орловская область,муниципальный район,54-657-000-000,Сельская Россия,Аграрная периферия с летним пиком,Аграрная периферия с летним пиком,Глубинка европейской части и Урала,False,0.134,0.227
1733,Шаблыкинский,Орловская область,муниципальный район,54-659-000-000,Сельская Россия,Глубинка европейской части и Урала,Глубинка европейской части и Урала,Аграрная периферия с летним пиком,False,0.144,0.106
1737,Башмаковский,Пензенская область,муниципальный район,56-603-000-000,Сельская Россия,Аграрная периферия с летним пиком,Аграрная периферия с летним пиком,Аграрная периферия с летним пиком,False,0.218,0.011
1738,Бековский,Пензенская область,муниципальный район,56-609-000-000,Сельская Россия,Глубинка европейской части и Урала,Глубинка европейской части и Урала,Глубинка европейской части и Урала,False,0.148,0.396
1739,Белинский,Пензенская область,муниципальный район,56-612-000-000,Сельская Россия,Аграрная периферия с летним пиком,Глубинка европейской части и Урала,Аграрная периферия с летним пиком,False,0.012,0.002
1740,Бессоновский,Пензенская область,муниципальный район,56-613-000-000,Сельская Россия,Глубинка европейской части и Урала,Аграрная периферия с летним пиком,Глубинка европейской части и Урала,False,0.075,0.037
1741,Вадинский,Пензенская область,муниципальный район,56-615-000-000,Сельская Россия,Аграрная периферия с летним пиком,Глубинка европейской части и Урала,Аграрная периферия с летним пиком,True,0.181,0.328
1742,Городищенский,Пензенская область,муниципальный район,56-618-000-000,Сельская Россия,Глубинка европейской части и Урала,Глубинка европейской части и Урала,Глубинка европейской части и Урала,False,0.248,0.331
1743,Земетчинский,Пензенская область,муниципальный район,56-623-000-000,Сельская Россия,Аграрная периферия с летним пиком,Аграрная периферия с летним пиком,Аграрная периферия с летним пиком,False,0.146,0.335
1744,Иссинский,Пензенская область,муниципальный район,56-626-000-000,Сельская Россия,Глубинка европейской части и Урала,Глубинка европейской части и Урала,Аграрная периферия с летним пиком,False,0.254,0.139
1745,Каменский,Пензенская область,муниципальный район,56-629-000-000,Сельская Россия,Аграрная периферия с летним пиком,Аграрная периферия с летним пиком,Аграрная периферия с летним пиком,False,0.304,0.03
1746,Камешкирский,Пензенская область,муниципальный район,56-631-000-000,Сельская Россия,Аграрная периферия с летним пиком,Аграрная периферия с летним пиком,Глубинка европейской части и Урала,False,0.059,0.073
1747,Колышлейский,Пензенская область,муниципальный район,56-633-000-000,Сельская Россия,Аграрная периферия с летним пиком,Глубинка европейской части и Урала,Глубинка европейской части и Урала,False,0.1,0.102
1749,Лопатинский,Пензенская область,муниципальный район,56-642-000-000,Сельская Россия,Аграрная периферия с летним пиком,Глубинка европейской части и Урала,Глубинка европейской части и Урала,False,0.082,0.039
1750,Лунинский,Пензенская область,муниципальный район,56-643-000-000,Сельская Россия,Аграрная периферия с летним пиком,Глубинка европейской части и Урала,Аграрная периферия с летним пиком,False,0.053,0.353
1751,Малосердобинский,Пензенская область,муниципальный район,56-644-000-000,Сельская Россия,Аграрная периферия с летним пиком,Глубинка европейской части и Урала,Аграрная периферия с летним пиком,False,0.049,0.197
1752,Мокшанский,Пензенская область,муниципальный район,56-645-000-000,Сельская Россия,Глубинка европейской части и Урала,Глубинка европейской части и Урала,Глубинка европейской части и Урала,False,0.122,0.212
1753,Наровчатский,Пензенская область,муниципальный район,56-647-000-000,Сельская Россия,Аграрная периферия с летним пиком,Аграрная периферия с летним пиком,Аграрная периферия с летним пиком,False,0.214,0.199
1754,Неверкинский,Пензенская область,муниципальный район,56-649-000-000,Сельская Россия,Аграрная периферия с летним пиком,Глубинка европейской части и Урала,Аграрная периферия с летним пиком,False,0.099,0.028
1755,Нижнеломовский,Пензенская область,муниципальный район,56-651-000-000,Сельская Россия,Глубинка европейской части и Урала,Аграрная периферия с летним пиком,Глубинка европейской части и Урала,False,0.037,0.023
1756,Никольский,Пензенская область,муниципальный район,56-653-000-000,Сельская Россия,Аграрная периферия с летним пиком,Аграрная периферия с летним пиком,Глубинка европейской части и Урала,False,0.241,0.06
1757,Пачелмский,Пензенская область,муниципальный район,56-654-000-000,Сельская Россия,Глубинка европейской части и Урала,Глубинка европейской части и Урала,Аграрная периферия с летним пиком,False,0.047,0.112
1758,Пензенский,Пензенская область,муниципальный район,56-655-000-000,Города,Города и промышленные центры,Города и промышленные центры,Города и промышленные центры,False,0.092,0.232
1759,Сердобский,Пензенская область,муниципальный район,56-656-000-000,Сельская Россия,Глубинка европейской части и Урала,Аграрная периферия с летним пиком,Глубинка европейской части и Урала,True,0.186,0.196
1760,Сосновоборский,Пензенская область,муниципальный район,56-657-000-000,Сельская Россия,Аграрная периферия с летним пиком,Аграрная периферия с летним пиком,Глубинка европейской части и Урала,False,0.308,0.043
1761,Спасский,Пензенская область,муниципальный район,56-606-000-000,Сельская Россия,Аграрная периферия с летним пиком,Аграрная периферия с летним пиком,Аграрная периферия с летним пиком,False,0.311,0.408
1762,Тамалинский,Пензенская область,муниципальный район,56-658-000-000,Сельская Россия,Аграрная периферия с летним пиком,Глубинка европейской части и Урала,Аграрная периферия с летним пиком,False,0.143,0.194
1764,Псков,Псковская область,городской округ,58-701-000-000,Города,Города и промышленные центры,Города и промышленные центры,Города и промышленные центры,False,0.124,0.117
1765,Великие Луки,Псковская область,городской округ,58-710-000-000,Города,Города и промышленные центры,Города и промышленные центры,Города и промышленные центры,False,0.149,0.175
1766,Бежаницкий,Псковская область,муниципальный район,58-604-000-000,Сельская Россия,Глубинка европейской части и Урала,Аграрная периферия с летним пиком,Глубинка европейской части и Урала,False,0.194,0.06
1768,Гдовский,Псковская область,муниципальный район,58-608-000-000,Сельская Россия,Глубинка европейской части и Урала,Города и промышленные центры,Глубинка европейской части и Урала,False,0.02,0.195
1769,Дедовичский,Псковская область,муниципальный район,58-610-000-000,Сельская Россия,Глубинка европейской части и Урала,Аграрная периферия с летним пиком,Глубинка европейской части и Урала,True,0.235,0.28
1770,Дновский,Псковская область,муниципальный район,58-612-000-000,Города,Глубинка европейской части и Урала,Аграрная периферия с летним пиком,Глубинка европейской части и Урала,False,0.006,0.09
1771,Красногородский,Псковская область,муниципальный округ,58-514-000-000,Сельская Россия,Глубинка европейской части и Урала,Аграрная периферия с летним пиком,Глубинка европейской части и Урала,True,0.247,0.345
1773,Локнянский,Псковская область,муниципальный округ,58-518-000-000,Сельская Россия,Аграрная периферия с летним пиком,Аграрная периферия с летним пиком,Аграрная периферия с летним пиком,False,0.262,0.013
1774,Невельский,Псковская область,муниципальный округ,58-520-000-000,Сельская Россия,Глубинка европейской части и Урала,Аграрная периферия с летним пиком,Глубинка европейской части и Урала,False,0.244,0.038
1775,Новоржевский,Псковская область,муниципальный округ,58-523-000-000,Сельская Россия,Глубинка европейской части и Урала,Аграрная периферия с летним пиком,Глубинка европейской части и Урала,True,0.168,0.494
1776,Новосокольнический,Псковская область,муниципальный район,58-626-000-000,Сельская Россия,Глубинка европейской части и Урала,Глубинка европейской части и Урала,Аграрная периферия с летним пиком,False,0.159,0.137
1777,Опочецкий,Псковская область,муниципальный округ,58-529-000-000,Сельская Россия,Аграрная периферия с летним пиком,Аграрная периферия с летним пиком,Глубинка европейской части и Урала,True,0.213,0.207
1778,Островский,Псковская область,муниципальный район,58-633-000-000,Города,Глубинка европейской части и Урала,Города и промышленные центры,Глубинка европейской части и Урала,False,0.032,0.011
1780,Печорский,Псковская область,муниципальный округ,58-540-000-000,Сельская Россия,Глубинка европейской части и Урала,Глубинка европейской части и Урала,Глубинка европейской части и Урала,False,0.005,0.156
1781,Плюсский,Псковская область,муниципальный район,58-643-000-000,Сельская Россия,Глубинка европейской части и Урала,Глубинка европейской части и Урала,Аграрная периферия с летним пиком,False,0.059,0.091
1782,Порховский,Псковская область,муниципальный район,58-647-000-000,Сельская Россия,Глубинка европейской части и Урала,Аграрная периферия с летним пиком,Глубинка европейской части и Урала,False,0.145,0.225
1783,Псковский,Псковская область,муниципальный район,58-649-000-000,Столичные агломерации,Города и промышленные центры,Города и промышленные центры,Города и промышленные центры,False,0.009,0.017
1784,Пустошкинский,Псковская область,муниципальный район,58-650-000-000,Сельская Россия,Аграрная периферия с летним пиком,Аграрная периферия с летним пиком,Аграрная периферия с летним пиком,False,0.293,0.291
1785,Пушкиногорский,Псковская область,муниципальный район,58-651-000-000,Сельская Россия,Глубинка европейской части и Урала,Аграрная периферия с летним пиком,Глубинка европейской части и Урала,False,0.067,0.03
1786,Пыталовский,Псковская область,муниципальный округ,58-553-000-000,Города,Глубинка европейской части и Урала,Глубинка европейской части и Урала,Глубинка европейской части и Урала,False,0.014,0.067
1787,Себежский,Псковская область,муниципальный район,58-654-000-000,Города,Аграрная периферия с летним пиком,Аграрная периферия с летним пиком,Удалённая Сибирь и горы,False,0.077,0.187
1788,Струго-Красненский,Псковская область,муниципальный округ,58-556-000-000,Города,Города и промышленные центры,Города и промышленные центры,Глубинка европейской части и Урала,False,0.067,0.018
1845,Рязань,Рязанская область,городской округ,61-701-000-000,Города,Города и промышленные центры,Города и промышленные центры,Города и промышленные центры,False,0.091,0.043
1846,Касимов,Рязанская область,городской округ,61-705-000-000,Города,Глубинка европейской части и Урала,Аграрная периферия с летним пиком,Города и промышленные центры,False,0.089,0.076
1848,Скопин,Рязанская область,городской округ,61-715-000-000,Сельская Россия,Аграрная периферия с летним пиком,Аграрная периферия с летним пиком,Аграрная периферия с летним пиком,False,0.324,0.189
1849,Ермишинский,Рязанская область,муниципальный район,61-602-000-000,Сельская Россия,Глубинка европейской части и Урала,Глубинка европейской части и Урала,Глубинка европейской части и Урала,False,0.184,0.311
1850,Захаровский,Рязанская область,муниципальный район,61-604-000-000,Сельская Россия,Глубинка европейской части и Урала,Глубинка европейской части и Урала,Аграрная периферия с летним пиком,False,0.234,0.099
1851,Кадомский,Рязанская область,муниципальный район,61-606-000-000,Сельская Россия,Аграрная периферия с летним пиком,Глубинка европейской части и Урала,Аграрная периферия с летним пиком,False,0.046,0.437
1852,Касимовский,Рязанская область,муниципальный район,61-608-000-000,Сельская Россия,Глубинка европейской части и Урала,Аграрная периферия с летним пиком,Глубинка европейской части и Урала,False,0.026,0.438
1853,Клепиковский,Рязанская область,муниципальный район,61-610-000-000,Сельская Россия,Глубинка европейской части и Урала,Глубинка европейской части и Урала,Глубинка европейской части и Урала,False,0.055,0.267
1854,Кораблинский,Рязанская область,муниципальный район,61-612-000-000,Сельская Россия,Глубинка европейской части и Урала,Глубинка европейской части и Урала,Аграрная периферия с летним пиком,False,0.115,0.103
1855,Милославский,Рязанская область,муниципальный район,61-615-000-000,Сельская Россия,Аграрная периферия с летним пиком,Аграрная периферия с летним пиком,Аграрная периферия с летним пиком,False,0.254,0.317
1856,Михайловский,Рязанская область,муниципальный район,61-617-000-000,Сельская Россия,Аграрная периферия с летним пиком,Аграрная периферия с летним пиком,Аграрная периферия с летним пиком,False,0.117,0.261
1857,Александро-Невский,Рязанская область,муниципальный район,61-620-000-000,Сельская Россия,Глубинка европейской части и Урала,Аграрная периферия с летним пиком,Глубинка европейской части и Урала,False,0.039,0.11
1858,Пителинский,Рязанская область,муниципальный район,61-623-000-000,Сельская Россия,Глубинка европейской части и Урала,Аграрная периферия с летним пиком,Аграрная периферия с летним пиком,False,0.04,0.076
1859,Пронский,Рязанская область,муниципальный район,61-625-000-000,Сельская Россия,Глубинка европейской части и Урала,Глубинка европейской части и Урала,Глубинка европейской части и Урала,False,0.042,0.241
1860,Путятинский,Рязанская область,муниципальный округ,61-526-000-000,Сельская Россия,Глубинка европейской части и Урала,Глубинка европейской части и Урала,Глубинка европейской части и Урала,False,0.234,0.267
1861,Рыбновский,Рязанская область,муниципальный район,61-627-000-000,Города,Глубинка европейской части и Урала,Города и промышленные центры,Глубинка европейской части и Урала,False,0.022,0.03
1862,Ряжский,Рязанская область,муниципальный округ,61-530-000-000,Сельская Россия,Глубинка европейской части и Урала,Аграрная периферия с летним пиком,Аграрная периферия с летним пиком,False,0.182,0.079
1863,Рязанский,Рязанская область,муниципальный район,61-634-000-000,Города,Города и промышленные центры,Города и промышленные центры,Города и промышленные центры,False,0.208,0.303
1864,Сапожковский,Рязанская область,муниципальный район,61-637-000-000,Сельская Россия,Аграрная периферия с летним пиком,Глубинка европейской части и Урала,Аграрная периферия с летним пиком,False,0.149,0.293
1865,Сараевский,Рязанская область,муниципальный район,61-640-000-000,Сельская Россия,Аграрная периферия с летним пиком,Аграрная периферия с летним пиком,Аграрная периферия с летним пиком,False,0.035,0.304
1868,Спасский,Рязанская область,муниципальный район,61-646-000-000,Сельская Россия,Глубинка европейской части и Урала,Аграрная периферия с летним пиком,Глубинка европейской части и Урала,False,0.098,0.338
1869,Старожиловский,Рязанская область,муниципальный район,61-648-000-000,Сельская Россия,Глубинка европейской части и Урала,Глубинка европейской части и Урала,Глубинка европейской части и Урала,False,0.027,0.346
1870,Ухоловский,Рязанская область,муниципальный район,61-650-000-000,Сельская Россия,Аграрная периферия с летним пиком,Аграрная периферия с летним пиком,Аграрная периферия с летним пиком,False,0.149,0.295
1871,Чучковский,Рязанская область,муниципальный район,61-653-000-000,Сельская Россия,Аграрная периферия с летним пиком,Аграрная периферия с летним пиком,Аграрная периферия с летним пиком,False,0.119,0.226
1872,Шацкий,Рязанская область,муниципальный район,61-656-000-000,Сельская Россия,Аграрная периферия с летним пиком,Аграрная периферия с летним пиком,Глубинка европейской части и Урала,True,0.29,0.334
1873,Шиловский,Рязанская область,муниципальный район,61-658-000-000,Сельская Россия,Глубинка европейской части и Урала,Аграрная периферия с летним пиком,Глубинка европейской части и Урала,False,0.04,0.074
1874,Самара,Самарская область,городской округ,36-701-000-000,Города,Города и промышленные центры,Города и промышленные центры,Столичные агломерации и центры с высокими тратами,False,0.052,0.015
1875,Жигулевск,Самарская область,городской округ,36-704-000-000,Города,Города и промышленные центры,Города и промышленные центры,Города и промышленные центры,False,0.222,0.344
1876,Кинель,Самарская область,городской округ,36-708-000-000,Города,Города и промышленные центры,Города и промышленные центры,Города и промышленные центры,False,0.221,0.269
1877,Новокуйбышевск,Самарская область,городской округ,36-713-000-000,Города,Города и промышленные центры,Города и промышленные центры,Города и промышленные центры,False,0.137,0.182
1878,Октябрьск,Самарская область,городской округ,36-718-000-000,Сельская Россия,Глубинка европейской части и Урала,Глубинка европейской части и Урала,Глубинка европейской части и Урала,False,0.111,0.29
1879,Отрадный,Самарская область,городской округ,36-724-000-000,Города,Города и промышленные центры,Города и промышленные центры,Города и промышленные центры,False,0.187,0.251
1880,Похвистнево,Самарская область,городской округ,36-727-000-000,Сельская Россия,Аграрная периферия с летним пиком,Аграрная периферия с летним пиком,Глубинка европейской части и Урала,False,0.139,0.029
1881,Сызрань,Самарская область,городской округ,36-735-000-000,Города,Города и промышленные центры,Города и промышленные центры,Города и промышленные центры,False,0.142,0.282
1883,Чапаевск,Самарская область,городской округ,36-750-000-000,Города,Города и промышленные центры,Города и промышленные центры,Города и промышленные центры,False,0.116,0.28
1884,Алексеевский,Самарская область,муниципальный район,36-602-000-000,Сельская Россия,Аграрная периферия с летним пиком,Аграрная периферия с летним пиком,Аграрная периферия с летним пиком,False,0.285,0.263
1885,Безенчукский,Самарская область,муниципальный район,36-604-000-000,Города,Глубинка европейской части и Урала,Города и промышленные центры,Глубинка европейской части и Урала,False,0.058,0.058
1886,Богатовский,Самарская область,муниципальный район,36-606-000-000,Сельская Россия,Глубинка европейской части и Урала,Аграрная периферия с летним пиком,Глубинка европейской части и Урала,True,0.257,0.305
1887,Большеглушицкий,Самарская область,муниципальный район,36-608-000-000,Сельская Россия,Аграрная периферия с летним пиком,Аграрная периферия с летним пиком,Аграрная периферия с летним пиком,False,0.339,0.081
1888,Большечерниговский,Самарская область,муниципальный район,36-610-000-000,Сельская Россия,Глубинка европейской части и Урала,Аграрная периферия с летним пиком,Глубинка европейской части и Урала,False,0.319,0.128
1889,Борский,Самарская область,муниципальный район,36-612-000-000,Сельская Россия,Глубинка европейской части и Урала,Аграрная периферия с летним пиком,Глубинка европейской части и Урала,True,0.346,0.301
1890,Волжский,Самарская область,муниципальный район,36-614-000-000,Города,Города и промышленные центры,Города и промышленные центры,Города и промышленные центры,False,0.109,0.068
1891,Елховский,Самарская область,муниципальный район,36-615-000-000,Сельская Россия,Аграрная периферия с летним пиком,Аграрная периферия с летним пиком,Аграрная периферия с летним пиком,False,0.39,0.086
1892,Исаклинский,Самарская область,муниципальный район,36-616-000-000,Сельская Россия,Аграрная периферия с летним пиком,Аграрная периферия с летним пиком,Аграрная периферия с летним пиком,False,0.189,0.186
1893,Камышлинский,Самарская область,муниципальный район,36-617-000-000,Сельская Россия,Глубинка европейской части и Урала,Глубинка европейской части и Урала,Аграрная периферия с летним пиком,False,0.274,0.062
1894,Кинельский,Самарская область,муниципальный район,36-618-000-000,Сельская Россия,Глубинка европейской части и Урала,Глубинка европейской части и Урала,Глубинка европейской части и Урала,False,0.15,0.341
1895,Кинель-Черкасский,Самарская область,муниципальный район,36-620-000-000,Сельская Россия,Глубинка европейской части и Урала,Аграрная периферия с летним пиком,Глубинка европейской части и Урала,True,0.171,0.309
1896,Клявлинский,Самарская область,муниципальный район,36-622-000-000,Сельская Россия,Аграрная периферия с летним пиком,Аграрная периферия с летним пиком,Аграрная периферия с летним пиком,False,0.353,0.027
1897,Кошкинский,Самарская область,муниципальный район,36-624-000-000,Сельская Россия,Глубинка европейской части и Урала,Аграрная периферия с летним пиком,Глубинка европейской части и Урала,True,0.329,0.251
1898,Красноармейский,Самарская область,муниципальный район,36-626-000-000,Сельская Россия,Глубинка европейской части и Урала,Аграрная периферия с летним пиком,Глубинка европейской части и Урала,True,0.166,0.282
1899,Красноярский,Самарская область,муниципальный район,36-628-000-000,Сельская Россия,Глубинка европейской части и Урала,Аграрная периферия с летним пиком,Глубинка европейской части и Урала,False,0.01,0.079
1900,Нефтегорский,Самарская область,муниципальный район,36-630-000-000,Сельская Россия,Глубинка европейской части и Урала,Аграрная периферия с летним пиком,Глубинка европейской части и Урала,False,0.076,0.203
1901,Пестравский,Самарская область,муниципальный район,36-632-000-000,Сельская Россия,Аграрная периферия с летним пиком,Аграрная периферия с летним пиком,Глубинка европейской части и Урала,False,0.203,0.057
1902,Похвистневский,Самарская область,муниципальный район,36-634-000-000,Сельская Россия,Аграрная периферия с летним пиком,Аграрная периферия с летним пиком,Аграрная периферия с летним пиком,False,0.381,0.315
1903,Приволжский,Самарская область,муниципальный район,36-636-000-000,Сельская Россия,Глубинка европейской части и Урала,Аграрная периферия с летним пиком,Аграрная периферия с летним пиком,False,0.095,0.013
1904,Сергиевский,Самарская область,муниципальный район,36-638-000-000,Сельская Россия,Глубинка европейской части и Урала,Аграрная периферия с летним пиком,Глубинка европейской части и Урала,False,0.068,0.253
1905,Ставропольский,Самарская область,муниципальный район,36-640-000-000,Города,Города и промышленные центры,Города и промышленные центры,Города и промышленные центры,False,0.099,0.175
1906,Сызранский,Самарская область,муниципальный район,36-642-000-000,Города,Города и промышленные центры,Города и промышленные центры,Города и промышленные центры,False,0.009,0.185
1907,Хворостянский,Самарская область,муниципальный район,36-644-000-000,Сельская Россия,Глубинка европейской части и Урала,Аграрная периферия с летним пиком,Глубинка европейской части и Урала,False,0.043,0.305
1908,Челно-Вершинский,Самарская область,муниципальный район,36-646-000-000,Сельская Россия,Аграрная периферия с летним пиком,Аграрная периферия с летним пиком,Аграрная периферия с летним пиком,False,0.235,0.202
1909,Шенталинский,Самарская область,муниципальный район,36-648-000-000,Сельская Россия,Аграрная периферия с летним пиком,Аграрная периферия с летним пиком,Аграрная периферия с летним пиком,False,0.482,0.203
1910,Шигонский,Самарская область,муниципальный район,36-650-000-000,Сельская Россия,Глубинка европейской части и Урала,Глубинка европейской части и Урала,Глубинка европейской части и Урала,False,0.309,0.296
1912,Шиханы,Саратовская область,городской округ,63-746-000-000,Города,Глубинка европейской части и Урала,Города и промышленные центры,Глубинка европейской части и Урала,False,0.071,0.05
1915,Александрово-Гайский,Саратовская область,муниципальный район,63-602-000-000,Сельская Россия,Аграрная периферия с летним пиком,Аграрная периферия с летним пиком,Аграрная периферия с летним пиком,False,0.354,0.431
1916,Аркадакский,Саратовская область,муниципальный район,63-603-000-000,Сельская Россия,Аграрная периферия с летним пиком,Аграрная периферия с летним пиком,Глубинка европейской части и Урала,False,0.394,0.012
1917,Аткарский,Саратовская область,муниципальный район,63-604-000-000,Сельская Россия,Глубинка европейской части и Урала,Аграрная периферия с летним пиком,Глубинка европейской части и Урала,False,0.227,0.123
1918,Базарно-Карабулакский,Саратовская область,муниципальный район,63-606-000-000,Сельская Россия,Аграрная периферия с летним пиком,Глубинка европейской части и Урала,Аграрная периферия с летним пиком,False,0.152,0.046
1919,Балаковский,Саратовская область,муниципальный район,63-607-000-000,Города,Города и промышленные центры,Города и промышленные центры,Города и промышленные центры,False,0.196,0.239
1920,Балашовский,Саратовская область,муниципальный район,63-608-000-000,Города,Города и промышленные центры,Аграрная периферия с летним пиком,Города и промышленные центры,False,0.036,0.053
1921,Балтайский,Саратовская область,муниципальный район,63-609-000-000,Сельская Россия,Аграрная периферия с летним пиком,Аграрная периферия с летним пиком,Аграрная периферия с летним пиком,False,0.329,0.036
1922,Вольский,Саратовская область,муниципальный район,63-611-000-000,Города,Города и промышленные центры,Города и промышленные центры,Города и промышленные центры,False,0.068,0.164
1923,Воскресенский,Саратовская область,муниципальный район,63-612-000-000,Сельская Россия,Глубинка европейской части и Урала,Аграрная периферия с летним пиком,Глубинка европейской части и Урала,False,0.106,0.145
1924,Дергачевский,Саратовская область,муниципальный район,63-613-000-000,Сельская Россия,Аграрная периферия с летним пиком,Аграрная периферия с летним пиком,Аграрная периферия с летним пиком,False,0.21,0.007
1925,Духовницкий,Саратовская область,муниципальный район,63-614-000-000,Сельская Россия,Аграрная периферия с летним пиком,Аграрная периферия с летним пиком,Аграрная периферия с летним пиком,False,0.073,0.186
1926,Екатериновский,Саратовская область,муниципальный район,63-616-000-000,Сельская Россия,Аграрная периферия с летним пиком,Глубинка европейской части и Урала,Аграрная периферия с летним пиком,True,0.213,0.159
1927,Ершовский,Саратовская область,муниципальный район,63-617-000-000,Сельская Россия,Аграрная периферия с летним пиком,Аграрная периферия с летним пиком,Глубинка европейской части и Урала,False,0.221,0.142
1928,Ивантеевский,Саратовская область,муниципальный район,63-619-000-000,Сельская Россия,Аграрная периферия с летним пиком,Аграрная периферия с летним пиком,Аграрная периферия с летним пиком,False,0.392,0.44
1929,Калининский,Саратовская область,муниципальный район,63-621-000-000,Сельская Россия,Аграрная периферия с летним пиком,Аграрная периферия с летним пиком,Глубинка европейской части и Урала,False,0.374,0.066
1930,Красноармейский,Саратовская область,муниципальный район,63-622-000-000,Сельская Россия,Глубинка европейской части и Урала,Глубинка европейской части и Урала,Глубинка европейской части и Урала,False,0.15,0.277
1931,Краснокутский,Саратовская область,муниципальный район,63-623-000-000,Сельская Россия,Глубинка европейской части и Урала,Аграрная периферия с летним пиком,Аграрная периферия с летним пиком,False,0.032,0.044
1932,Краснопартизанский,Саратовская область,муниципальный район,63-624-000-000,Сельская Россия,Глубинка европейской части и Урала,Аграрная периферия с летним пиком,Глубинка европейской части и Урала,False,0.041,0.106
1933,Лысогорский,Саратовская область,муниципальный район,63-625-000-000,Сельская Россия,Аграрная периферия с летним пиком,Глубинка европейской части и Урала,Аграрная периферия с летним пиком,True,0.269,0.24
1934,Марксовский,Саратовская область,муниципальный район,63-626-000-000,Сельская Россия,Глубинка европейской части и Урала,Аграрная периферия с летним пиком,Глубинка европейской части и Урала,False,0.054,0.192
1935,Новобурасский,Саратовская область,муниципальный район,63-629-000-000,Сельская Россия,Глубинка европейской части и Урала,Глубинка европейской части и Урала,Глубинка европейской части и Урала,False,0.28,0.035
1936,Новоузенский,Саратовская область,муниципальный район,63-630-000-000,Сельская Россия,Глубинка европейской части и Урала,Аграрная периферия с летним пиком,Глубинка европейской части и Урала,True,0.188,0.219
1937,Озинский,Саратовская область,муниципальный район,63-632-000-000,Сельская Россия,Аграрная периферия с летним пиком,Аграрная периферия с летним пиком,Аграрная периферия с летним пиком,False,0.325,0.133
1938,Перелюбский,Саратовская область,муниципальный район,63-634-000-000,Сельская Россия,Аграрная периферия с летним пиком,Глубинка европейской части и Урала,Аграрная периферия с летним пиком,False,0.079,0.363
1939,Петровский,Саратовская область,муниципальный район,63-635-000-000,Сельская Россия,Глубинка европейской части и Урала,Аграрная периферия с летним пиком,Глубинка европейской части и Урала,False,0.066,0.355
1940,Питерский,Саратовская область,муниципальный район,63-636-000-000,Сельская Россия,Глубинка европейской части и Урала,Аграрная периферия с летним пиком,Глубинка европейской части и Урала,True,0.213,0.272
1941,Пугачевский,Саратовская область,муниципальный район,63-637-000-000,Сельская Россия,Аграрная периферия с летним пиком,Аграрная периферия с летним пиком,Аграрная периферия с летним пиком,False,0.2,0.034
1942,Ровенский,Саратовская область,муниципальный район,63-639-000-000,Сельская Россия,Глубинка европейской части и Урала,Глубинка европейской части и Урала,Глубинка европейской части и Урала,False,0.167,0.258
1943,Романовский,Саратовская область,муниципальный район,63-640-000-000,Сельская Россия,Глубинка европейской части и Урала,Глубинка европейской части и Урала,Аграрная периферия с летним пиком,False,0.295,0.112
1944,Ртищевский,Саратовская область,муниципальный район,63-641-000-000,Сельская Россия,Глубинка европейской части и Урала,Аграрная периферия с летним пиком,Глубинка европейской части и Урала,True,0.196,0.285
1945,Самойловский,Саратовская область,муниципальный район,63-642-000-000,Сельская Россия,Аграрная периферия с летним пиком,Глубинка европейской части и Урала,Аграрная периферия с летним пиком,False,0.011,0.227
1947,Советский,Саратовская область,муниципальный район,63-644-000-000,Сельская Россия,Глубинка европейской части и Урала,Глубинка европейской части и Урала,Глубинка европейской части и Урала,False,0.291,0.275
1948,Татищевский,Саратовская область,муниципальный район,63-646-000-000,Сельская Россия,Глубинка европейской части и Урала,Глубинка европейской части и Урала,Глубинка европейской части и Урала,False,0.011,0.253
1949,Турковский,Саратовская область,муниципальный район,63-647-000-000,Сельская Россия,Аграрная периферия с летним пиком,Глубинка европейской части и Урала,Глубинка европейской части и Урала,False,0.109,0.198
1950,Федоровский,Саратовская область,муниципальный район,63-648-000-000,Сельская Россия,Глубинка европейской части и Урала,Аграрная периферия с летним пиком,Глубинка европейской части и Урала,False,0.084,0.369
1951,Хвалынский,Саратовская область,муниципальный район,63-649-000-000,Сельская Россия,Глубинка европейской части и Урала,Аграрная периферия с летним пиком,Глубинка европейской части и Урала,False,0.135,0.281
1952,Энгельсский,Саратовская область,муниципальный район,63-650-000-000,Города,Города и промышленные центры,Города и промышленные центры,Города и промышленные центры,False,0.152,0.191
1954,Александровск-Сахалинский,Сахалинская область,городской округ,64-704-000-000,Север,Удалённая Сибирь и горы,Удалённая Сибирь и горы,Аграрная периферия с летним пиком,False,0.173,0.044
1955,Анивский,Сахалинская область,городской округ,64-708-000-000,Столичные агломерации,Столичные агломерации и центры с высокими тратами,Столичные агломерации и центры с высокими тратами,Столичные агломерации и центры с высокими тратами,False,0.116,0.032
1956,Долинский,Сахалинская область,городской округ,64-712-000-000,Север,Удалённая Сибирь и горы,Удалённая Сибирь и горы,Города и промышленные центры,True,0.151,0.244
1957,Корсаковский,Сахалинская область,городской округ,64-716-000-000,Столичные агломерации,Столичные агломерации и центры с высокими тратами,Столичные агломерации и центры с высокими тратами,Города и промышленные центры,False,0.069,0.039
1958,Курильский,Сахалинская область,городской округ,64-720-000-000,Север,Столичные агломерации и центры с высокими тратами,Столичные агломерации и центры с высокими тратами,Столичные агломерации и центры с высокими тратами,False,0.132,0.062
1959,Макаровский,Сахалинская область,городской округ,64-724-000-000,Север,Удалённая Сибирь и горы,Удалённая Сибирь и горы,Глубинка европейской части и Урала,False,0.216,0.019
1960,Невельский,Сахалинская область,городской округ,64-728-000-000,Север,Удалённая Сибирь и горы,Удалённая Сибирь и горы,Города и промышленные центры,False,0.167,0.056
1961,Ногликский,Сахалинская область,городской округ,64-732-000-000,Столичные агломерации,Столичные агломерации и центры с высокими тратами,Столичные агломерации и центры с высокими тратами,Города и промышленные центры,False,0.116,0.035
1962,Охинский,Сахалинская область,городской округ,64-736-000-000,Север,Города и промышленные центры,Арктика и Крайний Север,Города и промышленные центры,False,0.088,0.163
1963,Поронайский,Сахалинская область,городской округ,64-740-000-000,Север,Удалённая Сибирь и горы,Удалённая Сибирь и горы,Города и промышленные центры,False,0.13,0.01
1965,Смирныховский,Сахалинская область,городской округ,64-746-000-000,Города,Удалённая Сибирь и горы,Удалённая Сибирь и горы,Удалённая Сибирь и горы,False,0.22,0.123
1966,Томаринский,Сахалинская область,городской округ,64-748-000-000,Города,Удалённая Сибирь и горы,Удалённая Сибирь и горы,Города и промышленные центры,False,0.264,0.049
1967,Тымовский,Сахалинская область,городской округ,64-750-000-000,Север,Удалённая Сибирь и горы,Удалённая Сибирь и горы,Удалённая Сибирь и горы,False,0.202,0.1
1968,Углегорский,Сахалинская область,городской округ,64-752-000-000,Города,Города и промышленные центры,Города и промышленные центры,Города и промышленные центры,False,0.056,0.237
1969,Холмский,Сахалинская область,городской округ,64-754-000-000,Север,Удалённая Сибирь и горы,Удалённая Сибирь и горы,Города и промышленные центры,True,0.151,0.164
1970,Южно-Курильский,Сахалинская область,городской округ,64-756-000-000,Север,Арктика и Крайний Север,Арктика и Крайний Север,Арктика и Крайний Север,False,0.555,0.543
1971,Екатеринбург,Свердловская область,городской округ,65-701-000-000,Столичные агломерации,Столичные агломерации и центры с высокими тратами,Столичные агломерации и центры с высокими тратами,Столичные агломерации и центры с высокими тратами,False,0.079,0.079
1972,Алапаевск,Свердловская область,городской округ,65-728-000-000,Города,Города и промышленные центры,Города и промышленные центры,Города и промышленные центры,False,0.05,0.15
1973,Артемовский,Свердловская область,городской округ,65-703-000-000,Сельская Россия,Глубинка европейской части и Урала,Аграрная периферия с летним пиком,Глубинка европейской части и Урала,False,0.016,0.087
1974,Асбестовский,Свердловская область,городской округ,65-730-000-000,Города,Города и промышленные центры,Города и промышленные центры,Города и промышленные центры,False,0.207,0.319
1975,Малышевский,Свердловская область,городской округ,65-762-000-000,Города,Глубинка европейской части и Урала,Города и промышленные центры,Аграрная периферия с летним пиком,False,0.096,0.093
1976,Рефтинский,Свердловская область,городской округ,65-763-000-000,Города,Глубинка европейской части и Урала,Города и промышленные центры,Глубинка европейской части и Урала,False,0.088,0.047
1977,Березовский,Свердловская область,городской округ,65-731-000-000,Города,Города и промышленные центры,Города и промышленные центры,Города и промышленные центры,False,0.047,0.013
1978,Богданович,Свердловская область,городской округ,65-707-000-000,Города,Города и промышленные центры,Города и промышленные центры,Города и промышленные центры,False,0.192,0.251
1979,Верхняя Пышма,Свердловская область,городской округ,65-732-000-000,Столичные агломерации,Столичные агломерации и центры с высокими тратами,Столичные агломерации и центры с высокими тратами,Столичные агломерации и центры с высокими тратами,False,0.012,0.053
1980,Среднеуральск,Свердловская область,городской округ,65-757-000-000,Города,Города и промышленные центры,Города и промышленные центры,Города и промышленные центры,False,0.128,0.107
1981,Верхнесалдинский,Свердловская область,городской округ,65-708-000-000,Города,Города и промышленные центры,Города и промышленные центры,Города и промышленные центры,False,0.396,0.151
1982,Заречный,Свердловская область,городской округ,65-737-000-000,Города,Города и промышленные центры,Города и промышленные центры,Города и промышленные центры,False,0.227,0.116
1983,Ивдельский,Свердловская область,городской округ,65-738-000-000,Города,Города и промышленные центры,Города и промышленные центры,Города и промышленные центры,False,0.317,0.399
1984,Пелым,Свердловская область,городской округ,65-764-000-000,Города,Глубинка европейской части и Урала,Города и промышленные центры,Аграрная периферия с летним пиком,False,0.058,0.139
1985,Ирбит,Свердловская область,городской округ,65-739-000-000,Города,Города и промышленные центры,Города и промышленные центры,Города и промышленные центры,False,0.196,0.249
1986,Каменск-Уральский,Свердловская область,городской округ,65-740-000-000,Города,Города и промышленные центры,Города и промышленные центры,Города и промышленные центры,False,0.175,0.216
1987,Камышловский,Свердловская область,городской округ,65-741-000-000,Города,Города и промышленные центры,Города и промышленные центры,Города и промышленные центры,False,0.097,0.275
1988,Карпинск,Свердловская область,городской округ,65-742-000-000,Города,Глубинка европейской части и Урала,Города и промышленные центры,Города и промышленные центры,False,0.088,0.014
1989,Волчанский,Свердловская область,городской округ,65-735-000-000,Сельская Россия,Глубинка европейской части и Урала,Города и промышленные центры,Глубинка европейской части и Урала,False,0.051,0.138
1990,Качканарский,Свердловская область,городской округ,65-743-000-000,Города,Города и промышленные центры,Города и промышленные центры,Города и промышленные центры,False,0.343,0.261
1991,Кировградский,Свердловская область,городской округ,65-744-000-000,Города,Глубинка европейской части и Урала,Города и промышленные центры,Города и промышленные центры,False,0.159,0.045
1992,Верхний Тагил,Свердловская область,городской округ,65-733-000-000,Города,Глубинка европейской части и Урала,Города и промышленные центры,Глубинка европейской части и Урала,False,0.012,0.096
1993,Краснотурьинск,Свердловская область,городской округ,65-745-000-000,Города,Города и промышленные центры,Города и промышленные центры,Города и промышленные центры,False,0.182,0.225
1994,Красноуральск,Свердловская область,городской округ,65-746-000-000,Сельская Россия,Глубинка европейской части и Урала,Глубинка европейской части и Урала,Глубинка европейской части и Урала,False,0.062,0.109
1995,Красноуфимск,Свердловская область,городской округ,65-747-000-000,Города,Города и промышленные центры,Города и промышленные центры,Города и промышленные центры,False,0.157,0.357
1996,Кушвинский,Свердловская область,городской округ,65-748-000-000,Города,Глубинка европейской части и Урала,Города и промышленные центры,Глубинка европейской части и Урала,False,0.077,0.076
1997,Верхняя Тура,Свердловская область,городской округ,65-734-000-000,Города,Глубинка европейской части и Урала,Города и промышленные центры,Глубинка европейской части и Урала,False,0.215,0.007
1999,Невьянский,Свердловская область,городской округ,65-714-000-000,Города,Города и промышленные центры,Города и промышленные центры,Города и промышленные центры,False,0.279,0.22
2000,Нижний Тагил,Свердловская область,городской округ,65-751-000-000,Города,Города и промышленные центры,Города и промышленные центры,Города и промышленные центры,False,0.1,0.058
2001,Нижняя Салда,Свердловская область,городской округ,65-750-000-000,Города,Глубинка европейской части и Урала,Города и промышленные центры,Города и промышленные центры,False,0.159,0.062
2002,Нижнетуринский,Свердловская область,городской округ,65-715-000-000,Города,Города и промышленные центры,Города и промышленные центры,Города и промышленные центры,False,0.178,0.163
2004,Первоуральск,Свердловская область,городской округ,65-753-000-000,Города,Города и промышленные центры,Города и промышленные центры,Города и промышленные центры,False,0.163,0.124
2005,Полевской,Свердловская область,городской округ,65-754-000-000,Города,Города и промышленные центры,Города и промышленные центры,Города и промышленные центры,False,0.264,0.241
2006,Ревда,Свердловская область,городской округ,65-719-000-000,Города,Города и промышленные центры,Города и промышленные центры,Города и промышленные центры,False,0.232,0.205
2007,Дегтярск,Свердловская область,городской округ,65-736-000-000,Сельская Россия,Глубинка европейской части и Урала,Города и промышленные центры,Глубинка европейской части и Урала,False,0.016,0.247
2008,Режевской,Свердловская область,городской округ,65-720-000-000,Города,Города и промышленные центры,Города и промышленные центры,Города и промышленные центры,False,0.143,0.112
2009,Североуральский,Свердловская область,городской округ,65-755-000-000,Города,Глубинка европейской части и Урала,Города и промышленные центры,Города и промышленные центры,False,0.171,0.024
2010,Серовский,Свердловская область,городской округ,65-756-000-000,Города,Города и промышленные центры,Города и промышленные центры,Города и промышленные центры,False,0.208,0.314
2011,Сухой Лог,Свердловская область,городской округ,65-758-000-000,Города,Города и промышленные центры,Города и промышленные центры,Города и промышленные центры,False,0.321,0.248
2012,Тавдинский,Свердловская область,городской округ,65-723-000-000,Сельская Россия,Глубинка европейской части и Урала,Города и промышленные центры,Глубинка европейской части и Урала,False,0.005,0.13
2015,Алапаевское,Свердловская область,городской округ,65-771-000-000,Сельская Россия,Глубинка европейской части и Урала,Аграрная периферия с летним пиком,Глубинка европейской части и Урала,False,0.027,0.208
2017,Артинский,Свердловская область,городской округ,65-704-000-000,Сельская Россия,Аграрная периферия с летним пиком,Аграрная периферия с летним пиком,Глубинка европейской части и Урала,False,0.125,0.291
2018,Ачитский,Свердловская область,городской округ,65-705-000-000,Сельская Россия,Удалённая Сибирь и горы,Удалённая Сибирь и горы,Аграрная периферия с летним пиком,False,0.053,0.097
2019,Белоярский,Свердловская область,городской округ,65-706-000-000,Города,Города и промышленные центры,Города и промышленные центры,Города и промышленные центры,False,0.132,0.144
2021,Верхотурский,Свердловская область,городской округ,65-709-000-000,Города,Города и промышленные центры,Города и промышленные центры,Города и промышленные центры,False,0.091,0.108
2022,Гаринский,Свердловская область,городской округ,65-710-000-000,Сельская Россия,Глубинка европейской части и Урала,Глубинка европейской части и Урала,Глубинка европейской части и Урала,False,0.086,0.029
2023,Ирбитское,Свердловская область,городской округ,65-711-000-000,Сельская Россия,Глубинка европейской части и Урала,Глубинка европейской части и Урала,Глубинка европейской части и Урала,False,0.146,0.174
2024,Каменский,Свердловская область,городской округ,65-712-000-000,Города,Города и промышленные центры,Города и промышленные центры,Города и промышленные центры,False,0.281,0.474
2025,Красноуфимский,Свердловская область,городской округ,65-713-000-000,Города,Удалённая Сибирь и горы,Удалённая Сибирь и горы,Удалённая Сибирь и горы,False,0.031,0.468
2027,Бисертский,Свердловская область,городской округ,65-759-000-000,Города,Глубинка европейской части и Урала,Города и промышленные центры,Глубинка европейской части и Урала,False,0.036,0.014
2028,Новолялинский,Свердловская область,городской округ,65-716-000-000,Сельская Россия,Глубинка европейской части и Урала,Аграрная периферия с летним пиком,Глубинка европейской части и Урала,False,0.126,0.101
2030,Пышминский,Свердловская область,городской округ,65-718-000-000,Сельская Россия,Аграрная периферия с летним пиком,Аграрная периферия с летним пиком,Глубинка европейской части и Урала,False,0.197,0.138
2031,Сосьвинский,Свердловская область,городской округ,65-721-000-000,Сельская Россия,Глубинка европейской части и Урала,Аграрная периферия с летним пиком,Аграрная периферия с летним пиком,False,0.042,0.048
2032,Сысертский,Свердловская область,городской округ,65-722-000-000,Города,Города и промышленные центры,Города и промышленные центры,Города и промышленные центры,False,0.207,0.191
2033,Арамильский,Свердловская область,городской округ,65-729-000-000,Города,Города и промышленные центры,Города и промышленные центры,Города и промышленные центры,False,0.137,0.112
2034,Талицкий,Свердловская область,городской округ,65-724-000-000,Города,Города и промышленные центры,Аграрная периферия с летним пиком,Города и промышленные центры,False,0.067,0.058
2035,Тугулымский,Свердловская область,городской округ,65-725-000-000,Сельская Россия,Глубинка европейской части и Урала,Аграрная периферия с летним пиком,Глубинка европейской части и Урала,False,0.011,0.109
2036,Туринский,Свердловская область,городской округ,65-726-000-000,Сельская Россия,Глубинка европейской части и Урала,Аграрная периферия с летним пиком,Глубинка европейской части и Урала,False,0.117,0.118
2037,Шалинский,Свердловская область,городской округ,65-727-000-000,Сельская Россия,Аграрная периферия с летним пиком,Аграрная периферия с летним пиком,Аграрная периферия с летним пиком,False,0.269,0.222
2039,Байкаловский,Свердловская область,муниципальный район,65-608-000-000,Сельская Россия,Глубинка европейской части и Урала,Аграрная периферия с летним пиком,Глубинка европейской части и Урала,False,0.044,0.107
2040,Камышловский,Свердловская область,муниципальный район,65-623-000-000,Города,Города и промышленные центры,Города и промышленные центры,Города и промышленные центры,False,0.334,0.351
2041,Слободо-Туринский,Свердловская область,муниципальный район,65-639-000-000,Сельская Россия,Глубинка европейской части и Урала,Аграрная периферия с летним пиком,Глубинка европейской части и Урала,False,0.041,0.129
2042,Нижнесергинский,Свердловская область,муниципальный район,65-628-000-000,Сельская Россия,Глубинка европейской части и Урала,Аграрная периферия с летним пиком,Глубинка европейской части и Урала,False,0.045,0.201
2043,Таборинский,Свердловская область,муниципальный район,65-645-000-000,Сельская Россия,Аграрная периферия с летним пиком,Аграрная периферия с летним пиком,Глубинка европейской части и Урала,True,0.171,0.286
2044,Смоленск,Смоленская область,городской округ,66-701-000-000,Города,Города и промышленные центры,Города и промышленные центры,Города и промышленные центры,False,0.095,0.113
2045,Десногорск,Смоленская область,городской округ,66-710-000-000,Города,Города и промышленные центры,Города и промышленные центры,Города и промышленные центры,False,0.208,0.157
2046,Велижский,Смоленская область,муниципальный район,66-603-000-000,Сельская Россия,Аграрная периферия с летним пиком,Аграрная периферия с летним пиком,Аграрная периферия с летним пиком,False,0.444,0.273
2047,Вяземский,Смоленская область,муниципальный район,66-605-000-000,Города,Города и промышленные центры,Города и промышленные центры,Города и промышленные центры,False,0.192,0.245
2048,Гагаринский,Смоленская область,муниципальный район,66-608-000-000,Города,Города и промышленные центры,Города и промышленные центры,Города и промышленные центры,False,0.154,0.26
2049,Глинковский,Смоленская область,муниципальный район,66-609-000-000,Сельская Россия,Аграрная периферия с летним пиком,Глубинка европейской части и Урала,Аграрная периферия с летним пиком,False,0.112,0.002
2050,Демидовский,Смоленская область,муниципальный район,66-611-000-000,Сельская Россия,Глубинка европейской части и Урала,Глубинка европейской части и Урала,Глубинка европейской части и Урала,False,0.067,0.431
2051,Дорогобужский,Смоленская область,муниципальный район,66-614-000-000,Сельская Россия,Глубинка европейской части и Урала,Глубинка европейской части и Урала,Глубинка европейской части и Урала,False,0.042,0.036
2052,Духовщинский,Смоленская область,муниципальный район,66-616-000-000,Сельская Россия,Глубинка европейской части и Урала,Глубинка европейской части и Урала,Глубинка европейской части и Урала,False,0.275,0.118
2053,Ельнинский,Смоленская область,муниципальный район,66-619-000-000,Сельская Россия,Аграрная периферия с летним пиком,Аграрная периферия с летним пиком,Глубинка европейской части и Урала,True,0.451,0.214
2054,Ершичский,Смоленская область,муниципальный район,66-621-000-000,Сельская Россия,Аграрная периферия с летним пиком,Аграрная периферия с летним пиком,Аграрная периферия с летним пиком,False,0.334,0.217
2055,Кардымовский,Смоленская область,муниципальный район,66-623-000-000,Сельская Россия,Глубинка европейской части и Урала,Глубинка европейской части и Урала,Глубинка европейской части и Урала,False,0.173,0.33
2056,Краснинский,Смоленская область,муниципальный район,66-624-000-000,Сельская Россия,Аграрная периферия с летним пиком,Аграрная периферия с летним пиком,Аграрная периферия с летним пиком,False,0.018,0.398
2057,Монастырщинский,Смоленская область,муниципальный район,66-627-000-000,Сельская Россия,Глубинка европейской части и Урала,Глубинка европейской части и Урала,Глубинка европейской части и Урала,False,0.186,0.371
2058,Новодугинский,Смоленская область,муниципальный район,66-630-000-000,Сельская Россия,Аграрная периферия с летним пиком,Аграрная периферия с летним пиком,Аграрная периферия с летним пиком,False,0.205,0.007
2059,Починковский,Смоленская область,муниципальный район,66-633-000-000,Сельская Россия,Глубинка европейской части и Урала,Глубинка европейской части и Урала,Глубинка европейской части и Урала,False,0.015,0.12
2060,Рославльский,Смоленская область,муниципальный район,66-636-000-000,Города,Города и промышленные центры,Города и промышленные центры,Города и промышленные центры,False,0.053,0.068
2061,Руднянский,Смоленская область,муниципальный район,66-638-000-000,Сельская Россия,Аграрная периферия с летним пиком,Аграрная периферия с летним пиком,Аграрная периферия с летним пиком,False,0.053,0.268
2062,Сафоновский,Смоленская область,муниципальный район,66-641-000-000,Города,Города и промышленные центры,Города и промышленные центры,Города и промышленные центры,False,0.11,0.073
2063,Смоленский,Смоленская область,муниципальный район,66-644-000-000,Города,Города и промышленные центры,Города и промышленные центры,Города и промышленные центры,False,0.034,0.117
2064,Сычевский,Смоленская область,муниципальный район,66-646-000-000,Сельская Россия,Глубинка европейской части и Урала,Аграрная периферия с летним пиком,Глубинка европейской части и Урала,False,0.15,0.131
2065,Темкинский,Смоленская область,муниципальный район,66-648-000-000,Сельская Россия,Аграрная периферия с летним пиком,Аграрная периферия с летним пиком,Аграрная периферия с летним пиком,False,0.071,0.262
2066,Угранский,Смоленская область,муниципальный район,66-650-000-000,Сельская Россия,Аграрная периферия с летним пиком,Аграрная периферия с летним пиком,Аграрная периферия с летним пиком,False,0.138,0.277
2067,Хиславичский,Смоленская область,муниципальный район,66-652-000-000,Сельская Россия,Аграрная периферия с летним пиком,Аграрная периферия с летним пиком,Глубинка европейской части и Урала,False,0.2,0.029
2068,Холм-Жирковский,Смоленская область,муниципальный район,66-654-000-000,Сельская Россия,Глубинка европейской части и Урала,Аграрная периферия с летним пиком,Аграрная периферия с летним пиком,False,0.226,0.122
2069,Шумячский,Смоленская область,муниципальный район,66-656-000-000,Сельская Россия,Глубинка европейской части и Урала,Аграрная периферия с летним пиком,Глубинка европейской части и Урала,False,0.144,0.354
2070,Ярцевский,Смоленская область,муниципальный район,66-658-000-000,Города,Города и промышленные центры,Города и промышленные центры,Города и промышленные центры,False,0.095,0.085
2072,Кирсанов,Тамбовская область,городской округ,68-705-000-000,Сельская Россия,Аграрная периферия с летним пиком,Аграрная периферия с летним пиком,Глубинка европейской части и Урала,True,0.3,0.205
2073,Котовск,Тамбовская область,городской округ,68-710-000-000,Сельская Россия,Глубинка европейской части и Урала,Глубинка европейской части и Урала,Глубинка европейской части и Урала,False,0.073,0.154
2074,Мичуринск,Тамбовская область,городской округ,68-715-000-000,Города,Города и промышленные центры,Города и промышленные центры,Города и промышленные центры,False,0.013,0.056
2075,Моршанск,Тамбовская область,городской округ,68-720-000-000,Сельская Россия,Аграрная периферия с летним пиком,Аграрная периферия с летним пиком,Глубинка европейской части и Урала,False,0.261,0.022
2076,Рассказово,Тамбовская область,городской округ,68-725-000-000,Сельская Россия,Аграрная периферия с летним пиком,Аграрная периферия с летним пиком,Аграрная периферия с летним пиком,False,0.254,0.082
2077,Уварово,Тамбовская область,городской округ,68-730-000-000,Сельская Россия,Аграрная периферия с летним пиком,Аграрная периферия с летним пиком,Аграрная периферия с летним пиком,False,0.103,0.135
2078,Бондарский,Тамбовская область,муниципальный округ,68-502-000-000,Сельская Россия,Аграрная периферия с летним пиком,Глубинка европейской части и Урала,Аграрная периферия с летним пиком,False,0.124,0.186
2079,Гавриловский,Тамбовская область,муниципальный округ,68-503-000-000,Сельская Россия,Аграрная периферия с летним пиком,Аграрная периферия с летним пиком,Аграрная периферия с летним пиком,False,0.178,0.226
2080,Жердевский,Тамбовская область,муниципальный округ,68-504-000-000,Сельская Россия,Аграрная периферия с летним пиком,Аграрная периферия с летним пиком,Глубинка европейской части и Урала,False,0.218,0.046
2081,Знаменский,Тамбовская область,муниципальный округ,68-506-000-000,Сельская Россия,Глубинка европейской части и Урала,Глубинка европейской части и Урала,Глубинка европейской части и Урала,False,0.274,0.148
2082,Инжавинский,Тамбовская область,муниципальный округ,68-508-000-000,Сельская Россия,Аграрная периферия с летним пиком,Аграрная периферия с летним пиком,Аграрная периферия с летним пиком,False,0.191,0.191
2085,Мордовский,Тамбовская область,муниципальный округ,68-514-000-000,Сельская Россия,Аграрная периферия с летним пиком,Глубинка европейской части и Урала,Аграрная периферия с летним пиком,True,0.174,0.171
2087,Мучкапский,Тамбовская область,муниципальный округ,68-518-000-000,Сельская Россия,Глубинка европейской части и Урала,Глубинка европейской части и Урала,Аграрная периферия с летним пиком,True,0.314,0.158
2088,Никифоровский,Тамбовская область,муниципальный округ,68-520-000-000,Сельская Россия,Глубинка европейской части и Урала,Глубинка европейской части и Урала,Глубинка европейской части и Урала,False,0.304,0.156
2089,Первомайский,Тамбовская область,муниципальный округ,68-522-000-000,Сельская Россия,Аграрная периферия с летним пиком,Глубинка европейской части и Урала,Аграрная периферия с летним пиком,False,0.128,0.297
2090,Петровский,Тамбовская область,муниципальный округ,68-524-000-000,Сельская Россия,Глубинка европейской части и Урала,Глубинка европейской части и Урала,Аграрная периферия с летним пиком,False,0.34,0.081
2091,Пичаевский,Тамбовская область,муниципальный округ,68-526-000-000,Сельская Россия,Аграрная периферия с летним пиком,Глубинка европейской части и Урала,Аграрная периферия с летним пиком,False,0.082,0.359
2093,Ржаксинский,Тамбовская область,муниципальный округ,68-530-000-000,Сельская Россия,Аграрная периферия с летним пиком,Аграрная периферия с летним пиком,Аграрная периферия с летним пиком,False,0.367,0.182
2094,Сампурский,Тамбовская область,муниципальный округ,68-532-000-000,Сельская Россия,Глубинка европейской части и Урала,Глубинка европейской части и Урала,Глубинка европейской части и Урала,False,0.216,0.305
2095,Сосновский,Тамбовская область,муниципальный округ,68-534-000-000,Сельская Россия,Глубинка европейской части и Урала,Глубинка европейской части и Урала,Глубинка европейской части и Урала,False,0.239,0.121
2096,Староюрьевский,Тамбовская область,муниципальный округ,68-536-000-000,Сельская Россия,Аграрная периферия с летним пиком,Глубинка европейской части и Урала,Глубинка европейской части и Урала,False,0.156,0.098
2098,Токарёвский,Тамбовская область,муниципальный округ,68-542-000-000,Сельская Россия,Глубинка европейской части и Урала,Глубинка европейской части и Урала,Глубинка европейской части и Урала,False,0.205,0.308
2100,Умётский,Тамбовская область,муниципальный округ,68-546-000-000,Сельская Россия,Глубинка европейской части и Урала,Аграрная периферия с летним пиком,Глубинка европейской части и Урала,True,0.175,0.17
2101,Тверь,Тверская область,городской округ,28-701-000-000,Города,Города и промышленные центры,Города и промышленные центры,Города и промышленные центры,False,0.012,0.037
2105,Осташковский,Тверская область,городской округ,28-752-000-000,Города,Города и промышленные центры,Города и промышленные центры,Города и промышленные центры,False,0.19,0.077
2108,Торжок,Тверская область,городской округ,28-750-000-000,Города,Города и промышленные центры,Города и промышленные центры,Города и промышленные центры,False,0.233,0.262
2109,Удомельский,Тверская область,городской округ,28-751-000-000,Города,Города и промышленные центры,Города и промышленные центры,Города и промышленные центры,False,0.258,0.119
2110,Андреапольский,Тверская область,муниципальный округ,28-502-000-000,Города,Аграрная периферия с летним пиком,Аграрная периферия с летним пиком,Аграрная периферия с летним пиком,False,0.048,0.129
2111,Бежецкий,Тверская область,муниципальный округ,28-504-000-000,Сельская Россия,Глубинка европейской части и Урала,Аграрная периферия с летним пиком,Глубинка европейской части и Урала,False,0.052,0.153
2112,Бельский,Тверская область,муниципальный округ,28-506-000-000,Сельская Россия,Глубинка европейской части и Урала,Аграрная периферия с летним пиком,Глубинка европейской части и Урала,False,0.232,0.138
2113,Бологовский,Тверская область,муниципальный округ,28-508-000-000,Города,Города и промышленные центры,Аграрная периферия с летним пиком,Города и промышленные центры,False,0.051,0.171
2114,Весьегонский,Тверская область,муниципальный округ,28-510-000-000,Сельская Россия,Глубинка европейской части и Урала,Аграрная периферия с летним пиком,Глубинка европейской части и Урала,False,0.032,0.271
2116,Жарковский,Тверская область,муниципальный округ,28-514-000-000,Сельская Россия,Аграрная периферия с летним пиком,Аграрная периферия с летним пиком,Аграрная периферия с летним пиком,False,0.197,0.208
2117,Западнодвинский,Тверская область,муниципальный округ,28-516-000-000,Сельская Россия,Аграрная периферия с летним пиком,Аграрная периферия с летним пиком,Аграрная периферия с летним пиком,False,0.116,0.033
2118,Зубцовский,Тверская область,муниципальный округ,28-518-000-000,Сельская Россия,Глубинка европейской части и Урала,Аграрная периферия с летним пиком,Глубинка европейской части и Урала,False,0.174,0.047
2119,Калининский,Тверская область,муниципальный округ,28-520-000-000,Города,Города и промышленные центры,Города и промышленные центры,Города и промышленные центры,False,0.08,0.049
2120,Калязинский,Тверская область,муниципальный округ,28-522-000-000,Города,Города и промышленные центры,Города и промышленные центры,Города и промышленные центры,False,0.171,0.107
2121,Кашинский,Тверская область,городской округ,28-758-000-000,Сельская Россия,Глубинка европейской части и Урала,Аграрная периферия с летним пиком,Глубинка европейской части и Урала,False,0.208,0.08
2122,Кесовогорский,Тверская область,муниципальный округ,28-526-000-000,Сельская Россия,Аграрная периферия с летним пиком,Аграрная периферия с летним пиком,Аграрная периферия с летним пиком,False,0.152,0.302
2124,Конаковский,Тверская область,муниципальный округ,28-530-000-000,Города,Города и промышленные центры,Города и промышленные центры,Города и промышленные центры,False,0.211,0.212
2125,Краснохолмский,Тверская область,муниципальный округ,28-532-000-000,Сельская Россия,Аграрная периферия с летним пиком,Аграрная периферия с летним пиком,Глубинка европейской части и Урала,False,0.348,0.066
2126,Кувшиновский,Тверская область,муниципальный округ,28-534-000-000,Города,Глубинка европейской части и Урала,Города и промышленные центры,Глубинка европейской части и Урала,False,0.046,0.023
2127,Лесной,Тверская область,муниципальный округ,28-536-000-000,Сельская Россия,Аграрная периферия с летним пиком,Аграрная периферия с летним пиком,Аграрная периферия с летним пиком,False,0.055,0.331
2128,Лихославльский,Тверская область,муниципальный округ,28-538-000-000,Сельская Россия,Глубинка европейской части и Урала,Аграрная периферия с летним пиком,Глубинка европейской части и Урала,False,0.032,0.253
2129,Максатихинский,Тверская область,муниципальный округ,28-540-000-000,Сельская Россия,Глубинка европейской части и Урала,Аграрная периферия с летним пиком,Глубинка европейской части и Урала,False,0.257,0.114
2130,Молоковский,Тверская область,муниципальный округ,28-542-000-000,Сельская Россия,Удалённая Сибирь и горы,Глубинка европейской части и Урала,Удалённая Сибирь и горы,False,0.101,0.21
2131,Нелидовский,Тверская область,городской округ,28-759-000-000,Города,Глубинка европейской части и Урала,Города и промышленные центры,Города и промышленные центры,False,0.069,0.013
2132,Оленинский,Тверская область,муниципальный округ,28-544-000-000,Сельская Россия,Аграрная периферия с летним пиком,Аграрная периферия с летним пиком,Аграрная периферия с летним пиком,False,0.252,0.122
2133,Пеновский,Тверская область,муниципальный округ,28-546-000-000,Сельская Россия,Аграрная периферия с летним пиком,Аграрная периферия с летним пиком,Аграрная периферия с летним пиком,False,0.162,0.022
2134,Рамешковский,Тверская область,муниципальный округ,28-547-000-000,Сельская Россия,Глубинка европейской части и Урала,Глубинка европейской части и Урала,Аграрная периферия с летним пиком,False,0.009,0.322
2136,Сандовский,Тверская область,муниципальный округ,28-549-000-000,Города,Удалённая Сибирь и горы,Удалённая Сибирь и горы,Удалённая Сибирь и горы,False,0.111,0.1
2137,Селижаровский,Тверская область,муниципальный округ,28-550-000-000,Сельская Россия,Аграрная периферия с летним пиком,Аграрная периферия с летним пиком,Аграрная периферия с летним пиком,False,0.265,0.21
2138,Сонковский,Тверская область,муниципальный округ,28-551-000-000,Сельская Россия,Аграрная периферия с летним пиком,Аграрная периферия с летним пиком,Аграрная периферия с летним пиком,False,0.257,0.29
2139,Спировский,Тверская область,муниципальный округ,28-552-000-000,Сельская Россия,Аграрная периферия с летним пиком,Аграрная периферия с летним пиком,Аграрная периферия с летним пиком,False,0.406,0.308
2140,Старицкий,Тверская область,муниципальный округ,28-553-000-000,Сельская Россия,Аграрная периферия с летним пиком,Аграрная периферия с летним пиком,Аграрная периферия с летним пиком,False,0.224,0.051
2142,Торопецкий,Тверская область,муниципальный округ,28-555-000-000,Сельская Россия,Аграрная периферия с летним пиком,Аграрная периферия с летним пиком,Аграрная периферия с летним пиком,False,0.14,0.332
2143,Фировский,Тверская область,муниципальный округ,28-557-000-000,Сельская Россия,Аграрная периферия с летним пиком,Аграрная периферия с летним пиком,Аграрная периферия с летним пиком,False,0.101,0.089
2144,Томск,Томская область,городской округ,69-701-000-000,Города,Города и промышленные центры,Города и промышленные центры,Города и промышленные центры,False,0.039,0.022
2145,Кедровый,Томская область,городской округ,69-707-000-000,Сельская Россия,Глубинка европейской части и Урала,Города и промышленные центры,Аграрная периферия с летним пиком,False,0.02,0.061
2146,Стрежевой,Томская область,городской округ,69-710-000-000,Города,Города и промышленные центры,Города и промышленные центры,Города и промышленные центры,False,0.146,0.262
2148,Александровский,Томская область,муниципальный район,69-604-000-000,Города,Города и промышленные центры,Города и промышленные центры,Города и промышленные центры,False,0.196,0.137
2149,Асиновский,Томская область,муниципальный район,69-608-000-000,Сельская Россия,Аграрная периферия с летним пиком,Аграрная периферия с летним пиком,Глубинка европейской части и Урала,False,0.123,0.123
2150,Бакчарский,Томская область,муниципальный район,69-612-000-000,Сельская Россия,Аграрная периферия с летним пиком,Аграрная периферия с летним пиком,Аграрная периферия с летним пиком,False,0.146,0.33
2151,Верхнекетский,Томская область,муниципальный район,69-616-000-000,Города,Города и промышленные центры,Города и промышленные центры,Аграрная периферия с летним пиком,False,0.119,0.021
2152,Зырянский,Томская область,муниципальный район,69-620-000-000,Сельская Россия,Аграрная периферия с летним пиком,Аграрная периферия с летним пиком,Аграрная периферия с летним пиком,False,0.203,0.265
2153,Каргасокский,Томская область,муниципальный район,69-624-000-000,Сельская Россия,Глубинка европейской части и Урала,Аграрная периферия с летним пиком,Глубинка европейской части и Урала,False,0.052,0.085
2154,Кожевниковский,Томская область,муниципальный район,69-628-000-000,Сельская Россия,Аграрная периферия с летним пиком,Аграрная периферия с летним пиком,Глубинка европейской части и Урала,False,0.31,0.057
2155,Колпашевский,Томская область,муниципальный район,69-632-000-000,Города,Города и промышленные центры,Аграрная периферия с летним пиком,Города и промышленные центры,False,0.091,0.105
2156,Кривошеинский,Томская область,муниципальный район,69-636-000-000,Сельская Россия,Аграрная периферия с летним пиком,Аграрная периферия с летним пиком,Аграрная периферия с летним пиком,False,0.266,0.216
2157,Молчановский,Томская область,муниципальный район,69-640-000-000,Сельская Россия,Аграрная периферия с летним пиком,Аграрная периферия с летним пиком,Аграрная периферия с летним пиком,False,0.038,0.148
2158,Парабельский,Томская область,муниципальный район,69-644-000-000,Города,Города и промышленные центры,Города и промышленные центры,Города и промышленные центры,False,0.1,0.095
2159,Первомайский,Томская область,муниципальный район,69-648-000-000,Сельская Россия,Аграрная периферия с летним пиком,Аграрная периферия с летним пиком,Аграрная периферия с летним пиком,False,0.21,0.147
2160,Тегульдетский,Томская область,муниципальный район,69-652-000-000,Сельская Россия,Глубинка европейской части и Урала,Глубинка европейской части и Урала,Глубинка европейской части и Урала,False,0.129,0.058
2161,Томский,Томская область,муниципальный район,69-654-000-000,Столичные агломерации,Города и промышленные центры,Города и промышленные центры,Столичные агломерации и центры с высокими тратами,False,0.009,0.063
2162,Чаинский,Томская область,муниципальный район,69-656-000-000,Сельская Россия,Аграрная периферия с летним пиком,Аграрная периферия с летним пиком,Аграрная периферия с летним пиком,False,0.268,0.113
2163,Шегарский,Томская область,муниципальный район,69-658-000-000,Сельская Россия,Глубинка европейской части и Урала,Аграрная периферия с летним пиком,Глубинка европейской части и Урала,True,0.16,0.193
2164,Тула,Тульская область,городской округ,70-701-000-000,Города,Города и промышленные центры,Города и промышленные центры,Города и промышленные центры,False,0.047,0.037
2165,Алексин,Тульская область,городской округ,70-706-000-000,Города,Города и промышленные центры,Города и промышленные центры,Города и промышленные центры,False,0.153,0.277
2167,Донской,Тульская область,городской округ,70-712-000-000,Города,Города и промышленные центры,Города и промышленные центры,Города и промышленные центры,False,0.119,0.174
2168,Ефремов,Тульская область,городской округ,70-714-000-000,Города,Города и промышленные центры,Города и промышленные центры,Города и промышленные центры,False,0.1,0.187
2169,Новомосковск,Тульская область,городской округ,70-724-000-000,Города,Города и промышленные центры,Города и промышленные центры,Города и промышленные центры,False,0.176,0.212
2171,Арсеньевский,Тульская область,муниципальный район,70-604-000-000,Сельская Россия,Глубинка европейской части и Урала,Аграрная периферия с летним пиком,Аграрная периферия с летним пиком,False,0.125,0.08
2172,Белевский,Тульская область,муниципальный район,70-606-000-000,Сельская Россия,Глубинка европейской части и Урала,Аграрная периферия с летним пиком,Аграрная периферия с летним пиком,False,0.215,0.153
2173,Богородицкий,Тульская область,муниципальный район,70-608-000-000,Города,Города и промышленные центры,Города и промышленные центры,Города и промышленные центры,False,0.015,0.036
2174,Веневский,Тульская область,муниципальный район,70-612-000-000,Сельская Россия,Глубинка европейской части и Урала,Аграрная периферия с летним пиком,Глубинка европейской части и Урала,False,0.097,0.071
2175,Воловский,Тульская область,муниципальный район,70-616-000-000,Сельская Россия,Глубинка европейской части и Урала,Аграрная периферия с летним пиком,Глубинка европейской части и Урала,False,0.223,0.084
2176,Дубенский,Тульская область,муниципальный район,70-618-000-000,Сельская Россия,Глубинка европейской части и Урала,Глубинка европейской части и Урала,Аграрная периферия с летним пиком,False,0.273,0.039
2177,Заокский,Тульская область,муниципальный район,70-622-000-000,Города,Города и промышленные центры,Города и промышленные центры,Города и промышленные центры,False,0.216,0.238
2178,Каменский,Тульская область,муниципальный район,70-624-000-000,Сельская Россия,Глубинка европейской части и Урала,Глубинка европейской части и Урала,Аграрная периферия с летним пиком,True,0.328,0.205
2179,Кимовский,Тульская область,муниципальный район,70-626-000-000,Сельская Россия,Глубинка европейской части и Урала,Аграрная периферия с летним пиком,Глубинка европейской части и Урала,False,0.196,0.017
2180,Киреевский,Тульская область,муниципальный район,70-628-000-000,Сельская Россия,Глубинка европейской части и Урала,Аграрная периферия с летним пиком,Глубинка европейской части и Урала,False,0.087,0.049
2181,Куркинский,Тульская область,муниципальный район,70-630-000-000,Сельская Россия,Аграрная периферия с летним пиком,Аграрная периферия с летним пиком,Аграрная периферия с летним пиком,False,0.198,0.287
2182,Одоевский,Тульская область,муниципальный район,70-636-000-000,Сельская Россия,Глубинка европейской части и Урала,Аграрная периферия с летним пиком,Глубинка европейской части и Урала,False,0.036,0.14
2183,Плавский,Тульская область,муниципальный район,70-638-000-000,Города,Глубинка европейской части и Урала,Города и промышленные центры,Глубинка европейской части и Урала,False,0.06,0.002
2184,Суворовский,Тульская область,муниципальный район,70-640-000-000,Сельская Россия,Глубинка европейской части и Урала,Аграрная периферия с летним пиком,Аграрная периферия с летним пиком,False,0.219,0.058
2185,Тепло-Огаревский,Тульская область,муниципальный район,70-642-000-000,Сельская Россия,Глубинка европейской части и Урала,Аграрная периферия с летним пиком,Аграрная периферия с летним пиком,False,0.138,0.052
2186,Узловский,Тульская область,муниципальный район,70-644-000-000,Города,Города и промышленные центры,Города и промышленные центры,Города и промышленные центры,False,0.142,0.224
2187,Чернский,Тульская область,муниципальный район,70-646-000-000,Города,Города и промышленные центры,Города и промышленные центры,Глубинка европейской части и Урала,False,0.002,0.041
2188,Щекинский,Тульская область,муниципальный район,70-648-000-000,Города,Города и промышленные центры,Города и промышленные центры,Города и промышленные центры,False,0.153,0.217
2189,Ясногорский,Тульская область,муниципальный район,70-650-000-000,Города,Глубинка европейской части и Урала,Города и промышленные центры,Города и промышленные центры,False,0.043,0.124
2190,Тюмень,Тюменская область,городской округ,71-701-000-000,Столичные агломерации,Столичные агломерации и центры с высокими тратами,Столичные агломерации и центры с высокими тратами,Столичные агломерации и центры с высокими тратами,False,0.064,0.119
2191,Заводоуковский,Тюменская область,городской округ,71-703-000-000,Города,Города и промышленные центры,Города и промышленные центры,Города и промышленные центры,False,0.091,0.21
2192,Ишим,Тюменская область,городской округ,71-705-000-000,Города,Города и промышленные центры,Города и промышленные центры,Города и промышленные центры,False,0.127,0.257
2193,Тобольск,Тюменская область,городской округ,71-710-000-000,Города,Города и промышленные центры,Города и промышленные центры,Города и промышленные центры,False,0.038,0.085
2194,Ялуторовск,Тюменская область,городской округ,71-715-000-000,Города,Города и промышленные центры,Города и промышленные центры,Города и промышленные центры,False,0.086,0.231
2195,Абатский,Тюменская область,муниципальный район,71-603-000-000,Сельская Россия,Аграрная периферия с летним пиком,Аграрная периферия с летним пиком,Удалённая Сибирь и горы,False,0.248,0.128
2196,Армизонский,Тюменская область,муниципальный район,71-605-000-000,Сельская Россия,Аграрная периферия с летним пиком,Аграрная периферия с летним пиком,Глубинка европейской части и Урала,False,0.308,0.097
2197,Аромашевский,Тюменская область,муниципальный район,71-607-000-000,Сельская Россия,Аграрная периферия с летним пиком,Аграрная периферия с летним пиком,Аграрная периферия с летним пиком,False,0.312,0.398
2198,Бердюжский,Тюменская область,муниципальный район,71-610-000-000,Сельская Россия,Аграрная периферия с летним пиком,Аграрная периферия с летним пиком,Аграрная периферия с летним пиком,False,0.364,0.015
2199,Вагайский,Тюменская область,муниципальный район,71-613-000-000,Сельская Россия,Аграрная периферия с летним пиком,Аграрная периферия с летним пиком,Глубинка европейской части и Урала,False,0.069,0.135
2200,Викуловский,Тюменская область,муниципальный район,71-615-000-000,Города,Города и промышленные центры,Аграрная периферия с летним пиком,Глубинка европейской части и Урала,False,0.03,0.008
2201,Голышмановский,Тюменская область,городской округ,71-702-000-000,Сельская Россия,Аграрная периферия с летним пиком,Аграрная периферия с летним пиком,Аграрная периферия с летним пиком,False,0.306,0.234
2202,Исетский,Тюменская область,муниципальный район,71-624-000-000,Сельская Россия,Аграрная периферия с летним пиком,Аграрная периферия с летним пиком,Глубинка европейской части и Урала,False,0.11,0.138
2203,Ишимский,Тюменская область,муниципальный район,71-626-000-000,Города,Города и промышленные центры,Города и промышленные центры,Города и промышленные центры,False,0.04,0.131
2204,Казанский,Тюменская область,муниципальный район,71-630-000-000,Сельская Россия,Аграрная периферия с летним пиком,Аграрная периферия с летним пиком,Удалённая Сибирь и горы,False,0.181,0.085
2205,Нижнетавдинский,Тюменская область,муниципальный район,71-632-000-000,Сельская Россия,Глубинка европейской части и Урала,Глубинка европейской части и Урала,Глубинка европейской части и Урала,False,0.164,0.167
2206,Омутинский,Тюменская область,муниципальный район,71-634-000-000,Сельская Россия,Аграрная периферия с летним пиком,Аграрная периферия с летним пиком,Аграрная периферия с летним пиком,False,0.306,0.077
2207,Сладковский,Тюменская область,муниципальный район,71-636-000-000,Сельская Россия,Аграрная периферия с летним пиком,Аграрная периферия с летним пиком,Глубинка европейской части и Урала,True,0.215,0.212
2208,Сорокинский,Тюменская область,муниципальный район,71-638-000-000,Города,Удалённая Сибирь и горы,Аграрная периферия с летним пиком,Удалённая Сибирь и горы,False,0.045,0.159
2210,Тюменский,Тюменская область,муниципальный район,71-644-000-000,Города,Города и промышленные центры,Удалённая Сибирь и горы,Столичные агломерации и центры с высокими тратами,False,0.022,0.018
2211,Уватский,Тюменская область,муниципальный район,71-648-000-000,Города,Города и промышленные центры,Города и промышленные центры,Города и промышленные центры,False,0.15,0.109
2212,Упоровский,Тюменская область,муниципальный район,71-650-000-000,Сельская Россия,Аграрная периферия с летним пиком,Аграрная периферия с летним пиком,Глубинка европейской части и Урала,False,0.175,0.117
2213,Юргинский,Тюменская область,муниципальный район,71-653-000-000,Сельская Россия,Аграрная периферия с летним пиком,Аграрная периферия с летним пиком,Глубинка европейской части и Урала,False,0.139,0.232
2215,Ярковский,Тюменская область,муниципальный район,71-658-000-000,Сельская Россия,Глубинка европейской части и Урала,Глубинка европейской части и Урала,Глубинка европейской части и Урала,False,0.054,0.053
2216,Ханты-Мансийск,Ханты-Мансийский автономный округ — Югра,городской округ,71-871-000-000,Столичные агломерации,Столичные агломерации и центры с высокими тратами,Столичные агломерации и центры с высокими тратами,Столичные агломерации и центры с высокими тратами,False,0.191,0.131
2217,Когалым,Ханты-Мансийский автономный округ — Югра,городской округ,71-883-000-000,Столичные агломерации,Города и промышленные центры,Столичные агломерации и центры с высокими тратами,Города и промышленные центры,False,0.051,0.053
2218,Лангепас,Ханты-Мансийский автономный округ — Югра,городской округ,71-872-000-000,Города,Города и промышленные центры,Города и промышленные центры,Города и промышленные центры,False,0.234,0.217
2219,Мегион,Ханты-Мансийский автономный округ — Югра,городской округ,71-873-000-000,Города,Города и промышленные центры,Города и промышленные центры,Города и промышленные центры,False,0.044,0.131
2220,Нефтеюганск,Ханты-Мансийский автономный округ — Югра,городской округ,71-874-000-000,Столичные агломерации,Столичные агломерации и центры с высокими тратами,Столичные агломерации и центры с высокими тратами,Столичные агломерации и центры с высокими тратами,False,0.067,0.015
2221,Нижневартовск,Ханты-Мансийский автономный округ — Югра,городской округ,71-875-000-000,Столичные агломерации,Столичные агломерации и центры с высокими тратами,Столичные агломерации и центры с высокими тратами,Столичные агломерации и центры с высокими тратами,False,0.062,0.059
2222,Нягань,Ханты-Мансийский автономный округ — Югра,городской округ,71-879-000-000,Столичные агломерации,Города и промышленные центры,Столичные агломерации и центры с высокими тратами,Города и промышленные центры,False,0.019,0.078
2223,Покачи,Ханты-Мансийский автономный округ — Югра,городской округ,71-884-000-000,Города,Города и промышленные центры,Города и промышленные центры,Города и промышленные центры,False,0.167,0.115
2224,Пыть-Ях,Ханты-Мансийский автономный округ — Югра,городской округ,71-885-000-000,Города,Города и промышленные центры,Города и промышленные центры,Города и промышленные центры,False,0.064,0.234
2225,Радужный,Ханты-Мансийский автономный округ — Югра,городской округ,71-877-000-000,Север,Города и промышленные центры,Города и промышленные центры,Города и промышленные центры,False,0.12,0.044
2226,Сургут,Ханты-Мансийский автономный округ — Югра,городской округ,71-876-000-000,Столичные агломерации,Столичные агломерации и центры с высокими тратами,Столичные агломерации и центры с высокими тратами,Столичные агломерации и центры с высокими тратами,False,0.141,0.127
2227,Урай,Ханты-Мансийский автономный округ — Югра,городской округ,71-878-000-000,Города,Города и промышленные центры,Города и промышленные центры,Города и промышленные центры,False,0.007,0.13
2228,Югорск,Ханты-Мансийский автономный округ — Югра,городской округ,71-887-000-000,Города,Города и промышленные центры,Города и промышленные центры,Города и промышленные центры,False,0.054,0.057
2229,Белоярский,Ханты-Мансийский автономный округ — Югра,муниципальный район,71-811-000-000,Север,Города и промышленные центры,Города и промышленные центры,Города и промышленные центры,False,0.004,0.093
2230,Березовский,Ханты-Мансийский автономный округ — Югра,муниципальный район,71-812-000-000,Север,Арктика и Крайний Север,Арктика и Крайний Север,Арктика и Крайний Север,False,0.322,0.276
2231,Кондинский,Ханты-Мансийский автономный округ — Югра,муниципальный район,71-816-000-000,Города,Города и промышленные центры,Города и промышленные центры,Города и промышленные центры,False,0.309,0.209
2232,Нефтеюганский,Ханты-Мансийский автономный округ — Югра,муниципальный район,71-818-000-000,Города,Города и промышленные центры,Города и промышленные центры,Города и промышленные центры,False,0.101,0.287
2233,Нижневартовский,Ханты-Мансийский автономный округ — Югра,муниципальный район,71-819-000-000,Города,Города и промышленные центры,Города и промышленные центры,Города и промышленные центры,False,0.309,0.093
2234,Октябрьский,Ханты-Мансийский автономный округ — Югра,муниципальный район,71-821-000-000,Города,Города и промышленные центры,Города и промышленные центры,Города и промышленные центры,False,0.156,0.087
2235,Советский,Ханты-Мансийский автономный округ — Югра,муниципальный район,71-824-000-000,Города,Города и промышленные центры,Города и промышленные центры,Города и промышленные центры,False,0.111,0.282
2236,Сургутский,Ханты-Мансийский автономный округ — Югра,муниципальный район,71-826-000-000,Города,Города и промышленные центры,Города и промышленные центры,Города и промышленные центры,False,0.199,0.109
2237,Ханты-Мансийский,Ханты-Мансийский автономный округ — Югра,муниципальный район,71-829-000-000,Города,Города и промышленные центры,Города и промышленные центры,Удалённая Сибирь и горы,False,0.191,0.069
2238,Салехард,Ямало-Ненецкий автономный округ,городской округ,71-951-000-000,Север,Арктика и Крайний Север,Арктика и Крайний Север,Арктика и Крайний Север,False,0.183,0.41
2241,Муравленко,Ямало-Ненецкий автономный округ,городской округ,71-955-000-000,Север,Арктика и Крайний Север,Арктика и Крайний Север,Арктика и Крайний Север,False,0.133,0.104
2242,Новый Уренгой,Ямало-Ненецкий автономный округ,городской округ,71-956-000-000,Север,Арктика и Крайний Север,Арктика и Крайний Север,Арктика и Крайний Север,False,0.147,0.309
2243,Ноябрьск,Ямало-Ненецкий автономный округ,городской округ,71-958-000-000,Север,Арктика и Крайний Север,Столичные агломерации и центры с высокими тратами,Арктика и Крайний Север,False,0.036,0.285
2244,Красноселькупский,Ямало-Ненецкий автономный округ,муниципальный округ,71-933-000-000,Север,Арктика и Крайний Север,Арктика и Крайний Север,Арктика и Крайний Север,False,0.616,0.566
2245,Надымский,Ямало-Ненецкий автономный округ,муниципальный округ,71-936-000-000,Север,Арктика и Крайний Север,Арктика и Крайний Север,Арктика и Крайний Север,False,0.261,0.453
2248,Тазовский,Ямало-Ненецкий автономный округ,муниципальный округ,71-943-000-000,Север,Арктика и Крайний Север,Арктика и Крайний Север,Арктика и Крайний Север,False,0.522,0.552
2249,Шурышкарский,Ямало-Ненецкий автономный округ,муниципальный округ,71-946-000-000,Север,Арктика и Крайний Север,Арктика и Крайний Север,Арктика и Крайний Север,False,0.368,0.425
2250,Ямальский,Ямало-Ненецкий автономный округ,муниципальный округ,71-948-000-000,Север,Арктика и Крайний Север,Арктика и Крайний Север,Арктика и Крайний Север,False,0.498,0.599
2251,Ульяновск,Ульяновская область,городской округ,73-701-000-000,Города,Города и промышленные центры,Города и промышленные центры,Города и промышленные центры,False,0.131,0.141
2252,Димитровград,Ульяновская область,городской округ,73-705-000-000,Города,Города и промышленные центры,Города и промышленные центры,Города и промышленные центры,False,0.149,0.234
2253,Новоульяновск,Ульяновская область,городской округ,73-715-000-000,Сельская Россия,Глубинка европейской части и Урала,Глубинка европейской части и Урала,Глубинка европейской части и Урала,False,0.225,0.171
2254,Базарносызганский,Ульяновская область,муниципальный район,73-602-000-000,Сельская Россия,Аграрная периферия с летним пиком,Аграрная периферия с летним пиком,Аграрная периферия с летним пиком,False,0.276,0.47
2255,Барышский,Ульяновская область,муниципальный район,73-604-000-000,Сельская Россия,Аграрная периферия с летним пиком,Аграрная периферия с летним пиком,Аграрная периферия с летним пиком,False,0.29,0.141
2256,Вешкаймский,Ульяновская область,муниципальный район,73-607-000-000,Сельская Россия,Аграрная периферия с летним пиком,Аграрная периферия с летним пиком,Аграрная периферия с летним пиком,False,0.279,0.253
2257,Инзенский,Ульяновская область,муниципальный район,73-610-000-000,Сельская Россия,Аграрная периферия с летним пиком,Аграрная периферия с летним пиком,Глубинка европейской части и Урала,False,0.391,0.126
2258,Карсунский,Ульяновская область,муниципальный район,73-614-000-000,Сельская Россия,Аграрная периферия с летним пиком,Аграрная периферия с летним пиком,Глубинка европейской части и Урала,False,0.066,0.141
2259,Кузоватовский,Ульяновская область,муниципальный район,73-616-000-000,Сельская Россия,Аграрная периферия с летним пиком,Аграрная периферия с летним пиком,Глубинка европейской части и Урала,True,0.389,0.229
2260,Майнский,Ульяновская область,муниципальный район,73-620-000-000,Сельская Россия,Аграрная периферия с летним пиком,Глубинка европейской части и Урала,Глубинка европейской части и Урала,False,0.087,0.075
2262,Николаевский,Ульяновская область,муниципальный район,73-625-000-000,Сельская Россия,Аграрная периферия с летним пиком,Аграрная периферия с летним пиком,Аграрная периферия с летним пиком,False,0.268,0.001
2264,Новоспасский,Ульяновская область,муниципальный район,73-629-000-000,Сельская Россия,Глубинка европейской части и Урала,Аграрная периферия с летним пиком,Глубинка европейской части и Урала,False,0.154,0.03
2265,Павловский,Ульяновская область,муниципальный район,73-632-000-000,Сельская Россия,Аграрная периферия с летним пиком,Аграрная периферия с летним пиком,Аграрная периферия с летним пиком,False,0.322,0.305
2266,Радищевский,Ульяновская область,муниципальный район,73-634-000-000,Сельская Россия,Аграрная периферия с летним пиком,Аграрная периферия с летним пиком,Аграрная периферия с летним пиком,False,0.293,0.293
2267,Сенгилеевский,Ульяновская область,муниципальный район,73-636-000-000,Сельская Россия,Глубинка европейской части и Урала,Глубинка европейской части и Урала,Аграрная периферия с летним пиком,False,0.098,0.214
2268,Старокулаткинский,Ульяновская область,муниципальный район,73-639-000-000,Сельская Россия,Аграрная периферия с летним пиком,Глубинка европейской части и Урала,Аграрная периферия с летним пиком,False,0.012,0.192
2269,Старомайнский,Ульяновская область,муниципальный район,73-642-000-000,Сельская Россия,Глубинка европейской части и Урала,Глубинка европейской части и Урала,Глубинка европейской части и Урала,False,0.204,0.237
2270,Сурский,Ульяновская область,муниципальный район,73-644-000-000,Сельская Россия,Глубинка европейской части и Урала,Глубинка европейской части и Урала,Глубинка европейской части и Урала,False,0.262,0.372
2271,Тереньгульский,Ульяновская область,муниципальный район,73-648-000-000,Сельская Россия,Аграрная периферия с летним пиком,Глубинка европейской части и Урала,Аграрная периферия с летним пиком,False,0.115,0.336
2272,Ульяновский,Ульяновская область,муниципальный район,73-652-000-000,Сельская Россия,Глубинка европейской части и Урала,Глубинка европейской части и Урала,Глубинка европейской части и Урала,False,0.125,0.262
2274,Чердаклинский,Ульяновская область,муниципальный район,73-656-000-000,Сельская Россия,Глубинка европейской части и Урала,Глубинка европейской части и Урала,Глубинка европейской части и Урала,False,0.079,0.397
2275,Челябинский,Челябинская область,городской округ,75-701-000-000,Города,Города и промышленные центры,Города и промышленные центры,Города и промышленные центры,False,0.055,0.013
2276,Верхнеуфалейский,Челябинская область,городской округ,75-706-000-000,Сельская Россия,Глубинка европейской части и Урала,Аграрная периферия с летним пиком,Глубинка европейской части и Урала,False,0.186,0.148
2278,Карабашский,Челябинская область,городской округ,75-715-000-000,Сельская Россия,Глубинка европейской части и Урала,Глубинка европейской части и Урала,Глубинка европейской части и Урала,False,0.159,0.135
2279,Копейский,Челябинская область,городской округ,75-728-000-000,Города,Города и промышленные центры,Города и промышленные центры,Города и промышленные центры,False,0.077,0.196
2280,Кыштымский,Челябинская область,городской округ,75-734-000-000,Города,Города и промышленные центры,Города и промышленные центры,Города и промышленные центры,False,0.179,0.298
2281,Магнитогорский,Челябинская область,городской округ,75-738-000-000,Города,Города и промышленные центры,Города и промышленные центры,Города и промышленные центры,False,0.127,0.209
2282,Миасский,Челябинская область,городской округ,75-742-000-000,Города,Города и промышленные центры,Города и промышленные центры,Города и промышленные центры,False,0.135,0.206
2286,Троицкий,Челябинская область,городской округ,75-752-000-000,Города,Города и промышленные центры,Города и промышленные центры,Города и промышленные центры,False,0.036,0.135
2287,Усть-Катавский,Челябинская область,городской округ,75-755-000-000,Города,Глубинка европейской части и Урала,Города и промышленные центры,Глубинка европейской части и Урала,False,0.036,0.039
2288,Чебаркульский,Челябинская область,городской округ,75-758-000-000,Города,Города и промышленные центры,Города и промышленные центры,Города и промышленные центры,False,0.132,0.292
2289,Южноуральский,Челябинская область,городской округ,75-764-000-000,Города,Города и промышленные центры,Города и промышленные центры,Города и промышленные центры,False,0.111,0.243
2292,Аргаяшский,Челябинская область,муниципальный район,75-606-000-000,Сельская Россия,Глубинка европейской части и Урала,Глубинка европейской части и Урала,Глубинка европейской части и Урала,False,0.061,0.411
2293,Ашинский,Челябинская область,муниципальный район,75-609-000-000,Сельская Россия,Глубинка европейской части и Урала,Города и промышленные центры,Глубинка европейской части и Урала,False,0.005,0.089
2294,Брединский,Челябинская область,муниципальный район,75-612-000-000,Сельская Россия,Глубинка европейской части и Урала,Глубинка европейской части и Урала,Глубинка европейской части и Урала,False,0.092,0.098
2295,Варненский,Челябинская область,муниципальный район,75-614-000-000,Сельская Россия,Аграрная периферия с летним пиком,Аграрная периферия с летним пиком,Глубинка европейской части и Урала,True,0.392,0.318
2296,Верхнеуральский,Челябинская область,муниципальный район,75-617-000-000,Сельская Россия,Глубинка европейской части и Урала,Глубинка европейской части и Урала,Глубинка европейской части и Урала,False,0.166,0.391
2297,Еманжелинский,Челябинская область,муниципальный район,75-619-000-000,Сельская Россия,Глубинка европейской части и Урала,Аграрная периферия с летним пиком,Глубинка европейской части и Урала,False,0.035,0.201
2298,Еткульский,Челябинская область,муниципальный район,75-620-000-000,Сельская Россия,Глубинка европейской части и Урала,Глубинка европейской части и Урала,Глубинка европейской части и Урала,False,0.161,0.364
2299,Карталинский,Челябинская область,муниципальный район,75-623-000-000,Сельская Россия,Глубинка европейской части и Урала,Аграрная периферия с летним пиком,Глубинка европейской части и Урала,True,0.33,0.338
2300,Каслинский,Челябинская область,муниципальный район,75-626-000-000,Сельская Россия,Глубинка европейской части и Урала,Аграрная периферия с летним пиком,Глубинка европейской части и Урала,True,0.31,0.314
2301,Катав-Ивановский,Челябинская область,муниципальный район,75-629-000-000,Сельская Россия,Глубинка европейской части и Урала,Аграрная периферия с летним пиком,Глубинка европейской части и Урала,False,0.187,0.14
2302,Кизильский,Челябинская область,муниципальный район,75-632-000-000,Сельская Россия,Глубинка европейской части и Урала,Глубинка европейской части и Урала,Аграрная периферия с летним пиком,True,0.179,0.183
2303,Коркинский,Челябинская область,муниципальный округ,75-533-000-000,Сельская Россия,Глубинка европейской части и Урала,Глубинка европейской части и Урала,Глубинка европейской части и Урала,False,0.103,0.055
2304,Красноармейский,Челябинская область,муниципальный район,75-634-000-000,Сельская Россия,Глубинка европейской части и Урала,Глубинка европейской части и Урала,Глубинка европейской части и Урала,False,0.171,0.343
2305,Кунашакский,Челябинская область,муниципальный район,75-636-000-000,Сельская Россия,Глубинка европейской части и Урала,Глубинка европейской части и Урала,Глубинка европейской части и Урала,False,0.204,0.33
2307,Нагайбакский,Челябинская область,муниципальный район,75-642-000-000,Сельская Россия,Глубинка европейской части и Урала,Глубинка европейской части и Урала,Глубинка европейской части и Урала,False,0.178,0.256
2308,Нязепетровский,Челябинская область,муниципальный район,75-644-000-000,Сельская Россия,Аграрная периферия с летним пиком,Аграрная периферия с летним пиком,Глубинка европейской части и Урала,True,0.358,0.235
2309,Октябрьский,Челябинская область,муниципальный район,75-647-000-000,Сельская Россия,Глубинка европейской части и Урала,Глубинка европейской части и Урала,Глубинка европейской части и Урала,False,0.245,0.306
2310,Пластовский,Челябинская область,муниципальный район,75-648-000-000,Сельская Россия,Глубинка европейской части и Урала,Аграрная периферия с летним пиком,Глубинка европейской части и Урала,False,0.088,0.179
2311,Саткинский,Челябинская область,муниципальный район,75-649-000-000,Города,Города и промышленные центры,Города и промышленные центры,Города и промышленные центры,False,0.144,0.28
2312,Сосновский,Челябинская область,муниципальный район,75-652-000-000,Города,Города и промышленные центры,Города и промышленные центры,Города и промышленные центры,False,0.052,0.018
2314,Увельский,Челябинская область,муниципальный район,75-655-000-000,Сельская Россия,Глубинка европейской части и Урала,Глубинка европейской части и Урала,Глубинка европейской части и Урала,False,0.362,0.145
2315,Уйский,Челябинская область,муниципальный район,75-656-000-000,Сельская Россия,Глубинка европейской части и Урала,Глубинка европейской части и Урала,Аграрная периферия с летним пиком,False,0.108,0.369
2316,Чебаркульский,Челябинская область,муниципальный район,75-657-000-000,Сельская Россия,Глубинка европейской части и Урала,Глубинка европейской части и Урала,Глубинка европейской части и Урала,False,0.257,0.203
2317,Чесменский,Челябинская область,муниципальный район,75-659-000-000,Сельская Россия,Аграрная периферия с летним пиком,Аграрная периферия с летним пиком,Глубинка европейской части и Урала,False,0.171,0.035
2318,Ярославль,Ярославская область,городской округ,78-701-000-000,Города,Города и промышленные центры,Города и промышленные центры,Города и промышленные центры,False,0.04,0.033
2320,Рыбинск,Ярославская область,городской округ,78-715-000-000,Города,Города и промышленные центры,Города и промышленные центры,Города и промышленные центры,False,0.225,0.241
2321,Большесельский,Ярославская область,муниципальный район,78-603-000-000,Сельская Россия,Глубинка европейской части и Урала,Глубинка европейской части и Урала,Глубинка европейской части и Урала,False,0.237,0.07
2322,Борисоглебский,Ярославская область,муниципальный район,78-606-000-000,Сельская Россия,Аграрная периферия с летним пиком,Аграрная периферия с летним пиком,Аграрная периферия с летним пиком,False,0.105,0.043
2323,Брейтовский,Ярославская область,муниципальный район,78-609-000-000,Сельская Россия,Аграрная периферия с летним пиком,Глубинка европейской части и Урала,Аграрная периферия с летним пиком,True,0.201,0.262
2324,Гаврилов-Ямский,Ярославская область,муниципальный район,78-612-000-000,Сельская Россия,Глубинка европейской части и Урала,Глубинка европейской части и Урала,Глубинка европейской части и Урала,False,0.08,0.235
2325,Даниловский,Ярославская область,муниципальный район,78-615-000-000,Сельская Россия,Глубинка европейской части и Урала,Аграрная периферия с летним пиком,Глубинка европейской части и Урала,False,0.038,0.222
2326,Любимский,Ярославская область,муниципальный район,78-618-000-000,Сельская Россия,Глубинка европейской части и Урала,Глубинка европейской части и Урала,Глубинка европейской части и Урала,False,0.029,0.315
2327,Мышкинский,Ярославская область,муниципальный район,78-621-000-000,Сельская Россия,Глубинка европейской части и Урала,Глубинка европейской части и Урала,Глубинка европейской части и Урала,False,0.055,0.18
2328,Некоузский,Ярославская область,муниципальный район,78-623-000-000,Сельская Россия,Глубинка европейской части и Урала,Глубинка европейской части и Урала,Глубинка европейской части и Урала,False,0.092,0.159
2329,Некрасовский,Ярославская область,муниципальный район,78-626-000-000,Сельская Россия,Глубинка европейской части и Урала,Глубинка европейской части и Урала,Глубинка европейской части и Урала,False,0.241,0.086
2330,Первомайский,Ярославская область,муниципальный район,78-629-000-000,Сельская Россия,Глубинка европейской части и Урала,Глубинка европейской части и Урала,Глубинка европейской части и Урала,False,0.173,0.346
2332,Пошехонский,Ярославская область,муниципальный район,78-634-000-000,Сельская Россия,Глубинка европейской части и Урала,Глубинка европейской части и Урала,Глубинка европейской части и Урала,False,0.226,0.402
2333,Ростовский,Ярославская область,муниципальный район,78-637-000-000,Города,Города и промышленные центры,Города и промышленные центры,Города и промышленные центры,False,0.131,0.217
2334,Рыбинский,Ярославская область,муниципальный район,78-640-000-000,Города,Глубинка европейской части и Урала,Глубинка европейской части и Урала,Глубинка европейской части и Урала,False,0.2,0.046
2335,Тутаевский,Ярославская область,муниципальный район,78-643-000-000,Города,Глубинка европейской части и Урала,Города и промышленные центры,Города и промышленные центры,False,0.115,0.056
2336,Угличский,Ярославская область,муниципальный район,78-646-000-000,Города,Города и промышленные центры,Города и промышленные центры,Города и промышленные центры,False,0.203,0.125
2337,Ярославский,Ярославская область,муниципальный район,78-650-000-000,Города,Города и промышленные центры,Города и промышленные центры,Города и промышленные центры,False,0.055,0.116
2338,Биробиджан,Еврейская автономная область,городской округ,99-701-000-000,Города,Города и промышленные центры,Города и промышленные центры,Города и промышленные центры,False,0.061,0.044
2339,Биробиджанский,Еврейская автономная область,муниципальный район,99-605-000-000,Города,Города и промышленные центры,Города и промышленные центры,Города и промышленные центры,False,0.046,0.045
2340,Ленинский,Еврейская автономная область,муниципальный район,99-610-000-000,Города,Города и промышленные центры,Города и промышленные центры,Города и промышленные центры,False,0.18,0.275
2341,Облученский,Еврейская автономная область,муниципальный район,99-620-000-000,Города,Города и промышленные центры,Города и промышленные центры,Города и промышленные центры,False,0.101,0.313
2342,Октябрьский,Еврейская автономная область,муниципальный район,99-625-000-000,Сельская Россия,Аграрная периферия с летним пиком,Аграрная периферия с летним пиком,Аграрная периферия с летним пиком,False,0.031,0.268
2343,Смидовичский,Еврейская автономная область,муниципальный район,99-630-000-000,Города,Города и промышленные центры,Города и промышленные центры,Города и промышленные центры,False,0.035,0.385
2344,Анадырь,Чукотский автономный округ,городской округ,77-701-000-000,Север,Арктика и Крайний Север,Арктика и Крайний Север,Арктика и Крайний Север,False,0.489,0.51
2345,Эгвекинот,Чукотский автономный округ,городской округ,77-715-000-000,Север,Арктика и Крайний Север,Арктика и Крайний Север,Арктика и Крайний Север,False,0.5,0.457
2348,Анадырский,Чукотский автономный округ,муниципальный район,77-603-000-000,Север,Арктика и Крайний Север,Арктика и Крайний Север,Арктика и Крайний Север,False,0.566,0.566
2349,Билибинский,Чукотский автономный округ,муниципальный район,77-609-000-000,Север,Арктика и Крайний Север,Арктика и Крайний Север,Арктика и Крайний Север,False,0.543,0.524
2351,Коломна,Санкт-Петербург,внутригородская территория города федерального значения,40-301-000-000,Столичные агломерации,Столичные агломерации и центры с высокими тратами,Столичные агломерации и центры с высокими тратами,Столичные агломерации и центры с высокими тратами,False,0.281,0.327
2352,Сенной,Санкт-Петербург,внутригородская территория города федерального значения,40-302-000-000,Столичные агломерации,Столичные агломерации и центры с высокими тратами,Столичные агломерации и центры с высокими тратами,Столичные агломерации и центры с высокими тратами,False,0.291,0.233
2353,Адмиралтейский,Санкт-Петербург,внутригородская территория города федерального значения,40-303-000-000,Столичные агломерации,Столичные агломерации и центры с высокими тратами,Столичные агломерации и центры с высокими тратами,Столичные агломерации и центры с высокими тратами,False,0.316,0.35
2354,Семеновский,Санкт-Петербург,внутригородская территория города федерального значения,40-304-000-000,Столичные агломерации,Столичные агломерации и центры с высокими тратами,Столичные агломерации и центры с высокими тратами,Столичные агломерации и центры с высокими тратами,False,0.262,0.251
2355,Измайловское,Санкт-Петербург,внутригородская территория города федерального значения,40-305-000-000,Столичные агломерации,Столичные агломерации и центры с высокими тратами,Столичные агломерации и центры с высокими тратами,Столичные агломерации и центры с высокими тратами,False,0.258,0.266
2356,Екатерингофский,Санкт-Петербург,внутригородская территория города федерального значения,40-306-000-000,Столичные агломерации,Столичные агломерации и центры с высокими тратами,Столичные агломерации и центры с высокими тратами,Столичные агломерации и центры с высокими тратами,False,0.2,0.215
2357,№ 7,Санкт-Петербург,внутригородская территория города федерального значения,40-307-000-000,Столичные агломерации,Столичные агломерации и центры с высокими тратами,Столичные агломерации и центры с высокими тратами,Столичные агломерации и центры с высокими тратами,False,0.279,0.251
2358,Васильевский,Санкт-Петербург,внутригородская территория города федерального значения,40-308-000-000,Столичные агломерации,Столичные агломерации и центры с высокими тратами,Столичные агломерации и центры с высокими тратами,Столичные агломерации и центры с высокими тратами,False,0.271,0.255
2359,Гавань,Санкт-Петербург,внутригородская территория города федерального значения,40-309-000-000,Столичные агломерации,Столичные агломерации и центры с высокими тратами,Столичные агломерации и центры с высокими тратами,Столичные агломерации и центры с высокими тратами,False,0.316,0.303
2360,Морской,Санкт-Петербург,внутригородская территория города федерального значения,40-310-000-000,Столичные агломерации,Столичные агломерации и центры с высокими тратами,Столичные агломерации и центры с высокими тратами,Столичные агломерации и центры с высокими тратами,False,0.337,0.338
2361,Остров Декабристов,Санкт-Петербург,внутригородская территория города федерального значения,40-311-000-000,Столичные агломерации,Столичные агломерации и центры с высокими тратами,Столичные агломерации и центры с высокими тратами,Столичные агломерации и центры с высокими тратами,False,0.277,0.248
2362,Левашово,Санкт-Петербург,внутригородская территория города федерального значения,40-312-000-000,Столичные агломерации,Столичные агломерации и центры с высокими тратами,Столичные агломерации и центры с высокими тратами,Столичные агломерации и центры с высокими тратами,False,0.169,0.297
2363,Парголово,Санкт-Петербург,внутригородская территория города федерального значения,40-313-000-000,Столичные агломерации,Столичные агломерации и центры с высокими тратами,Столичные агломерации и центры с высокими тратами,Столичные агломерации и центры с высокими тратами,False,0.175,0.248
2364,Сампсониевское,Санкт-Петербург,внутригородская территория города федерального значения,40-314-000-000,Столичные агломерации,Столичные агломерации и центры с высокими тратами,Столичные агломерации и центры с высокими тратами,Столичные агломерации и центры с высокими тратами,False,0.328,0.291
2365,Светлановское,Санкт-Петербург,внутригородская территория города федерального значения,40-315-000-000,Столичные агломерации,Столичные агломерации и центры с высокими тратами,Столичные агломерации и центры с высокими тратами,Столичные агломерации и центры с высокими тратами,False,0.22,0.218
2366,Сосновское,Санкт-Петербург,внутригородская территория города федерального значения,40-316-000-000,Столичные агломерации,Столичные агломерации и центры с высокими тратами,Столичные агломерации и центры с высокими тратами,Столичные агломерации и центры с высокими тратами,False,0.193,0.168
2367,№ 15,Санкт-Петербург,внутригородская территория города федерального значения,40-317-000-000,Столичные агломерации,Столичные агломерации и центры с высокими тратами,Столичные агломерации и центры с высокими тратами,Столичные агломерации и центры с высокими тратами,False,0.211,0.187
2368,Сергиевское,Санкт-Петербург,внутригородская территория города федерального значения,40-318-000-000,Столичные агломерации,Столичные агломерации и центры с высокими тратами,Столичные агломерации и центры с высокими тратами,Столичные агломерации и центры с высокими тратами,False,0.182,0.226
2369,Шувалово-Озерки,Санкт-Петербург,внутригородская территория города федерального значения,40-319-000-000,Столичные агломерации,Столичные агломерации и центры с высокими тратами,Столичные агломерации и центры с высокими тратами,Столичные агломерации и центры с высокими тратами,False,0.17,0.22
2370,Лисий Нос,Санкт-Петербург,внутригородская территория города федерального значения,40-320-000-000,Столичные агломерации,Столичные агломерации и центры с высокими тратами,Столичные агломерации и центры с высокими тратами,Столичные агломерации и центры с высокими тратами,False,0.323,0.388
2371,Лахта-Ольгино,Санкт-Петербург,внутригородская территория города федерального значения,40-321-000-000,Столичные агломерации,Столичные агломерации и центры с высокими тратами,Столичные агломерации и центры с высокими тратами,Столичные агломерации и центры с высокими тратами,False,0.315,0.297
2372,№ 65,Санкт-Петербург,внутригородская территория города федерального значения,40-322-000-000,Столичные агломерации,Столичные агломерации и центры с высокими тратами,Столичные агломерации и центры с высокими тратами,Столичные агломерации и центры с высокими тратами,False,0.211,0.187
2373,Ланское,Санкт-Петербург,внутригородская территория города федерального значения,40-323-000-000,Столичные агломерации,Столичные агломерации и центры с высокими тратами,Столичные агломерации и центры с высокими тратами,Столичные агломерации и центры с высокими тратами,False,0.275,0.273
2374,Комендантский аэродром,Санкт-Петербург,внутригородская территория города федерального значения,40-324-000-000,Столичные агломерации,Столичные агломерации и центры с высокими тратами,Столичные агломерации и центры с высокими тратами,Столичные агломерации и центры с высокими тратами,False,0.168,0.211
2375,Озеро Долгое,Санкт-Петербург,внутригородская территория города федерального значения,40-325-000-000,Столичные агломерации,Столичные агломерации и центры с высокими тратами,Столичные агломерации и центры с высокими тратами,Столичные агломерации и центры с высокими тратами,False,0.229,0.221
2376,Юнтолово,Санкт-Петербург,внутригородская территория города федерального значения,40-326-000-000,Столичные агломерации,Столичные агломерации и центры с высокими тратами,Столичные агломерации и центры с высокими тратами,Столичные агломерации и центры с высокими тратами,False,0.186,0.246
2377,Коломяги,Санкт-Петербург,внутригородская территория города федерального значения,40-327-000-000,Столичные агломерации,Столичные агломерации и центры с высокими тратами,Столичные агломерации и центры с высокими тратами,Столичные агломерации и центры с высокими тратами,False,0.231,0.272
2378,Гражданка,Санкт-Петербург,внутригородская территория города федерального значения,40-328-000-000,Столичные агломерации,Столичные агломерации и центры с высокими тратами,Столичные агломерации и центры с высокими тратами,Столичные агломерации и центры с высокими тратами,False,0.199,0.216
2379,Академическое,Санкт-Петербург,внутригородская территория города федерального значения,40-329-000-000,Столичные агломерации,Столичные агломерации и центры с высокими тратами,Столичные агломерации и центры с высокими тратами,Столичные агломерации и центры с высокими тратами,False,0.277,0.214
2380,Финляндский,Санкт-Петербург,внутригородская территория города федерального значения,40-330-000-000,Столичные агломерации,Столичные агломерации и центры с высокими тратами,Столичные агломерации и центры с высокими тратами,Столичные агломерации и центры с высокими тратами,False,0.212,0.196
2381,№ 21,Санкт-Петербург,внутригородская территория города федерального значения,40-331-000-000,Столичные агломерации,Столичные агломерации и центры с высокими тратами,Столичные агломерации и центры с высокими тратами,Столичные агломерации и центры с высокими тратами,False,0.197,0.194
2382,Пискаревка,Санкт-Петербург,внутригородская территория города федерального значения,40-332-000-000,Столичные агломерации,Столичные агломерации и центры с высокими тратами,Столичные агломерации и центры с высокими тратами,Столичные агломерации и центры с высокими тратами,False,0.285,0.251
2383,Северный,Санкт-Петербург,внутригородская территория города федерального значения,40-333-000-000,Столичные агломерации,Столичные агломерации и центры с высокими тратами,Столичные агломерации и центры с высокими тратами,Столичные агломерации и центры с высокими тратами,False,0.227,0.229
2384,Прометей,Санкт-Петербург,внутригородская территория города федерального значения,40-334-000-000,Столичные агломерации,Столичные агломерации и центры с высокими тратами,Столичные агломерации и центры с высокими тратами,Столичные агломерации и центры с высокими тратами,False,0.208,0.214
2385,Княжево,Санкт-Петербург,внутригородская территория города федерального значения,40-335-000-000,Столичные агломерации,Столичные агломерации и центры с высокими тратами,Столичные агломерации и центры с высокими тратами,Столичные агломерации и центры с высокими тратами,False,0.207,0.18
2386,Ульянка,Санкт-Петербург,внутригородская территория города федерального значения,40-336-000-000,Столичные агломерации,Столичные агломерации и центры с высокими тратами,Столичные агломерации и центры с высокими тратами,Столичные агломерации и центры с высокими тратами,False,0.21,0.162
2387,Дачное,Санкт-Петербург,внутригородская территория города федерального значения,40-337-000-000,Столичные агломерации,Столичные агломерации и центры с высокими тратами,Столичные агломерации и центры с высокими тратами,Столичные агломерации и центры с высокими тратами,False,0.183,0.157
2388,Автово,Санкт-Петербург,внутригородская территория города федерального значения,40-338-000-000,Столичные агломерации,Столичные агломерации и центры с высокими тратами,Столичные агломерации и центры с высокими тратами,Столичные агломерации и центры с высокими тратами,False,0.23,0.182
2389,Нарвский,Санкт-Петербург,внутригородская территория города федерального значения,40-339-000-000,Столичные агломерации,Столичные агломерации и центры с высокими тратами,Столичные агломерации и центры с высокими тратами,Столичные агломерации и центры с высокими тратами,False,0.185,0.143
2390,Красненькая речка,Санкт-Петербург,внутригородская территория города федерального значения,40-340-000-000,Столичные агломерации,Столичные агломерации и центры с высокими тратами,Столичные агломерации и центры с высокими тратами,Столичные агломерации и центры с высокими тратами,False,0.206,0.229
2391,Морские ворота,Санкт-Петербург,внутригородская территория города федерального значения,40-341-000-000,Столичные агломерации,Столичные агломерации и центры с высокими тратами,Столичные агломерации и центры с высокими тратами,Столичные агломерации и центры с высокими тратами,False,0.172,0.192
2392,Колпино,Санкт-Петербург,внутригородская территория города федерального значения,40-342-000-000,Столичные агломерации,Столичные агломерации и центры с высокими тратами,Столичные агломерации и центры с высокими тратами,Столичные агломерации и центры с высокими тратами,False,0.118,0.108
2393,Металлострой,Санкт-Петербург,внутригородская территория города федерального значения,40-343-000-000,Столичные агломерации,Столичные агломерации и центры с высокими тратами,Столичные агломерации и центры с высокими тратами,Столичные агломерации и центры с высокими тратами,False,0.077,0.102
2395,Понтонный,Санкт-Петербург,внутригородская территория города федерального значения,40-345-000-000,Столичные агломерации,Города и промышленные центры,Города и промышленные центры,Города и промышленные центры,False,0.014,0.009
2398,Полюстрово,Санкт-Петербург,внутригородская территория города федерального значения,40-348-000-000,Столичные агломерации,Столичные агломерации и центры с высокими тратами,Столичные агломерации и центры с высокими тратами,Столичные агломерации и центры с высокими тратами,False,0.171,0.149
2399,Большая Охта,Санкт-Петербург,внутригородская территория города федерального значения,40-349-000-000,Столичные агломерации,Столичные агломерации и центры с высокими тратами,Столичные агломерации и центры с высокими тратами,Столичные агломерации и центры с высокими тратами,False,0.265,0.26
2400,Малая Охта,Санкт-Петербург,внутригородская территория города федерального значения,40-350-000-000,Столичные агломерации,Столичные агломерации и центры с высокими тратами,Столичные агломерации и центры с высокими тратами,Столичные агломерации и центры с высокими тратами,False,0.205,0.235
2401,Пороховые,Санкт-Петербург,внутригородская территория города федерального значения,40-351-000-000,Столичные агломерации,Столичные агломерации и центры с высокими тратами,Столичные агломерации и центры с высокими тратами,Столичные агломерации и центры с высокими тратами,False,0.171,0.186
2402,Ржевка,Санкт-Петербург,внутригородская территория города федерального значения,40-352-000-000,Столичные агломерации,Столичные агломерации и центры с высокими тратами,Столичные агломерации и центры с высокими тратами,Столичные агломерации и центры с высокими тратами,False,0.236,0.225
2403,Красное Село,Санкт-Петербург,внутригородская территория города федерального значения,40-353-000-000,Столичные агломерации,Столичные агломерации и центры с высокими тратами,Столичные агломерации и центры с высокими тратами,Столичные агломерации и центры с высокими тратами,False,0.115,0.159
2404,Юго-Запад,Санкт-Петербург,внутригородская территория города федерального значения,40-354-000-000,Столичные агломерации,Столичные агломерации и центры с высокими тратами,Столичные агломерации и центры с высокими тратами,Столичные агломерации и центры с высокими тратами,False,0.254,0.223
2405,Южно-Приморский,Санкт-Петербург,внутригородская территория города федерального значения,40-355-000-000,Столичные агломерации,Столичные агломерации и центры с высокими тратами,Столичные агломерации и центры с высокими тратами,Столичные агломерации и центры с высокими тратами,False,0.177,0.207
2406,Сосновая поляна,Санкт-Петербург,внутригородская территория города федерального значения,40-356-000-000,Столичные агломерации,Столичные агломерации и центры с высокими тратами,Столичные агломерации и центры с высокими тратами,Столичные агломерации и центры с высокими тратами,False,0.221,0.183
2407,Урицк,Санкт-Петербург,внутригородская территория города федерального значения,40-357-000-000,Столичные агломерации,Столичные агломерации и центры с высокими тратами,Столичные агломерации и центры с высокими тратами,Столичные агломерации и центры с высокими тратами,False,0.227,0.246
2408,Константиновское,Санкт-Петербург,внутригородская территория города федерального значения,40-358-000-000,Столичные агломерации,Столичные агломерации и центры с высокими тратами,Столичные агломерации и центры с высокими тратами,Столичные агломерации и центры с высокими тратами,False,0.204,0.204
2409,Горелово,Санкт-Петербург,внутригородская территория города федерального значения,40-359-000-000,Столичные агломерации,Столичные агломерации и центры с высокими тратами,Столичные агломерации и центры с высокими тратами,Столичные агломерации и центры с высокими тратами,False,0.221,0.259
2410,Кронштадт,Санкт-Петербург,внутригородская территория города федерального значения,40-360-000-000,Столичные агломерации,Столичные агломерации и центры с высокими тратами,Столичные агломерации и центры с высокими тратами,Столичные агломерации и центры с высокими тратами,False,0.148,0.159
2411,Зеленогорск,Санкт-Петербург,внутригородская территория города федерального значения,40-361-000-000,Столичные агломерации,Столичные агломерации и центры с высокими тратами,Столичные агломерации и центры с высокими тратами,Столичные агломерации и центры с высокими тратами,False,0.178,0.337
2412,Сестрорецк,Санкт-Петербург,внутригородская территория города федерального значения,40-362-000-000,Столичные агломерации,Столичные агломерации и центры с высокими тратами,Столичные агломерации и центры с высокими тратами,Столичные агломерации и центры с высокими тратами,False,0.239,0.33
2416,Песочный,Санкт-Петербург,внутригородская территория города федерального значения,40-366-000-000,Столичные агломерации,Столичные агломерации и центры с высокими тратами,Столичные агломерации и центры с высокими тратами,Столичные агломерации и центры с высокими тратами,False,0.299,0.383
2422,Ломоносов,Санкт-Петербург,внутригородская территория города федерального значения,40-372-000-000,Столичные агломерации,Столичные агломерации и центры с высокими тратами,Столичные агломерации и центры с высокими тратами,Столичные агломерации и центры с высокими тратами,False,0.11,0.182
2423,Московская застава,Санкт-Петербург,внутригородская территория города федерального значения,40-373-000-000,Столичные агломерации,Столичные агломерации и центры с высокими тратами,Столичные агломерации и центры с высокими тратами,Столичные агломерации и центры с высокими тратами,False,0.219,0.253
2424,Гагаринское,Санкт-Петербург,внутригородская территория города федерального значения,40-374-000-000,Столичные агломерации,Столичные агломерации и центры с высокими тратами,Столичные агломерации и центры с высокими тратами,Столичные агломерации и центры с высокими тратами,False,0.23,0.201
2425,Новоизмайловское,Санкт-Петербург,внутригородская территория города федерального значения,40-375-000-000,Столичные агломерации,Столичные агломерации и центры с высокими тратами,Столичные агломерации и центры с высокими тратами,Столичные агломерации и центры с высокими тратами,False,0.222,0.207
2426,Пулковский меридиан,Санкт-Петербург,внутригородская территория города федерального значения,40-376-000-000,Столичные агломерации,Столичные агломерации и центры с высокими тратами,Столичные агломерации и центры с высокими тратами,Столичные агломерации и центры с высокими тратами,False,0.194,0.267
2427,Звездное,Санкт-Петербург,внутригородская территория города федерального значения,40-377-000-000,Столичные агломерации,Столичные агломерации и центры с высокими тратами,Столичные агломерации и центры с высокими тратами,Столичные агломерации и центры с высокими тратами,False,0.186,0.224
2428,Невская застава,Санкт-Петербург,внутригородская территория города федерального значения,40-378-000-000,Столичные агломерации,Столичные агломерации и центры с высокими тратами,Столичные агломерации и центры с высокими тратами,Столичные агломерации и центры с высокими тратами,False,0.201,0.227
2429,Ивановский,Санкт-Петербург,внутригородская территория города федерального значения,40-379-000-000,Столичные агломерации,Столичные агломерации и центры с высокими тратами,Столичные агломерации и центры с высокими тратами,Столичные агломерации и центры с высокими тратами,False,0.202,0.282
2430,Обуховский,Санкт-Петербург,внутригородская территория города федерального значения,40-380-000-000,Столичные агломерации,Столичные агломерации и центры с высокими тратами,Столичные агломерации и центры с высокими тратами,Столичные агломерации и центры с высокими тратами,False,0.257,0.231
2431,Рыбацкое,Санкт-Петербург,внутригородская территория города федерального значения,40-381-000-000,Столичные агломерации,Столичные агломерации и центры с высокими тратами,Столичные агломерации и центры с высокими тратами,Столичные агломерации и центры с высокими тратами,False,0.15,0.195
2432,Народный,Санкт-Петербург,внутригородская территория города федерального значения,40-382-000-000,Столичные агломерации,Столичные агломерации и центры с высокими тратами,Столичные агломерации и центры с высокими тратами,Столичные агломерации и центры с высокими тратами,False,0.168,0.177
2433,№ 54,Санкт-Петербург,внутригородская территория города федерального значения,40-383-000-000,Столичные агломерации,Столичные агломерации и центры с высокими тратами,Столичные агломерации и центры с высокими тратами,Столичные агломерации и центры с высокими тратами,False,0.243,0.172
2434,Невский,Санкт-Петербург,внутригородская территория города федерального значения,40-384-000-000,Столичные агломерации,Столичные агломерации и центры с высокими тратами,Столичные агломерации и центры с высокими тратами,Столичные агломерации и центры с высокими тратами,False,0.184,0.217
2435,Оккервиль,Санкт-Петербург,внутригородская территория города федерального значения,40-385-000-000,Столичные агломерации,Столичные агломерации и центры с высокими тратами,Столичные агломерации и центры с высокими тратами,Столичные агломерации и центры с высокими тратами,False,0.22,0.159
2436,Правобережный,Санкт-Петербург,внутригородская территория города федерального значения,40-386-000-000,Столичные агломерации,Столичные агломерации и центры с высокими тратами,Столичные агломерации и центры с высокими тратами,Столичные агломерации и центры с высокими тратами,False,0.219,0.187
2437,Павловск,Санкт-Петербург,внутригородская территория города федерального значения,40-387-000-000,Столичные агломерации,Столичные агломерации и центры с высокими тратами,Столичные агломерации и центры с высокими тратами,Столичные агломерации и центры с высокими тратами,False,0.232,0.264
2439,Введенский,Санкт-Петербург,внутригородская территория города федерального значения,40-389-000-000,Столичные агломерации,Столичные агломерации и центры с высокими тратами,Столичные агломерации и центры с высокими тратами,Столичные агломерации и центры с высокими тратами,False,0.338,0.381
2440,Кронверкское,Санкт-Петербург,внутригородская территория города федерального значения,40-390-000-000,Столичные агломерации,Столичные агломерации и центры с высокими тратами,Столичные агломерации и центры с высокими тратами,Столичные агломерации и центры с высокими тратами,False,0.345,0.352
2441,Посадский,Санкт-Петербург,внутригородская территория города федерального значения,40-391-000-000,Столичные агломерации,Столичные агломерации и центры с высокими тратами,Столичные агломерации и центры с высокими тратами,Столичные агломерации и центры с высокими тратами,False,0.357,0.332
2442,Аптекарский остров,Санкт-Петербург,внутригородская территория города федерального значения,40-392-000-000,Столичные агломерации,Столичные агломерации и центры с высокими тратами,Столичные агломерации и центры с высокими тратами,Столичные агломерации и центры с высокими тратами,False,0.383,0.382
2443,Петровский,Санкт-Петербург,внутригородская территория города федерального значения,40-393-000-000,Столичные агломерации,Столичные агломерации и центры с высокими тратами,Столичные агломерации и центры с высокими тратами,Столичные агломерации и центры с высокими тратами,False,0.346,0.313
2444,Чкаловское,Санкт-Петербург,внутригородская территория города федерального значения,40-394-000-000,Столичные агломерации,Столичные агломерации и центры с высокими тратами,Столичные агломерации и центры с высокими тратами,Столичные агломерации и центры с высокими тратами,False,0.383,0.364
2445,Петергоф,Санкт-Петербург,внутригородская территория города федерального значения,40-395-000-000,Столичные агломерации,Столичные агломерации и центры с высокими тратами,Столичные агломерации и центры с высокими тратами,Столичные агломерации и центры с высокими тратами,False,0.2,0.195
2446,Стрельна,Санкт-Петербург,внутригородская территория города федерального значения,40-396-000-000,Столичные агломерации,Столичные агломерации и центры с высокими тратами,Столичные агломерации и центры с высокими тратами,Столичные агломерации и центры с высокими тратами,False,0.226,0.262
2447,Пушкин,Санкт-Петербург,внутригородская территория города федерального значения,40-397-000-000,Столичные агломерации,Столичные агломерации и центры с высокими тратами,Столичные агломерации и центры с высокими тратами,Столичные агломерации и центры с высокими тратами,False,0.28,0.252
2449,Шушары,Санкт-Петербург,внутригородская территория города федерального значения,40-901-000-000,Столичные агломерации,Столичные агломерации и центры с высокими тратами,Столичные агломерации и центры с высокими тратами,Столичные агломерации и центры с высокими тратами,False,0.188,0.16
2450,Волковское,Санкт-Петербург,внутригородская территория города федерального значения,40-902-000-000,Столичные агломерации,Столичные агломерации и центры с высокими тратами,Столичные агломерации и центры с высокими тратами,Столичные агломерации и центры с высокими тратами,False,0.19,0.184
2451,№ 72,Санкт-Петербург,внутригородская территория города федерального значения,40-903-000-000,Столичные агломерации,Столичные агломерации и центры с высокими тратами,Столичные агломерации и центры с высокими тратами,Столичные агломерации и центры с высокими тратами,False,0.193,0.243
2452,Купчино,Санкт-Петербург,внутригородская территория города федерального значения,40-904-000-000,Столичные агломерации,Столичные агломерации и центры с высокими тратами,Столичные агломерации и центры с высокими тратами,Столичные агломерации и центры с высокими тратами,False,0.189,0.162
2453,Георгиевский,Санкт-Петербург,внутригородская территория города федерального значения,40-905-000-000,Столичные агломерации,Столичные агломерации и центры с высокими тратами,Столичные агломерации и центры с высокими тратами,Столичные агломерации и центры с высокими тратами,False,0.161,0.19
2454,№ 75,Санкт-Петербург,внутригородская территория города федерального значения,40-906-000-000,Столичные агломерации,Столичные агломерации и центры с высокими тратами,Столичные агломерации и центры с высокими тратами,Столичные агломерации и центры с высокими тратами,False,0.255,0.232
2455,Балканский,Санкт-Петербург,внутригородская территория города федерального значения,40-907-000-000,Столичные агломерации,Столичные агломерации и центры с высокими тратами,Столичные агломерации и центры с высокими тратами,Столичные агломерации и центры с высокими тратами,False,0.188,0.19
2456,Дворцовый,Санкт-Петербург,внутригородская территория города федерального значения,40-908-000-000,Столичные агломерации,Столичные агломерации и центры с высокими тратами,Столичные агломерации и центры с высокими тратами,Столичные агломерации и центры с высокими тратами,False,0.318,0.326
2457,№ 78,Санкт-Петербург,внутригородская территория города федерального значения,40-909-000-000,Столичные агломерации,Столичные агломерации и центры с высокими тратами,Столичные агломерации и центры с высокими тратами,Столичные агломерации и центры с высокими тратами,False,0.327,0.31
2458,Литейный,Санкт-Петербург,внутригородская территория города федерального значения,40-910-000-000,Столичные агломерации,Столичные агломерации и центры с высокими тратами,Столичные агломерации и центры с высокими тратами,Столичные агломерации и центры с высокими тратами,False,0.321,0.301
2459,Смольнинское,Санкт-Петербург,внутригородская территория города федерального значения,40-911-000-000,Столичные агломерации,Столичные агломерации и центры с высокими тратами,Столичные агломерации и центры с высокими тратами,Столичные агломерации и центры с высокими тратами,False,0.288,0.272
2460,Лиговка-Ямская,Санкт-Петербург,внутригородская территория города федерального значения,40-912-000-000,Столичные агломерации,Столичные агломерации и центры с высокими тратами,Столичные агломерации и центры с высокими тратами,Столичные агломерации и центры с высокими тратами,False,0.24,0.297
2461,Владимирский,Санкт-Петербург,внутригородская территория города федерального значения,40-913-000-000,Столичные агломерации,Столичные агломерации и центры с высокими тратами,Столичные агломерации и центры с высокими тратами,Столичные агломерации и центры с высокими тратами,False,0.265,0.285
2462,Богородское,Москва,внутригородская территория города федерального значения,45-301-000-000,Столичные агломерации,Столичные агломерации и центры с высокими тратами,Столичные агломерации и центры с высокими тратами,Столичные агломерации и центры с высокими тратами,False,0.261,0.248
2463,Вешняки,Москва,внутригородская территория города федерального значения,45-302-000-000,Столичные агломерации,Столичные агломерации и центры с высокими тратами,Столичные агломерации и центры с высокими тратами,Столичные агломерации и центры с высокими тратами,False,0.223,0.185
2464,Восточное Измайлово,Москва,внутригородская территория города федерального значения,45-303-000-000,Столичные агломерации,Столичные агломерации и центры с высокими тратами,Столичные агломерации и центры с высокими тратами,Столичные агломерации и центры с высокими тратами,False,0.293,0.266
2465,Восточный,Москва,внутригородская территория города федерального значения,45-304-000-000,Столичные агломерации,Столичные агломерации и центры с высокими тратами,Столичные агломерации и центры с высокими тратами,Столичные агломерации и центры с высокими тратами,False,0.157,0.152
2466,Гольяново,Москва,внутригородская территория города федерального значения,45-305-000-000,Столичные агломерации,Столичные агломерации и центры с высокими тратами,Столичные агломерации и центры с высокими тратами,Столичные агломерации и центры с высокими тратами,False,0.199,0.204
2467,Ивановское,Москва,внутригородская территория города федерального значения,45-306-000-000,Столичные агломерации,Столичные агломерации и центры с высокими тратами,Столичные агломерации и центры с высокими тратами,Столичные агломерации и центры с высокими тратами,False,0.248,0.274
2468,Измайлово,Москва,внутригородская территория города федерального значения,45-307-000-000,Столичные агломерации,Столичные агломерации и центры с высокими тратами,Столичные агломерации и центры с высокими тратами,Столичные агломерации и центры с высокими тратами,False,0.227,0.255
2469,Косино-Ухтомский,Москва,внутригородская территория города федерального значения,45-308-000-000,Столичные агломерации,Столичные агломерации и центры с высокими тратами,Столичные агломерации и центры с высокими тратами,Столичные агломерации и центры с высокими тратами,False,0.273,0.279
2470,Новогиреево,Москва,внутригородская территория города федерального значения,45-309-000-000,Столичные агломерации,Столичные агломерации и центры с высокими тратами,Столичные агломерации и центры с высокими тратами,Столичные агломерации и центры с высокими тратами,False,0.309,0.324
2471,Новокосино,Москва,внутригородская территория города федерального значения,45-310-000-000,Столичные агломерации,Столичные агломерации и центры с высокими тратами,Столичные агломерации и центры с высокими тратами,Столичные агломерации и центры с высокими тратами,False,0.24,0.224
2472,Метро,Москва,внутригородская территория города федерального значения,45-311-000-000,Столичные агломерации,Столичные агломерации и центры с высокими тратами,Столичные агломерации и центры с высокими тратами,Столичные агломерации и центры с высокими тратами,False,0.216,0.197
2473,Перово,Москва,внутригородская территория города федерального значения,45-312-000-000,Столичные агломерации,Столичные агломерации и центры с высокими тратами,Столичные агломерации и центры с высокими тратами,Столичные агломерации и центры с высокими тратами,False,0.205,0.23
2474,Северное Измайлово,Москва,внутригородская территория города федерального значения,45-313-000-000,Столичные агломерации,Столичные агломерации и центры с высокими тратами,Столичные агломерации и центры с высокими тратами,Столичные агломерации и центры с высокими тратами,False,0.263,0.28
2475,Соколиная гора,Москва,внутригородская территория города федерального значения,45-314-000-000,Столичные агломерации,Столичные агломерации и центры с высокими тратами,Столичные агломерации и центры с высокими тратами,Столичные агломерации и центры с высокими тратами,False,0.227,0.272
2476,Сокольники,Москва,внутригородская территория города федерального значения,45-315-000-000,Столичные агломерации,Столичные агломерации и центры с высокими тратами,Столичные агломерации и центры с высокими тратами,Столичные агломерации и центры с высокими тратами,False,0.316,0.335
2477,Преображенское,Москва,внутригородская территория города федерального значения,45-316-000-000,Столичные агломерации,Столичные агломерации и центры с высокими тратами,Столичные агломерации и центры с высокими тратами,Столичные агломерации и центры с высокими тратами,False,0.196,0.347
2478,Внуково,Москва,внутригородская территория города федерального значения,45-317-000-000,Столичные агломерации,Столичные агломерации и центры с высокими тратами,Столичные агломерации и центры с высокими тратами,Столичные агломерации и центры с высокими тратами,False,0.206,0.242
2479,Дорогомилово,Москва,внутригородская территория города федерального значения,45-318-000-000,Столичные агломерации,Столичные агломерации и центры с высокими тратами,Столичные агломерации и центры с высокими тратами,Столичные агломерации и центры с высокими тратами,False,0.342,0.354
2480,Крылатское,Москва,внутригородская территория города федерального значения,45-319-000-000,Столичные агломерации,Столичные агломерации и центры с высокими тратами,Столичные агломерации и центры с высокими тратами,Столичные агломерации и центры с высокими тратами,False,0.35,0.348
2481,Кунцево,Москва,внутригородская территория города федерального значения,45-320-000-000,Столичные агломерации,Столичные агломерации и центры с высокими тратами,Столичные агломерации и центры с высокими тратами,Столичные агломерации и центры с высокими тратами,False,0.271,0.275
2482,Можайский,Москва,внутригородская территория города федерального значения,45-321-000-000,Столичные агломерации,Столичные агломерации и центры с высокими тратами,Столичные агломерации и центры с высокими тратами,Столичные агломерации и центры с высокими тратами,False,0.266,0.283
2483,Ново-Переделкино,Москва,внутригородская территория города федерального значения,45-322-000-000,Столичные агломерации,Столичные агломерации и центры с высокими тратами,Столичные агломерации и центры с высокими тратами,Столичные агломерации и центры с высокими тратами,False,0.28,0.204
2484,Очаково-Матвеевское,Москва,внутригородская территория города федерального значения,45-323-000-000,Столичные агломерации,Столичные агломерации и центры с высокими тратами,Столичные агломерации и центры с высокими тратами,Столичные агломерации и центры с высокими тратами,False,0.299,0.267
2485,Проспект Вернадского,Москва,внутригородская территория города федерального значения,45-324-000-000,Столичные агломерации,Столичные агломерации и центры с высокими тратами,Столичные агломерации и центры с высокими тратами,Столичные агломерации и центры с высокими тратами,False,0.318,0.321
2486,Раменки,Москва,внутригородская территория города федерального значения,45-325-000-000,Столичные агломерации,Столичные агломерации и центры с высокими тратами,Столичные агломерации и центры с высокими тратами,Столичные агломерации и центры с высокими тратами,False,0.314,0.316
2487,Солнцево,Москва,внутригородская территория города федерального значения,45-326-000-000,Столичные агломерации,Столичные агломерации и центры с высокими тратами,Столичные агломерации и центры с высокими тратами,Столичные агломерации и центры с высокими тратами,False,0.288,0.229
2488,Тропарево-Никулино,Москва,внутригородская территория города федерального значения,45-327-000-000,Столичные агломерации,Столичные агломерации и центры с высокими тратами,Столичные агломерации и центры с высокими тратами,Столичные агломерации и центры с высокими тратами,False,0.281,0.301
2489,Филевский парк,Москва,внутригородская территория города федерального значения,45-328-000-000,Столичные агломерации,Столичные агломерации и центры с высокими тратами,Столичные агломерации и центры с высокими тратами,Столичные агломерации и центры с высокими тратами,False,0.317,0.304
2490,Фили-Давыдково,Москва,внутригородская территория города федерального значения,45-329-000-000,Столичные агломерации,Столичные агломерации и центры с высокими тратами,Столичные агломерации и центры с высокими тратами,Столичные агломерации и центры с высокими тратами,False,0.308,0.313
2491,Крюково,Москва,внутригородская территория города федерального значения,45-330-000-000,Столичные агломерации,Столичные агломерации и центры с высокими тратами,Столичные агломерации и центры с высокими тратами,Столичные агломерации и центры с высокими тратами,False,0.292,0.272
2492,Матушкино,Москва,внутригородская территория города федерального значения,45-331-000-000,Столичные агломерации,Столичные агломерации и центры с высокими тратами,Столичные агломерации и центры с высокими тратами,Столичные агломерации и центры с высокими тратами,False,0.255,0.239
2493,Силино,Москва,внутригородская территория города федерального значения,45-332-000-000,Столичные агломерации,Столичные агломерации и центры с высокими тратами,Столичные агломерации и центры с высокими тратами,Столичные агломерации и центры с высокими тратами,False,0.284,0.278
2494,Аэропорт,Москва,внутригородская территория города федерального значения,45-333-000-000,Столичные агломерации,Столичные агломерации и центры с высокими тратами,Столичные агломерации и центры с высокими тратами,Столичные агломерации и центры с высокими тратами,False,0.347,0.272
2495,Беговой,Москва,внутригородская территория города федерального значения,45-334-000-000,Столичные агломерации,Столичные агломерации и центры с высокими тратами,Столичные агломерации и центры с высокими тратами,Столичные агломерации и центры с высокими тратами,False,0.293,0.342
2496,Бескудниковский,Москва,внутригородская территория города федерального значения,45-335-000-000,Столичные агломерации,Столичные агломерации и центры с высокими тратами,Столичные агломерации и центры с высокими тратами,Столичные агломерации и центры с высокими тратами,False,0.284,0.285
2497,Войковский,Москва,внутригородская территория города федерального значения,45-336-000-000,Столичные агломерации,Столичные агломерации и центры с высокими тратами,Столичные агломерации и центры с высокими тратами,Столичные агломерации и центры с высокими тратами,False,0.316,0.287
2498,Восточное Дегунино,Москва,внутригородская территория города федерального значения,45-337-000-000,Столичные агломерации,Столичные агломерации и центры с высокими тратами,Столичные агломерации и центры с высокими тратами,Столичные агломерации и центры с высокими тратами,False,0.293,0.261
2499,Головинский,Москва,внутригородская территория города федерального значения,45-338-000-000,Столичные агломерации,Столичные агломерации и центры с высокими тратами,Столичные агломерации и центры с высокими тратами,Столичные агломерации и центры с высокими тратами,False,0.254,0.249
2500,Дмитровский,Москва,внутригородская территория города федерального значения,45-339-000-000,Столичные агломерации,Столичные агломерации и центры с высокими тратами,Столичные агломерации и центры с высокими тратами,Столичные агломерации и центры с высокими тратами,False,0.236,0.25
2501,Западное Дегунино,Москва,внутригородская территория города федерального значения,45-340-000-000,Столичные агломерации,Столичные агломерации и центры с высокими тратами,Столичные агломерации и центры с высокими тратами,Столичные агломерации и центры с высокими тратами,False,0.285,0.18
2502,Коптево,Москва,внутригородская территория города федерального значения,45-341-000-000,Столичные агломерации,Столичные агломерации и центры с высокими тратами,Столичные агломерации и центры с высокими тратами,Столичные агломерации и центры с высокими тратами,False,0.245,0.257
2503,Левобережный,Москва,внутригородская территория города федерального значения,45-342-000-000,Столичные агломерации,Столичные агломерации и центры с высокими тратами,Столичные агломерации и центры с высокими тратами,Столичные агломерации и центры с высокими тратами,False,0.346,0.343
2504,Молжаниновский,Москва,внутригородская территория города федерального значения,45-343-000-000,Столичные агломерации,Столичные агломерации и центры с высокими тратами,Столичные агломерации и центры с высокими тратами,Столичные агломерации и центры с высокими тратами,False,0.255,0.268
2505,Савеловский,Москва,внутригородская территория города федерального значения,45-344-000-000,Столичные агломерации,Столичные агломерации и центры с высокими тратами,Столичные агломерации и центры с высокими тратами,Столичные агломерации и центры с высокими тратами,False,0.357,0.353
2506,Сокол,Москва,внутригородская территория города федерального значения,45-345-000-000,Столичные агломерации,Столичные агломерации и центры с высокими тратами,Столичные агломерации и центры с высокими тратами,Столичные агломерации и центры с высокими тратами,False,0.337,0.365
2507,Тимирязевский,Москва,внутригородская территория города федерального значения,45-346-000-000,Столичные агломерации,Столичные агломерации и центры с высокими тратами,Столичные агломерации и центры с высокими тратами,Столичные агломерации и центры с высокими тратами,False,0.334,0.311
2508,Ховрино,Москва,внутригородская территория города федерального значения,45-347-000-000,Столичные агломерации,Столичные агломерации и центры с высокими тратами,Столичные агломерации и центры с высокими тратами,Столичные агломерации и центры с высокими тратами,False,0.245,0.285
2509,Хорошевский,Москва,внутригородская территория города федерального значения,45-348-000-000,Столичные агломерации,Столичные агломерации и центры с высокими тратами,Столичные агломерации и центры с высокими тратами,Столичные агломерации и центры с высокими тратами,False,0.278,0.29
2510,Алексеевский,Москва,внутригородская территория города федерального значения,45-349-000-000,Столичные агломерации,Столичные агломерации и центры с высокими тратами,Столичные агломерации и центры с высокими тратами,Столичные агломерации и центры с высокими тратами,False,0.307,0.269
2511,Алтуфьевский,Москва,внутригородская территория города федерального значения,45-350-000-000,Столичные агломерации,Столичные агломерации и центры с высокими тратами,Столичные агломерации и центры с высокими тратами,Столичные агломерации и центры с высокими тратами,False,0.262,0.207
2512,Бабушкинский,Москва,внутригородская территория города федерального значения,45-351-000-000,Столичные агломерации,Столичные агломерации и центры с высокими тратами,Столичные агломерации и центры с высокими тратами,Столичные агломерации и центры с высокими тратами,False,0.281,0.227
2513,Бибирево,Москва,внутригородская территория города федерального значения,45-352-000-000,Столичные агломерации,Столичные агломерации и центры с высокими тратами,Столичные агломерации и центры с высокими тратами,Столичные агломерации и центры с высокими тратами,False,0.249,0.221
2514,Бутырский,Москва,внутригородская территория города федерального значения,45-353-000-000,Столичные агломерации,Столичные агломерации и центры с высокими тратами,Столичные агломерации и центры с высокими тратами,Столичные агломерации и центры с высокими тратами,False,0.254,0.299
2515,Лианозово,Москва,внутригородская территория города федерального значения,45-354-000-000,Столичные агломерации,Столичные агломерации и центры с высокими тратами,Столичные агломерации и центры с высокими тратами,Столичные агломерации и центры с высокими тратами,False,0.298,0.272
2516,Лосиноостровский,Москва,внутригородская территория города федерального значения,45-355-000-000,Столичные агломерации,Столичные агломерации и центры с высокими тратами,Столичные агломерации и центры с высокими тратами,Столичные агломерации и центры с высокими тратами,False,0.328,0.271
2517,Марфино,Москва,внутригородская территория города федерального значения,45-356-000-000,Столичные агломерации,Столичные агломерации и центры с высокими тратами,Столичные агломерации и центры с высокими тратами,Столичные агломерации и центры с высокими тратами,False,0.32,0.269
2518,Марьина роща,Москва,внутригородская территория города федерального значения,45-357-000-000,Столичные агломерации,Столичные агломерации и центры с высокими тратами,Столичные агломерации и центры с высокими тратами,Столичные агломерации и центры с высокими тратами,False,0.312,0.337
2519,Останкинский,Москва,внутригородская территория города федерального значения,45-358-000-000,Столичные агломерации,Столичные агломерации и центры с высокими тратами,Столичные агломерации и центры с высокими тратами,Столичные агломерации и центры с высокими тратами,False,0.333,0.275
2520,Отрадное,Москва,внутригородская территория города федерального значения,45-359-000-000,Столичные агломерации,Столичные агломерации и центры с высокими тратами,Столичные агломерации и центры с высокими тратами,Столичные агломерации и центры с высокими тратами,False,0.178,0.164
2521,Ростокино,Москва,внутригородская территория города федерального значения,45-360-000-000,Столичные агломерации,Столичные агломерации и центры с высокими тратами,Столичные агломерации и центры с высокими тратами,Столичные агломерации и центры с высокими тратами,False,0.344,0.323
2522,Свиблово,Москва,внутригородская территория города федерального значения,45-361-000-000,Столичные агломерации,Столичные агломерации и центры с высокими тратами,Столичные агломерации и центры с высокими тратами,Столичные агломерации и центры с высокими тратами,False,0.329,0.269
2523,Северное Медведково,Москва,внутригородская территория города федерального значения,45-362-000-000,Столичные агломерации,Столичные агломерации и центры с высокими тратами,Столичные агломерации и центры с высокими тратами,Столичные агломерации и центры с высокими тратами,False,0.21,0.247
2524,Северный,Москва,внутригородская территория города федерального значения,45-363-000-000,Столичные агломерации,Столичные агломерации и центры с высокими тратами,Столичные агломерации и центры с высокими тратами,Столичные агломерации и центры с высокими тратами,False,0.325,0.331
2525,Южное Медведково,Москва,внутригородская территория города федерального значения,45-364-000-000,Столичные агломерации,Столичные агломерации и центры с высокими тратами,Столичные агломерации и центры с высокими тратами,Столичные агломерации и центры с высокими тратами,False,0.27,0.252
2526,Ярославский,Москва,внутригородская территория города федерального значения,45-365-000-000,Столичные агломерации,Столичные агломерации и центры с высокими тратами,Столичные агломерации и центры с высокими тратами,Столичные агломерации и центры с высокими тратами,False,0.243,0.288
2527,Куркино,Москва,внутригородская территория города федерального значения,45-366-000-000,Столичные агломерации,Столичные агломерации и центры с высокими тратами,Столичные агломерации и центры с высокими тратами,Столичные агломерации и центры с высокими тратами,False,0.363,0.368
2528,Митино,Москва,внутригородская территория города федерального значения,45-367-000-000,Столичные агломерации,Столичные агломерации и центры с высокими тратами,Столичные агломерации и центры с высокими тратами,Столичные агломерации и центры с высокими тратами,False,0.244,0.259
2529,Покровское-Стрешнево,Москва,внутригородская территория города федерального значения,45-368-000-000,Столичные агломерации,Столичные агломерации и центры с высокими тратами,Столичные агломерации и центры с высокими тратами,Столичные агломерации и центры с высокими тратами,False,0.309,0.36
2530,Северное Тушино,Москва,внутригородская территория города федерального значения,45-369-000-000,Столичные агломерации,Столичные агломерации и центры с высокими тратами,Столичные агломерации и центры с высокими тратами,Столичные агломерации и центры с высокими тратами,False,0.267,0.256
2531,Строгино,Москва,внутригородская территория города федерального значения,45-370-000-000,Столичные агломерации,Столичные агломерации и центры с высокими тратами,Столичные агломерации и центры с высокими тратами,Столичные агломерации и центры с высокими тратами,False,0.328,0.275
2532,Хорошево-Мневники,Москва,внутригородская территория города федерального значения,45-371-000-000,Столичные агломерации,Столичные агломерации и центры с высокими тратами,Столичные агломерации и центры с высокими тратами,Столичные агломерации и центры с высокими тратами,False,0.228,0.258
2533,Щукино,Москва,внутригородская территория города федерального значения,45-372-000-000,Столичные агломерации,Столичные агломерации и центры с высокими тратами,Столичные агломерации и центры с высокими тратами,Столичные агломерации и центры с высокими тратами,False,0.255,0.248
2534,Южное Тушино,Москва,внутригородская территория города федерального значения,45-373-000-000,Столичные агломерации,Столичные агломерации и центры с высокими тратами,Столичные агломерации и центры с высокими тратами,Столичные агломерации и центры с высокими тратами,False,0.22,0.235
2535,Арбат,Москва,внутригородская территория города федерального значения,45-374-000-000,Столичные агломерации,Столичные агломерации и центры с высокими тратами,Столичные агломерации и центры с высокими тратами,Столичные агломерации и центры с высокими тратами,False,0.321,0.358
2536,Басманный,Москва,внутригородская территория города федерального значения,45-375-000-000,Столичные агломерации,Столичные агломерации и центры с высокими тратами,Столичные агломерации и центры с высокими тратами,Столичные агломерации и центры с высокими тратами,False,0.301,0.3
2537,Замоскворечье,Москва,внутригородская территория города федерального значения,45-376-000-000,Столичные агломерации,Столичные агломерации и центры с высокими тратами,Столичные агломерации и центры с высокими тратами,Столичные агломерации и центры с высокими тратами,False,0.306,0.333
2538,Савелки,Москва,внутригородская территория города федерального значения,45-377-000-000,Столичные агломерации,Столичные агломерации и центры с высокими тратами,Столичные агломерации и центры с высокими тратами,Столичные агломерации и центры с высокими тратами,False,0.333,0.343
2539,Красносельский,Москва,внутригородская территория города федерального значения,45-378-000-000,Столичные агломерации,Столичные агломерации и центры с высокими тратами,Столичные агломерации и центры с высокими тратами,Столичные агломерации и центры с высокими тратами,False,0.297,0.358
2540,Мещанский,Москва,внутригородская территория города федерального значения,45-379-000-000,Столичные агломерации,Столичные агломерации и центры с высокими тратами,Столичные агломерации и центры с высокими тратами,Столичные агломерации и центры с высокими тратами,False,0.35,0.333
2541,Пресненский,Москва,внутригородская территория города федерального значения,45-380-000-000,Столичные агломерации,Столичные агломерации и центры с высокими тратами,Столичные агломерации и центры с высокими тратами,Столичные агломерации и центры с высокими тратами,False,0.308,0.3
2542,Таганский,Москва,внутригородская территория города федерального значения,45-381-000-000,Столичные агломерации,Столичные агломерации и центры с высокими тратами,Столичные агломерации и центры с высокими тратами,Столичные агломерации и центры с высокими тратами,False,0.246,0.314
2543,Тверской,Москва,внутригородская территория города федерального значения,45-382-000-000,Столичные агломерации,Столичные агломерации и центры с высокими тратами,Столичные агломерации и центры с высокими тратами,Столичные агломерации и центры с высокими тратами,False,0.36,0.332
2544,Хамовники,Москва,внутригородская территория города федерального значения,45-383-000-000,Столичные агломерации,Столичные агломерации и центры с высокими тратами,Столичные агломерации и центры с высокими тратами,Столичные агломерации и центры с высокими тратами,False,0.325,0.302
2545,Якиманка,Москва,внутригородская территория города федерального значения,45-384-000-000,Столичные агломерации,Столичные агломерации и центры с высокими тратами,Столичные агломерации и центры с высокими тратами,Столичные агломерации и центры с высокими тратами,False,0.37,0.345
2546,Выхино-Жулебино,Москва,внутригородская территория города федерального значения,45-385-000-000,Столичные агломерации,Столичные агломерации и центры с высокими тратами,Столичные агломерации и центры с высокими тратами,Столичные агломерации и центры с высокими тратами,False,0.211,0.241
2547,Капотня,Москва,внутригородская территория города федерального значения,45-386-000-000,Столичные агломерации,Столичные агломерации и центры с высокими тратами,Столичные агломерации и центры с высокими тратами,Столичные агломерации и центры с высокими тратами,False,0.132,0.143
2548,Кузьминки,Москва,внутригородская территория города федерального значения,45-387-000-000,Столичные агломерации,Столичные агломерации и центры с высокими тратами,Столичные агломерации и центры с высокими тратами,Столичные агломерации и центры с высокими тратами,False,0.179,0.257
2549,Лефортово,Москва,внутригородская территория города федерального значения,45-388-000-000,Столичные агломерации,Столичные агломерации и центры с высокими тратами,Столичные агломерации и центры с высокими тратами,Столичные агломерации и центры с высокими тратами,False,0.302,0.286
2550,Люблино,Москва,внутригородская территория города федерального значения,45-389-000-000,Столичные агломерации,Столичные агломерации и центры с высокими тратами,Столичные агломерации и центры с высокими тратами,Столичные агломерации и центры с высокими тратами,False,0.227,0.191
2551,Марьино,Москва,внутригородская территория города федерального значения,45-390-000-000,Столичные агломерации,Столичные агломерации и центры с высокими тратами,Столичные агломерации и центры с высокими тратами,Столичные агломерации и центры с высокими тратами,False,0.164,0.203
2552,Некрасовка,Москва,внутригородская территория города федерального значения,45-391-000-000,Столичные агломерации,Столичные агломерации и центры с высокими тратами,Столичные агломерации и центры с высокими тратами,Столичные агломерации и центры с высокими тратами,False,0.229,0.249
2553,Нижегородский,Москва,внутригородская территория города федерального значения,45-392-000-000,Столичные агломерации,Столичные агломерации и центры с высокими тратами,Столичные агломерации и центры с высокими тратами,Столичные агломерации и центры с высокими тратами,False,0.248,0.241
2554,Печатники,Москва,внутригородская территория города федерального значения,45-393-000-000,Столичные агломерации,Столичные агломерации и центры с высокими тратами,Столичные агломерации и центры с высокими тратами,Столичные агломерации и центры с высокими тратами,False,0.214,0.201
2555,Рязанский,Москва,внутригородская территория города федерального значения,45-394-000-000,Столичные агломерации,Столичные агломерации и центры с высокими тратами,Столичные агломерации и центры с высокими тратами,Столичные агломерации и центры с высокими тратами,False,0.297,0.226
2556,Текстильщики,Москва,внутригородская территория города федерального значения,45-395-000-000,Столичные агломерации,Столичные агломерации и центры с высокими тратами,Столичные агломерации и центры с высокими тратами,Столичные агломерации и центры с высокими тратами,False,0.292,0.173
2557,Южнопортовый,Москва,внутригородская территория города федерального значения,45-396-000-000,Столичные агломерации,Столичные агломерации и центры с высокими тратами,Столичные агломерации и центры с высокими тратами,Столичные агломерации и центры с высокими тратами,False,0.314,0.28
2558,Академический,Москва,внутригородская территория города федерального значения,45-397-000-000,Столичные агломерации,Столичные агломерации и центры с высокими тратами,Столичные агломерации и центры с высокими тратами,Столичные агломерации и центры с высокими тратами,False,0.294,0.301
2559,Гагаринский,Москва,внутригородская территория города федерального значения,45-398-000-000,Столичные агломерации,Столичные агломерации и центры с высокими тратами,Столичные агломерации и центры с высокими тратами,Столичные агломерации и центры с высокими тратами,False,0.323,0.314
2560,Зюзино,Москва,внутригородская территория города федерального значения,45-901-000-000,Столичные агломерации,Столичные агломерации и центры с высокими тратами,Столичные агломерации и центры с высокими тратами,Столичные агломерации и центры с высокими тратами,False,0.252,0.281
2561,Коньково,Москва,внутригородская территория города федерального значения,45-902-000-000,Столичные агломерации,Столичные агломерации и центры с высокими тратами,Столичные агломерации и центры с высокими тратами,Столичные агломерации и центры с высокими тратами,False,0.269,0.277
2562,Котловка,Москва,внутригородская территория города федерального значения,45-903-000-000,Столичные агломерации,Столичные агломерации и центры с высокими тратами,Столичные агломерации и центры с высокими тратами,Столичные агломерации и центры с высокими тратами,False,0.287,0.291
2563,Ломоносовский,Москва,внутригородская территория города федерального значения,45-904-000-000,Столичные агломерации,Столичные агломерации и центры с высокими тратами,Столичные агломерации и центры с высокими тратами,Столичные агломерации и центры с высокими тратами,False,0.307,0.303
2564,Обручевский,Москва,внутригородская территория города федерального значения,45-905-000-000,Столичные агломерации,Столичные агломерации и центры с высокими тратами,Столичные агломерации и центры с высокими тратами,Столичные агломерации и центры с высокими тратами,False,0.286,0.332
2565,Северное Бутово,Москва,внутригородская территория города федерального значения,45-906-000-000,Столичные агломерации,Столичные агломерации и центры с высокими тратами,Столичные агломерации и центры с высокими тратами,Столичные агломерации и центры с высокими тратами,False,0.34,0.309
2566,Теплый Стан,Москва,внутригородская территория города федерального значения,45-907-000-000,Столичные агломерации,Столичные агломерации и центры с высокими тратами,Столичные агломерации и центры с высокими тратами,Столичные агломерации и центры с высокими тратами,False,0.294,0.213
2567,Черемушки,Москва,внутригородская территория города федерального значения,45-908-000-000,Столичные агломерации,Столичные агломерации и центры с высокими тратами,Столичные агломерации и центры с высокими тратами,Столичные агломерации и центры с высокими тратами,False,0.218,0.256
2568,Южное Бутово,Москва,внутригородская территория города федерального значения,45-909-000-000,Столичные агломерации,Столичные агломерации и центры с высокими тратами,Столичные агломерации и центры с высокими тратами,Столичные агломерации и центры с высокими тратами,False,0.243,0.236
2569,Ясенево,Москва,внутригородская территория города федерального значения,45-910-000-000,Столичные агломерации,Столичные агломерации и центры с высокими тратами,Столичные агломерации и центры с высокими тратами,Столичные агломерации и центры с высокими тратами,False,0.218,0.265
2570,Бирюлево Восточное,Москва,внутригородская территория города федерального значения,45-911-000-000,Столичные агломерации,Столичные агломерации и центры с высокими тратами,Столичные агломерации и центры с высокими тратами,Столичные агломерации и центры с высокими тратами,False,0.145,0.171
2571,Бирюлево Западное,Москва,внутригородская территория города федерального значения,45-912-000-000,Столичные агломерации,Столичные агломерации и центры с высокими тратами,Столичные агломерации и центры с высокими тратами,Столичные агломерации и центры с высокими тратами,False,0.172,0.178
2572,Братеево,Москва,внутригородская территория города федерального значения,45-913-000-000,Столичные агломерации,Столичные агломерации и центры с высокими тратами,Столичные агломерации и центры с высокими тратами,Столичные агломерации и центры с высокими тратами,False,0.261,0.261
2573,Даниловский,Москва,внутригородская территория города федерального значения,45-914-000-000,Столичные агломерации,Столичные агломерации и центры с высокими тратами,Столичные агломерации и центры с высокими тратами,Столичные агломерации и центры с высокими тратами,False,0.249,0.312
2574,Донской,Москва,внутригородская территория города федерального значения,45-915-000-000,Столичные агломерации,Столичные агломерации и центры с высокими тратами,Столичные агломерации и центры с высокими тратами,Столичные агломерации и центры с высокими тратами,False,0.276,0.296
2575,Зябликово,Москва,внутригородская территория города федерального значения,45-916-000-000,Столичные агломерации,Столичные агломерации и центры с высокими тратами,Столичные агломерации и центры с высокими тратами,Столичные агломерации и центры с высокими тратами,False,0.228,0.274
2576,Москворечье-Сабурово,Москва,внутригородская территория города федерального значения,45-917-000-000,Столичные агломерации,Столичные агломерации и центры с высокими тратами,Столичные агломерации и центры с высокими тратами,Столичные агломерации и центры с высокими тратами,False,0.297,0.261
2577,Нагатино-Садовники,Москва,внутригородская территория города федерального значения,45-918-000-000,Столичные агломерации,Столичные агломерации и центры с высокими тратами,Столичные агломерации и центры с высокими тратами,Столичные агломерации и центры с высокими тратами,False,0.313,0.285
2578,Нагатинский затон,Москва,внутригородская территория города федерального значения,45-919-000-000,Столичные агломерации,Столичные агломерации и центры с высокими тратами,Столичные агломерации и центры с высокими тратами,Столичные агломерации и центры с высокими тратами,False,0.222,0.292
2579,Нагорный,Москва,внутригородская территория города федерального значения,45-920-000-000,Столичные агломерации,Столичные агломерации и центры с высокими тратами,Столичные агломерации и центры с высокими тратами,Столичные агломерации и центры с высокими тратами,False,0.265,0.331
2580,Орехово-Борисово Северное,Москва,внутригородская территория города федерального значения,45-921-000-000,Столичные агломерации,Столичные агломерации и центры с высокими тратами,Столичные агломерации и центры с высокими тратами,Столичные агломерации и центры с высокими тратами,False,0.26,0.203
2581,Орехово-Борисово Южное,Москва,внутригородская территория города федерального значения,45-922-000-000,Столичные агломерации,Столичные агломерации и центры с высокими тратами,Столичные агломерации и центры с высокими тратами,Столичные агломерации и центры с высокими тратами,False,0.216,0.218
2582,Царицыно,Москва,внутригородская территория города федерального значения,45-923-000-000,Столичные агломерации,Столичные агломерации и центры с высокими тратами,Столичные агломерации и центры с высокими тратами,Столичные агломерации и центры с высокими тратами,False,0.206,0.229
2583,Чертаново Северное,Москва,внутригородская территория города федерального значения,45-924-000-000,Столичные агломерации,Столичные агломерации и центры с высокими тратами,Столичные агломерации и центры с высокими тратами,Столичные агломерации и центры с высокими тратами,False,0.287,0.268
2584,Чертаново Центральное,Москва,внутригородская территория города федерального значения,45-925-000-000,Столичные агломерации,Столичные агломерации и центры с высокими тратами,Столичные агломерации и центры с высокими тратами,Столичные агломерации и центры с высокими тратами,False,0.277,0.305
2585,Чертаново Южное,Москва,внутригородская территория города федерального значения,45-926-000-000,Столичные агломерации,Столичные агломерации и центры с высокими тратами,Столичные агломерации и центры с высокими тратами,Столичные агломерации и центры с высокими тратами,False,0.197,0.265
2586,Старое Крюково,Москва,внутригородская территория города федерального значения,45-927-000-000,Столичные агломерации,Столичные агломерации и центры с высокими тратами,Столичные агломерации и центры с высокими тратами,Столичные агломерации и центры с высокими тратами,False,0.278,0.288
2587,Троицк,Москва,внутригородская территория города федерального значения,45-931-000-000,Столичные агломерации,Столичные агломерации и центры с высокими тратами,Столичные агломерации и центры с высокими тратами,Столичные агломерации и центры с высокими тратами,False,0.204,0.247
2588,Щербинка,Москва,внутригородская территория города федерального значения,45-932-000-000,Столичные агломерации,Столичные агломерации и центры с высокими тратами,Столичные агломерации и центры с высокими тратами,Столичные агломерации и центры с высокими тратами,False,0.165,0.202
2589,Внуковское,Москва,внутригородская территория города федерального значения,45-941-000-000,Столичные агломерации,Столичные агломерации и центры с высокими тратами,Столичные агломерации и центры с высокими тратами,Столичные агломерации и центры с высокими тратами,False,0.372,0.343
2590,Воскресенское,Москва,внутригородская территория города федерального значения,45-942-000-000,Столичные агломерации,Столичные агломерации и центры с высокими тратами,Столичные агломерации и центры с высокими тратами,Столичные агломерации и центры с высокими тратами,False,0.313,0.305
2591,Вороновское,Москва,внутригородская территория города федерального значения,45-943-000-000,Столичные агломерации,Столичные агломерации и центры с высокими тратами,Столичные агломерации и центры с высокими тратами,Столичные агломерации и центры с высокими тратами,False,0.028,0.072
2592,Десеновское,Москва,внутригородская территория города федерального значения,45-944-000-000,Столичные агломерации,Столичные агломерации и центры с высокими тратами,Столичные агломерации и центры с высокими тратами,Столичные агломерации и центры с высокими тратами,False,0.273,0.316
2593,Киевский,Москва,внутригородская территория города федерального значения,45-945-000-000,Города,Глубинка европейской части и Урала,Глубинка европейской части и Урала,Арктика и Крайний Север,False,0.13,0.123
2595,Кокошкино,Москва,внутригородская территория города федерального значения,45-947-000-000,Города,Города и промышленные центры,Глубинка европейской части и Урала,Города и промышленные центры,False,0.074,0.056
2596,Краснопахорское,Москва,внутригородская территория города федерального значения,45-948-000-000,Столичные агломерации,Столичные агломерации и центры с высокими тратами,Столичные агломерации и центры с высокими тратами,Столичные агломерации и центры с высокими тратами,False,0.062,0.101
2597,Марушкинское,Москва,внутригородская территория города федерального значения,45-949-000-000,Столичные агломерации,Столичные агломерации и центры с высокими тратами,Столичные агломерации и центры с высокими тратами,Столичные агломерации и центры с высокими тратами,False,0.125,0.228
2598,Михайлово-Ярцевское,Москва,внутригородская территория города федерального значения,45-951-000-000,Города,Города и промышленные центры,Города и промышленные центры,Города и промышленные центры,False,0.203,0.082
2599,Московский,Москва,внутригородская территория города федерального значения,45-952-000-000,Столичные агломерации,Столичные агломерации и центры с высокими тратами,Столичные агломерации и центры с высокими тратами,Столичные агломерации и центры с высокими тратами,False,0.343,0.223
2600,Мосрентген,Москва,внутригородская территория города федерального значения,45-953-000-000,Столичные агломерации,Столичные агломерации и центры с высокими тратами,Столичные агломерации и центры с высокими тратами,Столичные агломерации и центры с высокими тратами,False,0.201,0.238
2601,Новофедоровское,Москва,внутригородская территория города федерального значения,45-954-000-000,Города,Города и промышленные центры,Столичные агломерации и центры с высокими тратами,Города и промышленные центры,False,0.038,0.079
2602,Первомайское,Москва,внутригородская территория города федерального значения,45-955-000-000,Столичные агломерации,Столичные агломерации и центры с высокими тратами,Столичные агломерации и центры с высокими тратами,Столичные агломерации и центры с высокими тратами,False,0.265,0.311
2604,Рязановское,Москва,внутригородская территория города федерального значения,45-957-000-000,Столичные агломерации,Столичные агломерации и центры с высокими тратами,Столичные агломерации и центры с высокими тратами,Столичные агломерации и центры с высокими тратами,False,0.228,0.265
2605,Сосенское,Москва,внутригородская территория города федерального значения,45-958-000-000,Столичные агломерации,Столичные агломерации и центры с высокими тратами,Столичные агломерации и центры с высокими тратами,Столичные агломерации и центры с высокими тратами,False,0.253,0.269
2606,Филимонковское,Москва,внутригородская территория города федерального значения,45-959-000-000,Столичные агломерации,Столичные агломерации и центры с высокими тратами,Столичные агломерации и центры с высокими тратами,Столичные агломерации и центры с высокими тратами,False,0.224,0.197
2607,Щаповское,Москва,внутригородская территория города федерального значения,45-961-000-000,Города,Города и промышленные центры,Города и промышленные центры,Удалённая Сибирь и горы,False,0.117,0.109
2618,Мантуровский,Костромская область,муниципальный округ,34-520-000-000,Сельская Россия,Аграрная периферия с летним пиком,Аграрная периферия с летним пиком,Глубинка европейской части и Урала,False,0.213,0.046
2619,Переславль-Залесский,Ярославская область,городской округ,78-705-000-000,Города,Города и промышленные центры,Города и промышленные центры,Города и промышленные центры,False,0.272,0.126
2620,Соликамский,Пермский край,городской округ,57-730-000-000,Города,Города и промышленные центры,Города и промышленные центры,Города и промышленные центры,False,0.174,0.229
2621,Березники,Пермский край,городской округ,57-708-000-000,Города,Города и промышленные центры,Города и промышленные центры,Города и промышленные центры,False,0.111,0.147
2644,Серпухов,Московская область,городской округ,46-770-000-000,Столичные агломерации,Столичные агломерации и центры с высокими тратами,Столичные агломерации и центры с высокими тратами,Столичные агломерации и центры с высокими тратами,False,0.045,0.054
2646,Обнинск,Калужская область,городской округ,29-715-000-000,Столичные агломерации,Столичные агломерации и центры с высокими тратами,Столичные агломерации и центры с высокими тратами,Столичные агломерации и центры с высокими тратами,False,0.094,0.099
2647,Боровский,Калужская область,муниципальный район,29-606-000-000,Города,Города и промышленные центры,Города и промышленные центры,Города и промышленные центры,False,0.177,0.169
2648,Лосино-Петровский,Московская область,городской округ,46-742-000-000,Столичные агломерации,Столичные агломерации и центры с высокими тратами,Столичные агломерации и центры с высокими тратами,Столичные агломерации и центры с высокими тратами,False,0.033,0.041
2649,Щёлково,Московская область,городской округ,46-788-000-000,Столичные агломерации,Столичные агломерации и центры с высокими тратами,Столичные агломерации и центры с высокими тратами,Столичные агломерации и центры с высокими тратами,False,0.148,0.129
2651,Одинцовский,Московская область,городской округ,46-755-000-000,Столичные агломерации,Столичные агломерации и центры с высокими тратами,Столичные агломерации и центры с высокими тратами,Столичные агломерации и центры с высокими тратами,False,0.221,0.172
2652,Орехово-Зуевский,Московская область,городской округ,46-757-000-000,Столичные агломерации,Города и промышленные центры,Столичные агломерации и центры с высокими тратами,Города и промышленные центры,False,0.013,0.028
2710,Вышневолоцкий,Тверская область,городской округ,28-714-000-000,Города,Города и промышленные центры,Города и промышленные центры,Города и промышленные центры,False,0.172,0.213
2808,Коломна,Московская область,городской округ,46-738-000-000,Столичные агломерации,Столичные агломерации и центры с высокими тратами,Столичные агломерации и центры с высокими тратами,Столичные агломерации и центры с высокими тратами,False,0.067,0.058
2809,Кунгурский,Пермский край,муниципальный округ,57-530-000-000,Города,Города и промышленные центры,Города и промышленные центры,Города и промышленные центры,False,0.133,0.185
2813,Шатура,Московская область,городской округ,46-786-000-000,Города,Города и промышленные центры,Города и промышленные центры,Города и промышленные центры,False,0.131,0.212
2814,Пушкинский,Московская область,городской округ,46-758-000-000,Столичные агломерации,Столичные агломерации и центры с высокими тратами,Столичные агломерации и центры с высокими тратами,Столичные агломерации и центры с высокими тратами,False,0.142,0.141
2872,Приуральский,Ямало-Ненецкий автономный округ,муниципальный округ,71-938-000-000,Север,Арктика и Крайний Север,Арктика и Крайний Север,Арктика и Крайний Север,False,0.505,0.61
2876,Кисловодск,Ставропольский край,городской округ,07-715-000-000,Города,Города и промышленные центры,Города и промышленные центры,Города и промышленные центры,False,0.077,0.11
2879,Губкинский,Ямало-Ненецкий автономный округ,городской округ,71-952-000-000,Север,Арктика и Крайний Север,Арктика и Крайний Север,Арктика и Крайний Север,False,0.262,0.429
2880,Лабытнанги,Ямало-Ненецкий автономный округ,городской округ,71-953-000-000,Север,Арктика и Крайний Север,Арктика и Крайний Север,Арктика и Крайний Север,False,0.372,0.435
2881,Предгорный,Ставропольский край,муниципальный округ,07-548-000-000,Города,Города и промышленные центры,Удалённая Сибирь и горы,Города и промышленные центры,False,0.047,0.221
2882,Пуровский,Ямало-Ненецкий автономный округ,муниципальный округ,71-940-000-000,Север,Арктика и Крайний Север,Арктика и Крайний Север,Арктика и Крайний Север,False,0.302,0.32
2883,Кимрский,Тверская область,муниципальный округ,28-528-000-000,Города,Города и промышленные центры,Города и промышленные центры,Города и промышленные центры,False,0.156,0.208
2884,Ржевский,Тверская область,муниципальный округ,28-548-000-000,Города,Города и промышленные центры,Города и промышленные центры,Города и промышленные центры,False,0.144,0.234
2885,Кудымкарский,Пермский край,муниципальный округ,57-528-000-000,Города,Города и промышленные центры,Города и промышленные центры,Города и промышленные центры,False,0.122,0.089
2886,Губахинский,Пермский край,муниципальный округ,57-516-000-000,Города,Города и промышленные центры,Города и промышленные центры,Города и промышленные центры,False,0.189,0.057
2887,Саратов,Саратовская область,городской округ,63-701-000-000,Города,Города и промышленные центры,Города и промышленные центры,Города и промышленные центры,False,0.112,0.114
3005,Арзамас,Нижегородская область,городской округ,22-703-000-000,Города,Города и промышленные центры,Города и промышленные центры,Города и промышленные центры,False,0.091,0.226
3007,Прокопьевский,Кемеровская область,муниципальный округ,32-522-000-000,Города,Города и промышленные центры,Города и промышленные центры,Города и промышленные центры,False,0.068,0.233
3009,Тамбов,Тамбовская область,городской округ,68-701-000-000,Города,Города и промышленные центры,Города и промышленные центры,Города и промышленные центры,False,0.146,0.149
3011,Златоустовский,Челябинская область,городской округ,75-712-000-000,Города,Города и промышленные центры,Города и промышленные центры,Города и промышленные центры,False,0.125,0.322
3012,Кусинский,Челябинская область,муниципальный район,75-638-000-000,Сельская Россия,Глубинка европейской части и Урала,Аграрная периферия с летним пиком,Глубинка европейской части и Урала,False,0.081,0.393
3013,Солнечногорск,Московская область,городской округ,46-771-000-000,Столичные агломерации,Столичные агломерации и центры с высокими тратами,Столичные агломерации и центры с высокими тратами,Столичные агломерации и центры с высокими тратами,False,0.132,0.111
